MEMORY
  total            15.2 MB
  struct          159.2 KB
  buffer           63.4 KB
  arena            15.0 MB, used 0.8%

SIZES
  narena                15728640
  nbuffer               64880
  nplugin               0
  maxuse_stack          17280
  maxuse_arena          118416
  maxuse_con            8
  maxuse_efc            96
  ncon                  8
  ne                    0
  nf                    60
  nl                    4
  nefc                  96
  nJ                    3456
  nA                    0
  nisland               0
  nidof                 0
  threadpool            0

TIMER
    0:  duration =  0.82       number = 13
    1:  duration =  0.8        number = 13
    2:  duration =  0          number = 0
    3:  duration =  0.47       number = 13
    4:  duration =  0.037      number = 13
    5:  duration =  0.0047     number = 13
    6:  duration =  0.24       number = 13
    7:  duration =  0.015      number = 13
    8:  duration =  0.15       number = 13
    9:  duration =  0.12       number = 13
    10:  duration =  0.096      number = 13
    11:  duration =  0.097      number = 13
    12:  duration =  0.00054    number = 13
    13:  duration =  0.06       number = 13
    14:  duration =  0.033      number = 13

SOLVER STAT
  solver_fwdinv =   0         0       
  ISLAND 0
    solver_niter = 1
    solver_nnz = 1296
      0:  improvement = -5.1e-15     gradient =  3.9e-16     lineslope =  0       
          nactive = 96   nchange = 0   neval = 2   nupdate = 0

ENERGY =   0         0       

TIME =  85      

QPOS
   0.21    
   2.7e-19 
   0.028   
   0.87    
   5.1e-17 
   0.5     
  -1.4e-19 
   5.2e-17 
   0.38    
   0.001   
   4.9e-17 
   0.38    
   0.001   
   0.18    
  -7.2e-18 
   0.074   
   0.9     
   2.8e-17 
   0.44    
   3.6e-17 
   0.14    
  -1.5e-17 
   0.12    
   0.92    
   3.3e-17 
   0.4     
   3.7e-17 
   0.096   
  -2e-17   
   0.16    
   0.93    
   3.2e-17 
   0.38    
   3.5e-17 
  -8.3e-18 
  -0.025   
   0.00017 
  -9.2e-18 
  -0.025   
   0.00017 

QVEL
  -7.8e-08 
   1.6e-18 
  -3.9e-08 
   5.9e-17 
   1.8e-06 
   1.4e-16 
   1e-18   
  -2e-06   
  -2.2e-09 
  -1.8e-18 
  -2e-06   
  -2.2e-09 
   1.3e-08 
   1.7e-17 
   2.6e-08 
   1.1e-18 
   1.8e-06 
   2.2e-17 
   9.2e-08 
   1.1e-16 
   9.4e-08 
   7.8e-18 
   1.7e-06 
  -1.3e-16 
   1.5e-07 
  -1.3e-17 
   1.5e-07 
   8.6e-17 
   1.3e-06 
   9e-17   
  -1.5e-17 
  -2.9e-06 
  -7.2e-09 
  -1.6e-17 
  -2.9e-06 
  -7.2e-09 

QACC_WARMSTART
   5.5e-09 
  -1.1e-16 
   2.8e-09 
   2.4e-15 
  -1.3e-07 
   1.1e-14 
   1.5e-15 
   1.4e-07 
   1.2e-10 
   9.5e-16 
   1.4e-07 
   1.2e-10 
  -8.8e-10 
   1.2e-14 
  -1.8e-09 
   1e-14   
  -1.3e-07 
  -9.6e-15 
  -6.5e-09 
  -1.1e-14 
  -6.6e-09 
  -2.1e-14 
  -1.2e-07 
  -2.7e-15 
  -1.1e-08 
   2.4e-15 
  -1.1e-08 
  -6e-14   
  -9.6e-08 
  -5.4e-14 
   2.2e-14 
   2.1e-07 
   2.7e-10 
   2.2e-14 
   2.1e-07 
   2.7e-10 

CTRL
   0       
   0       
   0       
   0       
   0       
   0       
   0       
   0       
   0       
   0       
   0       
   0       

QFRC_APPLIED
   0       
   0       
   0       
   0       
   0       
   0       
   0       
   0       
   0       
   0       
   0       
   0       
   0       
   0       
   0       
   0       
   0       
   0       
   0       
   0       
   0       
   0       
   0       
   0       
   0       
   0       
   0       
   0       
   0       
   0       
   0       
   0       
   0       
   0       
   0       
   0       

XFRC_APPLIED
   0         0         0         0         0         0       
   0         0         0         0         0         0       
   0         0         0         0         0         0       
   0         0         0         0         0         0       
   0         0         0         0         0         0       
   0         0         0         0         0         0       
   0         0         0         0         0         0       
   0         0         0         0         0         0       
   0         0         0         0         0         0       
   0         0         0         0         0         0       
   0         0         0         0         0         0       
   0         0         0         0         0         0       
   0         0         0         0         0         0       
   0         0         0         0         0         0       
   0         0         0         0         0         0       
   0         0         0         0         0         0       
   0         0         0         0         0         0       
   0         0         0         0         0         0       
   0         0         0         0         0         0       
   0         0         0         0         0         0       
   0         0         0         0         0         0       

QACC
   5.5e-09 
  -1.1e-16 
   2.8e-09 
   2.4e-15 
  -1.3e-07 
   1.1e-14 
   1.5e-15 
   1.4e-07 
   1.2e-10 
   9.5e-16 
   1.4e-07 
   1.2e-10 
  -8.8e-10 
   1.2e-14 
  -1.8e-09 
   1e-14   
  -1.3e-07 
  -9.6e-15 
  -6.5e-09 
  -1.1e-14 
  -6.6e-09 
  -2.1e-14 
  -1.2e-07 
  -2.7e-15 
  -1.1e-08 
   2.4e-15 
  -1.1e-08 
  -6e-14   
  -9.6e-08 
  -5.4e-14 
   2.2e-14 
   2.1e-07 
   2.7e-10 
   2.2e-14 
   2.1e-07 
   2.7e-10 

SENSOR
   5.2e-17 
   0.38    
   0.001   
   4.9e-17 
   0.38    
   0.001   
  -8.3e-18 
  -0.025   
   0.00017 
  -9.2e-18 
  -0.025   
   0.00017 
  -2.4e-18 
  -2e-06   
  -2.2e-09 
  -5.7e-18 
  -2e-06   
  -2.2e-09 
  -3.7e-17 
  -2.9e-06 
  -7.2e-09 
  -3.7e-17 
  -2.9e-06 
  -7.2e-09 
  -8.6e-18 
   1.8e-06 
   3.1e-17 
  -1.3e-08 
   5e-18   
   2.6e-08 
  -7.8     
   1.3e-14 
   6       
   0.18    
  -7.2e-18 
   0.074   
   0.79    
  -1.8e-17 
   0.61    
   0.61    
   9e-17   
  -0.79    
   1.3e-08 
   5e-18   
   2.6e-08 
   1.9e-17 
   1.8e-06 
   2.6e-17 
   0.9     
   2.8e-17 
   0.44    
   3.6e-17 
   0       
   0       
   0       
   0       

XPOS
   0         0         0       
   0.21      2.7e-19   0.028   
   0.19     -0.075     0.015   
   0.17     -0.075     0.049   
   0.092    -0.075     0.037   
  -0.026    -0.075     0.02    
   0.19      0.075     0.015   
   0.17      0.075     0.049   
   0.092     0.075     0.037   
  -0.026     0.075     0.02    
   0.18     -7.2e-18   0.074   
   0.14     -1.5e-17   0.12    
   0.096    -2e-17     0.16    
   0.079    -0.075     0.14    
   0.05     -0.075     0.17    
  -0.004    -0.075     0.11    
  -0.086    -0.075     0.02    
   0.079     0.075     0.14    
   0.05      0.075     0.17    
  -0.004     0.075     0.11    
  -0.086     0.075     0.02    

XQUAT
   1         0         0         0       
   0.87      5.1e-17   0.5      -1.9e-19 
   0.87      7.4e-17   0.5      -1.3e-17 
   0.76      7.5e-17   0.65      1.2e-18 
   0.76      7.5e-17   0.65      1.2e-18 
   0.76      7.5e-17   0.65      1.2e-18 
   0.87      7.2e-17   0.5      -1.2e-17 
   0.76      7.3e-17   0.65      1.8e-18 
   0.76      7.3e-17   0.65      1.8e-18 
   0.76      7.3e-17   0.65      1.8e-18 
   0.9       2.8e-17   0.44      3.6e-17 
   0.92      3.3e-17   0.4       3.7e-17 
   0.93      3.2e-17   0.38      3.5e-17 
   0.93      2.8e-17   0.38      3.7e-17 
   0.93      2.9e-17   0.37      3.6e-17 
   0.93      2.9e-17   0.37      3.6e-17 
   0.93      2.9e-17   0.37      3.6e-17 
   0.93      2.8e-17   0.38      3.7e-17 
   0.93      2.8e-17   0.37      3.7e-17 
   0.93      2.8e-17   0.37      3.7e-17 
   0.93      2.8e-17   0.37      3.7e-17 

XMAT
   1         0         0         0         1         0         0         0         1       
   0.51      5.1e-17   0.86      5e-17     1        -8.9e-17  -0.86      8.8e-17   0.51    
   0.51      9.6e-17   0.86      5e-17     1        -1.4e-16  -0.86      1.1e-16   0.51    
   0.15      9.6e-17   0.99      9.9e-17   1        -1.1e-16  -0.99      1.1e-16   0.15    
   0.15      9.6e-17   0.99      9.9e-17   1        -1.1e-16  -0.99      1.1e-16   0.15    
   0.15      9.6e-17   0.99      9.9e-17   1        -1.1e-16  -0.99      1.1e-16   0.15    
   0.51      9.2e-17   0.86      5e-17     1        -1.4e-16  -0.86      1.1e-16   0.51    
   0.15      9.2e-17   0.99      9.8e-17   1        -1.1e-16  -0.99      1.1e-16   0.15    
   0.15      9.2e-17   0.99      9.8e-17   1        -1.1e-16  -0.99      1.1e-16   0.15    
   0.15      9.2e-17   0.99      9.8e-17   1        -1.1e-16  -0.99      1.1e-16   0.15    
   0.61     -4e-17     0.79      9e-17     1        -1.8e-17  -0.79      8.2e-17   0.61    
   0.68     -4.2e-17   0.74      9.5e-17   1        -3e-17    -0.74      9e-17     0.68    
   0.72     -4.1e-17   0.7       8.9e-17   1        -3.3e-17  -0.7       8.6e-17   0.72    
   0.72     -4.7e-17   0.7       8.9e-17   1        -2.5e-17  -0.7       8e-17     0.72    
   0.73     -4.7e-17   0.68      8.9e-17   1        -2.7e-17  -0.68      8e-17     0.73    
   0.73     -4.7e-17   0.68      8.9e-17   1        -2.7e-17  -0.68      8e-17     0.73    
   0.73     -4.7e-17   0.68      8.9e-17   1        -2.7e-17  -0.68      8e-17     0.73    
   0.72     -4.7e-17   0.7       8.9e-17   1        -2.4e-17  -0.7       8e-17     0.72    
   0.73     -4.7e-17   0.68      8.9e-17   1        -2.6e-17  -0.68      8e-17     0.73    
   0.73     -4.7e-17   0.68      8.9e-17   1        -2.6e-17  -0.68      8e-17     0.73    
   0.73     -4.7e-17   0.68      8.9e-17   1        -2.6e-17  -0.68      8e-17     0.73    

XIPOS
   0         0         0       
   0.19      2.2e-18   0.017   
   0.18     -0.075     0.032   
   0.13     -0.075     0.043   
   0.033    -0.075     0.028   
  -0.026    -0.075     0.02    
   0.18      0.075     0.032   
   0.13      0.075     0.043   
   0.033     0.075     0.028   
  -0.026     0.075     0.02    
   0.17     -7.8e-18   0.079   
   0.13     -1.5e-17   0.12    
   0.08     -1.9e-17   0.14    
   0.065    -0.075     0.15    
   0.023    -0.075     0.14    
  -0.045    -0.075     0.064   
  -0.086    -0.075     0.02    
   0.065     0.075     0.15    
   0.023     0.075     0.14    
  -0.045     0.075     0.064   
  -0.086     0.075     0.02    

XIMAT
   1         0         0         0         1         0         0         0         1       
   0.79      0.61      0         0         0        -1        -0.61      0.79      0       
  -0.86      9.6e-17   0.51      1.4e-16   1         5e-17    -0.51      1.1e-16  -0.86    
   0.15      9.6e-17   0.99      9.9e-17   1        -1.1e-16  -0.99      1.1e-16   0.15    
   0.15      9.6e-17   0.99      9.9e-17   1        -1.1e-16  -0.99      1.1e-16   0.15    
   0.15      9.6e-17   0.99      9.9e-17   1        -1.1e-16  -0.99      1.1e-16   0.15    
  -0.86      9.2e-17   0.51      1.4e-16   1         5e-17    -0.51      1.1e-16  -0.86    
   0.15      9.2e-17   0.99      9.8e-17   1        -1.1e-16  -0.99      1.1e-16   0.15    
   0.15      9.2e-17   0.99      9.8e-17   1        -1.1e-16  -0.99      1.1e-16   0.15    
   0.15      9.2e-17   0.99      9.8e-17   1        -1.1e-16  -0.99      1.1e-16   0.15    
  -1.4e-17   0.79      0.61      1        -1.4e-17   5.6e-17   5.6e-17   0.61     -0.79    
  -4.2e-17   0.74      0.68      1         1.4e-17   0         0         0.68     -0.74    
   0.92      0.39      5.6e-17   5.6e-17   1.7e-17  -1        -0.39      0.92     -1.7e-17 
  -0.7      -4.7e-17   0.72      2.5e-17   1         8.9e-17  -0.72      8e-17    -0.7     
   0.73     -4.7e-17   0.68      8.9e-17   1        -2.7e-17  -0.68      8e-17     0.73    
   0.73     -4.7e-17   0.68      8.9e-17   1        -2.7e-17  -0.68      8e-17     0.73    
   0.73     -4.7e-17   0.68      8.9e-17   1        -2.7e-17  -0.68      8e-17     0.73    
  -0.7      -4.7e-17   0.72      2.4e-17   1         8.9e-17  -0.72      8e-17    -0.7     
   0.73     -4.7e-17   0.68      8.9e-17   1        -2.6e-17  -0.68      8e-17     0.73    
   0.73     -4.7e-17   0.68      8.9e-17   1        -2.6e-17  -0.68      8e-17     0.73    
   0.73     -4.7e-17   0.68      8.9e-17   1        -2.6e-17  -0.68      8e-17     0.73    

XANCHOR
   0.21      2.7e-19   0.028   
   0.19     -0.075     0.015   
   0.17     -0.075     0.049   
   0.092    -0.075     0.037   
   0.19      0.075     0.015   
   0.17      0.075     0.049   
   0.092     0.075     0.037   
   0.18     -7.2e-18   0.074   
   0.14     -1.5e-17   0.12    
   0.096    -2e-17     0.16    
   0.079    -0.075     0.14    
   0.05     -0.075     0.17    
  -0.004    -0.075     0.11    
   0.079     0.075     0.14    
   0.05      0.075     0.17    
  -0.004     0.075     0.11    

XAXIS
   0         0         1       
   0.51      5e-17    -0.86    
   9.6e-17   1         1.1e-16 
   9.6e-17   1         1.1e-16 
   0.51      5e-17    -0.86    
   9.2e-17   1         1.1e-16 
   9.2e-17   1         1.1e-16 
   0         0         1       
   0         0         1       
   0         0         1       
   0.72      8.9e-17  -0.7     
  -4.7e-17   1         8e-17   
  -4.7e-17   1         8e-17   
   0.72      8.9e-17  -0.7     
  -4.7e-17   1         8e-17   
  -4.7e-17   1         8e-17   

GEOM_XPOS
   0         0         0       
   0.22     -3.7e-18   0.066   
   0.17      1.4e-18   0.038   
   0.22      0.021     0.0093  
   0.22     -0.021     0.0093  
   0.19      2.5e-18   0.015   
   0.2       1.4e-18   0.021   
   0.18     -0.075     0.032   
   0.13     -0.075     0.043   
   0.033    -0.075     0.028   
  -0.026    -0.075     0.02    
   0.18      0.075     0.032   
   0.13      0.075     0.043   
   0.033     0.075     0.028   
  -0.026     0.075     0.02    
   0.18     -1e-17     0.11    
   0.14     -9.3e-18   0.079   
   0.19      0.021     0.057   
   0.19     -0.021     0.057   
   0.14     -1.8e-17   0.16    
   0.099    -1.7e-17   0.12    
   0.15      0.021     0.1     
   0.15     -0.021     0.1     
   0.096    -2.3e-17   0.2     
   0.056    -2.1e-17   0.16    
   0.11      0.021     0.14    
   0.11     -0.021     0.14    
   0.079    -1.9e-17   0.14    
   0.088    -1.9e-17   0.15    
   0.065    -0.075     0.15    
   0.023    -0.075     0.14    
  -0.045    -0.075     0.064   
  -0.086    -0.075     0.02    
   0.065     0.075     0.15    
   0.023     0.075     0.14    
  -0.045     0.075     0.064   
  -0.086     0.075     0.02    

GEOM_XMAT
   1         0         0         0         1         0         0         0         1       
  -0.97      5.1e-17  -0.25      2.7e-17   1         9.8e-17   0.25      8.8e-17  -0.97    
  -0.25      5.1e-17   0.97      9.8e-17   1        -2.7e-17  -0.97      8.8e-17  -0.25    
   0.86      0.35     -0.36     -0.5       0.5      -0.71     -0.07      0.79      0.61    
   0.86     -0.35     -0.36      0.5       0.5       0.71     -0.07     -0.79      0.61    
   0.51      0.86      1.1e-16   0         1.9e-16  -1        -0.86      0.51      1.4e-16 
   0.51      5.1e-17   0.86      5e-17     1        -8.9e-17  -0.86      8.8e-17   0.51    
  -0.86      9.6e-17   0.51      1.4e-16   1         5e-17    -0.51      1.1e-16  -0.86    
   0.15      9.6e-17   0.99      9.9e-17   1        -1.1e-16  -0.99      1.1e-16   0.15    
   0.15      9.6e-17   0.99      9.9e-17   1        -1.1e-16  -0.99      1.1e-16   0.15    
   0.15      9.6e-17   0.99      9.9e-17   1        -1.1e-16  -0.99      1.1e-16   0.15    
  -0.86      9.2e-17   0.51      1.4e-16   1         5e-17    -0.51      1.1e-16  -0.86    
   0.15      9.2e-17   0.99      9.8e-17   1        -1.1e-16  -0.99      1.1e-16   0.15    
   0.15      9.2e-17   0.99      9.8e-17   1        -1.1e-16  -0.99      1.1e-16   0.15    
   0.15      9.2e-17   0.99      9.8e-17   1        -1.1e-16  -0.99      1.1e-16   0.15    
  -0.99     -4e-17    -0.13     -5.1e-17   1         7.6e-17   0.13      8.2e-17  -0.99    
  -0.13     -4e-17     0.99      7.6e-17   1         5.1e-17  -0.99      8.2e-17  -0.13    
   0.87      0.26     -0.43     -0.5       0.5      -0.71      0.034     0.83      0.56    
   0.87     -0.26     -0.43      0.5       0.5       0.71      0.034    -0.83      0.56    
  -1        -4.2e-17  -0.042    -4.6e-17   1         8.8e-17   0.042     9e-17    -1       
  -0.042    -4.2e-17   1         8.8e-17   1         4.6e-17  -1         9e-17    -0.042   
   0.86      0.18     -0.48     -0.5       0.5      -0.71      0.11      0.85      0.52    
   0.86     -0.18     -0.48      0.5       0.5       0.71      0.11     -0.85      0.52    
  -1        -4.1e-17   0.013    -4e-17     1         8.7e-17  -0.013     8.6e-17  -1       
   0.013    -4.1e-17   1         8.7e-17   1         4e-17    -1         8.6e-17   0.013   
   0.85      0.14     -0.51     -0.5       0.5      -0.71      0.16      0.86      0.49    
   0.85     -0.14     -0.51      0.5       0.5       0.71      0.16     -0.86      0.49    
   0.72      0.7       1.1e-16   0         1.5e-16  -1        -0.7       0.72      6.9e-17 
   0.72     -4.1e-17   0.7       8.9e-17   1        -3.3e-17  -0.7       8.6e-17   0.72    
  -0.7      -4.7e-17   0.72      2.5e-17   1         8.9e-17  -0.72      8e-17    -0.7     
   0.73     -4.7e-17   0.68      8.9e-17   1        -2.7e-17  -0.68      8e-17     0.73    
   0.73     -4.7e-17   0.68      8.9e-17   1        -2.7e-17  -0.68      8e-17     0.73    
   0.73     -4.7e-17   0.68      8.9e-17   1        -2.7e-17  -0.68      8e-17     0.73    
  -0.7      -4.7e-17   0.72      2.4e-17   1         8.9e-17  -0.72      8e-17    -0.7     
   0.73     -4.7e-17   0.68      8.9e-17   1        -2.6e-17  -0.68      8e-17     0.73    
   0.73     -4.7e-17   0.68      8.9e-17   1        -2.6e-17  -0.68      8e-17     0.73    
   0.73     -4.7e-17   0.68      8.9e-17   1        -2.6e-17  -0.68      8e-17     0.73    

SITE_XPOS
   0.21      2.7e-19   0.028   
   0.23     -7.6e-18   0.11    
   0.14      2.4e-18   0.047   
   0.23      0.042    -0.0089  
   0.23     -0.042    -0.0089  
  -0.026    -0.075     0.02    
  -0.026     0.075     0.02    
   0.18     -7.2e-18   0.074   
   0.19     -1.3e-17   0.15    
   0.099    -1.1e-17   0.084   
   0.2       0.042     0.04    
   0.2      -0.042     0.04    
   0.14     -1.5e-17   0.12    
   0.14     -2.2e-17   0.2     
   0.059    -1.8e-17   0.12    
   0.17      0.042     0.085   
   0.17     -0.042     0.085   
   0.096    -2e-17     0.16    
   0.095    -2.7e-17   0.24    
   0.016    -2.3e-17   0.16    
   0.13      0.042     0.13    
   0.13     -0.042     0.13    
  -0.086    -0.075     0.02    
  -0.086     0.075     0.02    

SITE_XMAT
   0.51      5.1e-17   0.86      5e-17     1        -8.9e-17  -0.86      8.8e-17   0.51    
   0.51      5.1e-17   0.86      5e-17     1        -8.9e-17  -0.86      8.8e-17   0.51    
   0.51      5.1e-17   0.86      5e-17     1        -8.9e-17  -0.86      8.8e-17   0.51    
   0.51      5.1e-17   0.86      5e-17     1        -8.9e-17  -0.86      8.8e-17   0.51    
   0.51      5.1e-17   0.86      5e-17     1        -8.9e-17  -0.86      8.8e-17   0.51    
   0.15      9.6e-17   0.99      9.9e-17   1        -1.1e-16  -0.99      1.1e-16   0.15    
   0.15      9.2e-17   0.99      9.8e-17   1        -1.1e-16  -0.99      1.1e-16   0.15    
   0.61     -4e-17     0.79      9e-17     1        -1.8e-17  -0.79      8.2e-17   0.61    
   0.61     -4e-17     0.79      9e-17     1        -1.8e-17  -0.79      8.2e-17   0.61    
   0.61     -4e-17     0.79      9e-17     1        -1.8e-17  -0.79      8.2e-17   0.61    
   0.61     -4e-17     0.79      9e-17     1        -1.8e-17  -0.79      8.2e-17   0.61    
   0.61     -4e-17     0.79      9e-17     1        -1.8e-17  -0.79      8.2e-17   0.61    
   0.68     -4.2e-17   0.74      9.5e-17   1        -3e-17    -0.74      9e-17     0.68    
   0.68     -4.2e-17   0.74      9.5e-17   1        -3e-17    -0.74      9e-17     0.68    
   0.68     -4.2e-17   0.74      9.5e-17   1        -3e-17    -0.74      9e-17     0.68    
   0.68     -4.2e-17   0.74      9.5e-17   1        -3e-17    -0.74      9e-17     0.68    
   0.68     -4.2e-17   0.74      9.5e-17   1        -3e-17    -0.74      9e-17     0.68    
   0.72     -4.1e-17   0.7       8.9e-17   1        -3.3e-17  -0.7       8.6e-17   0.72    
   0.72     -4.1e-17   0.7       8.9e-17   1        -3.3e-17  -0.7       8.6e-17   0.72    
   0.72     -4.1e-17   0.7       8.9e-17   1        -3.3e-17  -0.7       8.6e-17   0.72    
   0.72     -4.1e-17   0.7       8.9e-17   1        -3.3e-17  -0.7       8.6e-17   0.72    
   0.72     -4.1e-17   0.7       8.9e-17   1        -3.3e-17  -0.7       8.6e-17   0.72    
   0.73     -4.7e-17   0.68      8.9e-17   1        -2.7e-17  -0.68      8e-17     0.73    
   0.73     -4.7e-17   0.68      8.9e-17   1        -2.6e-17  -0.68      8e-17     0.73    

CAM_XPOS
   0.98     -1.3       0.44    
  -0.87      8.5e-18   1.1     
   0.13     -1         0.43    
  -0.87      8.5e-18   0.43    

CAM_XMAT
   0.87     -0.17      0.47      0.5       0.3      -0.81      2.8e-17   0.94      0.34    
   1.1e-16   0.71     -0.71     -1         1.7e-16  -5.6e-17   5.6e-17   0.71      0.71    
   1         0         0         0         0.45     -0.89      0         0.89      0.45    
   0         0.45     -0.89     -1         0         0         0         0.89      0.45    

LIGHT_XPOS
   0.13      8.5e-18   3.1     

LIGHT_XDIR
   0         0        -1       

SUBTREE_COM
   0.058    -4e-18     0.067   
   0.1       8.5e-18   0.029   
   0.079    -0.075     0.032   
   0.058    -0.075     0.032   
   0.018    -0.075     0.026   
  -0.026    -0.075     0.02    
   0.079     0.075     0.032   
   0.058     0.075     0.032   
   0.018     0.075     0.026   
  -0.026     0.075     0.02    
   0.17     -7.8e-18   0.079   
   0.13     -1.5e-17   0.12    
   0.0082   -1.6e-17   0.1     
  -0.012    -0.075     0.094   
  -0.028    -0.075     0.082   
  -0.055    -0.075     0.053   
  -0.086    -0.075     0.02    
  -0.012     0.075     0.094   
  -0.028     0.075     0.082   
  -0.055     0.075     0.053   
  -0.086     0.075     0.02    

CDOF
   0         0         0         1         0         0       
   0         0         0         0         1         0       
   0         0         0         0         0         1       
   0.51      5e-17    -0.86      7.2e-18   0.093     9.7e-18 
   5.1e-17   1         8.8e-17   0.0012   -9.7e-18   0.11    
   0.86     -8.9e-17   0.51     -4.3e-18  -0.057    -2.6e-18 
   0.51      5e-17    -0.86      0.065     0.068     0.038   
   9.6e-17   1         1.1e-16  -0.02     -5.8e-18   0.067   
   9.6e-17   1         1.1e-16  -0.0085    2.2e-18  -0.012   
   0.51      5e-17    -0.86     -0.065     0.068    -0.038   
   9.2e-17   1         1.1e-16  -0.02     -5.7e-18   0.067   
   9.2e-17   1         1.1e-16  -0.0085    2.1e-18  -0.012   
   0         0         0         1         0         0       
   0         0         0         0         1         0       
   0         0         0         0         0         1       
   0.61      9e-17    -0.79     -5.8e-34  -8.7e-18  -1.4e-33 
  -4e-17     1         8.2e-17   0.0054   -1.2e-19   0.0041  
   0.79     -1.8e-17   0.61      2.7e-19  -0.0068   -5.5e-19 
   0         0         0         1         0         0       
   0         0         0         0         1         0       
   0         0         0         0         0         1       
   0.68      9.5e-17  -0.74     -1.2e-33   1.3e-17   6.3e-34 
  -4.2e-17   1         9e-17     0.005    -2e-19     0.0046  
   0.74     -3e-17     0.68      2.8e-19  -0.0068   -6.1e-19 
   0         0         0         1         0         0       
   0         0         0         0         1         0       
   0         0         0         0         0         1       
   0.72      8.9e-17  -0.7      -2.1e-18   0.099     1e-17   
  -4.1e-17   1         8.6e-17  -0.052    -9.7e-18   0.088   
   0.7      -3.3e-17   0.72     -8.5e-19  -0.027    -4.2e-19 
   0.72      8.9e-17  -0.7       0.052     0.074     0.054   
  -4.7e-17   1         8e-17    -0.062    -6.3e-18   0.042   
  -4.7e-17   1         8e-17    -0.0034    8.2e-19  -0.012   
   0.72      8.9e-17  -0.7      -0.052     0.074    -0.054   
  -4.7e-17   1         8e-17    -0.062    -6.3e-18   0.042   
  -4.7e-17   1         8e-17    -0.0034    8.1e-19  -0.012   

CINERT
   0         0         0         0         0         0         0         0         0         0       
   0.00046   0.0016    0.0019    1.1e-19   0.0002   -1.4e-20   0.017    -1.2e-18  -0.0022    0.19    
   0.00034   0.00037   0.00069   0.00034  -8.1e-06   1.4e-05   0.0045   -0.0044    0.00019   0.058   
   0.00058   0.00018   0.00071   0.0002   -5e-05     0.00011   0.0027   -0.0073    0.0014    0.097   
   0.00078   0.00091   0.0017   -0.00072  -3.5e-05  -3.8e-06  -0.0096   -0.01     -5.1e-05   0.14    
   0.00027   0.00079   0.001    -0.00045  -5.6e-05  -3.2e-05  -0.006    -0.0034   -0.00043   0.046   
   0.00034   0.00037   0.00069  -0.00034  -8.1e-06  -1.4e-05   0.0045    0.0044    0.00019   0.058   
   0.00058   0.00018   0.00071  -0.0002   -5e-05    -0.00011   0.0027    0.0073    0.0014    0.097   
   0.00078   0.00091   0.0017    0.00072  -3.5e-05   3.8e-06  -0.0096    0.01     -5.1e-05   0.14    
   0.00027   0.00079   0.001     0.00045  -5.6e-05   3.2e-05  -0.006     0.0034   -0.00043   0.046   
   2e-05     2.9e-05   1.9e-05  -4.7e-23   2.1e-06   6.4e-22   0         0         0         0.019   
   2e-05     2.9e-05   2e-05    -9.8e-22   2.2e-06   2.1e-22   0         0         0         0.019   
   0.00069   0.0013    0.0014    6.2e-20  -0.0005    1.9e-20   0.014    -5.5e-19   0.0069    0.19    
   0.00047   0.00034   0.00053   0.00025  -0.00015   0.00021   0.0033   -0.0044    0.0028    0.058   
   0.0007    0.00021   0.00061   0.00011  -8.6e-05   0.00024   0.0014   -0.0073    0.0032    0.097   
   0.0011    0.00084   0.0013   -0.00054  -0.0004   -0.00041  -0.0072   -0.01     -0.0055    0.14    
   0.00059   0.00074   0.00067  -0.00032  -0.00036  -0.00029  -0.0043   -0.0034   -0.0039    0.046   
   0.00047   0.00034   0.00053  -0.00025  -0.00015  -0.00021   0.0033    0.0044    0.0028    0.058   
   0.0007    0.00021   0.00061  -0.00011  -8.6e-05  -0.00024   0.0014    0.0073    0.0032    0.097   
   0.0011    0.00084   0.0013    0.00054  -0.0004    0.00041  -0.0072    0.01     -0.0055    0.14    
   0.00059   0.00074   0.00067   0.00032  -0.00036   0.00029  -0.0043    0.0034   -0.0039    0.046   

TEN_LENGTH
   0.065   
   0.052   
   0.058   
   0.058   
   0.083   
   0.081   
   0.083   
   0.081   
   0.063   
   0.054   
   0.058   
   0.058   
   0.083   
   0.081   
   0.083   
   0.081   
   0.062   
   0.055   
   0.058   
   0.058   
   0.083   
   0.08    
   0.083   
   0.08    

TEN_MOMENT
   0.68      8.8e-17  -0.73     -3.3e-18   0.067    -3.3e-18   0         0         0         0         0         0        -0.68     -8.8e-17   0.73      6e-21    -0.062     6e-21     0         0         0         0         0         0         0         0         0         0         0         0         0         0         0         0         0         0       
   0.71      2.6e-16  -0.71      1.3e-17  -0.041    -1.3e-17   0         0         0         0         0         0        -0.71     -2.6e-16   0.71     -1e-17     0.049     1e-17     0         0         0         0         0         0         0         0         0         0         0         0         0         0         0         0         0         0       
   0.53     -1.2e-16  -0.85      0.0011   -0.0011   -0.042     0         0         0         0         0         0        -0.53      1.2e-16   0.85      0.004    -0.004     0.042     0         0         0         0         0         0         0         0         0         0         0         0         0         0         0         0         0         0       
   0.53      1.2e-16  -0.85     -0.0011   -0.0011    0.042     0         0         0         0         0         0        -0.53     -1.2e-16   0.85     -0.004    -0.004    -0.042     0         0         0         0         0         0         0         0         0         0         0         0         0         0         0         0         0         0       
   0.35     -0.51      0.78      0.029     0.012     0.029     0         0         0         0         0         0        -0.35      0.51     -0.78     -0.032     0.032     0.0044    0         0         0         0         0         0         0         0         0         0         0         0         0         0         0         0         0         0       
  -0.85      0.53      0.091     0.03     -0.0097   -0.03      0         0         0         0         0         0         0.85     -0.53     -0.091    -0.026    -0.026     0.0027    0         0         0         0         0         0         0         0         0         0         0         0         0         0         0         0         0         0       
   0.35      0.51      0.78     -0.029     0.012    -0.029     0         0         0         0         0         0        -0.35     -0.51     -0.78      0.032     0.032    -0.0044    0         0         0         0         0         0         0         0         0         0         0         0         0         0         0         0         0         0       
  -0.85     -0.53      0.091    -0.03     -0.0097    0.03      0         0         0         0         0         0         0.85      0.53     -0.091     0.026    -0.026    -0.0027    0         0         0         0         0         0         0         0         0         0         0         0         0         0         0         0         0         0       
   0         0         0         0         0         0         0         0         0         0         0         0         0.73      1.3e-16  -0.68     -2.8e-18   0.065    -2.8e-18  -0.73     -1.3e-16   0.68      2.4e-18  -0.061     2.4e-18   0         0         0         0         0         0         0         0         0         0         0         0       
   0         0         0         0         0         0         0         0         0         0         0         0         0.75      1.3e-16  -0.66      2.7e-18  -0.045    -2.7e-18  -0.75     -1.3e-16   0.66     -2.4e-18   0.051     2.4e-18   0         0         0         0         0         0         0         0         0         0         0         0       
   0         0         0         0         0         0         0         0         0         0         0         0         0.63      0        -0.78      0.0012   -0.0012   -0.042    -0.63      0         0.78      0.0025   -0.0025    0.042     0         0         0         0         0         0         0         0         0         0         0         0       
   0         0         0         0         0         0         0         0         0         0         0         0         0.63      2.4e-16  -0.78     -0.0012   -0.0012    0.042    -0.63     -2.4e-16   0.78     -0.0025   -0.0025   -0.042     0         0         0         0         0         0         0         0         0         0         0         0       
   0         0         0         0         0         0         0         0         0         0         0         0         0.26     -0.51      0.82      0.029     0.012     0.029    -0.26      0.51     -0.82     -0.032     0.032     0.0034    0         0         0         0         0         0         0         0         0         0         0         0       
   0         0         0         0         0         0         0         0         0         0         0         0        -0.85      0.53     -0.012     0.03     -0.0098   -0.03      0.85     -0.53      0.012    -0.027    -0.027     0.0017    0         0         0         0         0         0         0         0         0         0         0         0       
   0         0         0         0         0         0         0         0         0         0         0         0         0.26      0.51      0.82     -0.029     0.012    -0.029    -0.26     -0.51     -0.82      0.032     0.032    -0.0034    0         0         0         0         0         0         0         0         0         0         0         0       
   0         0         0         0         0         0         0         0         0         0         0         0        -0.85     -0.53     -0.012    -0.03     -0.0098    0.03      0.85      0.53      0.012     0.027    -0.027    -0.0017    0         0         0         0         0         0         0         0         0         0         0         0       
   0         0         0         0         0         0         0         0         0         0         0         0         0         0         0         0         0         0         0.76      8.1e-17  -0.65      5.3e-19   0.063     5.3e-19  -0.76     -8.1e-17   0.65     -3.3e-19  -0.06     -3.3e-19   0         0         0         0         0         0       
   0         0         0         0         0         0         0         0         0         0         0         0         0         0         0         0         0         0         0.77      8.4e-17  -0.64     -3.4e-19  -0.049     3.4e-19  -0.77     -8.4e-17   0.64      1.5e-19   0.052    -1.5e-19   0         0         0         0         0         0       
   0         0         0         0         0         0         0         0         0         0         0         0         0         0         0         0         0         0         0.7      -1.5e-15  -0.72      0.0012   -0.0012   -0.042    -0.7       1.5e-15   0.72      0.0011   -0.0011    0.042     0         0         0         0         0         0       
   0         0         0         0         0         0         0         0         0         0         0         0         0         0         0         0         0         0         0.7       1.8e-15  -0.72     -0.0012   -0.0012    0.042    -0.7      -1.8e-15   0.72     -0.0011   -0.0011   -0.042     0         0         0         0         0         0       
   0         0         0         0         0         0         0         0         0         0         0         0         0         0         0         0         0         0         0.19     -0.51      0.84      0.029     0.012     0.029    -0.19      0.51     -0.84     -0.031     0.031     0.0025    0         0         0         0         0         0       
   0         0         0         0         0         0         0         0         0         0         0         0         0         0         0         0         0         0        -0.85      0.53     -0.088     0.03     -0.0099   -0.03      0.85     -0.53      0.088    -0.028    -0.028     0.0007    0         0         0         0         0         0       
   0         0         0         0         0         0         0         0         0         0         0         0         0         0         0         0         0         0         0.19      0.51      0.84     -0.029     0.012    -0.029    -0.19     -0.51     -0.84      0.031     0.031    -0.0025    0         0         0         0         0         0       
   0         0         0         0         0         0         0         0         0         0         0         0         0         0         0         0         0         0        -0.85     -0.53     -0.088    -0.03     -0.0099    0.03      0.85      0.53      0.088     0.028    -0.028    -0.0007    0         0         0         0         0         0       

TENDON 0: 2 wrap points
    -1:    0.23     -7.6e-18   0.11    
    -1:    0.19     -1.3e-17   0.15    

TENDON 1: 2 wrap points
    -1:    0.14      2.4e-18   0.047   
    -1:    0.099    -1.1e-17   0.084   

TENDON 2: 2 wrap points
    -1:    0.23      0.042    -0.0089  
    -1:    0.2       0.042     0.04    

TENDON 3: 2 wrap points
    -1:    0.23     -0.042    -0.0089  
    -1:    0.2      -0.042     0.04    

TENDON 4: 2 wrap points
    -1:    0.23     -7.6e-18   0.11    
    -1:    0.2       0.042     0.04    

TENDON 5: 2 wrap points
    -1:    0.14      2.4e-18   0.047   
    -1:    0.2      -0.042     0.04    

TENDON 6: 2 wrap points
    -1:    0.23     -7.6e-18   0.11    
    -1:    0.2      -0.042     0.04    

TENDON 7: 2 wrap points
    -1:    0.14      2.4e-18   0.047   
    -1:    0.2       0.042     0.04    

TENDON 8: 2 wrap points
    -1:    0.19     -1.3e-17   0.15    
    -1:    0.14     -2.2e-17   0.2     

TENDON 9: 2 wrap points
    -1:    0.099    -1.1e-17   0.084   
    -1:    0.059    -1.8e-17   0.12    

TENDON 10: 2 wrap points
    -1:    0.2       0.042     0.04    
    -1:    0.17      0.042     0.085   

TENDON 11: 2 wrap points
    -1:    0.2      -0.042     0.04    
    -1:    0.17     -0.042     0.085   

TENDON 12: 2 wrap points
    -1:    0.19     -1.3e-17   0.15    
    -1:    0.17      0.042     0.085   

TENDON 13: 2 wrap points
    -1:    0.099    -1.1e-17   0.084   
    -1:    0.17     -0.042     0.085   

TENDON 14: 2 wrap points
    -1:    0.19     -1.3e-17   0.15    
    -1:    0.17     -0.042     0.085   

TENDON 15: 2 wrap points
    -1:    0.099    -1.1e-17   0.084   
    -1:    0.17      0.042     0.085   

TENDON 16: 2 wrap points
    -1:    0.14     -2.2e-17   0.2     
    -1:    0.095    -2.7e-17   0.24    

TENDON 17: 2 wrap points
    -1:    0.059    -1.8e-17   0.12    
    -1:    0.016    -2.3e-17   0.16    

TENDON 18: 2 wrap points
    -1:    0.17      0.042     0.085   
    -1:    0.13      0.042     0.13    

TENDON 19: 2 wrap points
    -1:    0.17     -0.042     0.085   
    -1:    0.13     -0.042     0.13    

TENDON 20: 2 wrap points
    -1:    0.14     -2.2e-17   0.2     
    -1:    0.13      0.042     0.13    

TENDON 21: 2 wrap points
    -1:    0.059    -1.8e-17   0.12    
    -1:    0.13     -0.042     0.13    

TENDON 22: 2 wrap points
    -1:    0.14     -2.2e-17   0.2     
    -1:    0.13     -0.042     0.13    

TENDON 23: 2 wrap points
    -1:    0.059    -1.8e-17   0.12    
    -1:    0.13      0.042     0.13    

ACTUATOR_LENGTH
   5.2e-17 
   0.38    
   0.001   
   4.9e-17 
   0.38    
   0.001   
  -8.3e-18 
  -0.025   
   0.00017 
  -9.2e-18 
  -0.025   
   0.00017 

actuator_moment
--------------------------------------
       x                              |
        x                             |
         x                            |
          x                           |
           x                          |
            x                         |
                               x      |
                                x     |
                                 x    |
                                  x   |
                                   x  |
                                    x |
--------------------------------------

ACTUATOR_MOMENT
     6:  1       
     7:  1       
     8:  1       
     9:  1       
    10:  1       
    11:  1       
    30:  1       
    31:  1       
    32:  1       
    33:  1       
    34:  1       
    35:  1       

CRB
   0         0         0         0         0         0         0         0         0         0       
   0.0044    0.0061    0.01      3.3e-19  -0.0001   -3e-19    -1.7e-18  -3.5e-18  -6.1e-18   0.86    
   0.002     0.0023    0.0041   -0.00063  -0.00015   8.4e-05  -0.0084   -0.025     0.0011    0.34    
   0.0016    0.0019    0.0034   -0.00097  -0.00014   7e-05    -0.013    -0.021     0.00093   0.28    
   0.0011    0.0017    0.0027   -0.0012   -9.1e-05  -3.6e-05  -0.016    -0.014    -0.00048   0.18    
   0.00027   0.00079   0.001    -0.00045  -5.6e-05  -3.2e-05  -0.006    -0.0034   -0.00043   0.046   
   0.002     0.0023    0.0041    0.00063  -0.00015  -8.4e-05  -0.0084    0.025     0.0011    0.34    
   0.0016    0.0019    0.0034    0.00097  -0.00014  -7e-05    -0.013     0.021     0.00093   0.28    
   0.0011    0.0017    0.0027    0.0012   -9.1e-05   3.6e-05  -0.016     0.014    -0.00048   0.18    
   0.00027   0.00079   0.001     0.00045  -5.6e-05   3.2e-05  -0.006     0.0034   -0.00043   0.046   
   2e-05     2.9e-05   1.9e-05  -4.7e-23   2.1e-06   6.4e-22   0         0         0         0.019   
   2e-05     2.9e-05   2e-05    -9.8e-22   2.2e-06   2.1e-22   0         0         0         0.019   
   0.0065    0.0055    0.0075    3.3e-19  -0.0025   -7e-19    -8.7e-19   0        -7.4e-18   0.86    
   0.0029    0.0021    0.0031   -0.00051  -0.001    -0.00026  -0.0068   -0.025    -0.0034    0.34    
   0.0024    0.0018    0.0025   -0.00075  -0.00085  -0.00047  -0.01     -0.021    -0.0062    0.28    
   0.0017    0.0016    0.0019   -0.00086  -0.00076  -0.0007   -0.011    -0.014    -0.0094    0.18    
   0.00059   0.00074   0.00067  -0.00032  -0.00036  -0.00029  -0.0043   -0.0034   -0.0039    0.046   
   0.0029    0.0021    0.0031    0.00051  -0.001     0.00026  -0.0068    0.025    -0.0034    0.34    
   0.0024    0.0018    0.0025    0.00075  -0.00085   0.00047  -0.01      0.021    -0.0062    0.28    
   0.0017    0.0016    0.0019    0.00086  -0.00076   0.0007   -0.011     0.014    -0.0094    0.18    
   0.00059   0.00074   0.00067   0.00032  -0.00036   0.00029  -0.0043    0.0034   -0.0039    0.046   

QM
   0.87    
   0         0.87    
   0         0         0.87    
   3.2e-18   0.08      6.6e-18   0.021   
   0.001    -8.3e-18   0.094     1.3e-20   0.021   
  -2e-18    -0.049    -5.2e-18  -0.007     1.3e-19   0.014   
   0         0.03      1.7e-18   0.005     6e-20    -0.0029    0.0093  
  -0.0048   -3.2e-18   0.032    -0.0009    0.0062   -0.0022    2.2e-19   0.01    
  -0.002    -1.4e-18   0.013    -0.00039   0.003    -0.00095   1.1e-19   0.0025    0.0064  
   6.9e-18   0.03      5.2e-18   0.005     2.8e-19  -0.0029                                  0.0093  
  -0.0048   -3.1e-18   0.032     0.0009    0.0062    0.0022                                 -4.3e-19   0.01    
  -0.002    -1.3e-18   0.013     0.00039   0.003     0.00095                                -2.2e-19   0.0025    0.0064  
                                                                                                                           0.024   
                                                                                                                           0         0.024   
                                                                                                                           0         0         0.024   
                                                                                                                          -1.1e-35  -1.7e-19  -2.8e-35   0.005   
                                                                                                                           0.0001   -2.3e-21   7.9e-05   4.7e-22   0.005   
                                                                                                                           5.3e-21  -0.00013  -1.1e-20   1.1e-21   2.3e-22   0.005   
                                                                                                                                                                                       0.024   
                                                                                                                                                                                       0         0.024   
                                                                                                                                                                                       0         0         0.024   
                                                                                                                                                                                      -2.2e-35   2.6e-19   1.2e-35   0.005   
                                                                                                                                                                                       9.6e-05  -3.9e-21   8.8e-05   2.5e-22   0.005   
                                                                                                                                                                                       5.5e-21  -0.00013  -1.2e-20  -3.4e-21  -7.8e-22   0.005   
                                                                                                                                                                                                                                                   0.87    
                                                                                                                                                                                                                                                   0         0.87    
                                                                                                                                                                                                                                                   0         0         0.87    
                                                                                                                                                                                                                                                  -1.8e-18   0.085     9e-18     0.023   
                                                                                                                                                                                                                                                  -0.045    -8.4e-18   0.076     4.2e-19   0.02    
                                                                                                                                                                                                                                                  -7.4e-19  -0.023    -3.6e-19  -0.0029   -2.6e-20   0.01    
                                                                                                                                                                                                                                                  -3.5e-18   0.032     0         0.0058   -2.1e-19  -0.0012    0.01    
                                                                                                                                                                                                                                                  -0.023    -2.8e-18   0.022     6e-05     0.0057   -0.0024    2.2e-19   0.01    
                                                                                                                                                                                                                                                  -0.01     -1.2e-18   0.0093    2.5e-05   0.0028   -0.001    -1.1e-19   0.0025    0.0064  
                                                                                                                                                                                                                                                   3.5e-18   0.032     3.5e-18   0.0058   -1.6e-19  -0.0012                                  0.01    
                                                                                                                                                                                                                                                  -0.023    -2.8e-18   0.022    -6e-05     0.0057    0.0024                                  0         0.01    
                                                                                                                                                                                                                                                  -0.01     -1.2e-18   0.0093   -2.5e-05   0.0028    0.001                                  -1.1e-19   0.0025    0.0064  

M
     0:  0.87    
     0:  0          1:  0.87    
     0:  0          1:  0          2:  0.87    
     0:  3.2e-18    1:  0.08       2:  6.6e-18    3:  0.021   
     0:  0.001      1: -8.3e-18    2:  0.094      3:  1.3e-20    4:  0.021   
     0: -2e-18      1: -0.049      2: -5.2e-18    3: -0.007      4:  1.3e-19    5:  0.014   
     0:  0          1:  0.03       2:  1.7e-18    3:  0.005      4:  6e-20      5: -0.0029     6:  0.0093  
     0: -0.0048     1: -3.2e-18    2:  0.032      3: -0.0009     4:  0.0062     5: -0.0022     6:  2.2e-19    7:  0.01    
     0: -0.002      1: -1.4e-18    2:  0.013      3: -0.00039    4:  0.003      5: -0.00095    6:  1.1e-19    7:  0.0025     8:  0.0064  
     0:  6.9e-18    1:  0.03       2:  5.2e-18    3:  0.005      4:  2.8e-19    5: -0.0029     9:  0.0093  
     0: -0.0048     1: -3.1e-18    2:  0.032      3:  0.0009     4:  0.0062     5:  0.0022     9: -4.3e-19   10:  0.01    
     0: -0.002      1: -1.3e-18    2:  0.013      3:  0.00039    4:  0.003      5:  0.00095    9: -2.2e-19   10:  0.0025    11:  0.0064  
    12:  0.024   
    12:  0         13:  0.024   
    12:  0         13:  0         14:  0.024   
    12: -1.1e-35   13: -1.7e-19   14: -2.8e-35   15:  0.005   
    12:  0.0001    13: -2.3e-21   14:  7.9e-05   15:  4.7e-22   16:  0.005   
    12:  5.3e-21   13: -0.00013   14: -1.1e-20   15:  1.1e-21   16:  2.3e-22   17:  0.005   
    18:  0.024   
    18:  0         19:  0.024   
    18:  0         19:  0         20:  0.024   
    18: -2.2e-35   19:  2.6e-19   20:  1.2e-35   21:  0.005   
    18:  9.6e-05   19: -3.9e-21   20:  8.8e-05   21:  2.5e-22   22:  0.005   
    18:  5.5e-21   19: -0.00013   20: -1.2e-20   21: -3.4e-21   22: -7.8e-22   23:  0.005   
    24:  0.87    
    24:  0         25:  0.87    
    24:  0         25:  0         26:  0.87    
    24: -1.8e-18   25:  0.085     26:  9e-18     27:  0.023   
    24: -0.045     25: -8.4e-18   26:  0.076     27:  4.2e-19   28:  0.02    
    24: -7.4e-19   25: -0.023     26: -3.6e-19   27: -0.0029    28: -2.6e-20   29:  0.01    
    24: -3.5e-18   25:  0.032     26:  0         27:  0.0058    28: -2.1e-19   29: -0.0012    30:  0.01    
    24: -0.023     25: -2.8e-18   26:  0.022     27:  6e-05     28:  0.0057    29: -0.0024    30:  2.2e-19   31:  0.01    
    24: -0.01      25: -1.2e-18   26:  0.0093    27:  2.5e-05   28:  0.0028    29: -0.001     30: -1.1e-19   31:  0.0025    32:  0.0064  
    24:  3.5e-18   25:  0.032     26:  3.5e-18   27:  0.0058    28: -1.6e-19   29: -0.0012    33:  0.01    
    24: -0.023     25: -2.8e-18   26:  0.022     27: -6e-05     28:  0.0057    29:  0.0024    33:  0         34:  0.01    
    24: -0.01      25: -1.2e-18   26:  0.0093    27: -2.5e-05   28:  0.0028    29:  0.001     33: -1.1e-19   34:  0.0025    35:  0.0064  

QLD
     0:  0.86    
     0: -4.3e-17    1:  0.5     
     0:  0.0053     1:  6.7e-18    2:  0.45    
     0: -9.7e-17    1:  2.6        2:  2.2e-16    3:  0.014   
     0:  0.57       1: -1.6e-16    2:  4          3:  5.6e-17    4:  0.013   
     0: -2.7e-17    1: -2.8        2:  1.9e-16    3: -0.4        4:  1.2e-16    5:  0.011   
     0:  1.2e-17    1:  3.2        2:  1.1e-16    3:  0.54       4: -9.5e-18    5: -0.31       6:  0.0093  
     0: -0.44       1: -2.9e-16    2:  2.9        3: -0.084      4:  0.56       5: -0.21       6:  1.9e-17    7:  0.009   
     0: -0.32       1: -2.1e-16    2:  2.1        3: -0.06       4:  0.47       5: -0.15       6:  1.7e-17    7:  0.39       8:  0.0064  
     0:  7.2e-16    1:  3.2        2:  7.2e-16    3:  0.54       4:  6.3e-17    5: -0.31       9:  0.0093  
     0: -0.44       1: -2.9e-16    2:  2.9        3:  0.084      4:  0.56       5:  0.21       9: -3.9e-17   10:  0.009   
     0: -0.32       1: -2.1e-16    2:  2.1        3:  0.06       4:  0.47       5:  0.15       9: -3.4e-17   10:  0.39      11:  0.0064  
    12:  0.024   
    12:  7.6e-21   13:  0.024   
    12: -6.7e-05   13: -9.9e-21   14:  0.024   
    12: -1.9e-21   13: -3.3e-17   14: -1.5e-21   15:  0.005   
    12:  0.021     13: -4.6e-19   14:  0.016     15:  9.3e-20   16:  0.005   
    12:  1e-18     13: -0.026     14: -2.1e-18   15:  2.3e-19   16:  4.6e-20   17:  0.005   
    18:  0.024   
    18:  8.9e-21   19:  0.024   
    18: -6.9e-05   19: -9.7e-21   20:  0.024   
    18: -9.5e-22   19:  5.2e-17   20: -8.7e-22   21:  0.005   
    18:  0.019     19: -7.9e-19   20:  0.018     21:  5e-20     22:  0.005   
    18:  1.1e-18   19: -0.026     20: -2.3e-18   21: -6.9e-19   22: -1.6e-19   23:  0.005   
    24:  0.68    
    24: -3.6e-17   25:  0.5     
    24:  0.3       25:  5e-18     26:  0.57    
    24: -8e-17     25:  2.8       26:  2.8e-16   27:  0.016   
    24: -1.3       25: -2.2e-16   26:  4         27:  5.9e-17   28:  0.012   
    24: -1.4e-16   25: -1.8       26:  9.5e-17   27: -0.18      28:  4.6e-17   29:  0.0086  
    24: -3.1e-16   25:  3.2       26: -3.7e-17   27:  0.58      28: -3e-17     29: -0.12      30:  0.01    
    24: -2.2       25: -2.6e-16   26:  2         27:  0.0056    28:  0.52      29: -0.22      30:  2.9e-17   31:  0.009   
    24: -1.6       25: -1.9e-16   26:  1.5       27:  0.004     28:  0.44      29: -0.16      30: -1.7e-17   31:  0.39      32:  0.0064  
    24:  3.4e-16   25:  3.2       26:  3.6e-16   27:  0.58      28: -1.3e-17   29: -0.12      33:  0.01    
    24: -2.2       25: -2.6e-16   26:  2         27: -0.0056    28:  0.52      29:  0.22      33:  4.7e-18   34:  0.009   
    24: -1.6       25: -1.9e-16   26:  1.5       27: -0.004     28:  0.44      29:  0.16      33: -1.7e-17   34:  0.39      35:  0.0064  

QLDIAGINV
   1.2     
   2       
   2.2     
   72      
   77      
   93      
   1.1e+02 
   1.1e+02 
   1.6e+02 
   1.1e+02 
   1.1e+02 
   1.6e+02 
   41      
   41      
   41      
   2e+02   
   2e+02   
   2e+02   
   41      
   41      
   41      
   2e+02   
   2e+02   
   2e+02   
   1.5     
   2       
   1.8     
   63      
   81      
   1.2e+02 
   1e+02   
   1.1e+02 
   1.6e+02 
   1e+02   
   1.1e+02 
   1.6e+02 

QH
     0:  0.86    
     0: -4.1e-17    1:  0.5     
     0:  0.0056     1:  3.4e-18    2:  0.45    
     0: -9.6e-17    1:  2.6        2:  1.9e-16    3:  0.014   
     0:  0.56       1: -2.1e-16    2:  4          3:  5.6e-17    4:  0.013   
     0: -2.7e-17    1: -2.8        2:  2.9e-17    3: -0.4        4:  9.8e-17    5:  0.011   
     0:  1.2e-17    1:  3.2        2:  1.1e-16    3:  0.54       4: -9.3e-18    5: -0.31       6:  0.0094  
     0: -0.44       1: -2.9e-16    2:  2.9        3: -0.083      4:  0.55       5: -0.2        6:  1.9e-17    7:  0.0091  
     0: -0.31       1: -2.1e-16    2:  2.1        3: -0.059      4:  0.46       5: -0.15       6:  1.7e-17    7:  0.38       8:  0.0065  
     0:  7.2e-16    1:  3.2        2:  7.1e-16    3:  0.54       4:  6.2e-17    5: -0.31       9:  0.0094  
     0: -0.44       1: -2.9e-16    2:  2.9        3:  0.083      4:  0.55       5:  0.2        9: -3.8e-17   10:  0.0091  
     0: -0.31       1: -2.1e-16    2:  2.1        3:  0.059      4:  0.46       5:  0.15       9: -3.3e-17   10:  0.38      11:  0.0065  
    12:  0.024   
    12:  7.4e-21   13:  0.024   
    12: -6.6e-05   13: -9.7e-21   14:  0.024   
    12: -1.8e-21   13: -3.3e-17   14: -1.4e-21   15:  0.0051  
    12:  0.02      13: -4.5e-19   14:  0.015     15:  9.2e-20   16:  0.0051  
    12:  1e-18     13: -0.025     14: -2.1e-18   15:  2.2e-19   16:  4.5e-20   17:  0.0051  
    18:  0.024   
    18:  8.7e-21   19:  0.024   
    18: -6.8e-05   19: -9.5e-21   20:  0.024   
    18: -9.1e-22   19:  5.1e-17   20: -8.4e-22   21:  0.0051  
    18:  0.019     19: -7.7e-19   20:  0.017     21:  4.9e-20   22:  0.0051  
    18:  1.1e-18   19: -0.025     20: -2.3e-18   21: -6.7e-19   22: -1.5e-19   23:  0.0051  
    24:  0.68    
    24: -3.7e-17   25:  0.5     
    24:  0.3       25:  3.1e-18   26:  0.57    
    24: -8.5e-17   25:  2.8       26:  2.7e-16   27:  0.016   
    24: -1.3       25: -1.9e-16   26:  3.9       27:  6.2e-17   28:  0.012   
    24: -2.4e-16   25: -1.8       26:  9.4e-17   27: -0.17      28:  7e-17     29:  0.0088  
    24: -3.1e-16   25:  3.2       26: -3.6e-17   27:  0.57      28: -2.9e-17   29: -0.11      30:  0.01    
    24: -2.2       25: -2.6e-16   26:  2         27:  0.0055    28:  0.51      29: -0.22      30:  2.8e-17   31:  0.0091  
    24: -1.5       25: -1.9e-16   26:  1.4       27:  0.0039    28:  0.43      29: -0.16      30: -1.7e-17   31:  0.38      32:  0.0065  
    24:  3.4e-16   25:  3.2       26:  3.5e-16   27:  0.57      28: -1.3e-17   29: -0.11      33:  0.01    
    24: -2.2       25: -2.6e-16   26:  2         27: -0.0055    28:  0.51      29:  0.22      33:  4.5e-18   34:  0.0091  
    24: -1.5       25: -1.9e-16   26:  1.4       27: -0.0039    28:  0.43      29:  0.16      33: -1.7e-17   34:  0.38      35:  0.0065  

QHDIAGINV
   1.2     
   2       
   2.2     
   71      
   76      
   92      
   1.1e+02 
   1.1e+02 
   1.5e+02 
   1.1e+02 
   1.1e+02 
   1.5e+02 
   41      
   41      
   41      
   2e+02   
   1.9e+02 
   2e+02   
   41      
   41      
   41      
   2e+02   
   1.9e+02 
   2e+02   
   1.5     
   2       
   1.7     
   62      
   80      
   1.1e+02 
   99      
   1.1e+02 
   1.5e+02 
   99      
   1.1e+02 
   1.5e+02 

B: body-dof matrix
--------------------------------------
 xxxxxxxxxxxxxxxxxxxxxxxxxxxxxxxxxxxx |
 xxxxxxxxxxxx                         |
 xxxxxxxxx                            |
 xxxxxxxxx                            |
 xxxxxxxxx                            |
 xxxxxxxxx                            |
 xxxxxx   xxx                         |
 xxxxxx   xxx                         |
 xxxxxx   xxx                         |
 xxxxxx   xxx                         |
             xxxxxx                   |
                   xxxxxx             |
                         xxxxxxxxxxxx |
                         xxxxxxxxx    |
                         xxxxxxxxx    |
                         xxxxxxxxx    |
                         xxxxxxxxx    |
                         xxxxxx   xxx |
                         xxxxxx   xxx |
                         xxxxxx   xxx |
                         xxxxxx   xxx |
--------------------------------------

B_rownnz              36 12 9 9 9 9 9 9 9 9 6 6 12 9 9 9 9 9 9 9 9

B_rowadr              0 36 48 57 66 75 84 93 102 111 120 126 132 144 153 162 171 180 189 198 207

B_colind              0 1 2 3 4 5 6 7 8 9 10 11 12 13 14 15 16 17 18 19 20 21 22 23 24 25 26 27 28 29 30 31 32 33 34 35 0 1 2 3 4 5 6 7 8 9 10 11 0 1 2 3 4 5 6 7 8 0 1 2 3 4 5 6 7 8 0 1 2 3 4 5 6 7 8 0 1 2 3 4 5 6 7 8 0 1 2 3 4 5 9 10 11 0 1 2 3 4 5 9 10 11 0 1 2 3 4 5 9 10 11 0 1 2 3 4 5 9 10 11 12 13 14 15 16 17 18 19 20 21 22 23 24 25 26 27 28 29 30 31 32 33 34 35 24 25 26 27 28 29 30 31 32 24 25 26 27 28 29 30 31 32 24 25 26 27 28 29 30 31 32 24 25 26 27 28 29 30 31 32 24 25 26 27 28 29 33 34 35 24 25 26 27 28 29 33 34 35 24 25 26 27 28 29 33 34 35 24 25 26 27 28 29 33 34 35

M: reduced inertia matrix
--------------------------------------
 x                                    |
 xx                                   |
 xxx                                  |
 xxxx                                 |
 xxxxx                                |
 xxxxxx                               |
 xxxxxxx                              |
 xxxxxxxx                             |
 xxxxxxxxx                            |
 xxxxxx   x                           |
 xxxxxx   xx                          |
 xxxxxx   xxx                         |
             x                        |
             xx                       |
             xxx                      |
             xxxx                     |
             xxxxx                    |
             xxxxxx                   |
                   x                  |
                   xx                 |
                   xxx                |
                   xxxx               |
                   xxxxx              |
                   xxxxxx             |
                         x            |
                         xx           |
                         xxx          |
                         xxxx         |
                         xxxxx        |
                         xxxxxx       |
                         xxxxxxx      |
                         xxxxxxxx     |
                         xxxxxxxxx    |
                         xxxxxx   x   |
                         xxxxxx   xx  |
                         xxxxxx   xxx |
--------------------------------------

M_rownnz              1 2 3 4 5 6 7 8 9 7 8 9 1 2 3 4 5 6 1 2 3 4 5 6 1 2 3 4 5 6 7 8 9 7 8 9

M_rowadr              0 1 3 6 10 15 21 28 36 45 52 60 69 70 72 75 79 84 90 91 93 96 100 105 111 112 114 117 121 126 132 139 147 156 163 171

M_colind              0 0 1 0 1 2 0 1 2 3 0 1 2 3 4 0 1 2 3 4 5 0 1 2 3 4 5 6 0 1 2 3 4 5 6 7 0 1 2 3 4 5 6 7 8 0 1 2 3 4 5 9 0 1 2 3 4 5 9 10 0 1 2 3 4 5 9 10 11 12 12 13 12 13 14 12 13 14 15 12 13 14 15 16 12 13 14 15 16 17 18 18 19 18 19 20 18 19 20 21 18 19 20 21 22 18 19 20 21 22 23 24 24 25 24 25 26 24 25 26 27 24 25 26 27 28 24 25 26 27 28 29 24 25 26 27 28 29 30 24 25 26 27 28 29 30 31 24 25 26 27 28 29 30 31 32 24 25 26 27 28 29 33 24 25 26 27 28 29 33 34 24 25 26 27 28 29 33 34 35

mapM2M                0 2 1 5 4 3 9 8 7 6 14 13 12 11 10 20 19 18 17 16 15 27 26 25 24 23 22 21 35 34 33 32 31 30 29 28 44 43 42 41 40 39 38 37 36 51 50 49 48 47 46 45 59 58 57 56 55 54 53 52 68 67 66 65 64 63 62 61 60 69 71 70 74 73 72 78 77 76 75 83 82 81 80 79 89 88 87 86 85 84 90 92 91 95 94 93 99 98 97 96 104 103 102 101 100 110 109 108 107 106 105 111 113 112 116 115 114 120 119 118 117 125 124 123 122 121 131 130 129 128 127 126 138 137 136 135 134 133 132 146 145 144 143 142 141 140 139 155 154 153 152 151 150 149 148 147 162 161 160 159 158 157 156 170 169 168 167 166 165 164 163 179 178 177 176 175 174 173 172 171

D: dof-dof matrix
--------------------------------------
 Dxxxxxxxxxxx                         |
 xDxxxxxxxxxx                         |
 xxDxxxxxxxxx                         |
 xxxDxxxxxxxx                         |
 xxxxDxxxxxxx                         |
 xxxxxDxxxxxx                         |
 xxxxxxDxx                            |
 xxxxxxxDx                            |
 xxxxxxxxD                            |
 xxxxxx   Dxx                         |
 xxxxxx   xDx                         |
 xxxxxx   xxD                         |
             Dxxxxx                   |
             xDxxxx                   |
             xxDxxx                   |
             xxxDxx                   |
             xxxxDx                   |
             xxxxxD                   |
                   Dxxxxx             |
                   xDxxxx             |
                   xxDxxx             |
                   xxxDxx             |
                   xxxxDx             |
                   xxxxxD             |
                         Dxxxxxxxxxxx |
                         xDxxxxxxxxxx |
                         xxDxxxxxxxxx |
                         xxxDxxxxxxxx |
                         xxxxDxxxxxxx |
                         xxxxxDxxxxxx |
                         xxxxxxDxx    |
                         xxxxxxxDx    |
                         xxxxxxxxD    |
                         xxxxxx   Dxx |
                         xxxxxx   xDx |
                         xxxxxx   xxD |
--------------------------------------

D_rownnz              12 12 12 12 12 12 9 9 9 9 9 9 6 6 6 6 6 6 6 6 6 6 6 6 12 12 12 12 12 12 9 9 9 9 9 9

D_rowadr              0 12 24 36 48 60 72 81 90 99 108 117 126 132 138 144 150 156 162 168 174 180 186 192 198 210 222 234 246 258 270 279 288 297 306 315

D_colind              0 1 2 3 4 5 6 7 8 9 10 11 0 1 2 3 4 5 6 7 8 9 10 11 0 1 2 3 4 5 6 7 8 9 10 11 0 1 2 3 4 5 6 7 8 9 10 11 0 1 2 3 4 5 6 7 8 9 10 11 0 1 2 3 4 5 6 7 8 9 10 11 0 1 2 3 4 5 6 7 8 0 1 2 3 4 5 6 7 8 0 1 2 3 4 5 6 7 8 0 1 2 3 4 5 9 10 11 0 1 2 3 4 5 9 10 11 0 1 2 3 4 5 9 10 11 12 13 14 15 16 17 12 13 14 15 16 17 12 13 14 15 16 17 12 13 14 15 16 17 12 13 14 15 16 17 12 13 14 15 16 17 18 19 20 21 22 23 18 19 20 21 22 23 18 19 20 21 22 23 18 19 20 21 22 23 18 19 20 21 22 23 18 19 20 21 22 23 24 25 26 27 28 29 30 31 32 33 34 35 24 25 26 27 28 29 30 31 32 33 34 35 24 25 26 27 28 29 30 31 32 33 34 35 24 25 26 27 28 29 30 31 32 33 34 35 24 25 26 27 28 29 30 31 32 33 34 35 24 25 26 27 28 29 30 31 32 33 34 35 24 25 26 27 28 29 30 31 32 24 25 26 27 28 29 30 31 32 24 25 26 27 28 29 30 31 32 24 25 26 27 28 29 33 34 35 24 25 26 27 28 29 33 34 35 24 25 26 27 28 29 33 34 35

mapM2D                0 2 5 9 14 20 27 35 44 51 59 68 2 1 4 8 13 19 26 34 43 50 58 67 5 4 3 7 12 18 25 33 42 49 57 66 9 8 7 6 11 17 24 32 41 48 56 65 14 13 12 11 10 16 23 31 40 47 55 64 20 19 18 17 16 15 22 30 39 46 54 63 27 26 25 24 23 22 21 29 38 35 34 33 32 31 30 29 28 37 44 43 42 41 40 39 38 37 36 51 50 49 48 47 46 45 53 62 59 58 57 56 55 54 53 52 61 68 67 66 65 64 63 62 61 60 69 71 74 78 83 89 71 70 73 77 82 88 74 73 72 76 81 87 78 77 76 75 80 86 83 82 81 80 79 85 89 88 87 86 85 84 90 92 95 99 104 110 92 91 94 98 103 109 95 94 93 97 102 108 99 98 97 96 101 107 104 103 102 101 100 106 110 109 108 107 106 105 111 113 116 120 125 131 138 146 155 162 170 179 113 112 115 119 124 130 137 145 154 161 169 178 116 115 114 118 123 129 136 144 153 160 168 177 120 119 118 117 122 128 135 143 152 159 167 176 125 124 123 122 121 127 134 142 151 158 166 175 131 130 129 128 127 126 133 141 150 157 165 174 138 137 136 135 134 133 132 140 149 146 145 144 143 142 141 140 139 148 155 154 153 152 151 150 149 148 147 162 161 160 159 158 157 156 164 173 170 169 168 167 166 165 164 163 172 179 178 177 176 175 174 173 172 171

mapD2M                0 13 12 26 25 24 39 38 37 36 52 51 50 49 48 65 64 63 62 61 60 78 77 76 75 74 73 72 88 87 86 85 84 83 82 81 98 97 96 95 94 93 92 91 90 105 104 103 102 101 100 99 115 114 113 112 111 110 109 108 125 124 123 122 121 120 119 118 117 126 133 132 140 139 138 147 146 145 144 154 153 152 151 150 161 160 159 158 157 156 162 169 168 176 175 174 183 182 181 180 190 189 188 187 186 197 196 195 194 193 192 198 211 210 224 223 222 237 236 235 234 250 249 248 247 246 263 262 261 260 259 258 276 275 274 273 272 271 270 286 285 284 283 282 281 280 279 296 295 294 293 292 291 290 289 288 303 302 301 300 299 298 297 313 312 311 310 309 308 307 306 323 322 321 320 319 318 317 316 315

CONTACT
  0:
     dim           3
     geoms         floor : front_shoulder
     exclude       0
     efc_address   64
     solref         0.02      1       
     solimp         0.9       0.95      0.001     0.5       2       
     dist          -0.00014 
     includemargin  0       
     pos            0.19     -0.075    -7.1e-05 
     frame          0         0         1         1.1e-16  -1         0         1         1.1e-16  -0       
     friction       1         1         0.005     0.0001    0.0001  
     mu             1       
     force          2         1.7e-15   3.8e-05   0         0         0       
  1:
     dim           3
     geoms         floor : front_shoulder
     exclude       0
     efc_address   68
     solref         0.02      1       
     solimp         0.9       0.95      0.001     0.5       2       
     dist          -0.00014 
     includemargin  0       
     pos            0.19      0.075    -7.1e-05 
     frame          0         0         1         1.1e-16  -1         0         1         1.1e-16  -0       
     friction       1         1         0.005     0.0001    0.0001  
     mu             1       
     force          2         1.7e-15   3.8e-05   0         0         0       
  2:
     dim           3
     geoms         floor : fr_hip_roll_geom
     exclude       0
     efc_address   72
     solref         0.02      1       
     solimp         0.9       0.95      0.001     0.5       2       
     dist          -0.00014 
     includemargin  0       
     pos            0.19     -0.075    -7.1e-05 
     frame          0         0         1         1         9.8e-17   0        -9.8e-17   1         0       
     friction       1         1         0.005     0.0001    0.0001  
     mu             1       
     force          1.7       3.2e-05  -1.4e-15   0         0         0       
  3:
     dim           3
     geoms         floor : fr_foot_geom
     exclude       0
     efc_address   76
     solref         0.02      1       
     solimp         0.9       0.95      0.001     0.5       2       
     dist          -0.00047 
     includemargin  0       
     pos           -0.026    -0.075    -0.00023 
     frame          0         0         1         0         1         0        -1         0         0       
     friction       1         1         0.02      0.01      0.01    
     mu             1       
     force          3.5       4.4e-16  -4.7e-06   0         0         0       
  4:
     dim           3
     geoms         floor : fl_hip_roll_geom
     exclude       0
     efc_address   80
     solref         0.02      1       
     solimp         0.9       0.95      0.001     0.5       2       
     dist          -0.00014 
     includemargin  0       
     pos            0.19      0.075    -7.1e-05 
     frame          0         0         1         1         9.8e-17   0        -9.8e-17   1         0       
     friction       1         1         0.005     0.0001    0.0001  
     mu             1       
     force          1.7       3.2e-05  -1.4e-15   0         0         0       
  5:
     dim           3
     geoms         floor : fl_foot_geom
     exclude       0
     efc_address   84
     solref         0.02      1       
     solimp         0.9       0.95      0.001     0.5       2       
     dist          -0.00047 
     includemargin  0       
     pos           -0.026     0.075    -0.00023 
     frame          0         0         1         0         1         0        -1         0         0       
     friction       1         1         0.02      0.01      0.01    
     mu             1       
     force          3.5       3.3e-16  -4.7e-06   0         0         0       
  6:
     dim           3
     geoms         floor : rr_foot_geom
     exclude       0
     efc_address   88
     solref         0.02      1       
     solimp         0.9       0.95      0.001     0.5       2       
     dist          -0.00023 
     includemargin  0       
     pos           -0.086    -0.075    -0.00012 
     frame          0         0         1         0         1         0        -1         0         0       
     friction       1         1         0.02      0.01      0.01    
     mu             1       
     force          1.4       6.1e-15   5.4e-05   0         0         0       
  7:
     dim           3
     geoms         floor : rl_foot_geom
     exclude       0
     efc_address   92
     solref         0.02      1       
     solimp         0.9       0.95      0.001     0.5       2       
     dist          -0.00023 
     includemargin  0       
     pos           -0.086     0.075    -0.00012 
     frame          0         0         1         0         1         0        -1         0         0       
     friction       1         1         0.02      0.01      0.01    
     mu             1       
     force          1.4       6.1e-15   5.4e-05   0         0         0       

EFC_TYPE
  1
  1
  1
  1
  1
  1
  1
  1
  1
  1
  1
  1
  1
  1
  1
  1
  1
  1
  1
  1
  1
  1
  1
  1
  1
  1
  1
  1
  1
  1
  1
  1
  1
  1
  1
  1
  2
  2
  2
  2
  2
  2
  2
  2
  2
  2
  2
  2
  2
  2
  2
  2
  2
  2
  2
  2
  2
  2
  2
  2
  3
  3
  3
  3
  6
  6
  6
  6
  6
  6
  6
  6
  6
  6
  6
  6
  6
  6
  6
  6
  6
  6
  6
  6
  6
  6
  6
  6
  6
  6
  6
  6
  6
  6
  6
  6

EFC_ID
  0
  1
  2
  3
  4
  5
  6
  7
  8
  9
  10
  11
  12
  13
  14
  15
  16
  17
  18
  19
  20
  21
  22
  23
  24
  25
  26
  27
  28
  29
  30
  31
  32
  33
  34
  35
  0
  1
  2
  3
  4
  5
  6
  7
  8
  9
  10
  11
  12
  13
  14
  15
  16
  17
  18
  19
  20
  21
  22
  23
  3
  6
  12
  15
  0
  0
  0
  0
  1
  1
  1
  1
  2
  2
  2
  2
  3
  3
  3
  3
  4
  4
  4
  4
  5
  5
  5
  5
  6
  6
  6
  6
  7
  7
  7
  7

EFC_J
   1         0         0         0         0         0         0         0         0         0         0         0         0         0         0         0         0         0         0         0         0         0         0         0         0         0         0         0         0         0         0         0         0         0         0         0       
   0         1         0         0         0         0         0         0         0         0         0         0         0         0         0         0         0         0         0         0         0         0         0         0         0         0         0         0         0         0         0         0         0         0         0         0       
   0         0         1         0         0         0         0         0         0         0         0         0         0         0         0         0         0         0         0         0         0         0         0         0         0         0         0         0         0         0         0         0         0         0         0         0       
   0         0         0         1         0         0         0         0         0         0         0         0         0         0         0         0         0         0         0         0         0         0         0         0         0         0         0         0         0         0         0         0         0         0         0         0       
   0         0         0         0         1         0         0         0         0         0         0         0         0         0         0         0         0         0         0         0         0         0         0         0         0         0         0         0         0         0         0         0         0         0         0         0       
   0         0         0         0         0         1         0         0         0         0         0         0         0         0         0         0         0         0         0         0         0         0         0         0         0         0         0         0         0         0         0         0         0         0         0         0       
   0         0         0         0         0         0         1         0         0         0         0         0         0         0         0         0         0         0         0         0         0         0         0         0         0         0         0         0         0         0         0         0         0         0         0         0       
   0         0         0         0         0         0         0         1         0         0         0         0         0         0         0         0         0         0         0         0         0         0         0         0         0         0         0         0         0         0         0         0         0         0         0         0       
   0         0         0         0         0         0         0         0         1         0         0         0         0         0         0         0         0         0         0         0         0         0         0         0         0         0         0         0         0         0         0         0         0         0         0         0       
   0         0         0         0         0         0         0         0         0         1         0         0         0         0         0         0         0         0         0         0         0         0         0         0         0         0         0         0         0         0         0         0         0         0         0         0       
   0         0         0         0         0         0         0         0         0         0         1         0         0         0         0         0         0         0         0         0         0         0         0         0         0         0         0         0         0         0         0         0         0         0         0         0       
   0         0         0         0         0         0         0         0         0         0         0         1         0         0         0         0         0         0         0         0         0         0         0         0         0         0         0         0         0         0         0         0         0         0         0         0       
   0         0         0         0         0         0         0         0         0         0         0         0         1         0         0         0         0         0         0         0         0         0         0         0         0         0         0         0         0         0         0         0         0         0         0         0       
   0         0         0         0         0         0         0         0         0         0         0         0         0         1         0         0         0         0         0         0         0         0         0         0         0         0         0         0         0         0         0         0         0         0         0         0       
   0         0         0         0         0         0         0         0         0         0         0         0         0         0         1         0         0         0         0         0         0         0         0         0         0         0         0         0         0         0         0         0         0         0         0         0       
   0         0         0         0         0         0         0         0         0         0         0         0         0         0         0         1         0         0         0         0         0         0         0         0         0         0         0         0         0         0         0         0         0         0         0         0       
   0         0         0         0         0         0         0         0         0         0         0         0         0         0         0         0         1         0         0         0         0         0         0         0         0         0         0         0         0         0         0         0         0         0         0         0       
   0         0         0         0         0         0         0         0         0         0         0         0         0         0         0         0         0         1         0         0         0         0         0         0         0         0         0         0         0         0         0         0         0         0         0         0       
   0         0         0         0         0         0         0         0         0         0         0         0         0         0         0         0         0         0         1         0         0         0         0         0         0         0         0         0         0         0         0         0         0         0         0         0       
   0         0         0         0         0         0         0         0         0         0         0         0         0         0         0         0         0         0         0         1         0         0         0         0         0         0         0         0         0         0         0         0         0         0         0         0       
   0         0         0         0         0         0         0         0         0         0         0         0         0         0         0         0         0         0         0         0         1         0         0         0         0         0         0         0         0         0         0         0         0         0         0         0       
   0         0         0         0         0         0         0         0         0         0         0         0         0         0         0         0         0         0         0         0         0         1         0         0         0         0         0         0         0         0         0         0         0         0         0         0       
   0         0         0         0         0         0         0         0         0         0         0         0         0         0         0         0         0         0         0         0         0         0         1         0         0         0         0         0         0         0         0         0         0         0         0         0       
   0         0         0         0         0         0         0         0         0         0         0         0         0         0         0         0         0         0         0         0         0         0         0         1         0         0         0         0         0         0         0         0         0         0         0         0       
   0         0         0         0         0         0         0         0         0         0         0         0         0         0         0         0         0         0         0         0         0         0         0         0         1         0         0         0         0         0         0         0         0         0         0         0       
   0         0         0         0         0         0         0         0         0         0         0         0         0         0         0         0         0         0         0         0         0         0         0         0         0         1         0         0         0         0         0         0         0         0         0         0       
   0         0         0         0         0         0         0         0         0         0         0         0         0         0         0         0         0         0         0         0         0         0         0         0         0         0         1         0         0         0         0         0         0         0         0         0       
   0         0         0         0         0         0         0         0         0         0         0         0         0         0         0         0         0         0         0         0         0         0         0         0         0         0         0         1         0         0         0         0         0         0         0         0       
   0         0         0         0         0         0         0         0         0         0         0         0         0         0         0         0         0         0         0         0         0         0         0         0         0         0         0         0         1         0         0         0         0         0         0         0       
   0         0         0         0         0         0         0         0         0         0         0         0         0         0         0         0         0         0         0         0         0         0         0         0         0         0         0         0         0         1         0         0         0         0         0         0       
   0         0         0         0         0         0         0         0         0         0         0         0         0         0         0         0         0         0         0         0         0         0         0         0         0         0         0         0         0         0         1         0         0         0         0         0       
   0         0         0         0         0         0         0         0         0         0         0         0         0         0         0         0         0         0         0         0         0         0         0         0         0         0         0         0         0         0         0         1         0         0         0         0       
   0         0         0         0         0         0         0         0         0         0         0         0         0         0         0         0         0         0         0         0         0         0         0         0         0         0         0         0         0         0         0         0         1         0         0         0       
   0         0         0         0         0         0         0         0         0         0         0         0         0         0         0         0         0         0         0         0         0         0         0         0         0         0         0         0         0         0         0         0         0         1         0         0       
   0         0         0         0         0         0         0         0         0         0         0         0         0         0         0         0         0         0         0         0         0         0         0         0         0         0         0         0         0         0         0         0         0         0         1         0       
   0         0         0         0         0         0         0         0         0         0         0         0         0         0         0         0         0         0         0         0         0         0         0         0         0         0         0         0         0         0         0         0         0         0         0         1       
   0.68      8.8e-17  -0.73     -3.3e-18   0.067    -3.3e-18   0         0         0         0         0         0        -0.68     -8.8e-17   0.73      6e-21    -0.062     6e-21     0         0         0         0         0         0         0         0         0         0         0         0         0         0         0         0         0         0       
   0.71      2.6e-16  -0.71      1.3e-17  -0.041    -1.3e-17   0         0         0         0         0         0        -0.71     -2.6e-16   0.71     -1e-17     0.049     1e-17     0         0         0         0         0         0         0         0         0         0         0         0         0         0         0         0         0         0       
   0.53     -1.2e-16  -0.85      0.0011   -0.0011   -0.042     0         0         0         0         0         0        -0.53      1.2e-16   0.85      0.004    -0.004     0.042     0         0         0         0         0         0         0         0         0         0         0         0         0         0         0         0         0         0       
   0.53      1.2e-16  -0.85     -0.0011   -0.0011    0.042     0         0         0         0         0         0        -0.53     -1.2e-16   0.85     -0.004    -0.004    -0.042     0         0         0         0         0         0         0         0         0         0         0         0         0         0         0         0         0         0       
   0.35     -0.51      0.78      0.029     0.012     0.029     0         0         0         0         0         0        -0.35      0.51     -0.78     -0.032     0.032     0.0044    0         0         0         0         0         0         0         0         0         0         0         0         0         0         0         0         0         0       
  -0.85      0.53      0.091     0.03     -0.0097   -0.03      0         0         0         0         0         0         0.85     -0.53     -0.091    -0.026    -0.026     0.0027    0         0         0         0         0         0         0         0         0         0         0         0         0         0         0         0         0         0       
   0.35      0.51      0.78     -0.029     0.012    -0.029     0         0         0         0         0         0        -0.35     -0.51     -0.78      0.032     0.032    -0.0044    0         0         0         0         0         0         0         0         0         0         0         0         0         0         0         0         0         0       
  -0.85     -0.53      0.091    -0.03     -0.0097    0.03      0         0         0         0         0         0         0.85      0.53     -0.091     0.026    -0.026    -0.0027    0         0         0         0         0         0         0         0         0         0         0         0         0         0         0         0         0         0       
   0         0         0         0         0         0         0         0         0         0         0         0         0.73      1.3e-16  -0.68     -2.8e-18   0.065    -2.8e-18  -0.73     -1.3e-16   0.68      2.4e-18  -0.061     2.4e-18   0         0         0         0         0         0         0         0         0         0         0         0       
   0         0         0         0         0         0         0         0         0         0         0         0         0.75      1.3e-16  -0.66      2.7e-18  -0.045    -2.7e-18  -0.75     -1.3e-16   0.66     -2.4e-18   0.051     2.4e-18   0         0         0         0         0         0         0         0         0         0         0         0       
   0         0         0         0         0         0         0         0         0         0         0         0         0.63      0        -0.78      0.0012   -0.0012   -0.042    -0.63      0         0.78      0.0025   -0.0025    0.042     0         0         0         0         0         0         0         0         0         0         0         0       
   0         0         0         0         0         0         0         0         0         0         0         0         0.63      2.4e-16  -0.78     -0.0012   -0.0012    0.042    -0.63     -2.4e-16   0.78     -0.0025   -0.0025   -0.042     0         0         0         0         0         0         0         0         0         0         0         0       
   0         0         0         0         0         0         0         0         0         0         0         0         0.26     -0.51      0.82      0.029     0.012     0.029    -0.26      0.51     -0.82     -0.032     0.032     0.0034    0         0         0         0         0         0         0         0         0         0         0         0       
   0         0         0         0         0         0         0         0         0         0         0         0        -0.85      0.53     -0.012     0.03     -0.0098   -0.03      0.85     -0.53      0.012    -0.027    -0.027     0.0017    0         0         0         0         0         0         0         0         0         0         0         0       
   0         0         0         0         0         0         0         0         0         0         0         0         0.26      0.51      0.82     -0.029     0.012    -0.029    -0.26     -0.51     -0.82      0.032     0.032    -0.0034    0         0         0         0         0         0         0         0         0         0         0         0       
   0         0         0         0         0         0         0         0         0         0         0         0        -0.85     -0.53     -0.012    -0.03     -0.0098    0.03      0.85      0.53      0.012     0.027    -0.027    -0.0017    0         0         0         0         0         0         0         0         0         0         0         0       
   0         0         0         0         0         0         0         0         0         0         0         0         0         0         0         0         0         0         0.76      8.1e-17  -0.65      5.3e-19   0.063     5.3e-19  -0.76     -8.1e-17   0.65     -3.3e-19  -0.06     -3.3e-19   0         0         0         0         0         0       
   0         0         0         0         0         0         0         0         0         0         0         0         0         0         0         0         0         0         0.77      8.4e-17  -0.64     -3.4e-19  -0.049     3.4e-19  -0.77     -8.4e-17   0.64      1.5e-19   0.052    -1.5e-19   0         0         0         0         0         0       
   0         0         0         0         0         0         0         0         0         0         0         0         0         0         0         0         0         0         0.7      -1.5e-15  -0.72      0.0012   -0.0012   -0.042    -0.7       1.5e-15   0.72      0.0011   -0.0011    0.042     0         0         0         0         0         0       
   0         0         0         0         0         0         0         0         0         0         0         0         0         0         0         0         0         0         0.7       1.8e-15  -0.72     -0.0012   -0.0012    0.042    -0.7      -1.8e-15   0.72     -0.0011   -0.0011   -0.042     0         0         0         0         0         0       
   0         0         0         0         0         0         0         0         0         0         0         0         0         0         0         0         0         0         0.19     -0.51      0.84      0.029     0.012     0.029    -0.19      0.51     -0.84     -0.031     0.031     0.0025    0         0         0         0         0         0       
   0         0         0         0         0         0         0         0         0         0         0         0         0         0         0         0         0         0        -0.85      0.53     -0.088     0.03     -0.0099   -0.03      0.85     -0.53      0.088    -0.028    -0.028     0.0007    0         0         0         0         0         0       
   0         0         0         0         0         0         0         0         0         0         0         0         0         0         0         0         0         0         0.19      0.51      0.84     -0.029     0.012    -0.029    -0.19     -0.51     -0.84      0.031     0.031    -0.0025    0         0         0         0         0         0       
   0         0         0         0         0         0         0         0         0         0         0         0         0         0         0         0         0         0        -0.85     -0.53     -0.088    -0.03     -0.0099    0.03      0.85      0.53      0.088     0.028    -0.028    -0.0007    0         0         0         0         0         0       
   0         0         0         0         0         0         0         0        -1         0         0         0         0         0         0         0         0         0         0         0         0         0         0         0         0         0         0         0         0         0         0         0         0         0         0         0       
   0         0         0         0         0         0         0         0         0         0         0        -1         0         0         0         0         0         0         0         0         0         0         0         0         0         0         0         0         0         0         0         0         0         0         0         0       
   0         0         0         0         0         0         0         0         0         0         0         0         0         0         0         0         0         0         0         0         0         0         0         0         0         0         0         0         0         0         0         0        -1         0         0         0       
   0         0         0         0         0         0         0         0         0         0         0         0         0         0         0         0         0         0         0         0         0         0         0         0         0         0         0         0         0         0         0         0         0         0         0        -1       
   1.1e-16  -1         1        -0.071     0.022    -0.077     0         0         0         0         0         0         0         0         0         0         0         0         0         0         0         0         0         0         0         0         0         0         0         0         0         0         0         0         0         0       
  -1.1e-16   1         1        -0.0056    0.022    -0.052     0         0         0         0         0         0         0         0         0         0         0         0         0         0         0         0         0         0         0         0         0         0         0         0         0         0         0         0         0         0       
   1         1.1e-16   1        -0.1      -0.0062   -0.026     0         0         0         0         0         0         0         0         0         0         0         0         0         0         0         0         0         0         0         0         0         0         0         0         0         0         0         0         0         0       
  -1        -1.1e-16   1         0.026     0.049    -0.1       0         0         0         0         0         0         0         0         0         0         0         0         0         0         0         0         0         0         0         0         0         0         0         0         0         0         0         0         0         0       
   1.1e-16  -1         1         0.0056    0.022     0.052     0         0         0         0         0         0         0         0         0         0         0         0         0         0         0         0         0         0         0         0         0         0         0         0         0         0         0         0         0         0       
  -1.1e-16   1         1         0.071     0.022     0.077     0         0         0         0         0         0         0         0         0         0         0         0         0         0         0         0         0         0         0         0         0         0         0         0         0         0         0         0         0         0       
   1         1.1e-16   1         0.1      -0.0062    0.026     0         0         0         0         0         0         0         0         0         0         0         0         0         0         0         0         0         0         0         0         0         0         0         0         0         0         0         0         0         0       
  -1        -1.1e-16   1        -0.026     0.049     0.1       0         0         0         0         0         0         0         0         0         0         0         0         0         0         0         0         0         0         0         0         0         0         0         0         0         0         0         0         0         0       
   1         9.8e-17   1        -0.1      -0.0062   -0.026     7.5e-19   0         0         0         0         0         0         0         0         0         0         0         0         0         0         0         0         0         0         0         0         0         0         0         0         0         0         0         0         0       
  -1        -9.8e-17   1         0.026     0.049    -0.1      -7.5e-19   0         0         0         0         0         0         0         0         0         0         0         0         0         0         0         0         0         0         0         0         0         0         0         0         0         0         0         0         0       
  -9.8e-17   1         1        -0.0056    0.022    -0.052     0.0076    0         0         0         0         0         0         0         0         0         0         0         0         0         0         0         0         0         0         0         0         0         0         0         0         0         0         0         0         0       
   9.8e-17  -1         1        -0.071     0.022    -0.077    -0.0076    0         0         0         0         0         0         0         0         0         0         0         0         0         0         0         0         0         0         0         0         0         0         0         0         0         0         0         0         0       
   0         1         1         0.18      0.24     -0.16      0.2       0.2       0.12      0         0         0         0         0         0         0         0         0         0         0         0         0         0         0         0         0         0         0         0         0         0         0         0         0         0         0       
   0        -1         1        -0.26      0.24      0.034    -0.2       0.2       0.12      0         0         0         0         0         0         0         0         0         0         0         0         0         0         0         0         0         0         0         0         0         0         0         0         0         0         0       
  -1         0         1         0.026     0.27     -0.1       0         0.25      0.16      0         0         0         0         0         0         0         0         0         0         0         0         0         0         0         0         0         0         0         0         0         0         0         0         0         0         0       
   1         0         1        -0.1       0.21     -0.026     5.6e-17   0.15      0.081     0         0         0         0         0         0         0         0         0         0         0         0         0         0         0         0         0         0         0         0         0         0         0         0         0         0         0       
   1         9.8e-17   1         0.1      -0.0062    0.026     0         0         0         7.5e-19   0         0         0         0         0         0         0         0         0         0         0         0         0         0         0         0         0         0         0         0         0         0         0         0         0         0       
  -1        -9.8e-17   1        -0.026     0.049     0.1       0         0         0        -7.5e-19   0         0         0         0         0         0         0         0         0         0         0         0         0         0         0         0         0         0         0         0         0         0         0         0         0         0       
  -9.8e-17   1         1         0.071     0.022     0.077     0         0         0         0.0076    0         0         0         0         0         0         0         0         0         0         0         0         0         0         0         0         0         0         0         0         0         0         0         0         0         0       
   9.8e-17  -1         1         0.0056    0.022     0.052     0         0         0        -0.0076    0         0         0         0         0         0         0         0         0         0         0         0         0         0         0         0         0         0         0         0         0         0         0         0         0         0       
   0         1         1         0.26      0.24     -0.034     0         0         0         0.2       0.2       0.12      0         0         0         0         0         0         0         0         0         0         0         0         0         0         0         0         0         0         0         0         0         0         0         0       
   0        -1         1        -0.18      0.24      0.16      0         0         0        -0.2       0.2       0.12      0         0         0         0         0         0         0         0         0         0         0         0         0         0         0         0         0         0         0         0         0         0         0         0       
  -1         0         1        -0.026     0.27      0.1       0         0         0         0         0.25      0.16      0         0         0         0         0         0         0         0         0         0         0         0         0         0         0         0         0         0         0         0         0         0         0         0       
   1         0         1         0.1       0.21      0.026     0         0         0         5.6e-17   0.15      0.081     0         0         0         0         0         0         0         0         0         0         0         0         0         0         0         0         0         0         0         0         0         0         0         0       
   0         0         0         0         0         0         0         0         0         0         0         0         0         0         0         0         0         0         0         0         0         0         0         0         0         1         1         0.19      0.18     -0.073     0.21      0.14      0.082     0         0         0       
   0         0         0         0         0         0         0         0         0         0         0         0         0         0         0         0         0         0         0         0         0         0         0         0         0        -1         1        -0.29      0.18     -0.031    -0.21      0.14      0.082     0         0         0       
   0         0         0         0         0         0         0         0         0         0         0         0         0         0         0         0         0         0         0         0         0         0         0         0        -1         0         1        -0.0013    0.34     -0.11      2.1e-17   0.3       0.19      0         0         0       
   0         0         0         0         0         0         0         0         0         0         0         0         0         0         0         0         0         0         0         0         0         0         0         0         1         0         1        -0.11      0.026     0.0013    6.9e-18  -0.031    -0.026     0         0         0       
   0         0         0         0         0         0         0         0         0         0         0         0         0         0         0         0         0         0         0         0         0         0         0         0         0         1         1         0.29      0.18      0.031     0         0         0         0.21      0.14      0.082   
   0         0         0         0         0         0         0         0         0         0         0         0         0         0         0         0         0         0         0         0         0         0         0         0         0        -1         1        -0.19      0.18      0.073     0         0         0        -0.21      0.14      0.082   
   0         0         0         0         0         0         0         0         0         0         0         0         0         0         0         0         0         0         0         0         0         0         0         0        -1         0         1         0.0013    0.34      0.11      0         0         0         2.1e-17   0.3       0.19    
   0         0         0         0         0         0         0         0         0         0         0         0         0         0         0         0         0         0         0         0         0         0         0         0         1         0         1         0.11      0.026    -0.0013    0         0         0         6.9e-18  -0.031    -0.026   

EFC_POS
   0       
   0       
   0       
   0       
   0       
   0       
   0       
   0       
   0       
   0       
   0       
   0       
   0       
   0       
   0       
   0       
   0       
   0       
   0       
   0       
   0       
   0       
   0       
   0       
   0       
   0       
   0       
   0       
   0       
   0       
   0       
   0       
   0       
   0       
   0       
   0       
   0       
   0       
   0       
   0       
   0       
   0       
   0       
   0       
   0       
   0       
   0       
   0       
   0       
   0       
   0       
   0       
   0       
   0       
   0       
   0       
   0       
   0       
   0       
   0       
  -0.001   
  -0.001   
  -0.00017 
  -0.00017 
  -0.00014 
  -0.00014 
  -0.00014 
  -0.00014 
  -0.00014 
  -0.00014 
  -0.00014 
  -0.00014 
  -0.00014 
  -0.00014 
  -0.00014 
  -0.00014 
  -0.00047 
  -0.00047 
  -0.00047 
  -0.00047 
  -0.00014 
  -0.00014 
  -0.00014 
  -0.00014 
  -0.00047 
  -0.00047 
  -0.00047 
  -0.00047 
  -0.00023 
  -0.00023 
  -0.00023 
  -0.00023 
  -0.00023 
  -0.00023 
  -0.00023 
  -0.00023 

EFC_MARGIN
   0       
   0       
   0       
   0       
   0       
   0       
   0       
   0       
   0       
   0       
   0       
   0       
   0       
   0       
   0       
   0       
   0       
   0       
   0       
   0       
   0       
   0       
   0       
   0       
   0       
   0       
   0       
   0       
   0       
   0       
   0       
   0       
   0       
   0       
   0       
   0       
   0       
   0       
   0       
   0       
   0       
   0       
   0       
   0       
   0       
   0       
   0       
   0       
   0       
   0       
   0       
   0       
   0       
   0       
   0       
   0       
   0       
   0       
   0       
   0       
   0       
   0       
   0       
   0       
   0       
   0       
   0       
   0       
   0       
   0       
   0       
   0       
   0       
   0       
   0       
   0       
   0       
   0       
   0       
   0       
   0       
   0       
   0       
   0       
   0       
   0       
   0       
   0       
   0       
   0       
   0       
   0       
   0       
   0       
   0       
   0       

EFC_FRICTIONLOSS
   0.001   
   0.001   
   0.001   
   0.001   
   0.001   
   0.001   
   0.001   
   0.001   
   0.001   
   0.001   
   0.001   
   0.001   
   0.001   
   0.001   
   0.001   
   0.001   
   0.001   
   0.001   
   0.001   
   0.001   
   0.001   
   0.001   
   0.001   
   0.001   
   0.001   
   0.001   
   0.001   
   0.001   
   0.001   
   0.001   
   0.001   
   0.001   
   0.001   
   0.001   
   0.001   
   0.001   
   0.05    
   0.05    
   0.05    
   0.05    
   0.05    
   0.05    
   0.05    
   0.05    
   0.05    
   0.05    
   0.05    
   0.05    
   0.05    
   0.05    
   0.05    
   0.05    
   0.05    
   0.05    
   0.05    
   0.05    
   0.05    
   0.05    
   0.05    
   0.05    
   0       
   0       
   0       
   0       
   0       
   0       
   0       
   0       
   0       
   0       
   0       
   0       
   0       
   0       
   0       
   0       
   0       
   0       
   0       
   0       
   0       
   0       
   0       
   0       
   0       
   0       
   0       
   0       
   0       
   0       
   0       
   0       
   0       
   0       
   0       
   0       

EFC_DIAGAPPROX
   1.8     
   1.8     
   1.8     
   1.1e+02 
   1.1e+02 
   1.1e+02 
   1.3e+02 
   1.4e+02 
   1.8e+02 
   1.3e+02 
   1.4e+02 
   1.8e+02 
   41      
   41      
   41      
   2e+02   
   2e+02   
   2e+02   
   41      
   41      
   41      
   2e+02   
   2e+02   
   2e+02   
   1.8     
   1.8     
   1.8     
   1.1e+02 
   1.1e+02 
   1.1e+02 
   1.3e+02 
   1.4e+02 
   1.8e+02 
   1.3e+02 
   1.4e+02 
   1.8e+02 
   45      
   43      
   44      
   44      
   44      
   43      
   44      
   43      
   84      
   84      
   83      
   83      
   83      
   83      
   83      
   83      
   45      
   43      
   44      
   44      
   44      
   43      
   44      
   43      
   1.8e+02 
   1.8e+02 
   1.8e+02 
   1.8e+02 
   6.4     
   6.4     
   6.4     
   6.4     
   6.4     
   6.4     
   6.4     
   6.4     
   7.7     
   7.7     
   7.7     
   7.7     
   16      
   16      
   16      
   16      
   7.7     
   7.7     
   7.7     
   7.7     
   16      
   16      
   16      
   16      
   16      
   16      
   16      
   16      
   16      
   16      
   16      
   16      

EFC_KBIP
   0         1.1e+02   0.9       0       
   0         1.1e+02   0.9       0       
   0         1.1e+02   0.9       0       
   0         1.1e+02   0.9       0       
   0         1.1e+02   0.9       0       
   0         1.1e+02   0.9       0       
   0         1.1e+02   0.9       0       
   0         1.1e+02   0.9       0       
   0         1.1e+02   0.9       0       
   0         1.1e+02   0.9       0       
   0         1.1e+02   0.9       0       
   0         1.1e+02   0.9       0       
   0         1.1e+02   0.9       0       
   0         1.1e+02   0.9       0       
   0         1.1e+02   0.9       0       
   0         1.1e+02   0.9       0       
   0         1.1e+02   0.9       0       
   0         1.1e+02   0.9       0       
   0         1.1e+02   0.9       0       
   0         1.1e+02   0.9       0       
   0         1.1e+02   0.9       0       
   0         1.1e+02   0.9       0       
   0         1.1e+02   0.9       0       
   0         1.1e+02   0.9       0       
   0         1.1e+02   0.9       0       
   0         1.1e+02   0.9       0       
   0         1.1e+02   0.9       0       
   0         1.1e+02   0.9       0       
   0         1.1e+02   0.9       0       
   0         1.1e+02   0.9       0       
   0         1.1e+02   0.9       0       
   0         1.1e+02   0.9       0       
   0         1.1e+02   0.9       0       
   0         1.1e+02   0.9       0       
   0         1.1e+02   0.9       0       
   0         1.1e+02   0.9       0       
   0         1.1e+02   0.9       0       
   0         1.1e+02   0.9       0       
   0         1.1e+02   0.9       0       
   0         1.1e+02   0.9       0       
   0         1.1e+02   0.9       0       
   0         1.1e+02   0.9       0       
   0         1.1e+02   0.9       0       
   0         1.1e+02   0.9       0       
   0         1.1e+02   0.9       0       
   0         1.1e+02   0.9       0       
   0         1.1e+02   0.9       0       
   0         1.1e+02   0.9       0       
   0         1.1e+02   0.9       0       
   0         1.1e+02   0.9       0       
   0         1.1e+02   0.9       0       
   0         1.1e+02   0.9       0       
   0         1.1e+02   0.9       0       
   0         1.1e+02   0.9       0       
   0         1.1e+02   0.9       0       
   0         1.1e+02   0.9       0       
   0         1.1e+02   0.9       0       
   0         1.1e+02   0.9       0       
   0         1.1e+02   0.9       0       
   0         1.1e+02   0.9       0       
   2.8e+03   1.1e+02   0.95      0       
   2.8e+03   1.1e+02   0.95      0       
   2.8e+03   1.1e+02   0.9      -34      
   2.8e+03   1.1e+02   0.9      -34      
   2.8e+03   1.1e+02   0.9      -28      
   2.8e+03   1.1e+02   0.9      -28      
   2.8e+03   1.1e+02   0.9      -28      
   2.8e+03   1.1e+02   0.9      -28      
   2.8e+03   1.1e+02   0.9      -28      
   2.8e+03   1.1e+02   0.9      -28      
   2.8e+03   1.1e+02   0.9      -28      
   2.8e+03   1.1e+02   0.9      -28      
   2.8e+03   1.1e+02   0.9      -28      
   2.8e+03   1.1e+02   0.9      -28      
   2.8e+03   1.1e+02   0.9      -28      
   2.8e+03   1.1e+02   0.9      -28      
   2.8e+03   1.1e+02   0.92     -94      
   2.8e+03   1.1e+02   0.92     -94      
   2.8e+03   1.1e+02   0.92     -94      
   2.8e+03   1.1e+02   0.92     -94      
   2.8e+03   1.1e+02   0.9      -28      
   2.8e+03   1.1e+02   0.9      -28      
   2.8e+03   1.1e+02   0.9      -28      
   2.8e+03   1.1e+02   0.9      -28      
   2.8e+03   1.1e+02   0.92     -94      
   2.8e+03   1.1e+02   0.92     -94      
   2.8e+03   1.1e+02   0.92     -94      
   2.8e+03   1.1e+02   0.92     -94      
   2.8e+03   1.1e+02   0.91     -46      
   2.8e+03   1.1e+02   0.91     -46      
   2.8e+03   1.1e+02   0.91     -46      
   2.8e+03   1.1e+02   0.91     -46      
   2.8e+03   1.1e+02   0.91     -46      
   2.8e+03   1.1e+02   0.91     -46      
   2.8e+03   1.1e+02   0.91     -46      
   2.8e+03   1.1e+02   0.91     -46      

EFC_D
   5       
   5       
   5       
   0.085   
   0.085   
   0.085   
   0.072   
   0.063   
   0.05    
   0.072   
   0.063   
   0.05    
   0.22    
   0.22    
   0.22    
   0.045   
   0.045   
   0.045   
   0.22    
   0.22    
   0.22    
   0.045   
   0.045   
   0.045   
   5       
   5       
   5       
   0.085   
   0.085   
   0.085   
   0.072   
   0.063   
   0.05    
   0.072   
   0.063   
   0.05    
   0.2     
   0.21    
   0.21    
   0.21    
   0.21    
   0.21    
   0.21    
   0.21    
   0.11    
   0.11    
   0.11    
   0.11    
   0.11    
   0.11    
   0.11    
   0.11    
   0.2     
   0.21    
   0.21    
   0.21    
   0.2     
   0.21    
   0.2     
   0.21    
   0.11    
   0.11    
   0.052   
   0.052   
   1.4     
   1.4     
   1.4     
   1.4     
   1.4     
   1.4     
   1.4     
   1.4     
   1.2     
   1.2     
   1.2     
   1.2     
   0.74    
   0.74    
   0.74    
   0.74    
   1.2     
   1.2     
   1.2     
   1.2     
   0.74    
   0.74    
   0.74    
   0.74    
   0.6     
   0.6     
   0.6     
   0.6     
   0.6     
   0.6     
   0.6     
   0.6     

EFC_R
   0.2     
   0.2     
   0.2     
   12      
   12      
   12      
   14      
   16      
   20      
   14      
   16      
   20      
   4.6     
   4.6     
   4.6     
   22      
   22      
   22      
   4.6     
   4.6     
   4.6     
   22      
   22      
   22      
   0.2     
   0.2     
   0.2     
   12      
   12      
   12      
   14      
   16      
   20      
   14      
   16      
   20      
   5       
   4.8     
   4.9     
   4.9     
   4.8     
   4.8     
   4.8     
   4.8     
   9.3     
   9.3     
   9.2     
   9.2     
   9.2     
   9.2     
   9.2     
   9.2     
   5       
   4.8     
   4.9     
   4.9     
   4.9     
   4.8     
   4.9     
   4.8     
   9.4     
   9.4     
   19      
   19      
   0.7     
   0.7     
   0.7     
   0.7     
   0.7     
   0.7     
   0.7     
   0.7     
   0.83    
   0.83    
   0.83    
   0.83    
   1.4     
   1.4     
   1.4     
   1.4     
   0.83    
   0.83    
   0.83    
   0.83    
   1.4     
   1.4     
   1.4     
   1.4     
   1.7     
   1.7     
   1.7     
   1.7     
   1.7     
   1.7     
   1.7     
   1.7     

TEN_VELOCITY
  -6.3e-09 
  -2.2e-09 
  -2.5e-09 
  -2.5e-09 
  -3.4e-09 
   5.6e-09 
  -3.4e-09 
   5.6e-09 
   6.5e-09 
  -1.3e-08 
  -3.9e-09 
  -3.9e-09 
  -1.8e-09 
   5.5e-09 
  -1.8e-09 
   5.5e-09 
   1.6e-08 
  -2.1e-08 
  -4.3e-09 
  -4.3e-09 
  -7.6e-10 
   4.9e-09 
  -7.6e-10 
   4.9e-09 

ACTUATOR_VELOCITY
  -2.4e-18 
  -2e-06   
  -2.2e-09 
  -5.7e-18 
  -2e-06   
  -2.2e-09 
  -3.7e-17 
  -2.9e-06 
  -7.2e-09 
  -3.7e-17 
  -2.9e-06 
  -7.2e-09 

CVEL
   0         0         0         0         0         0       
   1.4e-16   1.8e-06   1.4e-17  -7.6e-08  -5.9e-19   1.6e-07 
   1.4e-16   1.8e-06   1.6e-17  -7.6e-08  -7.5e-19   1.6e-07 
   1.4e-16  -1.8e-07   1.6e-17  -3.6e-08  -7.5e-19   2.4e-08 
   1.4e-16  -1.8e-07   1.6e-17  -3.6e-08  -7.5e-19   2.4e-08 
   1.4e-16  -1.8e-07   1.6e-17  -3.6e-08  -7.5e-19   2.4e-08 
   1.4e-16   1.8e-06   1.9e-17  -7.6e-08  -9.8e-19   1.6e-07 
   1.4e-16  -1.8e-07   1.9e-17  -3.6e-08  -9.8e-19   2.4e-08 
   1.4e-16  -1.8e-07   1.9e-17  -3.6e-08  -9.8e-19   2.4e-08 
   1.4e-16  -1.8e-07   1.9e-17  -3.6e-08  -9.8e-19   2.4e-08 
   1.9e-17   1.8e-06   2.6e-17   2.2e-08   4.8e-18   3.4e-08 
  -7.6e-17   1.7e-06  -1.1e-16   1e-07     1.2e-16   1e-07   
   2e-16     1.3e-06   3.7e-18   8.5e-08  -4.5e-18   2.7e-07 
   1.8e-16   1.3e-06   2.9e-17   8.5e-08  -7.2e-18   2.7e-07 
   1.8e-16  -1.6e-06   2.9e-17   2.7e-07  -7.2e-18   1.5e-07 
   1.8e-16  -1.6e-06   2.9e-17   2.7e-07  -7.2e-18   1.5e-07 
   1.8e-16  -1.6e-06   2.9e-17   2.7e-07  -7.2e-18   1.5e-07 
   1.8e-16   1.3e-06   3e-17     8.5e-08  -7.2e-18   2.7e-07 
   1.8e-16  -1.6e-06   3e-17     2.7e-07  -7.2e-18   1.5e-07 
   1.8e-16  -1.6e-06   3e-17     2.7e-07  -7.2e-18   1.5e-07 
   1.8e-16  -1.6e-06   3e-17     2.7e-07  -7.2e-18   1.5e-07 

CDOF_DOT
   0         0         0         0         0         0       
   0         0         0         0         0         0       
   0         0         0         0         0         0       
  -0         0         0        -9.2e-19  -8.7e-08  -5.4e-19 
   0         0         0         3.9e-08   4.9e-24  -7.8e-08 
   0         0        -0         5.4e-19   6.4e-09  -9.2e-19 
  -1.5e-06   1.3e-16  -9.1e-07   6.9e-08   1.5e-08  -1.2e-07 
  -1.6e-17  -1.4e-32   1.4e-16  -3.6e-08  -9.6e-18  -3.9e-08 
  -1.6e-17  -1.4e-32   1.4e-16  -2.2e-08   1.5e-18  -3.7e-08 
  -1.5e-06   1.3e-16  -9.1e-07  -6.9e-08   1.5e-08   1.2e-07 
  -1.9e-17  -1.4e-32   1.4e-16  -3.6e-08  -9.5e-18  -3.9e-08 
  -1.9e-17  -1.4e-32   1.4e-16  -2.2e-08   1.4e-18  -3.7e-08 
   0         0         0         0         0         0       
   0         0         0         0         0         0       
   0         0         0         0         0         0       
  -0         0         0        -4e-18     2.6e-08  -3.1e-18 
   0        -0         0        -2.6e-08  -2.1e-24   1.3e-08 
   0         0        -0         3.1e-18   1.3e-08  -4e-18   
   0         0         0         0         0         0       
   0         0         0         0         0         0       
   0         0         0         0         0         0       
  -0         0         0        -8.9e-17   1.3e-07  -8.2e-17 
   0        -0         0        -9.4e-08  -1.2e-23   9.2e-08 
   0         0        -0         8.2e-17   7.1e-09  -8.9e-17 
   0         0         0         0         0         0       
   0         0         0         0         0         0       
   0         0         0         0         0         0       
  -0         0         0         1e-17     2.2e-07   1.1e-17 
   0        -0         0        -1.5e-07  -2e-23     1.5e-07 
   0         0        -0        -1.1e-17  -3.1e-09   1e-17   
  -9.3e-07   1.5e-16  -9.5e-07   7.2e-08   2.5e-07  -7e-08   
  -2.9e-17  -1.6e-32   1.8e-16  -2.2e-07  -9.3e-18   1.7e-07 
  -2.9e-17  -1.6e-32   1.8e-16  -1.3e-07   2.1e-18   2.6e-07 
  -9.3e-07   1.5e-16  -9.5e-07  -7.2e-08   2.5e-07   7e-08   
  -3e-17    -1.6e-32   1.8e-16  -2.2e-07  -9.4e-18   1.7e-07 
  -3e-17    -1.6e-32   1.8e-16  -1.3e-07   2.1e-18   2.6e-07 

QFRC_BIAS
   1e-13   
   1.1e-23 
   8.4     
   6.8e-17 
   0.92    
  -4.5e-17 
   2.8e-17 
   0.31    
   0.13    
   8.3e-17 
   0.31    
   0.13    
   2.7e-16 
   2.1e-27 
   0.19    
  -3.9e-28 
   0.00078 
  -1e-19   
   2.4e-16 
  -6.1e-27 
   0.19    
   1.5e-27 
   0.00086 
  -1.2e-19 
   1.7e-13 
   3.2e-23 
   8.4     
   8.8e-17 
   0.74    
  -3.5e-18 
   0       
   0.21    
   0.091   
   2.8e-17 
   0.21    
   0.091   

QFRC_SPRING
  -0.00019 
   2e-15   
  -6       
   1.2e-16 
  -0.92    
  -1.2e-16 
   0       
   0       
   0       
   0       
   0       
   0       
   5.1e-07 
   7.4e-15 
   0.19    
   4.5e-16 
   0.00079 
  -4.1e-16 
   1.9e-06 
  -2.2e-16 
   0.19    
  -9e-16   
   0.00087 
  -7.9e-16 
   0.00019 
  -9.1e-15 
   5.7     
   4.9e-16 
   0.24    
   3e-16   
   0       
   0       
   0       
   0       
   0       
   0       

QFRC_DAMPER
   2.8e-08 
   1.2e-17 
  -2.2e-09 
  -6.1e-18 
  -1.8e-07 
  -1.4e-17 
   2.4e-19 
   2e-07   
   2.2e-10 
   5.7e-19 
   2e-07   
   2.2e-10 
  -2e-09   
   1.1e-16 
  -3.3e-09 
   1.6e-18 
  -1.8e-07 
  -1.1e-17 
  -1.1e-08 
  -2.9e-16 
  -9.7e-09 
  -2.4e-18 
  -1.7e-07 
   2.3e-17 
  -3.4e-08 
   1.6e-16 
  -8.3e-09 
  -1.5e-17 
  -1.3e-07 
  -1.5e-17 
   3.7e-18 
   2.9e-07 
   7.2e-10 
   3.7e-18 
   2.9e-07 
   7.2e-10 

QFRC_GRAVCOMP
   0       
   0       
   0       
   0       
   0       
   0       
   0       
   0       
   0       
   0       
   0       
   0       
   0       
   0       
   0       
   0       
   0       
   0       
   0       
   0       
   0       
   0       
   0       
   0       
   0       
   0       
   0       
   0       
   0       
   0       
   0       
   0       
   0       
   0       
   0       
   0       

QFRC_FLUID
   0       
   0       
   0       
   0       
   0       
   0       
   0       
   0       
   0       
   0       
   0       
   0       
   0       
   0       
   0       
   0       
   0       
   0       
   0       
   0       
   0       
   0       
   0       
   0       
   0       
   0       
   0       
   0       
   0       
   0       
   0       
   0       
   0       
   0       
   0       
   0       

QFRC_PASSIVE
  -0.00019 
   2e-15   
  -6       
   1.2e-16 
  -0.92    
  -1.4e-16 
   2.4e-19 
   2e-07   
   2.2e-10 
   5.7e-19 
   2e-07   
   2.2e-10 
   5.1e-07 
   7.5e-15 
   0.19    
   4.5e-16 
   0.00079 
  -4.2e-16 
   1.9e-06 
  -5.2e-16 
   0.19    
  -9e-16   
   0.00087 
  -7.7e-16 
   0.00019 
  -8.9e-15 
   5.7     
   4.7e-16 
   0.24    
   2.8e-16 
   3.7e-18 
   2.9e-07 
   7.2e-10 
   3.7e-18 
   2.9e-07 
   7.2e-10 

EFC_VEL
  -7.8e-08 
   1.1e-18 
  -3.9e-08 
   5.9e-17 
   1.8e-06 
   1.3e-16 
  -2.4e-18 
  -2e-06   
  -2.2e-09 
  -5.7e-18 
  -2e-06   
  -2.2e-09 
   1.3e-08 
   5e-18   
   2.6e-08 
  -8.6e-18 
   1.8e-06 
   3.1e-17 
   9.2e-08 
   1.2e-16 
   9.4e-08 
   2.8e-17 
   1.7e-06 
  -1.3e-16 
   1.5e-07 
  -1.5e-17 
   1.5e-07 
   1.4e-16 
   1.3e-06 
   1.5e-16 
  -3.7e-17 
  -2.9e-06 
  -7.2e-09 
  -3.7e-17 
  -2.9e-06 
  -7.2e-09 
  -6.3e-09 
  -2.2e-09 
  -2.5e-09 
  -2.5e-09 
  -3.4e-09 
   5.6e-09 
  -3.4e-09 
   5.6e-09 
   6.5e-09 
  -1.3e-08 
  -3.9e-09 
  -3.9e-09 
  -1.8e-09 
   5.5e-09 
  -1.8e-09 
   5.5e-09 
   1.6e-08 
  -2.1e-08 
  -4.3e-09 
  -4.3e-09 
  -7.6e-10 
   4.9e-09 
  -7.6e-10 
   4.9e-09 
   2.2e-09 
   2.2e-09 
   7.2e-09 
   7.2e-09 
  -3.6e-10 
  -3.6e-10 
  -1.3e-07 
   1.3e-07 
  -3.6e-10 
  -3.6e-10 
  -1.3e-07 
   1.3e-07 
  -1.3e-07 
   1.3e-07 
  -3.6e-10 
  -3.6e-10 
   4.2e-10 
   4.2e-10 
   3.1e-08 
  -3e-08   
  -1.3e-07 
   1.3e-07 
  -3.6e-10 
  -3.6e-10 
   4.2e-10 
   4.2e-10 
   3.1e-08 
  -3e-08   
   1e-09   
   1e-09   
  -4.3e-07 
   4.3e-07 
   1e-09   
   1e-09   
  -4.3e-07 
   4.3e-07 

EFC_AREF
   8.2e-06 
  -1.1e-16 
   4.1e-06 
  -6.2e-15 
  -0.00019 
  -1.3e-14 
   2.6e-16 
   0.00021 
   2.3e-07 
   6e-16   
   0.00021 
   2.3e-07 
  -1.3e-06 
  -5.3e-16 
  -2.8e-06 
   9.1e-16 
  -0.00019 
  -3.3e-15 
  -9.7e-06 
  -1.3e-14 
  -9.9e-06 
  -3e-15   
  -0.00018 
   1.4e-14 
  -1.6e-05 
   1.6e-15 
  -1.6e-05 
  -1.5e-14 
  -0.00014 
  -1.5e-14 
   3.9e-15 
   0.00031 
   7.6e-07 
   3.9e-15 
   0.00031 
   7.6e-07 
   6.6e-07 
   2.3e-07 
   2.6e-07 
   2.6e-07 
   3.6e-07 
  -5.9e-07 
   3.6e-07 
  -5.9e-07 
  -6.8e-07 
   1.3e-06 
   4.1e-07 
   4.1e-07 
   1.9e-07 
  -5.7e-07 
   1.9e-07 
  -5.7e-07 
  -1.7e-06 
   2.2e-06 
   4.6e-07 
   4.6e-07 
   8e-08   
  -5.1e-07 
   8e-08   
  -5.1e-07 
   2.7     
   2.7     
   0.42    
   0.42    
   0.35    
   0.35    
   0.35    
   0.35    
   0.35    
   0.35    
   0.35    
   0.35    
   0.35    
   0.35    
   0.35    
   0.35    
   1.2     
   1.2     
   1.2     
   1.2     
   0.35    
   0.35    
   0.35    
   0.35    
   1.2     
   1.2     
   1.2     
   1.2     
   0.58    
   0.58    
   0.58    
   0.58    
   0.58    
   0.58    
   0.58    
   0.58    

SUBTREE_LINVEL
   0         0         0       
   0         0         0       
   0         0         0       
   0         0         0       
   0         0         0       
   0         0         0       
   0         0         0       
   0         0         0       
   0         0         0       
   0         0         0       
   0         0         0       
   0         0         0       
   0         0         0       
   0         0         0       
   0         0         0       
   0         0         0       
   0         0         0       
   0         0         0       
   0         0         0       
   0         0         0       
   0         0         0       

SUBTREE_ANGMOM
   0         0         0       
   0         0         0       
   0         0         0       
   0         0         0       
   0         0         0       
   0         0         0       
   0         0         0       
   0         0         0       
   0         0         0       
   0         0         0       
   0         0         0       
   0         0         0       
   0         0         0       
   0         0         0       
   0         0         0       
   0         0         0       
   0         0         0       
   0         0         0       
   0         0         0       
   0         0         0       
   0         0         0       

ACTUATOR_FORCE
  -5.2e-17 
  -0.38    
  -0.001   
  -4.9e-17 
  -0.38    
  -0.001   
   8.3e-18 
   0.025   
  -0.00017 
   9.2e-18 
   0.025   
  -0.00017 

QFRC_ACTUATOR
   0       
   0       
   0       
   0       
   0       
   0       
  -5.2e-17 
  -0.38    
  -0.001   
  -4.9e-17 
  -0.38    
  -0.001   
   0       
   0       
   0       
   0       
   0       
   0       
   0       
   0       
   0       
   0       
   0       
   0       
   0       
   0       
   0       
   0       
   0       
   0       
   8.3e-18 
   0.025   
  -0.00017 
   9.2e-18 
   0.025   
  -0.00017 

QFRC_SMOOTH
  -0.00019 
   2e-15   
  -14      
   5.1e-17 
  -1.8     
  -9.3e-17 
  -8e-17   
  -0.7     
  -0.13    
  -1.3e-16 
  -0.7     
  -0.13    
   5.1e-07 
   7.5e-15 
   5.5e-07 
   4.5e-16 
   8.7e-06 
  -4.2e-16 
   1.9e-06 
  -5.2e-16 
   2.2e-06 
  -9e-16   
   7.9e-06 
  -7.7e-16 
   0.00019 
  -8.9e-15 
  -2.8     
   3.8e-16 
  -0.51    
   2.9e-16 
   1.2e-17 
  -0.19    
  -0.091   
  -1.5e-17 
  -0.19    
  -0.091   

QACC_SMOOTH
  -0.058   
   2.5e-15 
  -14      
   4e-15   
  -22      
  -8.7e-15 
  -1.9e-14 
  -19      
   26      
  -1.9e-14 
  -19      
   26      
   1.4e-05 
   3.1e-13 
   1.7e-05 
   9.1e-14 
   0.0017  
  -7.6e-14 
   7.3e-05 
  -2.2e-14 
   8.7e-05 
  -1.8e-13 
   0.0016  
  -1.5e-13 
  -1.5     
  -2e-14   
  -0.99    
   8.4e-14 
  -20      
   9.6e-15 
   1.6e-14 
  -8.2     
  -3.4     
   1.5e-14 
  -8.2     
  -3.4     

EFC_B
  -0.058   
   2.6e-15 
  -14      
   1e-14   
  -22      
   4.6e-15 
  -1.9e-14 
  -19      
   26      
  -1.9e-14 
  -19      
   26      
   1.5e-05 
   3.1e-13 
   2e-05   
   9e-14   
   0.0019  
  -7.3e-14 
   8.3e-05 
  -9.3e-15 
   9.7e-05 
  -1.8e-13 
   0.0018  
  -1.7e-13 
  -1.5     
  -2.1e-14 
  -0.99    
   9.9e-14 
  -20      
   2.5e-14 
   1.2e-14 
  -8.2     
  -3.4     
   1.1e-14 
  -8.2     
  -3.4     
   8.6     
   11      
   12      
   12      
  -11      
  -0.99    
  -11      
  -0.99    
   2.2e-05 
   2.3e-06 
   1e-05   
   1e-05   
  -2.6e-06 
  -7.4e-06 
  -2.6e-06 
  -7.4e-06 
   1.7     
  -0.49    
   0.39    
   0.39    
   0.51    
  -0.85    
   0.51    
  -0.85    
  -29      
  -29      
   3       
   3       
  -15      
  -15      
  -14      
  -15      
  -15      
  -15      
  -14      
  -15      
  -14      
  -15      
  -15      
  -15      
  -21      
  -21      
  -21      
  -20      
  -14      
  -15      
  -15      
  -15      
  -21      
  -21      
  -21      
  -20      
  -6.6     
  -6.6     
  -9.8     
  -3.3     
  -6.6     
  -6.6     
  -9.8     
  -3.3     

EFC_FORCE
   4.2e-05 
  -4.9e-18 
   2.1e-05 
  -7.3e-16 
  -1.6e-05 
  -2.1e-15 
  -8.6e-17 
   1.3e-05 
   1.2e-08 
  -2.5e-17 
   1.3e-05 
   1.2e-08 
  -2.9e-07 
  -2.8e-15 
  -6e-07   
  -4.1e-16 
  -8.7e-06 
   2.9e-16 
  -2.1e-06 
  -4.9e-16 
  -2.2e-06 
   8.1e-16 
  -7.9e-06 
   7.4e-16 
  -8.2e-05 
  -4.1e-15 
  -8.2e-05 
   3.8e-15 
  -1.2e-05 
   3.3e-15 
  -1.3e-15 
   1.9e-05 
   3.8e-08 
  -1.3e-15 
   1.9e-05 
   3.8e-08 
   1.3e-07 
   4.7e-08 
   5.4e-08 
   5.4e-08 
   7.4e-08 
  -1.2e-07 
   7.4e-08 
  -1.2e-07 
  -7.3e-08 
   1.4e-07 
   4.4e-08 
   4.4e-08 
   2.1e-08 
  -6.2e-08 
   2.1e-08 
  -6.2e-08 
  -3.4e-07 
   4.6e-07 
   9.3e-08 
   9.3e-08 
   1.6e-08 
  -1.1e-07 
   1.6e-08 
  -1.1e-07 
   0.28    
   0.28    
   0.022   
   0.022   
   0.51    
   0.51    
   0.51    
   0.51    
   0.51    
   0.51    
   0.51    
   0.51    
   0.42    
   0.42    
   0.42    
   0.42    
   0.88    
   0.88    
   0.88    
   0.88    
   0.42    
   0.42    
   0.42    
   0.42    
   0.88    
   0.88    
   0.88    
   0.88    
   0.35    
   0.35    
   0.35    
   0.35    
   0.35    
   0.35    
   0.35    
   0.35    

EFC_STATE
  1
  1
  1
  1
  1
  1
  1
  1
  1
  1
  1
  1
  1
  1
  1
  1
  1
  1
  1
  1
  1
  1
  1
  1
  1
  1
  1
  1
  1
  1
  1
  1
  1
  1
  1
  1
  1
  1
  1
  1
  1
  1
  1
  1
  1
  1
  1
  1
  1
  1
  1
  1
  1
  1
  1
  1
  1
  1
  1
  1
  1
  1
  1
  1
  1
  1
  1
  1
  1
  1
  1
  1
  1
  1
  1
  1
  1
  1
  1
  1
  1
  1
  1
  1
  1
  1
  1
  1
  1
  1
  1
  1
  1
  1
  1
  1

QFRC_CONSTRAINT
   0.00019 
  -2.2e-15 
   14      
  -2.5e-16 
   1.8     
  -9e-17   
   7.7e-17 
   0.7     
   0.13    
   1.3e-16 
   0.7     
   0.13    
  -5.1e-07 
  -7.2e-15 
  -5.5e-07 
  -4e-16   
  -8.7e-06 
   3.7e-16 
  -1.9e-06 
   2.6e-16 
  -2.2e-06 
   8e-16   
  -7.9e-06 
   7.6e-16 
  -0.00019 
   8.5e-15 
   2.8     
  -1.1e-15 
   0.51    
  -1.2e-15 
   9.6e-18 
   0.19    
   0.091   
   2.4e-17 
   0.19    
   0.091   

QFRC_INVERSE
   0       
   0       
   0       
   0       
   0       
   0       
   0       
   0       
   0       
   0       
   0       
   0       
   0       
   0       
   0       
   0       
   0       
   0       
   0       
   0       
   0       
   0       
   0       
   0       
   0       
   0       
   0       
   0       
   0       
   0       
   0       
   0       
   0       
   0       
   0       
   0       

CACC
   0         0         0        -0        -0         9.8     
   1.1e-14  -1.3e-07   3.5e-15   5.4e-09  -5e-16     9.8     
   1.1e-14  -1.3e-07   2.2e-15   5.4e-09  -4.1e-16   9.8     
   1.1e-14   1.3e-08   2.2e-15   2.5e-09  -4.1e-16   9.8     
   1.1e-14   1.3e-08   2.2e-15   2.5e-09  -4.1e-16   9.8     
   1.1e-14   1.3e-08   2.2e-15   2.5e-09  -4.1e-16   9.8     
   1.1e-14  -1.3e-07   2.7e-15   5.4e-09  -4.4e-16   9.8     
   1.1e-14   1.3e-08   2.7e-15   2.5e-09  -4.4e-16   9.8     
   1.1e-14   1.3e-08   2.7e-15   2.5e-09  -4.4e-16   9.8     
   1.1e-14   1.3e-08   2.7e-15   2.5e-09  -4.4e-16   9.8     
  -1.6e-15  -1.3e-07  -1.4e-14  -1.6e-09   1.2e-14   9.8     
  -1.6e-14  -1.2e-07   1.4e-14  -7.1e-09  -1.1e-14   9.8     
  -8.1e-14  -9.6e-08   2.7e-15  -5.8e-09  -2.1e-15   9.8     
  -6.5e-14  -9.6e-08  -1.3e-14  -5.8e-09  -4.1e-16   9.8     
  -6.5e-14   1.1e-07  -1.3e-14  -1.9e-08  -4.1e-16   9.8     
  -6.5e-14   1.1e-07  -1.3e-14  -1.9e-08  -4.1e-16   9.8     
  -6.5e-14   1.1e-07  -1.3e-14  -1.9e-08  -4.1e-16   9.8     
  -6.5e-14  -9.6e-08  -1.3e-14  -5.8e-09  -4.4e-16   9.8     
  -6.5e-14   1.1e-07  -1.3e-14  -1.9e-08  -4.4e-16   9.8     
  -6.5e-14   1.1e-07  -1.3e-14  -1.9e-08  -4.4e-16   9.8     
  -6.5e-14   1.1e-07  -1.3e-14  -1.9e-08  -4.4e-16   9.8     

CFRC_INT
   4.1e-15  -0.52     -1.7e-15  -4.3e-05  -7.5e-15  -6.4e-05 
  -2.4e-15  -0.26     -1.6e-16  -0.00015   5e-15    -6       
   0.14     -0.23     -2.8e-06  -3.7e-05   7.8e-16  -1.9     
   0.059    -0.33     -3.5e-07  -4.7e-06  -6e-16    -0.79    
   0.13     -0.31     -3.5e-07  -4.7e-06  -5.5e-16  -1.7     
   0.23     -0.4      -3.5e-07  -4.7e-06  -4.7e-16  -3.1     
  -0.14     -0.23      2.8e-06  -3.7e-05   8.7e-16  -1.9     
  -0.059    -0.33      3.5e-07  -4.7e-06  -5e-16    -0.79    
  -0.13     -0.31      3.5e-07  -4.7e-06  -4.5e-16  -1.7     
  -0.23     -0.4       3.5e-07  -4.7e-06  -3.6e-16  -3.1     
  -6.2e-20  -3.8e-12  -2.7e-19  -3.1e-11   2.4e-16   0.19    
  -2.9e-19  -3.4e-12   2.3e-19  -1.4e-10  -2e-16     0.19    
   6.5e-15  -0.26     -1.5e-15   0.00011  -1.3e-14   5.7     
  -0.14     -0.064     4.1e-06   5.4e-05  -6.3e-15   1.9     
  -0.1      -0.032     4.1e-06   5.4e-05  -6.4e-15   1.3     
  -0.03     -0.017     4.1e-06   5.4e-05  -6.6e-15   0.39    
   0.07     -0.088     4.1e-06   5.4e-05  -6.3e-15  -0.94    
   0.14     -0.064    -4.1e-06   5.4e-05  -6.4e-15   1.9     
   0.1      -0.032    -4.1e-06   5.4e-05  -6.5e-15   1.3     
   0.03     -0.017    -4.1e-06   5.4e-05  -6.7e-15   0.39    
  -0.07     -0.088    -4.1e-06   5.4e-05  -6.3e-15  -0.94    

CFRC_EXT
   0         0         0         0         0         0       
   2.2e-14  -0.36     -4.5e-16   7.7e-05  -3.3e-15   4       
  -0.13     -0.15      2.4e-06   3.2e-05  -1.4e-15   1.7     
   0         0         0         0         0         0       
   0         0         0         0         0         0       
  -0.26      0.46      3.5e-07   4.7e-06   4.4e-16   3.5     
   0.13     -0.15     -2.4e-06   3.2e-05  -1.4e-15   1.7     
   0         0         0         0         0         0       
   0         0         0         0         0         0       
   0.26      0.46     -3.5e-07   4.7e-06   3.3e-16   3.5     
   0         0         0         0         0         0       
   0         0         0         0         0         0       
   0         0         0         0         0         0       
   0         0         0         0         0         0       
   0         0         0         0         0         0       
   0         0         0         0         0         0       
  -0.1       0.13     -4.1e-06  -5.4e-05   6.1e-15   1.4     
   0         0         0         0         0         0       
   0         0         0         0         0         0       
   0         0         0         0         0         0       
   0.1       0.13      4.1e-06  -5.4e-05   6.1e-15   1.4     

TENDON_EFCADR         36 37 38 39 40 41 42 43 44 45 46 47 48 49 50 51 52 53 54 55 56 57 58 59

