0,0.18046002,0.00030722586,0.50056094
1,0.19398059,0.0007639987,0.49093917
2,0.19814838,0.000654316,0.4826313
3,0.21212429,0.00040807782,0.46971223
4,0.2189711,-0.0003587139,0.4589317
5,0.23372388,-0.00059507845,0.4460224
6,0.23863189,-0.0019022722,0.43038052
7,0.24552976,-0.0032755625,0.41692314
8,0.25085512,-0.003671001,0.41793826
9,0.25877416,-0.002298444,0.4278463
10,0.26669762,-0.0015977881,0.44174588
11,0.27489066,-0.002915301,0.4545189
12,0.28208065,-0.0052641598,0.46342042
13,0.2905922,-0.0067937225,0.46980044
14,0.30187893,-0.007828927,0.4752444
15,0.3117742,-0.007983941,0.47635704
16,0.32140726,-0.008792331,0.4747435
17,0.33223963,-0.01081969,0.4725784
18,0.34320673,-0.015519185,0.46701294
19,0.35453337,-0.018349752,0.46079704
20,0.36548772,-0.020424454,0.4607793
21,0.37477356,-0.020780517,0.46492797
22,0.3833942,-0.021223413,0.47136724
23,0.3934272,-0.021436654,0.4778632
24,0.40267575,-0.022492185,0.4800854
25,0.41131407,-0.0241207,0.47957948
26,0.42118227,-0.025929362,0.47906396
27,0.43008718,-0.027832476,0.47837576
28,0.44032967,-0.02993103,0.47609934
29,0.45049724,-0.031001853,0.47283566
30,0.46302113,-0.03252207,0.4663674
31,0.47440946,-0.03217043,0.45498762
32,0.48558438,-0.03276331,0.44466162
33,0.49602646,-0.031738583,0.44150048
34,0.50570655,-0.031344138,0.44359326
35,0.51591444,-0.029322095,0.44968688
36,0.5239066,-0.028514342,0.45795113
37,0.53494924,-0.028661933,0.464171
38,0.5430361,-0.028296124,0.46850654
39,0.55194914,-0.028558746,0.47194153
40,0.56053126,-0.028532142,0.47684082
41,0.5699768,-0.028625267,0.48088083
42,0.5791102,-0.02821741,0.48390803
43,0.5894102,-0.027701624,0.48581958
44,0.59957826,-0.026875623,0.48773706
45,0.6106365,-0.026353065,0.48926648
46,0.6200864,-0.02551812,0.48953685
47,0.63085526,-0.024777591,0.48591208
48,0.6404983,-0.024419608,0.4793816
49,0.6515303,-0.022133756,0.47112358
50,0.65979785,-0.019810224,0.46684253
51,0.6702119,-0.017793464,0.46660843
52,0.68046755,-0.016495219,0.4670514
53,0.69209296,-0.015882125,0.46410185
54,0.7009107,-0.015359746,0.46039397
55,0.71251804,-0.0147817405,0.45553738
56,0.7219481,-0.015390374,0.45224962
57,0.7320674,-0.015965223,0.4500938
58,0.7410024,-0.018169485,0.4496835
59,0.74999094,-0.018874682,0.45070222
60,0.7581973,-0.018770564,0.45368043
61,0.7674303,-0.017189927,0.45980823
62,0.77465194,-0.018149875,0.46740133
63,0.7836155,-0.021133784,0.4729541
64,0.79161966,-0.023320679,0.47887257
65,0.8014406,-0.025406778,0.4832709
66,0.8104642,-0.027697481,0.48522496
67,0.8193855,-0.02877805,0.48381805
68,0.8284204,-0.03044399,0.48216587
69,0.83950865,-0.030738464,0.4791724
70,0.85012925,-0.031000026,0.47362432
71,0.85914844,-0.030017175,0.46468252
72,0.8707088,-0.031010635,0.45441246
73,0.8814828,-0.032377414,0.44611374
74,0.89348197,-0.03582922,0.43974787
75,0.90308785,-0.035253253,0.43833518
76,0.91221625,-0.034802567,0.4432185
77,0.9220417,-0.03454891,0.45120564
78,0.9287741,-0.036414996,0.45911226
79,0.9360336,-0.037936285,0.46813935
80,0.9451909,-0.041277714,0.478104
81,0.9536265,-0.04299647,0.48458165
82,0.96404743,-0.044925474,0.4869286
83,0.97383237,-0.045239445,0.48722303
84,0.98607266,-0.04650003,0.48422644
85,0.99639875,-0.044753365,0.4773219
86,1.0076079,-0.045718558,0.47061244
87,1.0180613,-0.04763602,0.46283907
88,1.0273494,-0.049485244,0.45105392
89,1.0367882,-0.05015137,0.4468146
90,1.0459018,-0.050195776,0.4499744
91,1.052455,-0.05024644,0.45729598
92,1.0601898,-0.051717937,0.46641403
93,1.0680892,-0.055721585,0.4738118
94,1.0765047,-0.059823472,0.4772924
95,1.0867482,-0.063651145,0.4770515
96,1.097265,-0.06591695,0.47784537
97,1.107274,-0.067739755,0.4786876
98,1.1168172,-0.06961736,0.47704566
99,1.127248,-0.073976174,0.47105226
100,1.1371713,-0.07722631,0.46122304
101,1.1474817,-0.0811264,0.45280698
102,1.1561784,-0.080773115,0.4521377
103,1.1660379,-0.08170459,0.45679238
104,1.1754127,-0.08409976,0.46147317
105,1.1834606,-0.08768098,0.46678486
106,1.1912228,-0.091517866,0.47402346
107,1.200067,-0.0956621,0.4801554
108,1.2087957,-0.09882795,0.4826308
109,1.2198219,-0.10209845,0.48149776
110,1.2300483,-0.102919504,0.47766232
111,1.2416975,-0.10425325,0.47186965
112,1.2512417,-0.10469428,0.4670629
113,1.2619754,-0.10826737,0.46084005
114,1.2713314,-0.110172875,0.4537914
115,1.2786063,-0.111477286,0.4543305
116,1.2898513,-0.11350012,0.45860222
117,1.2977031,-0.11764372,0.46335524
118,1.3047462,-0.12072733,0.46854287
119,1.3119327,-0.12446137,0.47652397
120,1.319566,-0.12708157,0.4842956
121,1.3290436,-0.13007632,0.48900953
122,1.3369052,-0.13039857,0.49286193
123,1.3470114,-0.13204078,0.49618804
124,1.3555975,-0.13099189,0.49930128
125,1.3666265,-0.1319042,0.50006366
126,1.3749737,-0.13072316,0.5001046
127,1.3856146,-0.13187242,0.49709925
128,1.3933641,-0.13198009,0.4933948
129,1.4037161,-0.13435872,0.48849145
130,1.4138215,-0.1357399,0.48029786
131,1.4245136,-0.13875361,0.46720752
132,1.4349958,-0.14011924,0.4513822
133,1.4434273,-0.14123057,0.4405629
134,1.4531943,-0.14010376,0.4373952
135,1.463506,-0.13998792,0.43897036
136,1.472758,-0.14077562,0.4395093
137,1.4828236,-0.14132471,0.43800664
138,1.491586,-0.14244871,0.4363487
139,1.4999195,-0.14438683,0.43847808
140,1.5086681,-0.14642689,0.44839805
141,1.5180858,-0.14809287,0.4606255
142,1.5282824,-0.15027961,0.4652282
143,1.5375749,-0.15377408,0.46366984
144,1.5483071,-0.15726052,0.46378544
145,1.5582045,-0.16180962,0.4664945
146,1.5660511,-0.16626744,0.47246543
147,1.5748163,-0.16971806,0.4797564
148,1.5813159,-0.17191474,0.48757416
149,1.5887123,-0.17209314,0.49399942
150,1.5963814,-0.17202948,0.49464023
151,1.6071097,-0.17361355,0.49136716
152,1.6178058,-0.17655481,0.49057382
153,1.6260971,-0.17816475,0.49046662
154,1.6352661,-0.17933308,0.48819575
155,1.6431341,-0.17963973,0.48692083
156,1.6525882,-0.17956226,0.4873418
157,1.6613126,-0.1790277,0.48867494
158,1.671317,-0.17790735,0.48877084
159,1.680394,-0.17628863,0.48827672
160,1.6904967,-0.17546947,0.48937616
161,1.7006956,-0.1738614,0.490172
162,1.7117445,-0.17321026,0.4898391
163,1.7214175,-0.17180479,0.49008128
164,1.7309353,-0.16997337,0.49044725
165,1.7417413,-0.16766624,0.49017057
166,1.7505485,-0.16568512,0.48953024
167,1.7604104,-0.16427818,0.48774928
168,1.7703727,-0.16287504,0.4853499
169,1.7811054,-0.16166587,0.48005828
170,1.79013,-0.16097528,0.47284773
171,1.8010976,-0.16114132,0.46682182
172,1.8092134,-0.16104436,0.4627038
173,1.8195425,-0.15994625,0.45578134
174,1.8267554,-0.15847543,0.44905627
175,1.8355621,-0.15749176,0.44297507
176,1.8415136,-0.15715368,0.43930623
177,1.8491576,-0.15701184,0.43673906
178,1.8549881,-0.15816379,0.43647206
179,1.8616985,-0.15938945,0.43619823
180,1.8660128,-0.16127571,0.43704242
181,1.8718224,-0.16193976,0.4390001
182,1.8760767,-0.16236639,0.4424407
183,1.88066,-0.16219714,0.44416094
184,1.8839586,-0.16340919,0.4450348
185,1.8873538,-0.1631019,0.44402295
186,1.8895338,-0.16419877,0.44569558
187,1.8927833,-0.16425969,0.45053032
188,1.8945019,-0.16511318,0.45843735
189,1.8967716,-0.16563928,0.4650299
190,1.8985176,-0.16682275,0.46751335
191,1.8997645,-0.16718552,0.46554077
192,1.9010344,-0.16655256,0.4617642
193,1.9017926,-0.16439529,0.4554252
194,1.9010067,-0.16261454,0.4433619
195,1.8998187,-0.16164003,0.43084788
196,1.9001232,-0.16360983,0.42575973
197,1.9018975,-0.16658352,0.43003318
198,1.9037037,-0.17014349,0.44090846
199,1.9059169,-0.17331578,0.454712
200,1.9074924,-0.17661121,0.46873426
201,1.9103931,-0.17808221,0.47925204
202,1.9143288,-0.17886178,0.48260847
203,1.9188478,-0.18075764,0.47792703
204,1.9228237,-0.18412092,0.46929872
205,1.9267141,-0.18668278,0.4600809
206,1.9308665,-0.1885128,0.45522887
207,1.9358876,-0.19103393,0.45569724
208,1.9402729,-0.1931517,0.46053043
209,1.9435414,-0.19592606,0.4638072
210,1.9448915,-0.19899261,0.46388915
211,1.9467905,-0.20328823,0.46672285
212,1.9500358,-0.21009746,0.47022605
213,1.9517982,-0.21746857,0.47411963
214,1.9539456,-0.22601555,0.47981286
215,1.9571469,-0.23326126,0.48661727
216,1.9628363,-0.23890643,0.49433988
217,1.9707344,-0.2418139,0.5013798
218,1.9790571,-0.24391395,0.5019076
219,1.9878011,-0.2464719,0.49834737
220,1.9974823,-0.24905163,0.496534
221,2.007738,-0.252105,0.4932514
222,2.0169837,-0.2548862,0.48875016
223,2.0256734,-0.25688395,0.48972774
224,2.0371416,-0.2596256,0.4955936
225,2.0459902,-0.26233584,0.50182587
226,2.055796,-0.26561615,0.5048854
227,2.065742,-0.26820838,0.50450635
228,2.0758808,-0.27163684,0.49976644
229,2.0829086,-0.27433547,0.4918015
230,2.0899506,-0.27694237,0.4861005
231,2.0980022,-0.27773252,0.48561537
232,2.1059442,-0.27974278,0.48776528
233,2.115035,-0.28412884,0.48929706
234,2.1220958,-0.28936154,0.49164167
235,2.127878,-0.29317445,0.49743712
236,2.1343527,-0.29678,0.5050602
237,2.1421037,-0.30058414,0.5095044
238,2.1524985,-0.30449754,0.5062947
239,2.1610234,-0.30645785,0.49958318
240,2.1706753,-0.3081479,0.49309883
241,2.1795092,-0.30981892,0.48937103
242,2.1895344,-0.3119323,0.48699173
243,2.2013128,-0.3142845,0.4814265
244,2.2115474,-0.31424955,0.47324708
245,2.2211971,-0.31341636,0.46762902
246,2.231689,-0.31296873,0.46569198
247,2.2412992,-0.31339502,0.46557242
248,2.250406,-0.3141134,0.46641293
249,2.2591066,-0.31505606,0.46978483
250,2.2692547,-0.31739807,0.46900657
251,2.2778337,-0.31928128,0.46389508
252,2.2868357,-0.32000676,0.45521262
253,2.2934253,-0.3203525,0.44901076
254,2.3010323,-0.32076585,0.4482203
255,2.3075929,-0.3216688,0.452734
256,2.3145354,-0.3230456,0.46031123
257,2.3207228,-0.32427117,0.46919945
258,2.3261662,-0.32541323,0.47923446
259,2.3317738,-0.32543293,0.48982272
260,2.3378272,-0.325104,0.49727467
261,2.3449903,-0.3253234,0.4991953
262,2.3508825,-0.32760125,0.5007804
263,2.3594246,-0.3307971,0.5023133
264,2.3660493,-0.33421502,0.50583184
265,2.374266,-0.3382003,0.50878567
266,2.379904,-0.34096763,0.5126387
267,2.3883047,-0.34301245,0.5164207
268,2.3980892,-0.34376213,0.5175195
269,2.4089503,-0.34458947,0.51518905
270,2.417625,-0.34488505,0.508953
271,2.4285884,-0.3481478,0.5012343
272,2.43919,-0.35102352,0.4935072
273,2.450199,-0.35579392,0.4851514
274,2.4597042,-0.35583398,0.48216814
275,2.4686563,-0.35573667,0.48430607
276,2.4760141,-0.35485446,0.48922393
277,2.4838586,-0.35691357,0.4950643
278,2.4907951,-0.3581988,0.5024409
279,2.4983525,-0.3606911,0.5100123
280,2.5059247,-0.36276895,0.5153769
281,2.5155232,-0.36535785,0.5177565
282,2.5240636,-0.36599034,0.51949775
283,2.5349872,-0.3677126,0.51997465
284,2.5447056,-0.3671372,0.5187808
285,2.5569196,-0.3689652,0.5156271
286,2.5666492,-0.3687396,0.5102027
287,2.578016,-0.37044328,0.5026787
288,2.5871367,-0.3709954,0.49494025
289,2.5994866,-0.37307936,0.4856052
290,2.6080635,-0.37289494,0.4737777
291,2.6192415,-0.37355793,0.46025488
292,2.6277027,-0.37142345,0.45306405
293,2.6378899,-0.37095308,0.4494463
294,2.6448252,-0.3702013,0.4514679
295,2.652905,-0.36959922,0.4599415
296,2.659733,-0.36914855,0.47517315
297,2.6684954,-0.3704762,0.48690408
298,2.6757953,-0.3723304,0.49112442
299,2.6852431,-0.37406322,0.48747957
300,2.6923716,-0.37738147,0.48102647
301,2.7021613,-0.38050786,0.4770238
302,2.7112737,-0.38384026,0.47345477
303,2.7205758,-0.38803044,0.46967068
304,2.729773,-0.39033616,0.4720274
305,2.7388744,-0.39245155,0.47637483
306,2.7471342,-0.3944357,0.4815503
307,2.7555554,-0.39596558,0.48781303
308,2.7621107,-0.39656898,0.49471924
309,2.7700415,-0.3951244,0.4979764
310,2.7800164,-0.3950459,0.49620834
311,2.7897003,-0.39758357,0.4920345
312,2.7992282,-0.3991667,0.48888034
313,2.8082092,-0.40106502,0.48850393
314,2.8178973,-0.40274784,0.48793644
315,2.8256435,-0.40444458,0.48849946
316,2.836113,-0.40589494,0.48912805
317,2.8437927,-0.40691152,0.48863
318,2.8539283,-0.40874738,0.48725176
319,2.8630633,-0.4099643,0.48598993
320,2.8741252,-0.41257694,0.48300934
321,2.8846612,-0.41390398,0.47595957
322,2.8951895,-0.4147769,0.46790412
323,2.9028668,-0.4137536,0.46495956
324,2.9122326,-0.41307837,0.46922696
325,2.921541,-0.41198725,0.47954738
326,2.9288971,-0.4087717,0.487738
327,2.9401436,-0.40662447,0.4872709
328,2.9510696,-0.40602824,0.48523587
329,2.9608912,-0.4052589,0.4850695
330,2.9704783,-0.4042539,0.485327
331,2.9793293,-0.4025944,0.48666677
332,2.9888597,-0.40106335,0.4893588
333,2.9993153,-0.40011168,0.49205783
334,3.0095415,-0.39896983,0.49429622
335,3.0210297,-0.3985002,0.49597356
336,3.030949,-0.39698297,0.49755338
337,3.0429616,-0.39697546,0.49790215
338,3.0526326,-0.39613235,0.49755096
339,3.0629876,-0.39605686,0.49588588
340,3.0719655,-0.39509836,0.4955906
341,3.0825143,-0.39456195,0.49505743
342,3.0909843,-0.3937373,0.49341238
343,3.1027615,-0.39368507,0.48847416
344,3.110856,-0.39356765,0.48348054
345,3.1228106,-0.39323527,0.47792196
346,3.1303906,-0.3938616,0.4753226
347,3.1413114,-0.394488,0.4736024
348,3.1485367,-0.39652872,0.47479242
349,3.1592212,-0.39749566,0.47754297
350,3.1670802,-0.39963496,0.48303202
351,3.1760702,-0.40172243,0.48765382
352,3.1836228,-0.40503713,0.4929524
353,3.1912744,-0.40709868,0.49765566
354,3.1978903,-0.4088551,0.5016757
355,3.2070165,-0.40835503,0.50320226
356,3.215753,-0.40845373,0.5003053
357,3.2268124,-0.41142407,0.4951182
358,3.2338135,-0.41394773,0.49032468
359,3.2425263,-0.41454437,0.48463354
360,3.2509665,-0.41739473,0.4827864
361,3.2588308,-0.4192793,0.48557496
362,3.267553,-0.4210596,0.49387306
363,3.2761018,-0.42225048,0.5008667
364,3.2867982,-0.42427632,0.5006039
365,3.2977011,-0.42633033,0.4957485
366,3.3066635,-0.4275045,0.49040034
367,3.3168035,-0.42753765,0.48787805
368,3.325385,-0.42871884,0.48951656
369,3.3346987,-0.42734587,0.49303153
370,3.3440902,-0.42669907,0.49404067
371,3.3555717,-0.42608452,0.49029475
372,3.3662713,-0.42674428,0.4859757
373,3.375395,-0.4275466,0.48409265
374,3.3827083,-0.42773488,0.4854368
375,3.3908732,-0.4277648,0.4870634
376,3.399051,-0.42795083,0.4887826
377,3.4086752,-0.42891893,0.4910785
378,3.4196825,-0.42906693,0.49353954
379,3.4310474,-0.4292974,0.49356887
380,3.44207,-0.43040982,0.4912724
381,3.4528608,-0.4294292,0.4900108
382,3.462749,-0.42841002,0.49022907
383,3.4730675,-0.42700127,0.4901429
384,3.4836261,-0.426454,0.48841915
385,3.49392,-0.42556292,0.4838774
386,3.505043,-0.42533523,0.47623304
387,3.5146484,-0.42428544,0.46881124
388,3.5257483,-0.42339522,0.46105602
389,3.5346563,-0.42387646,0.45488635
390,3.5446422,-0.42404854,0.45087424
391,3.5512884,-0.42383015,0.44777673
392,3.557673,-0.4228035,0.4445666
393,3.5624561,-0.4224771,0.4461298
394,3.5705907,-0.42094538,0.4474944
395,3.5775216,-0.4212016,0.44468713
396,3.5850916,-0.4215415,0.43958548
397,3.5916972,-0.42135662,0.4369901
398,3.5980015,-0.42156398,0.43689433
399,3.604015,-0.4215967,0.44171727
400,3.6117992,-0.42270312,0.4512128
401,3.6179216,-0.42492545,0.4626892
402,3.624788,-0.4270452,0.47201028
403,3.630946,-0.42846254,0.47970924
404,3.637397,-0.42922735,0.4873809
405,3.644727,-0.43188384,0.49487823
406,3.6530914,-0.4358919,0.4978729
407,3.6609316,-0.4394354,0.49913108
408,3.6693,-0.4429711,0.50116706
409,3.675941,-0.44656372,0.50371516
410,3.6831038,-0.44960317,0.5079508
411,3.6889174,-0.45201796,0.5154055
412,3.694712,-0.4563613,0.52313185
413,3.7012968,-0.46132144,0.5244466
414,3.7083857,-0.4657623,0.51802385
415,3.714442,-0.46892482,0.5096806
416,3.7224445,-0.47097054,0.50350654
417,3.7306309,-0.4723908,0.50244826
418,3.7354784,-0.47497314,0.49912807
419,3.7432399,-0.47744557,0.49346757
420,3.751806,-0.4802165,0.49348882
421,3.7604256,-0.48269984,0.49661285
422,3.768039,-0.48666215,0.50108576
423,3.7769394,-0.4911739,0.5043094
424,3.783266,-0.49490482,0.5074242
425,3.7913468,-0.49880153,0.509513
426,3.798218,-0.50267136,0.50906473
427,3.8063664,-0.5061442,0.5054335
428,3.812352,-0.50875336,0.50262815
429,3.8207664,-0.51117766,0.49905595
430,3.826811,-0.5129636,0.49565482
431,3.8351038,-0.5155674,0.4914216
432,3.8412464,-0.51657164,0.48779035
433,3.8499224,-0.51875097,0.48336214
434,3.8559122,-0.51928926,0.47776315
435,3.8640597,-0.5215439,0.4705009
436,3.869349,-0.520924,0.4601535
437,3.8764548,-0.5234349,0.44978184
438,3.8823135,-0.52282983,0.44360748
439,3.8890524,-0.52277017,0.4352969
440,3.8934562,-0.52236784,0.43365863
441,3.9011421,-0.5224683,0.43600383
442,3.9062245,-0.52278966,0.4421531
443,3.9128437,-0.5227468,0.4500955
444,3.9182172,-0.5234413,0.45752993
445,3.9243221,-0.52445245,0.4620028
446,3.9282343,-0.5266238,0.46381035
447,3.933699,-0.5265199,0.46168298
448,3.9379187,-0.5260016,0.4585291
449,3.9423761,-0.52534103,0.4561864
450,3.9470112,-0.525705,0.45734963
451,3.9525423,-0.52434164,0.45897886
452,3.956854,-0.52603424,0.45991206
453,3.9617603,-0.5281901,0.46341142
454,3.9682043,-0.5314168,0.471863
455,3.9748197,-0.5332435,0.48508617
456,3.982074,-0.5361391,0.49604344
457,3.992177,-0.54095477,0.49860933
458,3.999785,-0.54531157,0.49546894
459,4.0085993,-0.5489657,0.48808578
460,4.018108,-0.5520566,0.48290676
461,4.028198,-0.55575407,0.47977614
462,4.0386953,-0.55938405,0.47536212
463,4.0494914,-0.56299865,0.46930373
464,4.05954,-0.56374353,0.46655056
465,4.0714707,-0.56409615,0.46640354
466,4.0810456,-0.5638637,0.46885356
467,4.091259,-0.563902,0.47218445
468,4.0996,-0.5631766,0.47968647
469,4.1082025,-0.5632099,0.48761228
470,4.116999,-0.56472564,0.4950868
471,4.1286516,-0.5655464,0.4981088
472,4.139464,-0.56704086,0.4958045
473,4.1500654,-0.5683732,0.49010542
474,4.1614327,-0.56907946,0.48187956
475,4.171786,-0.5704944,0.47610524
476,4.1834784,-0.5724316,0.47263837
477,4.1933575,-0.5748782,0.47316828
478,4.203168,-0.57558507,0.47538897
479,4.2121315,-0.5767073,0.4817801
480,4.222028,-0.5757607,0.49058992
481,4.2301435,-0.5739878,0.4958852
482,4.2402034,-0.5712052,0.49327585
483,4.2499533,-0.5730126,0.48899844
484,4.2613335,-0.5750572,0.4847003
485,4.2701807,-0.5782114,0.4828672
486,4.280172,-0.58006555,0.4828481
487,4.2878532,-0.5825493,0.4858372
488,4.2968116,-0.5833387,0.49068978
489,4.3071294,-0.5847814,0.491908
490,4.318838,-0.5859378,0.48774776
491,4.3291144,-0.5879415,0.47931102
492,4.3388233,-0.588221,0.46921876
493,4.346741,-0.5903891,0.4618004
494,4.355921,-0.5913641,0.46110794
495,4.364661,-0.5925577,0.46526414
496,4.3741074,-0.59247977,0.4685106
497,4.38159,-0.5921613,0.47247523
498,4.3904815,-0.5915789,0.47732136
499,4.398519,-0.5910573,0.48379228
500,4.4078703,-0.5897486,0.4908873
501,4.4170465,-0.58810806,0.49873635
502,4.425935,-0.584695,0.5055275
503,4.4348173,-0.58194137,0.508919
504,4.4433393,-0.57976025,0.50840914
505,4.453011,-0.57746214,0.50664294
506,4.462816,-0.5750233,0.50342864
507,4.471219,-0.5737423,0.5000877
508,4.4799304,-0.5719224,0.49893346
509,4.4889646,-0.56997156,0.49927863
510,4.4966526,-0.56759405,0.50104934
511,4.5066895,-0.5651293,0.5025424
512,4.5154433,-0.562475,0.50250864
513,4.5251517,-0.5599515,0.49825037
514,4.5331297,-0.5593232,0.49262938
515,4.542791,-0.55850345,0.4900883
516,4.5524354,-0.5592056,0.49206907
517,4.559914,-0.5593018,0.49489754
518,4.5712485,-0.55923575,0.49191895
519,4.578458,-0.5603346,0.48514307
520,4.588824,-0.561201,0.47767663
521,4.597052,-0.5632867,0.47633913
522,4.60736,-0.56465065,0.47744542
523,4.6153836,-0.5666636,0.479642
524,4.624398,-0.5681839,0.48156345
525,4.632399,-0.57037026,0.4836147
526,4.640562,-0.57068795,0.48468524
527,4.6497006,-0.5700534,0.48326966
528,4.659494,-0.57071656,0.4810213
529,4.668733,-0.5743713,0.47702846
530,4.679488,-0.5774027,0.47137377
531,4.6899796,-0.58102876,0.4653014
532,4.6994267,-0.58223027,0.45837677
533,4.708796,-0.5824436,0.44769472
534,4.7173176,-0.58231884,0.43643028
535,4.7247186,-0.5851523,0.43401325
536,4.733496,-0.58771354,0.44139686
537,4.740387,-0.59008884,0.45142975
538,4.746044,-0.5905405,0.46444237
539,4.75323,-0.59189576,0.47831032
540,4.759224,-0.5943393,0.49066284
541,4.767784,-0.59885406,0.50074226
542,4.7745194,-0.60236764,0.5071565
543,4.7838182,-0.6054867,0.5125982
544,4.793177,-0.6079449,0.5199794
545,4.8014116,-0.6096475,0.52354515
546,4.8085127,-0.6113546,0.5203266
547,4.8166933,-0.616061,0.5113388
548,4.824874,-0.6187119,0.49910623
549,4.8344593,-0.6223343,0.48416764
550,4.842254,-0.6231725,0.47667456
551,4.850688,-0.62665015,0.47749296
552,4.8580527,-0.6294435,0.47878617
553,4.866961,-0.63272375,0.4787042
554,4.874818,-0.634383,0.4778344
555,4.8813963,-0.63694715,0.47715563
556,4.888013,-0.6385132,0.47707918
557,4.894022,-0.6414069,0.47781876
558,4.899008,-0.6441128,0.4779892
559,4.904044,-0.64546776,0.47783056
560,4.908982,-0.64624023,0.47947863
561,4.914005,-0.64794147,0.47786495
562,4.9211497,-0.6488067,0.4709164
563,4.9266086,-0.65092486,0.465723
564,4.9340825,-0.65490615,0.4576035
565,4.937932,-0.6558884,0.4478161
566,4.9453983,-0.6562503,0.43939835
567,4.950057,-0.65576607,0.43469346
568,4.9555454,-0.6579535,0.432695
569,4.959999,-0.65980935,0.43684617
570,4.965288,-0.6611551,0.44539696
571,4.9700723,-0.66162854,0.45813042
572,4.974689,-0.66176516,0.47232887
573,4.979052,-0.6625171,0.48230958
574,4.9829183,-0.6641834,0.48333043
575,4.984818,-0.6665065,0.47782868
576,4.985445,-0.66890186,0.47211987
577,4.9873986,-0.67036587,0.47035596
578,4.990508,-0.669853,0.47214508
579,4.9950013,-0.6704854,0.4723872
580,5.001342,-0.6719024,0.46770582
581,5.0100055,-0.6734321,0.45546502
582,5.017586,-0.67645204,0.4382744
583,5.024926,-0.6770261,0.42498207
584,5.0314093,-0.67514545,0.4193975
585,5.0377564,-0.6744653,0.42095524
586,5.0441713,-0.6763755,0.42876634
587,5.054263,-0.6753891,0.44088188
588,5.0609527,-0.6726022,0.44879982
589,5.066437,-0.6714321,0.4501312
590,5.0729933,-0.6691267,0.4499583
591,5.076866,-0.6679987,0.44763544
592,5.0798965,-0.66809994,0.44488022
593,5.082807,-0.6675501,0.44484037
594,5.086646,-0.66651773,0.44535792
595,5.0906963,-0.6648464,0.44537246
596,5.0954776,-0.6627961,0.44208822
597,5.0976286,-0.66106915,0.43485335
598,5.0991063,-0.65935355,0.42435887
599,5.097707,-0.6567082,0.4126663
600,5.096341,-0.65376174,0.40189683
601,5.0952,-0.6510218,0.3980953
602,5.0963016,-0.64837027,0.39781117
603,5.0973597,-0.6458108,0.3994661
604,5.0983377,-0.64359605,0.40134597
605,5.099287,-0.6416664,0.40358123
606,5.1001415,-0.6400942,0.40579143
607,5.101357,-0.63956094,0.40779164
608,5.102926,-0.64084464,0.41059393
609,5.1048565,-0.6401379,0.41485685
610,5.1069455,-0.63772947,0.41794622
611,5.109151,-0.63602227,0.4176063
612,5.113056,-0.63737947,0.41675168
613,5.1169105,-0.6356997,0.41834396
614,5.120795,-0.63508403,0.41998756
615,5.125296,-0.63406056,0.42118287
616,5.130641,-0.6336651,0.42144778
617,5.1348968,-0.63333255,0.42169768
618,5.140307,-0.6330188,0.4215311
619,5.144653,-0.63239574,0.42207694
620,5.150275,-0.63144064,0.42300802
621,5.154915,-0.6292784,0.4247511
622,5.1595583,-0.62679327,0.4251687
623,5.16087,-0.62411344,0.42254913
624,5.1608124,-0.62160885,0.4165793
625,5.1590643,-0.6180625,0.40647817
626,5.159376,-0.6163806,0.39520845
627,5.160725,-0.6150008,0.38813078
628,5.164374,-0.61311656,0.38424993
629,5.169796,-0.61043715,0.38275307
630,5.1763415,-0.6072394,0.3795075
631,5.1798596,-0.60379416,0.37305287
632,5.1813025,-0.60068446,0.3666545
633,5.1856513,-0.59731865,0.3609015
634,5.190953,-0.5949106,0.35520667
635,5.1955056,-0.5924854,0.34860933
636,5.1980042,-0.5914353,0.34215355
637,5.2000656,-0.59135306,0.33580005
638,5.2020044,-0.58976334,0.32980257
639,5.2049913,-0.5889282,0.3246556
640,5.2086773,-0.5873178,0.31996572
641,5.2125416,-0.5866416,0.31609285
642,5.2167377,-0.5857922,0.31199068
643,5.220916,-0.58524525,0.30799392
644,5.2254586,-0.58477235,0.30318165
645,5.2298713,-0.5844768,0.29735518
646,5.234332,-0.5842207,0.29034883
647,5.238806,-0.583871,0.28239438
648,5.2433085,-0.58377564,0.27371597
649,5.248097,-0.5835268,0.26395124
650,5.252913,-0.5833256,0.25331393
651,5.2579026,-0.5829599,0.24124625
652,5.2629485,-0.58241594,0.22785968
653,5.268051,-0.5815758,0.21276778
654,5.2732124,-0.580287,0.19607587
655,5.278452,-0.57826805,0.1773457
656,5.2834277,-0.5758348,0.15727927
657,5.2878156,-0.5730311,0.13447322
658,5.2908525,-0.5699627,0.10910949
659,5.292172,-0.56604743,0.081351064
660,5.2910757,-0.5618228,0.05129864
661,5.2864704,-0.55746394,0.018604577
0,-5.001791,-0.44546613,3.7293909
0,nan,nan,nan
1,nan,nan,nan
2,nan,nan,nan
3,nan,nan,nan
4,nan,nan,nan
5,nan,nan,nan
6,nan,nan,nan
7,nan,nan,nan
8,nan,nan,nan
9,nan,nan,nan
10,nan,nan,nan
11,nan,nan,nan
12,nan,nan,nan
13,nan,nan,nan
14,nan,nan,nan
15,nan,nan,nan
16,nan,nan,nan
17,nan,nan,nan
18,nan,nan,nan
19,nan,nan,nan
20,nan,nan,nan
21,nan,nan,nan
22,nan,nan,nan
23,nan,nan,nan
24,nan,nan,nan
25,nan,nan,nan
26,nan,nan,nan
27,nan,nan,nan
28,nan,nan,nan
29,nan,nan,nan
30,nan,nan,nan
31,nan,nan,nan
32,nan,nan,nan
33,nan,nan,nan
34,nan,nan,nan
35,nan,nan,nan
36,nan,nan,nan
37,nan,nan,nan
38,nan,nan,nan
39,nan,nan,nan
40,nan,nan,nan
41,nan,nan,nan
42,nan,nan,nan
43,nan,nan,nan
44,nan,nan,nan
45,nan,nan,nan
46,nan,nan,nan
47,nan,nan,nan
48,nan,nan,nan
49,nan,nan,nan
50,nan,nan,nan
51,nan,nan,nan
52,nan,nan,nan
53,nan,nan,nan
54,nan,nan,nan
55,nan,nan,nan
56,nan,nan,nan
57,nan,nan,nan
58,nan,nan,nan
59,nan,nan,nan
60,nan,nan,nan
61,nan,nan,nan
62,nan,nan,nan
63,nan,nan,nan
64,nan,nan,nan
65,nan,nan,nan
66,nan,nan,nan
67,nan,nan,nan
68,nan,nan,nan
69,nan,nan,nan
70,nan,nan,nan
71,nan,nan,nan
72,nan,nan,nan
73,nan,nan,nan
74,nan,nan,nan
75,nan,nan,nan
76,nan,nan,nan
77,nan,nan,nan
78,nan,nan,nan
79,nan,nan,nan
80,nan,nan,nan
81,nan,nan,nan
82,nan,nan,nan
83,nan,nan,nan
84,nan,nan,nan
85,nan,nan,nan
86,nan,nan,nan
87,nan,nan,nan
88,nan,nan,nan
89,nan,nan,nan
90,nan,nan,nan
91,nan,nan,nan
92,nan,nan,nan
93,nan,nan,nan
94,nan,nan,nan
95,nan,nan,nan
96,nan,nan,nan
97,nan,nan,nan
98,nan,nan,nan
99,nan,nan,nan
100,nan,nan,nan
101,nan,nan,nan
102,nan,nan,nan
103,nan,nan,nan
104,nan,nan,nan
105,nan,nan,nan
106,nan,nan,nan
107,nan,nan,nan
108,nan,nan,nan
109,nan,nan,nan
110,nan,nan,nan
111,nan,nan,nan
112,nan,nan,nan
113,nan,nan,nan
114,nan,nan,nan
115,nan,nan,nan
116,nan,nan,nan
117,nan,nan,nan
118,nan,nan,nan
119,nan,nan,nan
120,nan,nan,nan
121,nan,nan,nan
122,nan,nan,nan
123,nan,nan,nan
124,nan,nan,nan
125,nan,nan,nan
126,nan,nan,nan
127,nan,nan,nan
128,nan,nan,nan
129,nan,nan,nan
130,nan,nan,nan
131,nan,nan,nan
132,nan,nan,nan
133,nan,nan,nan
134,nan,nan,nan
135,nan,nan,nan
136,nan,nan,nan
137,nan,nan,nan
138,nan,nan,nan
139,nan,nan,nan
140,nan,nan,nan
141,nan,nan,nan
142,nan,nan,nan
143,nan,nan,nan
144,nan,nan,nan
145,nan,nan,nan
146,nan,nan,nan
147,nan,nan,nan
148,nan,nan,nan
149,nan,nan,nan
150,nan,nan,nan
151,nan,nan,nan
152,nan,nan,nan
153,nan,nan,nan
154,nan,nan,nan
155,nan,nan,nan
156,nan,nan,nan
157,nan,nan,nan
158,nan,nan,nan
159,nan,nan,nan
160,nan,nan,nan
161,nan,nan,nan
162,nan,nan,nan
163,nan,nan,nan
164,nan,nan,nan
165,nan,nan,nan
166,nan,nan,nan
167,nan,nan,nan
168,nan,nan,nan
169,nan,nan,nan
170,nan,nan,nan
171,nan,nan,nan
172,nan,nan,nan
173,nan,nan,nan
174,nan,nan,nan
175,nan,nan,nan
176,nan,nan,nan
177,nan,nan,nan
178,nan,nan,nan
179,nan,nan,nan
180,nan,nan,nan
181,nan,nan,nan
182,nan,nan,nan
183,nan,nan,nan
184,nan,nan,nan
185,nan,nan,nan
186,nan,nan,nan
187,nan,nan,nan
188,nan,nan,nan
189,nan,nan,nan
190,nan,nan,nan
191,nan,nan,nan
192,nan,nan,nan
193,nan,nan,nan
194,nan,nan,nan
195,nan,nan,nan
196,nan,nan,nan
197,nan,nan,nan
198,nan,nan,nan
199,nan,nan,nan
200,nan,nan,nan
201,nan,nan,nan
202,nan,nan,nan
203,nan,nan,nan
204,nan,nan,nan
205,nan,nan,nan
206,nan,nan,nan
207,nan,nan,nan
208,nan,nan,nan
209,nan,nan,nan
210,nan,nan,nan
211,nan,nan,nan
212,nan,nan,nan
213,nan,nan,nan
214,nan,nan,nan
215,nan,nan,nan
216,nan,nan,nan
217,nan,nan,nan
218,nan,nan,nan
219,nan,nan,nan
220,nan,nan,nan
221,nan,nan,nan
222,nan,nan,nan
223,nan,nan,nan
224,nan,nan,nan
225,nan,nan,nan
226,nan,nan,nan
227,nan,nan,nan
228,nan,nan,nan
229,nan,nan,nan
230,nan,nan,nan
231,nan,nan,nan
232,nan,nan,nan
233,nan,nan,nan
234,nan,nan,nan
235,nan,nan,nan
236,nan,nan,nan
237,nan,nan,nan
238,nan,nan,nan
239,nan,nan,nan
240,nan,nan,nan
241,nan,nan,nan
242,nan,nan,nan
243,nan,nan,nan
244,nan,nan,nan
245,nan,nan,nan
246,nan,nan,nan
247,nan,nan,nan
248,nan,nan,nan
249,nan,nan,nan
250,nan,nan,nan
251,nan,nan,nan
252,nan,nan,nan
253,nan,nan,nan
254,nan,nan,nan
255,nan,nan,nan
256,nan,nan,nan
257,nan,nan,nan
258,nan,nan,nan
259,nan,nan,nan
260,nan,nan,nan
261,nan,nan,nan
262,nan,nan,nan
263,nan,nan,nan
264,nan,nan,nan
265,nan,nan,nan
266,nan,nan,nan
267,nan,nan,nan
268,nan,nan,nan
269,nan,nan,nan
270,nan,nan,nan
271,nan,nan,nan
272,nan,nan,nan
273,nan,nan,nan
274,nan,nan,nan
275,nan,nan,nan
276,nan,nan,nan
277,nan,nan,nan
278,nan,nan,nan
279,nan,nan,nan
280,nan,nan,nan
281,nan,nan,nan
282,nan,nan,nan
283,nan,nan,nan
284,nan,nan,nan
285,nan,nan,nan
286,nan,nan,nan
287,nan,nan,nan
288,nan,nan,nan
289,nan,nan,nan
290,nan,nan,nan
291,nan,nan,nan
292,nan,nan,nan
293,nan,nan,nan
294,nan,nan,nan
295,nan,nan,nan
296,nan,nan,nan
297,nan,nan,nan
298,nan,nan,nan
299,nan,nan,nan
300,nan,nan,nan
301,nan,nan,nan
302,nan,nan,nan
303,nan,nan,nan
304,nan,nan,nan
305,nan,nan,nan
306,nan,nan,nan
307,nan,nan,nan
308,nan,nan,nan
309,nan,nan,nan
310,nan,nan,nan
311,nan,nan,nan
312,nan,nan,nan
313,nan,nan,nan
314,nan,nan,nan
315,nan,nan,nan
316,nan,nan,nan
317,nan,nan,nan
318,nan,nan,nan
319,nan,nan,nan
320,nan,nan,nan
321,nan,nan,nan
322,nan,nan,nan
323,nan,nan,nan
324,nan,nan,nan
325,nan,nan,nan
326,nan,nan,nan
327,nan,nan,nan
328,nan,nan,nan
329,nan,nan,nan
330,nan,nan,nan
331,nan,nan,nan
332,nan,nan,nan
333,nan,nan,nan
334,nan,nan,nan
335,nan,nan,nan
336,nan,nan,nan
337,nan,nan,nan
338,nan,nan,nan
339,nan,nan,nan
340,nan,nan,nan
341,nan,nan,nan
342,nan,nan,nan
343,nan,nan,nan
344,nan,nan,nan
345,nan,nan,nan
346,nan,nan,nan
347,nan,nan,nan
348,nan,nan,nan
349,nan,nan,nan
350,nan,nan,nan
351,nan,nan,nan
352,nan,nan,nan
353,nan,nan,nan
354,nan,nan,nan
355,nan,nan,nan
356,nan,nan,nan
357,nan,nan,nan
358,nan,nan,nan
359,nan,nan,nan
360,nan,nan,nan
361,nan,nan,nan
362,nan,nan,nan
363,nan,nan,nan
364,nan,nan,nan
365,nan,nan,nan
366,nan,nan,nan
367,nan,nan,nan
368,nan,nan,nan
369,nan,nan,nan
370,nan,nan,nan
371,nan,nan,nan
372,nan,nan,nan
373,nan,nan,nan
374,nan,nan,nan
375,nan,nan,nan
376,nan,nan,nan
377,nan,nan,nan
378,nan,nan,nan
379,nan,nan,nan
380,nan,nan,nan
381,nan,nan,nan
382,nan,nan,nan
383,nan,nan,nan
384,nan,nan,nan
385,nan,nan,nan
386,nan,nan,nan
387,nan,nan,nan
388,nan,nan,nan
389,nan,nan,nan
390,nan,nan,nan
391,nan,nan,nan
392,nan,nan,nan
393,nan,nan,nan
394,nan,nan,nan
395,nan,nan,nan
396,nan,nan,nan
397,nan,nan,nan
398,nan,nan,nan
399,nan,nan,nan
400,nan,nan,nan
401,nan,nan,nan
402,nan,nan,nan
403,nan,nan,nan
404,nan,nan,nan
405,nan,nan,nan
406,nan,nan,nan
407,nan,nan,nan
408,nan,nan,nan
409,nan,nan,nan
410,nan,nan,nan
411,nan,nan,nan
412,nan,nan,nan
413,nan,nan,nan
414,nan,nan,nan
415,nan,nan,nan
416,nan,nan,nan
417,nan,nan,nan
418,nan,nan,nan
419,nan,nan,nan
420,nan,nan,nan
421,nan,nan,nan
422,nan,nan,nan
423,nan,nan,nan
424,nan,nan,nan
425,nan,nan,nan
426,nan,nan,nan
427,nan,nan,nan
428,nan,nan,nan
429,nan,nan,nan
430,nan,nan,nan
431,nan,nan,nan
432,nan,nan,nan
433,nan,nan,nan
434,nan,nan,nan
435,nan,nan,nan
436,nan,nan,nan
437,nan,nan,nan
438,nan,nan,nan
439,nan,nan,nan
440,nan,nan,nan
441,nan,nan,nan
442,nan,nan,nan
443,nan,nan,nan
444,nan,nan,nan
445,nan,nan,nan
446,nan,nan,nan
447,nan,nan,nan
448,nan,nan,nan
449,nan,nan,nan
450,nan,nan,nan
451,nan,nan,nan
452,nan,nan,nan
453,nan,nan,nan
454,nan,nan,nan
455,nan,nan,nan
456,nan,nan,nan
457,nan,nan,nan
458,nan,nan,nan
459,nan,nan,nan
460,nan,nan,nan
461,nan,nan,nan
462,nan,nan,nan
463,nan,nan,nan
464,nan,nan,nan
465,nan,nan,nan
466,nan,nan,nan
467,nan,nan,nan
468,nan,nan,nan
469,nan,nan,nan
470,nan,nan,nan
471,nan,nan,nan
472,nan,nan,nan
473,nan,nan,nan
474,nan,nan,nan
475,nan,nan,nan
476,nan,nan,nan
477,nan,nan,nan
478,nan,nan,nan
479,nan,nan,nan
480,nan,nan,nan
481,nan,nan,nan
482,nan,nan,nan
483,nan,nan,nan
484,nan,nan,nan
485,nan,nan,nan
486,nan,nan,nan
487,nan,nan,nan
488,nan,nan,nan
489,nan,nan,nan
490,nan,nan,nan
491,nan,nan,nan
492,nan,nan,nan
493,nan,nan,nan
494,nan,nan,nan
495,nan,nan,nan
496,nan,nan,nan
497,nan,nan,nan
498,nan,nan,nan
499,nan,nan,nan
500,nan,nan,nan
501,nan,nan,nan
502,nan,nan,nan
503,nan,nan,nan
504,nan,nan,nan
505,nan,nan,nan
506,nan,nan,nan
507,nan,nan,nan
508,nan,nan,nan
509,nan,nan,nan
510,nan,nan,nan
511,nan,nan,nan
512,nan,nan,nan
513,nan,nan,nan
514,nan,nan,nan
515,nan,nan,nan
516,nan,nan,nan
517,nan,nan,nan
518,nan,nan,nan
519,nan,nan,nan
520,nan,nan,nan
521,nan,nan,nan
522,nan,nan,nan
523,nan,nan,nan
524,nan,nan,nan
525,nan,nan,nan
526,nan,nan,nan
527,nan,nan,nan
528,nan,nan,nan
529,nan,nan,nan
530,nan,nan,nan
531,nan,nan,nan
532,nan,nan,nan
533,nan,nan,nan
534,nan,nan,nan
535,nan,nan,nan
536,nan,nan,nan
537,nan,nan,nan
538,nan,nan,nan
539,nan,nan,nan
540,nan,nan,nan
541,nan,nan,nan
542,nan,nan,nan
543,nan,nan,nan
544,nan,nan,nan
545,nan,nan,nan
546,nan,nan,nan
547,nan,nan,nan
548,nan,nan,nan
549,nan,nan,nan
550,nan,nan,nan
551,nan,nan,nan
552,nan,nan,nan
553,nan,nan,nan
554,nan,nan,nan
555,nan,nan,nan
556,nan,nan,nan
557,nan,nan,nan
558,nan,nan,nan
559,nan,nan,nan
560,nan,nan,nan
561,nan,nan,nan
562,nan,nan,nan
563,nan,nan,nan
564,nan,nan,nan
565,nan,nan,nan
566,nan,nan,nan
567,nan,nan,nan
568,nan,nan,nan
569,nan,nan,nan
570,nan,nan,nan
571,nan,nan,nan
572,nan,nan,nan
573,nan,nan,nan
574,nan,nan,nan
575,nan,nan,nan
576,nan,nan,nan
577,nan,nan,nan
578,nan,nan,nan
579,nan,nan,nan
580,nan,nan,nan
581,nan,nan,nan
582,nan,nan,nan
583,nan,nan,nan
584,nan,nan,nan
585,nan,nan,nan
586,nan,nan,nan
587,nan,nan,nan
588,nan,nan,nan
589,nan,nan,nan
590,nan,nan,nan
591,nan,nan,nan
592,nan,nan,nan
593,nan,nan,nan
594,nan,nan,nan
595,nan,nan,nan
596,nan,nan,nan
597,nan,nan,nan
598,nan,nan,nan
599,nan,nan,nan
600,nan,nan,nan
601,nan,nan,nan
602,nan,nan,nan
603,nan,nan,nan
604,nan,nan,nan
605,nan,nan,nan
606,nan,nan,nan
607,nan,nan,nan
608,nan,nan,nan
609,nan,nan,nan
610,nan,nan,nan
611,nan,nan,nan
612,nan,nan,nan
613,nan,nan,nan
614,nan,nan,nan
615,nan,nan,nan
616,nan,nan,nan
617,nan,nan,nan
618,nan,nan,nan
619,nan,nan,nan
620,nan,nan,nan
621,nan,nan,nan
622,nan,nan,nan
623,nan,nan,nan
624,nan,nan,nan
625,nan,nan,nan
626,nan,nan,nan
627,nan,nan,nan
628,nan,nan,nan
629,nan,nan,nan
630,nan,nan,nan
631,nan,nan,nan
632,nan,nan,nan
633,nan,nan,nan
634,nan,nan,nan
635,nan,nan,nan
636,nan,nan,nan
637,nan,nan,nan
638,nan,nan,nan
639,nan,nan,nan
640,nan,nan,nan
641,nan,nan,nan
642,nan,nan,nan
643,nan,nan,nan
644,nan,nan,nan
645,nan,nan,nan
646,nan,nan,nan
647,nan,nan,nan
648,nan,nan,nan
649,nan,nan,nan
650,nan,nan,nan
651,nan,nan,nan
652,nan,nan,nan
653,nan,nan,nan
654,nan,nan,nan
655,nan,nan,nan
656,nan,nan,nan
657,nan,nan,nan
658,nan,nan,nan
659,nan,nan,nan
660,nan,nan,nan
661,nan,nan,nan
662,nan,nan,nan
663,nan,nan,nan
664,nan,nan,nan
665,nan,nan,nan
666,nan,nan,nan
667,nan,nan,nan
668,nan,nan,nan
669,nan,nan,nan
670,nan,nan,nan
671,nan,nan,nan
672,nan,nan,nan
673,nan,nan,nan
674,nan,nan,nan
675,nan,nan,nan
676,nan,nan,nan
677,nan,nan,nan
678,nan,nan,nan
679,nan,nan,nan
680,nan,nan,nan
681,nan,nan,nan
682,nan,nan,nan
683,nan,nan,nan
684,nan,nan,nan
685,nan,nan,nan
686,nan,nan,nan
687,nan,nan,nan
688,nan,nan,nan
689,nan,nan,nan
690,nan,nan,nan
691,nan,nan,nan
692,nan,nan,nan
693,nan,nan,nan
694,nan,nan,nan
695,nan,nan,nan
696,nan,nan,nan
697,nan,nan,nan
698,nan,nan,nan
699,nan,nan,nan
700,nan,nan,nan
701,nan,nan,nan
702,nan,nan,nan
703,nan,nan,nan
704,nan,nan,nan
705,nan,nan,nan
706,nan,nan,nan
707,nan,nan,nan
708,nan,nan,nan
709,nan,nan,nan
710,nan,nan,nan
711,nan,nan,nan
712,nan,nan,nan
713,nan,nan,nan
714,nan,nan,nan
715,nan,nan,nan
716,nan,nan,nan
717,nan,nan,nan
718,nan,nan,nan
719,nan,nan,nan
720,nan,nan,nan
721,nan,nan,nan
722,nan,nan,nan
723,nan,nan,nan
724,nan,nan,nan
725,nan,nan,nan
726,nan,nan,nan
727,nan,nan,nan
728,nan,nan,nan
729,nan,nan,nan
730,nan,nan,nan
731,nan,nan,nan
732,nan,nan,nan
733,nan,nan,nan
734,nan,nan,nan
735,nan,nan,nan
736,nan,nan,nan
737,nan,nan,nan
738,nan,nan,nan
739,nan,nan,nan
740,nan,nan,nan
741,nan,nan,nan
742,nan,nan,nan
743,nan,nan,nan
744,nan,nan,nan
745,nan,nan,nan
746,nan,nan,nan
747,nan,nan,nan
748,nan,nan,nan
749,nan,nan,nan
750,nan,nan,nan
751,nan,nan,nan
752,nan,nan,nan
753,nan,nan,nan
754,nan,nan,nan
755,nan,nan,nan
756,nan,nan,nan
757,nan,nan,nan
758,nan,nan,nan
759,nan,nan,nan
760,nan,nan,nan
761,nan,nan,nan
762,nan,nan,nan
763,nan,nan,nan
764,nan,nan,nan
765,nan,nan,nan
766,nan,nan,nan
767,nan,nan,nan
768,nan,nan,nan
769,nan,nan,nan
770,nan,nan,nan
771,nan,nan,nan
772,nan,nan,nan
773,nan,nan,nan
774,nan,nan,nan
775,nan,nan,nan
776,nan,nan,nan
777,nan,nan,nan
778,nan,nan,nan
779,nan,nan,nan
780,nan,nan,nan
781,nan,nan,nan
782,nan,nan,nan
783,nan,nan,nan
784,nan,nan,nan
785,nan,nan,nan
786,nan,nan,nan
787,nan,nan,nan
788,nan,nan,nan
789,nan,nan,nan
790,nan,nan,nan
791,nan,nan,nan
792,nan,nan,nan
793,nan,nan,nan
794,nan,nan,nan
795,nan,nan,nan
796,nan,nan,nan
797,nan,nan,nan
798,nan,nan,nan
799,nan,nan,nan
800,nan,nan,nan
801,nan,nan,nan
802,nan,nan,nan
803,nan,nan,nan
804,nan,nan,nan
805,nan,nan,nan
806,nan,nan,nan
807,nan,nan,nan
808,nan,nan,nan
809,nan,nan,nan
810,nan,nan,nan
811,nan,nan,nan
812,nan,nan,nan
813,nan,nan,nan
814,nan,nan,nan
815,nan,nan,nan
816,nan,nan,nan
817,nan,nan,nan
818,nan,nan,nan
819,nan,nan,nan
820,nan,nan,nan
821,nan,nan,nan
822,nan,nan,nan
823,nan,nan,nan
824,nan,nan,nan
825,nan,nan,nan
826,nan,nan,nan
827,nan,nan,nan
828,nan,nan,nan
829,nan,nan,nan
830,nan,nan,nan
831,nan,nan,nan
832,nan,nan,nan
833,nan,nan,nan
834,nan,nan,nan
835,nan,nan,nan
836,nan,nan,nan
837,nan,nan,nan
838,nan,nan,nan
839,nan,nan,nan
840,nan,nan,nan
841,nan,nan,nan
842,nan,nan,nan
843,nan,nan,nan
844,nan,nan,nan
845,nan,nan,nan
846,nan,nan,nan
847,nan,nan,nan
848,nan,nan,nan
849,nan,nan,nan
850,nan,nan,nan
851,nan,nan,nan
852,nan,nan,nan
853,nan,nan,nan
854,nan,nan,nan
855,nan,nan,nan
856,nan,nan,nan
857,nan,nan,nan
858,nan,nan,nan
859,nan,nan,nan
860,nan,nan,nan
861,nan,nan,nan
862,nan,nan,nan
863,nan,nan,nan
864,nan,nan,nan
865,nan,nan,nan
866,nan,nan,nan
867,nan,nan,nan
868,nan,nan,nan
869,nan,nan,nan
870,nan,nan,nan
871,nan,nan,nan
872,nan,nan,nan
873,nan,nan,nan
874,nan,nan,nan
875,nan,nan,nan
876,nan,nan,nan
877,nan,nan,nan
878,nan,nan,nan
879,nan,nan,nan
880,nan,nan,nan
881,nan,nan,nan
882,nan,nan,nan
883,nan,nan,nan
884,nan,nan,nan
885,nan,nan,nan
886,nan,nan,nan
887,nan,nan,nan
888,nan,nan,nan
889,nan,nan,nan
890,nan,nan,nan
891,nan,nan,nan
892,nan,nan,nan
893,nan,nan,nan
894,nan,nan,nan
895,nan,nan,nan
896,nan,nan,nan
897,nan,nan,nan
898,nan,nan,nan
899,nan,nan,nan
900,nan,nan,nan
901,nan,nan,nan
902,nan,nan,nan
903,nan,nan,nan
904,nan,nan,nan
905,nan,nan,nan
906,nan,nan,nan
907,nan,nan,nan
908,nan,nan,nan
909,nan,nan,nan
910,nan,nan,nan
911,nan,nan,nan
912,nan,nan,nan
913,nan,nan,nan
914,nan,nan,nan
915,nan,nan,nan
916,nan,nan,nan
917,nan,nan,nan
918,nan,nan,nan
919,nan,nan,nan
920,nan,nan,nan
921,nan,nan,nan
922,nan,nan,nan
923,nan,nan,nan
924,nan,nan,nan
925,nan,nan,nan
926,nan,nan,nan
927,nan,nan,nan
928,nan,nan,nan
929,nan,nan,nan
930,nan,nan,nan
931,nan,nan,nan
932,nan,nan,nan
933,nan,nan,nan
934,nan,nan,nan
935,nan,nan,nan
936,nan,nan,nan
937,nan,nan,nan
938,nan,nan,nan
939,nan,nan,nan
940,nan,nan,nan
941,nan,nan,nan
942,nan,nan,nan
943,nan,nan,nan
944,nan,nan,nan
945,nan,nan,nan
946,nan,nan,nan
947,nan,nan,nan
948,nan,nan,nan
949,nan,nan,nan
950,nan,nan,nan
951,nan,nan,nan
952,nan,nan,nan
953,nan,nan,nan
954,nan,nan,nan
955,nan,nan,nan
956,nan,nan,nan
957,nan,nan,nan
958,nan,nan,nan
959,nan,nan,nan
960,nan,nan,nan
961,nan,nan,nan
962,nan,nan,nan
963,nan,nan,nan
964,nan,nan,nan
965,nan,nan,nan
966,nan,nan,nan
967,nan,nan,nan
968,nan,nan,nan
969,nan,nan,nan
970,nan,nan,nan
971,nan,nan,nan
972,nan,nan,nan
973,nan,nan,nan
974,nan,nan,nan
975,nan,nan,nan
976,nan,nan,nan
977,nan,nan,nan
978,nan,nan,nan
979,nan,nan,nan
980,nan,nan,nan
981,nan,nan,nan
982,nan,nan,nan
983,nan,nan,nan
984,nan,nan,nan
985,nan,nan,nan
986,nan,nan,nan
987,nan,nan,nan
988,nan,nan,nan
989,nan,nan,nan
990,nan,nan,nan
991,nan,nan,nan
992,nan,nan,nan
993,nan,nan,nan
994,nan,nan,nan
995,nan,nan,nan
996,nan,nan,nan
997,nan,nan,nan
998,nan,nan,nan
999,nan,nan,nan
0,0.18622714,-0.0001036381,0.5991814
1,0.19524759,-0.0005043089,0.5917018
2,0.19885257,-0.0010000272,0.58218795
3,0.20559937,-0.0017100247,0.5686132
4,0.20844644,-0.0023114504,0.5517899
5,0.2154302,-0.0030076886,0.529709
6,0.22202611,-0.0023844012,0.50361234
7,0.23079526,-0.00038030767,0.47333944
8,0.23881027,0.0004362202,0.44688785
9,0.24870843,0.00041705475,0.43386674
10,0.2595927,0.0010332887,0.43728074
11,0.27102292,0.0015706287,0.45610756
12,0.28093687,0.0029464068,0.48275086
13,0.2913069,0.0050013624,0.5015724
14,0.30034775,0.0068007433,0.51107866
15,0.3094196,0.0077717146,0.51692826
16,0.31869814,0.007969696,0.52323216
17,0.3279336,0.0073936298,0.5290423
18,0.33725345,0.0062178373,0.5317615
19,0.34711787,0.005125302,0.5293842
20,0.3575392,0.00424258,0.5215427
21,0.3681293,0.0034969961,0.5086321
22,0.37732357,0.0035611608,0.49455187
23,0.3859164,0.003676192,0.4861955
24,0.3946647,0.0031889966,0.4855583
25,0.40359485,0.0027395934,0.48760676
26,0.41264725,0.0022349413,0.4894722
27,0.42192382,0.0018866238,0.49034825
28,0.4311219,0.0017846586,0.49032953
29,0.440337,0.0018150357,0.48933768
30,0.4494971,0.0017740475,0.4871965
31,0.45869502,0.0014701146,0.48396757
32,0.46778816,0.0009413103,0.47998157
33,0.4771649,0.00046560884,0.47542852
34,0.48667842,0.00042361824,0.47061786
35,0.49630058,0.00077487645,0.46641433
36,0.5060682,0.0011956671,0.46406245
37,0.5159318,0.0017612559,0.4658657
38,0.5255927,0.002670953,0.47462305
39,0.53458434,0.0038848147,0.49049756
40,0.5426715,0.0049697603,0.5044724
41,0.552353,0.00516452,0.5095536
42,0.56158257,0.0047829,0.50862867
43,0.5710538,0.004159852,0.5068754
44,0.5799528,0.003225266,0.50591433
45,0.5892506,0.0021159556,0.501246
46,0.59854925,0.0013989762,0.49157614
47,0.6089034,0.00084707234,0.4791926
48,0.6178053,0.0004580639,0.47172633
49,0.62768245,0.0005545949,0.46906137
50,0.6367911,0.0008537745,0.468619
51,0.6463122,0.0009716131,0.46817377
52,0.65589786,0.0010615254,0.4673437
53,0.66583276,0.0012599753,0.46587983
54,0.6756463,0.0015893995,0.46506426
55,0.6856384,0.002076198,0.46692154
56,0.69516414,0.0026974839,0.47427216
57,0.70418453,0.003607411,0.4875724
58,0.71211463,0.0046906094,0.49929646
59,0.72157276,0.004960901,0.50331146
60,0.7306935,0.0045638615,0.5014166
61,0.74018735,0.0038343829,0.49829474
62,0.7489852,0.0026785806,0.49613467
63,0.7582226,0.0015112654,0.4905355
64,0.7678801,0.000935539,0.48018774
65,0.7776945,0.00069228344,0.4703133
66,0.7867415,0.0008018198,0.46609977
67,0.7967205,0.0012652611,0.46470314
68,0.80596375,0.0014961677,0.46401948
69,0.81614816,0.0015380532,0.463175
70,0.8260187,0.0017738297,0.4634246
71,0.8361646,0.0022177473,0.4661547
72,0.84550744,0.0027682104,0.47458366
73,0.8547332,0.0035742465,0.48868644
74,0.862725,0.0044942736,0.50046474
75,0.87188095,0.004575678,0.504278
76,0.88081837,0.004022381,0.5025048
77,0.89002717,0.0031763366,0.49990198
78,0.8986349,0.001973085,0.49741235
79,0.90762,0.00077769614,0.4913858
80,0.9172819,0.00044038892,0.48076853
81,0.92657983,0.000651414,0.470944
82,0.93584,0.000941243,0.46627906
83,0.9455601,0.0014813128,0.4646506
84,0.9549453,0.0016691296,0.46384782
85,0.964917,0.0016883152,0.46323007
86,0.9748728,0.0019716693,0.46368775
87,0.98485065,0.002503866,0.4666388
88,0.9942137,0.0031211341,0.4748577
89,1.0033404,0.00398822,0.48838642
90,1.0113146,0.004986492,0.50012404
91,1.0205873,0.005169089,0.50418
92,1.0295672,0.0046723913,0.5020007
93,1.0388644,0.0038894536,0.4984179
94,1.04759,0.002858051,0.4956806
95,1.056723,0.0017866819,0.4896056
96,1.0664058,0.0011475859,0.4786942
97,1.0759559,0.0008446617,0.46833342
98,1.085242,0.00096501585,0.46374026
99,1.0951608,0.0014748791,0.46244484
100,1.1047595,0.0016771643,0.46205837
101,1.1147461,0.0018468217,0.4625848
102,1.1245165,0.002306444,0.46543124
103,1.1340786,0.0029951888,0.47234657
104,1.1428072,0.0035104658,0.48415458
105,1.1508425,0.0042943135,0.49593556
106,1.1604925,0.004600197,0.5002814
107,1.1697036,0.0039350525,0.49575546
108,1.179262,0.0027772363,0.48689762
109,1.1884246,0.0016257338,0.48024112
110,1.1978483,0.0011177113,0.47359633
111,1.207405,0.0013432663,0.46451938
112,1.2166108,0.0026892722,0.45762786
113,1.2268913,0.0040003625,0.45572487
114,1.2365763,0.0048367283,0.46112427
115,1.2460876,0.005562812,0.476098
116,1.2545253,0.0064504733,0.49725595
117,1.2629393,0.007419344,0.5125813
118,1.2717593,0.0071718213,0.51640856
119,1.2804551,0.0064179953,0.51322126
120,1.2894217,0.0052773007,0.51155645
121,1.2981988,0.003641694,0.51295906
122,1.3068917,0.0018550529,0.5123235
123,1.3153534,0.0011974573,0.5073951
124,1.3242253,0.0023416895,0.50114924
125,1.3337942,0.003353987,0.49663234
126,1.3428842,0.0036698973,0.49427888
127,1.3526297,0.003603824,0.49231005
128,1.3617108,0.0036966528,0.48982808
129,1.371777,0.0040853266,0.48618898
130,1.3815633,0.00457653,0.48265082
131,1.3917983,0.0051939823,0.48103207
132,1.4016962,0.006077995,0.48513246
133,1.4116069,0.006979168,0.49785233
134,1.4204863,0.008384072,0.517263
135,1.4296632,0.010015018,0.5320532
136,1.4388599,0.010268782,0.5378709
137,1.4484247,0.009564646,0.5392906
138,1.4577949,0.008682758,0.540973
139,1.467031,0.007655599,0.5423587
140,1.4762747,0.0065307976,0.54037005
141,1.4859387,0.005846714,0.5331881
142,1.4959421,0.0055839727,0.52070034
143,1.5059037,0.0054236483,0.5035756
144,1.5154957,0.0049659945,0.4875318
145,1.5239713,0.004649425,0.48107573
146,1.5330563,0.0044269357,0.48209095
147,1.5421667,0.0038446875,0.48499304
148,1.5512291,0.0031342497,0.48719755
149,1.5602294,0.0025905438,0.4877632
150,1.5693724,0.0023441953,0.48680186
151,1.5783967,0.002366321,0.48461783
152,1.5871072,0.0023995922,0.48124444
153,1.5958387,0.0022349367,0.47699976
154,1.604349,0.0021251799,0.4723645
155,1.6126347,0.0022993446,0.46743298
156,1.6209347,0.0030319719,0.4623467
157,1.6291237,0.0043039965,0.4577613
158,1.6382699,0.005559589,0.45622706
159,1.6482315,0.0062137134,0.46155277
160,1.6586108,0.006589814,0.4787951
161,1.6679785,0.008183138,0.50544494
162,1.6775908,0.010040753,0.5240934
163,1.687791,0.011018585,0.53185517
164,1.6971997,0.011689348,0.5366033
165,1.7073717,0.012071969,0.54183084
166,1.716721,0.012055485,0.54769254
167,1.7262087,0.011457708,0.5502121
168,1.7357683,0.010780025,0.5474401
169,1.7455314,0.010115467,0.5392748
170,1.7538459,0.009577051,0.53156596
171,1.7628697,0.009085548,0.5288728
172,1.7723925,0.008716181,0.5293738
173,1.7816348,0.008223779,0.5304445
174,1.790565,0.0076969652,0.5309031
175,1.7999513,0.0070964172,0.53015053
176,1.809082,0.0063275625,0.52794766
177,1.818308,0.0053555267,0.5242732
178,1.8272145,0.004264868,0.5198187
179,1.8364596,0.003255455,0.5147999
180,1.8456082,0.002742114,0.5097718
181,1.8549745,0.0027735597,0.50562143
182,1.8644202,0.002936307,0.50299335
183,1.8741273,0.0031690476,0.50316226
184,1.8839034,0.0037883855,0.508796
185,1.8933648,0.0050075618,0.521583
186,1.9022535,0.006745281,0.53704345
187,1.9114056,0.007730835,0.546368
188,1.92099,0.0073827775,0.5477599
189,1.9306246,0.006527293,0.54636234
190,1.9400933,0.005536869,0.5461534
191,1.9493293,0.0042478135,0.5448002
192,1.9586964,0.002919193,0.5388161
193,1.968464,0.0018714548,0.5275405
194,1.9778776,0.00059451896,0.5139579
195,1.9855598,-0.0013428484,0.50655574
196,1.9943109,-0.002963996,0.5055258
197,2.0032475,-0.0039975448,0.50613976
198,2.0127966,-0.004802657,0.50635177
199,2.022452,-0.0049819993,0.50571656
200,2.032224,-0.004382893,0.5039637
201,2.0420501,-0.0033252588,0.5018433
202,2.051011,-0.0017004084,0.49950638
203,2.060289,0.00017226744,0.49718592
204,2.0694275,0.0018986515,0.49621522
205,2.079139,0.0036035194,0.49728602
206,2.0886009,0.005225897,0.50114733
207,2.0973256,0.0073330654,0.507377
208,2.1047065,0.00886603,0.51487446
209,2.112741,0.011302595,0.52423
210,2.1199644,0.01383292,0.533139
211,2.128991,0.0129574565,0.53752804
212,2.1369376,0.010765727,0.5414476
213,2.1457531,0.008702913,0.54481256
214,2.153824,0.0069790273,0.5473632
215,2.1626656,0.005513247,0.54621136
216,2.1715744,0.004386158,0.54038227
217,2.1815443,0.0037288754,0.5290439
218,2.1916904,0.003961849,0.5137029
219,2.201357,0.005054706,0.50128967
220,2.2109027,0.005788263,0.49606222
221,2.2205725,0.005981392,0.4953325
222,2.2297375,0.0057321955,0.49607438
223,2.239388,0.005532434,0.49655685
224,2.2495315,0.0057470873,0.49666336
225,2.2594216,0.006280304,0.49789584
226,2.2690494,0.0069938423,0.5032217
227,2.278429,0.007859636,0.51522475
228,2.2871952,0.009324878,0.53063226
229,2.2964218,0.010883309,0.540025
230,2.3058493,0.011361033,0.5404255
231,2.3157806,0.011274431,0.5369995
232,2.3254838,0.010881117,0.5344734
233,2.3347247,0.009989243,0.5316988
234,2.3437464,0.009116912,0.52439153
235,2.353443,0.008544741,0.5122655
236,2.3622875,0.008199606,0.50309706
237,2.372028,0.008041907,0.5000666
238,2.3811822,0.007866867,0.4995336
239,2.390302,0.00751009,0.49910587
240,2.399156,0.007305566,0.49792498
241,2.408743,0.0072679305,0.49553445
242,2.4180138,0.0074867248,0.49297765
243,2.4271994,0.008023073,0.490099
244,2.436201,0.008615083,0.4879481
245,2.446099,0.009057015,0.48912227
246,2.4560525,0.00942957,0.4975276
247,2.4660559,0.009819464,0.51632106
248,2.4748986,0.011226791,0.5389215
249,2.4845614,0.012428815,0.5527017
250,2.493455,0.012568474,0.5579041
251,2.5027258,0.012288845,0.5599852
252,2.511701,0.011969944,0.5622902
253,2.5203927,0.011353651,0.5635441
254,2.5290275,0.010432765,0.5608114
255,2.5382767,0.009759063,0.55277526
256,2.5474374,0.009657653,0.5395795
257,2.5568712,0.010403802,0.5249615
258,2.564455,0.011677807,0.51766676
259,2.5736935,0.012335111,0.51746845
260,2.5820181,0.012523703,0.51952386
261,2.5908399,0.012404053,0.5213862
262,2.599565,0.01214789,0.52219987
263,2.6089299,0.01193083,0.52154946
264,2.6177897,0.011897269,0.51995975
265,2.6270418,0.011847774,0.517257
266,2.6359272,0.011704796,0.5137223
267,2.6453688,0.011519457,0.50945616
268,2.6545959,0.0116689205,0.50529
269,2.6641912,0.011960759,0.5013481
270,2.6737561,0.012295155,0.49877498
271,2.683661,0.012911657,0.49976528
272,2.693204,0.013859656,0.5069875
273,2.7021024,0.014818011,0.51942146
274,2.7114356,0.015342253,0.53082556
275,2.7211556,0.015162343,0.53390545
276,2.730712,0.01451508,0.5287334
277,2.739591,0.013683718,0.5223311
278,2.747396,0.0131555665,0.5159205
279,2.7558875,0.013241213,0.5053335
280,2.7648537,0.01396162,0.48978165
281,2.7748756,0.013757626,0.47296456
282,2.784687,0.012958396,0.46035635
283,2.7947922,0.013269655,0.4542385
284,2.8045394,0.013868237,0.45419657
285,2.8152075,0.014081189,0.46078187
286,2.8256412,0.014178999,0.47681892
287,2.8355963,0.014669048,0.4997054
288,2.844949,0.015985033,0.51785594
289,2.8539152,0.016747855,0.5258239
290,2.8633468,0.016577262,0.5284471
291,2.8728695,0.0157957,0.530588
292,2.8824878,0.014771767,0.53196126
293,2.8917427,0.013749745,0.53014416
294,2.9014945,0.013321742,0.52328616
295,2.9118927,0.014135116,0.5118062
296,2.9216623,0.016404303,0.49917626
297,2.931297,0.017555404,0.48997563
298,2.9401364,0.017375225,0.4872869
299,2.9493647,0.017093943,0.48775315
300,2.9581585,0.016571753,0.48825467
301,2.9675198,0.016004987,0.48629287
302,2.9768517,0.015794216,0.4823265
303,2.9868617,0.016030623,0.47742623
304,2.9963562,0.016291782,0.4735879
305,3.0062265,0.01627334,0.47231826
306,3.015844,0.016106592,0.47754094
307,3.0253973,0.016499069,0.49314907
308,3.0335767,0.018379536,0.514143
309,3.0428364,0.02028402,0.52647483
310,3.051341,0.020383999,0.528015
311,3.060425,0.019065395,0.5242576
312,3.0698473,0.01770018,0.52145284
313,3.0795562,0.016464505,0.5212465
314,3.0889788,0.01534181,0.519138
315,3.0984378,0.014273906,0.51177055
316,3.1077576,0.013597997,0.49982792
317,3.116551,0.013322241,0.491175
318,3.1262047,0.013358157,0.48855498
319,3.1357172,0.013740469,0.4881477
320,3.1453416,0.0143631,0.48802298
321,3.1549413,0.015271239,0.4878209
322,3.1648917,0.016477082,0.48736253
323,3.1743178,0.017882762,0.48765188
324,3.1836872,0.019323133,0.49062863
325,3.1925373,0.020641088,0.4992734
326,3.2011325,0.021915494,0.51455754
327,3.2091463,0.023052067,0.5303588
328,3.2192051,0.02295009,0.53740853
329,3.228747,0.02202143,0.53533447
330,3.2385035,0.020896865,0.5321592
331,3.2477036,0.019726109,0.5319083
332,3.2568028,0.01834751,0.5299965
333,3.265968,0.01701599,0.523222
334,3.2752867,0.015787197,0.5148162
335,3.2848585,0.015363694,0.51073194
336,3.2953007,0.015490752,0.51018834
337,3.3051934,0.015523497,0.51148146
338,3.315156,0.015680173,0.5137071
339,3.3247278,0.01604326,0.51645076
340,3.3338268,0.016299456,0.51758426
341,3.3431046,0.016499894,0.5154629
342,3.3528562,0.016773976,0.5096361
343,3.3626912,0.0170895,0.500772
344,3.3728526,0.017483018,0.49076924
345,3.3824615,0.017981999,0.4828151
346,3.392367,0.018692423,0.48057535
347,3.4021378,0.019215386,0.48967803
348,3.4119651,0.01975933,0.51010036
349,3.4210708,0.021100674,0.5304163
350,3.430855,0.02198445,0.5417279
351,3.4389963,0.021228433,0.54651845
352,3.4478638,0.019443646,0.5501755
353,3.4562936,0.018723,0.5542159
354,3.4648387,0.018242732,0.55543894
355,3.4736028,0.017055288,0.5522778
356,3.4832892,0.015064322,0.5444669
357,3.4935644,0.012256764,0.53349197
358,3.502167,0.009207291,0.52563494
359,3.510786,0.0074580107,0.52429765
360,3.519993,0.0063035404,0.5256895
361,3.5293195,0.004860296,0.5270862
362,3.5382621,0.0035517588,0.5277479
363,3.5474205,0.002541278,0.52709407
364,3.5565052,0.0016388181,0.52473056
365,3.56575,0.00050912285,0.52074796
366,3.5748506,-0.00079591013,0.51589525
367,3.584239,-0.0018614391,0.5103763
368,3.5939407,-0.0022955686,0.5047586
369,3.6038446,-0.0022985898,0.5003887
370,3.613871,-0.0021756715,0.49941412
371,3.6241496,-0.0016912147,0.5050635
372,3.634091,-0.00076889014,0.5202167
373,3.6428177,0.0007921895,0.5401677
374,3.651681,0.0020958763,0.55350906
375,3.6614225,0.0019990946,0.55758774
376,3.6709483,0.0014642859,0.55783296
377,3.6805177,0.0009343806,0.5590654
378,3.689674,0.00016846182,0.559774
379,3.6989775,-0.0007292726,0.5562104
380,3.7086027,-0.0013405993,0.54739535
381,3.7185314,-0.0016222312,0.53343666
382,3.7287276,-0.0014263103,0.5149104
383,3.7401793,-0.0015036989,0.49426854
384,3.749972,-0.0024005387,0.48197946
385,3.759786,-0.002988261,0.4799775
386,3.7693105,-0.003294496,0.48218095
387,3.7791204,-0.0037026347,0.48408884
388,3.7889593,-0.004183177,0.48512542
389,3.7987208,-0.004477145,0.48480192
390,3.8085332,-0.004729022,0.48354784
391,3.8184845,-0.0050213747,0.48217252
392,3.827937,-0.005301856,0.48078477
393,3.8374338,-0.0056675086,0.47981066
394,3.84653,-0.0060142577,0.47882363
395,3.8560333,-0.00649154,0.4773685
396,3.8654432,-0.0068599377,0.47749624
397,3.8744652,-0.0067405086,0.4823838
398,3.8821955,-0.006019803,0.49236694
399,3.8909757,-0.0054273587,0.49890217
400,3.8996036,-0.0055026324,0.49649423
401,3.9082465,-0.005921408,0.48754042
402,3.9167342,-0.0064265714,0.4794658
403,3.9258773,-0.006570372,0.4712141
404,3.9361231,-0.0063755964,0.46018088
405,3.9464905,-0.005863115,0.45277083
406,3.9574912,-0.00471221,0.45525044
407,3.967686,-0.00411289,0.4715292
408,3.9768517,-0.0027088397,0.4944306
409,3.985719,-0.0007702394,0.5101192
410,3.9953964,0.00033989397,0.5168661
411,4.005053,0.0005899308,0.5205923
412,4.0149927,0.00032643904,0.5244835
413,4.0244746,-0.00037348783,0.5272345
414,4.0341263,-0.0010491302,0.52631754
415,4.0439076,-0.00134425,0.52034307
416,4.0541844,-0.0008450339,0.509566
417,4.063623,-0.00013142382,0.5016822
418,4.0729527,0.00035148277,0.5001191
419,4.082371,0.00067999284,0.5017747
420,4.091686,0.0012013018,0.5042203
421,4.1009827,0.0022498188,0.50659716
422,4.1101356,0.0032804892,0.5081136
423,4.1189437,0.0040668612,0.5075223
424,4.1284676,0.004860051,0.50332654
425,4.138128,0.0056317877,0.49649042
426,4.148181,0.006375515,0.48823553
427,4.158258,0.007272102,0.47983122
428,4.1685247,0.00850436,0.4725177
429,4.178597,0.009741607,0.46905023
430,4.1887155,0.010542155,0.47380623
431,4.1987586,0.010892617,0.49004737
432,4.2076664,0.011822237,0.51132536
433,4.216853,0.013185928,0.5256376
434,4.225322,0.013616539,0.53142995
435,4.234363,0.013521982,0.5340539
436,4.2427897,0.013011323,0.53786683
437,4.2511926,0.011845531,0.5405008
438,4.2597036,0.010328489,0.5391493
439,4.268955,0.009239454,0.53247255
440,4.2781515,0.009666044,0.5237301
441,4.2866945,0.0103458,0.517988
442,4.295616,0.010525684,0.515507
443,4.304574,0.010887178,0.51488763
444,4.3136883,0.011472485,0.51454085
445,4.3231335,0.01233607,0.5136627
446,4.3329496,0.013329931,0.51217973
447,4.3427753,0.014384965,0.51023155
448,4.3527217,0.0154875,0.5079937
449,4.362609,0.01665654,0.5055277
450,4.372637,0.017784206,0.50310713
451,4.382328,0.01884919,0.5012268
452,4.392567,0.019876944,0.50121593
453,4.402409,0.020949844,0.5059775
454,4.4117846,0.021949131,0.5170838
455,4.420202,0.023239817,0.5319134
456,4.4286156,0.024591744,0.54166824
457,4.437137,0.024730477,0.54335743
458,4.4461794,0.024258975,0.5415934
459,4.454639,0.023540659,0.54155034
460,4.46325,0.022409182,0.5412382
461,4.4720592,0.021468695,0.5372386
462,4.482464,0.021180343,0.52799493
463,4.493098,0.020918619,0.51703966
464,4.5026135,0.020855004,0.5120215
465,4.5119414,0.02113367,0.5126864
466,4.520959,0.02124396,0.5146554
467,4.5303946,0.021545105,0.51556104
468,4.539792,0.02229332,0.514866
469,4.5495677,0.023256492,0.51253796
470,4.559505,0.02424251,0.5095711
471,4.569628,0.025313739,0.5068233
472,4.579605,0.026174981,0.5050607
473,4.5894237,0.026781261,0.5059245
474,4.598804,0.027335376,0.51170963
475,4.6073017,0.02775471,0.52109206
476,4.6155453,0.028140716,0.52721554
477,4.6245656,0.028365105,0.525315
478,4.6332536,0.02836936,0.5176538
479,4.642297,0.028170219,0.5101408
480,4.651348,0.027676256,0.5025594
481,4.6622767,0.027186597,0.4913857
482,4.6734676,0.026643073,0.48055193
483,4.684891,0.027754288,0.4767329
484,4.6949925,0.02887167,0.48360416
485,4.7048955,0.028809385,0.49998668
486,4.714003,0.028949862,0.5176699
487,4.723259,0.02937508,0.5281614
488,4.731711,0.029184354,0.5305054
489,4.7412333,0.028621875,0.5274819
490,4.7498593,0.027928635,0.5251039
491,4.758973,0.027436774,0.5221999
492,4.768482,0.027600838,0.5154897
493,4.778544,0.029002167,0.5042243
494,4.7876253,0.031665802,0.49153703
495,4.797301,0.03394269,0.47896445
496,4.8060813,0.03466321,0.47107083
497,4.81568,0.034891587,0.46871758
498,4.8251457,0.03511241,0.46857876
499,4.8352036,0.03549479,0.4684742
500,4.845269,0.03608287,0.4692827
501,4.8552494,0.03664491,0.47251832
502,4.864241,0.03688218,0.48142415
503,4.872531,0.03701848,0.4956087
504,4.8810234,0.03719921,0.5071205
505,4.8898664,0.03698117,0.50840014
506,4.898916,0.036363848,0.49812028
507,4.908223,0.03605369,0.48269266
508,4.917053,0.036744084,0.4689967
509,4.9258413,0.03835867,0.45838934
510,4.934038,0.038299996,0.45348087
511,4.942777,0.03658873,0.46047592
512,4.951624,0.03641514,0.48395973
513,4.959285,0.037935704,0.50882643
514,4.969949,0.03909494,0.5211694
515,4.977902,0.0383718,0.52231055
516,4.987249,0.036218863,0.5164335
517,4.9962735,0.03442069,0.51457256
518,5.006507,0.034692723,0.5186386
519,5.0150657,0.036078073,0.5241353
520,5.025327,0.036413513,0.5273928
521,5.0345078,0.036171377,0.52664167
522,5.044163,0.03548805,0.5222412
523,5.053518,0.034795973,0.5154138
524,5.064087,0.034610257,0.50836354
525,5.0738163,0.03554574,0.50556093
526,5.0831623,0.0366409,0.50838524
527,5.092766,0.03995805,0.5155159
528,5.101909,0.041186985,0.52169394
529,5.1109953,0.03982989,0.5234962
530,5.120982,0.040004857,0.5242448
531,5.1301517,0.04097139,0.52523094
532,5.1379175,0.04114865,0.5265063
533,5.147927,0.041349158,0.5262816
534,5.157546,0.041587412,0.5228436
535,5.1673956,0.042106267,0.5162026
536,5.1770244,0.04305374,0.5080506
537,5.1866446,0.044637837,0.49980128
538,5.1957474,0.04638148,0.49424276
539,5.2051253,0.047704298,0.4953987
540,5.214348,0.048548628,0.50707996
541,5.2227235,0.049740467,0.52579063
542,5.2311506,0.051524162,0.54170656
543,5.2401457,0.05239543,0.55017275
544,5.2485905,0.051893335,0.5535736
545,5.256445,0.05019717,0.55600667
546,5.2635226,0.04805229,0.558146
547,5.2713757,0.045479063,0.55620545
548,5.279682,0.04302017,0.54918134
549,5.2894015,0.040825527,0.5388193
550,5.2979355,0.039424133,0.52910894
551,5.306651,0.03943135,0.5235672
552,5.3154154,0.04017052,0.52162474
553,5.324425,0.040545627,0.52058184
554,5.3331857,0.04066962,0.51932216
555,5.3420672,0.040845454,0.5170922
556,5.350893,0.041284844,0.51383746
557,5.359799,0.042011734,0.51008826
558,5.36862,0.04303825,0.5082961
559,5.377817,0.04405002,0.5106819
560,5.386601,0.045067355,0.5209438
561,5.3956165,0.045849755,0.5397812
562,5.403781,0.04661066,0.5586541
563,5.412263,0.046730395,0.5687227
564,5.420285,0.045521703,0.5697874
565,5.4289474,0.043971926,0.56759495
566,5.436782,0.0427058,0.56733155
567,5.444911,0.04139665,0.5658951
568,5.453175,0.04041146,0.56002146
569,5.4623275,0.040183045,0.5483829
570,5.471805,0.040680204,0.53126913
571,5.4830456,0.04199261,0.5082652
572,5.4956145,0.043808475,0.48125333
573,5.5069633,0.044745233,0.46038842
574,5.5164275,0.045343135,0.45446068
575,5.527083,0.044958457,0.45815033
576,5.5377183,0.043915156,0.46561867
577,5.548709,0.043400135,0.47632572
578,5.5585117,0.0430545,0.49121106
579,5.5667133,0.04340242,0.5042387
580,5.575957,0.043739107,0.50869876
581,5.5848255,0.04428083,0.5054785
582,5.5948925,0.04513167,0.49859852
583,5.6045284,0.046282746,0.4910058
584,5.614254,0.0471884,0.47966772
585,5.620277,0.047789656,0.46641675
586,5.632313,0.048537727,0.4547485
587,5.6432266,0.04973004,0.45099592
588,5.6532626,0.051039577,0.4552284
589,5.661532,0.052093633,0.47248963
590,5.6702642,0.05468995,0.49350098
591,5.6797733,0.05790546,0.50569004
592,5.6892715,0.060387816,0.5099714
593,5.699551,0.061645217,0.511369
594,5.7101793,0.061952315,0.51278883
595,5.72125,0.061400358,0.5136392
596,5.732297,0.060485356,0.51185924
597,5.74316,0.05986753,0.5052372
598,5.754336,0.059816748,0.49338055
599,5.7661657,0.060286667,0.47690022
600,5.777572,0.061341587,0.458917
601,5.7882338,0.062156316,0.44834295
602,5.7988873,0.06261684,0.44821113
603,5.808786,0.06308058,0.45683128
604,5.817651,0.06415036,0.4725229
605,5.8258862,0.065711774,0.4874032
606,5.8349853,0.066887975,0.49372804
607,5.844754,0.067475505,0.49249163
608,5.854833,0.06719891,0.48760486
609,5.8648543,0.06583435,0.4815185
610,5.874397,0.064168006,0.47284395
611,5.8838987,0.062719725,0.45987192
612,5.893709,0.061007097,0.4437371
613,5.9031806,0.059041835,0.4297457
614,5.912766,0.058234237,0.42153624
615,5.922305,0.05814037,0.42014658
616,5.931864,0.058304016,0.4279514
617,5.9416127,0.059037287,0.44805148
618,5.9506626,0.060689155,0.474525
619,5.9596906,0.062454134,0.4924996
620,5.968306,0.06325572,0.5004249
621,5.977676,0.06354029,0.5025674
622,5.9868526,0.063314855,0.5031123
623,5.9968123,0.06299358,0.5020854
624,6.0064454,0.061900184,0.49986327
625,6.016405,0.05967179,0.49651092
626,6.0262465,0.05795165,0.4912278
627,6.036506,0.057301696,0.48774377
628,6.0464315,0.057742007,0.49113292
629,6.0562444,0.058103524,0.50025046
630,6.065818,0.058563765,0.5093373
631,6.0751514,0.05891685,0.5136471
632,6.084307,0.05778548,0.5126758
633,6.093418,0.055532906,0.50884855
634,6.1020117,0.053066626,0.5045103
635,6.110015,0.050594926,0.5013424
636,6.1189613,0.04856628,0.4985131
637,6.1271524,0.04796711,0.4983464
638,6.1347337,0.048583835,0.49990705
639,6.1448402,0.04786857,0.4979727
640,6.15498,0.045859136,0.49246305
641,6.164469,0.04294945,0.4855831
642,6.1737275,0.04014638,0.4794936
643,6.1824045,0.038230047,0.47418422
644,6.1911073,0.037278753,0.46970737
645,6.1999707,0.03695059,0.46647924
646,6.2088523,0.037169598,0.466178
647,6.2175126,0.038222976,0.47219157
648,6.225143,0.03930903,0.482431
649,6.234588,0.039351553,0.4896717
650,6.244094,0.038465217,0.4886661
651,6.2547092,0.03666692,0.47782475
652,6.2638936,0.033821307,0.46078628
653,6.2723346,0.0321333,0.4444121
654,6.2788973,0.03310292,0.4367513
655,6.2871695,0.03603014,0.44391927
656,6.297089,0.039948955,0.46575913
657,6.302496,0.03962008,0.48736644
658,6.3114724,0.03747423,0.5042389
659,6.3157344,0.03749553,0.52546674
660,6.3251014,0.036468785,0.53908145
661,6.331538,0.03431932,0.5441914
662,6.3385906,0.03195807,0.53958327
663,6.343806,0.030134156,0.5327156
664,6.349317,0.028532606,0.52793807
665,6.3538527,0.027622385,0.5244714
666,6.360584,0.028017085,0.52298176
667,6.3685827,0.028843075,0.5299583
668,6.378121,0.028085852,0.54007155
669,6.387104,0.025829572,0.54050213
670,6.394748,0.02486083,0.5325944
671,6.4013934,0.025366522,0.52526295
672,6.4068003,0.02657174,0.52048284
673,6.4118824,0.029162847,0.51577294
674,6.4156036,0.033034623,0.5120541
675,6.417985,0.038112015,0.50697595
676,6.4201274,0.041380025,0.5029587
677,6.4234734,0.042811334,0.50580966
678,6.4303026,0.046507712,0.51648927
679,6.4352326,0.050651096,0.5296886
680,6.442176,0.05224905,0.5409128
681,6.4490743,0.052121982,0.5525802
682,6.456284,0.051135898,0.5617553
683,6.4627433,0.04969175,0.56838423
684,6.4698076,0.047737963,0.5725519
685,6.476748,0.04596158,0.57226974
686,6.485177,0.044967867,0.5670711
687,6.493949,0.044267222,0.5595415
688,6.5040445,0.044152748,0.5515104
689,6.5137677,0.04478097,0.54780054
690,6.522991,0.045645945,0.5520303
691,6.5317492,0.045757253,0.56115496
692,6.5409017,0.045694288,0.5679497
693,6.5503197,0.045458637,0.5689623
694,6.560051,0.044853058,0.56553936
695,6.5693913,0.0438053,0.5592372
696,6.5787153,0.04291673,0.54989594
697,6.5873613,0.042472433,0.5385425
698,6.59629,0.043175854,0.52705485
699,6.604913,0.045124885,0.51728874
700,6.6132226,0.0477101,0.5118898
701,6.621708,0.049911626,0.5142
702,6.630098,0.050856914,0.5249582
703,6.6379313,0.050214566,0.5399532
704,6.6452785,0.05064683,0.55428195
705,6.650523,0.051353827,0.5650662
706,6.65811,0.05164775,0.5715309
707,6.665911,0.050959565,0.57592237
708,6.673892,0.049469493,0.5769007
709,6.681033,0.048097968,0.57367915
710,6.6886578,0.048823275,0.5695865
711,6.6969366,0.05148347,0.56451225
712,6.706424,0.05360906,0.5569
713,6.7146707,0.055041313,0.54717946
714,6.723001,0.0554801,0.5307043
715,6.7314696,0.055538032,0.50807613
716,6.7386355,0.05543927,0.48373875
717,6.7443776,0.05659686,0.46158487
718,6.7488837,0.060184106,0.4421139
719,6.7511735,0.06362341,0.42991006
720,6.752078,0.06542359,0.4314845
721,6.755984,0.06746004,0.44547606
722,6.758349,0.069865175,0.469672
723,6.7600636,0.07291179,0.4934537
724,6.764913,0.07493428,0.5096164
725,6.773861,0.0745889,0.5173171
726,6.781684,0.073811024,0.51742744
727,6.785813,0.07394521,0.5166488
728,6.7898583,0.075012535,0.5177802
729,6.7939167,0.07761774,0.51622546
730,6.7987595,0.082010254,0.50964016
731,6.802819,0.08746592,0.4991483
732,6.8050513,0.09222951,0.4866354
733,6.8068285,0.093478866,0.48263878
734,6.8125224,0.095984,0.48860958
735,6.8201437,0.101606905,0.50137043
736,6.828775,0.1063503,0.5131033
737,6.838018,0.10959565,0.5215049
738,6.8483005,0.111098744,0.5280367
739,6.8579836,0.11149085,0.53381044
740,6.8675065,0.11104626,0.5404994
741,6.8770823,0.108916536,0.5449865
742,6.88517,0.10648815,0.54852897
743,6.8949437,0.1069051,0.551601
744,6.903721,0.10718989,0.5527668
745,6.9133024,0.10662844,0.550316
746,6.9223723,0.10568728,0.5457711
747,6.932359,0.105345964,0.54009
748,6.941343,0.10547005,0.5362573
749,6.9514704,0.10619921,0.536628
750,6.9614,0.106752306,0.54417485
751,6.9712625,0.1073757,0.56023854
752,6.979026,0.108635716,0.5814552
753,6.987254,0.110774584,0.5958095
754,6.996054,0.11248234,0.6002132
755,7.005017,0.114144884,0.60125476
756,7.012497,0.115871534,0.60165954
757,7.0189877,0.11646302,0.59885406
758,7.0253954,0.11598495,0.59184706
759,7.0307584,0.11608597,0.58326405
760,7.0349493,0.11694409,0.5771629
761,7.039623,0.118197784,0.5741953
762,7.045494,0.119895205,0.57401323
763,7.0525765,0.1216184,0.57711416
764,7.060782,0.12297881,0.5825611
765,7.069153,0.12391177,0.5877125
766,7.0779305,0.1251347,0.58904374
767,7.086743,0.12656465,0.5859839
768,7.0962534,0.1278199,0.5806174
769,7.105327,0.12845363,0.57371545
770,7.114557,0.12861855,0.56543803
771,7.1228886,0.12830429,0.55623657
772,7.1319876,0.1284495,0.546059
773,7.1422415,0.12958723,0.53643
774,7.1536837,0.13088812,0.5307641
775,7.1643825,0.13079913,0.5354655
776,7.1754184,0.13015082,0.54234487
777,7.1857758,0.1299867,0.54286677
778,7.194043,0.13040887,0.5362869
779,7.204211,0.13177802,0.52302074
780,7.214144,0.13337755,0.5065926
781,7.2244973,0.135156,0.49015972
782,7.2343946,0.13614453,0.4745808
783,7.244093,0.13776173,0.46197554
784,7.253795,0.14020193,0.45269057
785,7.2634783,0.14248113,0.44460014
786,7.272531,0.14390796,0.43761957
787,7.281085,0.14397748,0.4353348
788,7.2895875,0.1428755,0.4408502
789,7.2977667,0.14139178,0.4540878
790,7.3052197,0.1408565,0.46802345
791,7.312366,0.14085251,0.47526792
792,7.319165,0.14101605,0.47577688
793,7.326083,0.14183219,0.47163296
794,7.3326488,0.14343494,0.46363112
795,7.3381786,0.1463511,0.45241758
796,7.3429804,0.14994264,0.4398997
797,7.346902,0.15364683,0.425676
798,7.3513837,0.1549463,0.4121704
799,7.35552,0.15466167,0.40488094
800,7.3613486,0.15493378,0.40442902
801,7.3651166,0.15431118,0.41512322
802,7.370089,0.15663669,0.4338961
803,7.375384,0.15938146,0.4547002
804,7.381049,0.16032122,0.46962428
805,7.3863335,0.16023399,0.4771947
806,7.392217,0.15926637,0.48026296
807,7.3981752,0.15794934,0.48009023
808,7.404856,0.158603,0.47686672
809,7.411477,0.16085242,0.47452402
810,7.4180136,0.16276616,0.47576514
811,7.424149,0.16440868,0.47902027
812,7.4295826,0.16559659,0.4817866
813,7.436067,0.16670561,0.48225036
814,7.4428587,0.16688885,0.4838424
815,7.4499454,0.16617844,0.48604205
816,7.4564667,0.16472921,0.48825353
817,7.4620533,0.16313416,0.4896857
818,7.467031,0.16182686,0.4906373
819,7.4715,0.161084,0.4910067
820,7.4762917,0.16051535,0.49108848
821,7.481235,0.15979694,0.49078923
822,7.486493,0.15882383,0.48987406
823,7.491762,0.15753368,0.4887734
824,7.4967723,0.15599519,0.48782393
825,7.501472,0.15423298,0.48706013
826,7.505655,0.15243155,0.4864107
827,7.509415,0.15074812,0.4857526
828,7.5127025,0.14925864,0.48507252
829,7.5158834,0.14781477,0.48443678
830,7.518779,0.1463776,0.48386905
831,7.521523,0.14511651,0.483218
832,7.5240254,0.1439156,0.48260567
833,7.526363,0.14273225,0.4820488
834,7.528401,0.14164901,0.48151657
835,7.5302405,0.1406443,0.4810269
836,7.531844,0.1396567,0.4806456
837,7.5332885,0.13867903,0.48029655
838,7.5345545,0.13769534,0.48000038
839,7.5356784,0.13676308,0.47971916
840,7.5366096,0.13595656,0.47941744
841,7.5374246,0.13530721,0.47910467
842,7.5381613,0.13475214,0.47880244
843,7.5388427,0.13430397,0.4784769
844,7.5395026,0.13394305,0.47813058
845,7.540139,0.13363498,0.47777393
846,7.540756,0.13336523,0.47740757
847,7.5413504,0.13312106,0.47703782
848,7.541924,0.1328942,0.47666764
849,7.5424805,0.13267998,0.47629794
850,7.543015,0.13247505,0.47593
851,7.5435343,0.13228115,0.47556004
852,7.544031,0.13209726,0.47519287
853,7.544509,0.13192001,0.47483057
854,7.5449677,0.13174786,0.47447145
855,7.5454082,0.13157845,0.4741147
856,7.5458355,0.13140649,0.47376105
857,7.5462575,0.1312158,0.4734157
858,7.5466604,0.13101341,0.47307256
859,7.547042,0.13080871,0.47272995
860,7.5473843,0.13062486,0.47237998
861,7.5477147,0.1304621,0.47199917
862,7.5480433,0.13029405,0.47153336
863,7.548395,0.13016811,0.4710486
864,7.548707,0.13007337,0.47063485
865,7.548999,0.13000003,0.47028187
866,7.549264,0.12994157,0.4700123
867,7.5494933,0.12987149,0.46977222
868,7.549725,0.12978533,0.46950972
869,7.5499535,0.12969007,0.46922725
870,7.550173,0.12959665,0.4689534
871,7.5503783,0.12953341,0.46875608
872,7.5505576,0.12947029,0.4685841
873,7.550744,0.12940511,0.4683943
874,7.5509253,0.12933722,0.46819162
875,7.551103,0.12926874,0.46797955
876,7.551276,0.12919924,0.46776408
877,7.5514455,0.12912849,0.46754494
878,7.5516095,0.12905325,0.4673249
879,7.5517707,0.1289747,0.46710232
880,7.551929,0.1288935,0.46687686
881,7.552074,0.12882838,0.46668893
882,7.552204,0.12876967,0.46652627
883,7.552337,0.1286952,0.4663503
884,7.552474,0.12861487,0.46615335
885,7.552609,0.12853307,0.46594694
886,7.552743,0.12845351,0.4657373
887,7.552873,0.12837517,0.46552777
888,7.5530014,0.1282989,0.46531868
889,7.5531263,0.12822439,0.46510947
890,7.553252,0.12815206,0.46489882
891,7.5533743,0.12807699,0.46468905
892,7.5534916,0.12799747,0.46448
893,7.553609,0.12791348,0.46427092
894,7.553722,0.12782323,0.46406117
895,7.5538325,0.12773009,0.4638484
896,7.55394,0.12763487,0.46363246
897,7.554043,0.12753743,0.4634142
898,7.554138,0.12744415,0.46319062
899,7.5542283,0.1273603,0.46296072
900,7.554319,0.1272795,0.4627265
901,7.554408,0.12720014,0.46248603
902,7.554495,0.12712115,0.46223643
903,7.554585,0.12703948,0.4619608
904,7.554677,0.12696174,0.46167597
905,7.5547624,0.1268872,0.46139562
906,7.554845,0.12681669,0.4611158
907,7.5549254,0.12676361,0.46086407
908,7.5549974,0.12671806,0.4606316
909,7.5550714,0.12666903,0.46040243
910,7.555144,0.12662178,0.46016952
911,7.555217,0.12657754,0.4599346
912,7.555289,0.1265363,0.45969838
913,7.5553603,0.12649757,0.45946276
914,7.5554314,0.12646084,0.45922813
915,7.555501,0.1264268,0.45899406
916,7.555572,0.12640548,0.45878136
917,7.555639,0.12638932,0.45858762
918,7.5557046,0.12637377,0.45839927
919,7.5557694,0.12636104,0.45821345
920,7.555835,0.12635186,0.458029
921,7.5558977,0.12634742,0.4578455
922,7.555962,0.12634659,0.45766512
923,7.5560274,0.12634812,0.45748723
924,7.5560937,0.1263515,0.45731208
925,7.5561614,0.12635705,0.45713785
926,7.556229,0.12636337,0.4569659
927,7.556294,0.12637056,0.45679528
928,7.556357,0.12637897,0.45662585
929,7.5564203,0.12638804,0.4564586
930,7.5564837,0.12639745,0.45629236
931,7.556547,0.12640668,0.4561264
932,7.55661,0.12641497,0.45596105
933,7.5566726,0.12642269,0.4557944
934,7.556736,0.12643057,0.4556261
935,7.5567994,0.12643817,0.45545694
936,7.5568614,0.12644425,0.4552872
937,7.556924,0.1264481,0.4551146
938,7.556987,0.12644403,0.45493025
939,7.55706,0.12640175,0.4546715
940,7.5571494,0.12637456,0.45439792
941,7.5572205,0.12637235,0.45417035
942,7.557285,0.126368,0.4539704
943,7.5573473,0.12636271,0.4537869
944,7.5574074,0.12635958,0.45361272
945,7.557464,0.12635785,0.45344648
946,7.557522,0.12635776,0.45328128
947,7.5575747,0.12635474,0.45312035
948,7.5576305,0.12635183,0.4529585
949,7.5576854,0.12634842,0.4527935
950,7.557739,0.12635225,0.45264378
951,7.5577784,0.12638831,0.45257446
952,7.5578027,0.12640843,0.45251593
953,7.5578456,0.12641233,0.4524091
954,7.557891,0.12640771,0.4522699
955,7.557941,0.1264044,0.45211253
956,7.557991,0.1264036,0.45194942
957,7.558042,0.12640494,0.45178294
958,7.558094,0.12640603,0.45161548
959,7.5581427,0.12640606,0.45144898
960,7.558192,0.12640728,0.45128253
961,7.558241,0.12640864,0.45111537
962,7.5582895,0.12640895,0.4509477
963,7.558338,0.12640864,0.45077842
964,7.5583863,0.12640724,0.4506081
965,7.558434,0.12640412,0.45043737
966,7.5584793,0.1263994,0.4502656
967,7.558526,0.12639633,0.45009202
968,7.5585737,0.12639357,0.4499156
969,7.5586205,0.1263892,0.44973806
970,7.5586643,0.12638411,0.44955993
971,7.5587077,0.12637803,0.4493804
972,7.5587506,0.12637098,0.44919965
973,7.558793,0.12636198,0.4490177
974,7.5588336,0.12635095,0.44883502
975,7.558874,0.12634015,0.4486503
976,7.558912,0.12633264,0.4484655
977,7.5589542,0.12632972,0.44827586
978,7.558998,0.12632403,0.44808245
979,7.5590367,0.12631512,0.44789252
980,7.5590816,0.12632479,0.4477125
981,7.559133,0.12634197,0.44753447
982,7.55918,0.12634449,0.44735944
983,7.559224,0.12632011,0.44712785
984,7.5593066,0.12628758,0.446793
985,7.5593967,0.12630105,0.4464799
986,7.55945,0.12631653,0.44623536
987,7.559507,0.12633583,0.44601426
988,7.559574,0.12636048,0.44581014
989,7.55961,0.12636901,0.44564846
990,7.5596485,0.12638676,0.44549423
991,7.5596833,0.1264181,0.44535273
992,7.559702,0.12645774,0.44522962
993,7.5597258,0.12649158,0.44509423
994,7.559754,0.12652315,0.44494188
995,7.559789,0.1265484,0.44477773
996,7.559816,0.12656793,0.44461632
997,7.559843,0.12659597,0.44445598
998,7.5598736,0.1266353,0.4442947
999,7.559908,0.12666929,0.44412547
0,0.18622714,-0.0001036381,0.5991814
1,0.19524759,-0.0005043089,0.5917018
2,0.19885257,-0.0010000272,0.58218795
3,0.20559937,-0.0017100247,0.5686132
4,0.20844644,-0.0023114504,0.5517899
5,0.2154302,-0.0030076886,0.529709
6,0.22202611,-0.0023844012,0.50361234
7,0.23079526,-0.00038030767,0.47333944
8,0.23881027,0.0004362202,0.44688785
9,0.24870843,0.00041705475,0.43386674
10,0.2595927,0.0010332887,0.43728074
11,0.27102292,0.0015706287,0.45610756
12,0.28093687,0.0029464068,0.48275086
13,0.2913069,0.0050013624,0.5015724
14,0.30034775,0.0068007433,0.51107866
15,0.3094196,0.0077717146,0.51692826
16,0.31869814,0.007969696,0.52323216
17,0.3279336,0.0073936298,0.5290423
18,0.33725345,0.0062178373,0.5317615
19,0.34711787,0.005125302,0.5293842
20,0.3575392,0.00424258,0.5215427
21,0.3681293,0.0034969961,0.5086321
22,0.37732357,0.0035611608,0.49455187
23,0.3859164,0.003676192,0.4861955
24,0.3946647,0.0031889966,0.4855583
25,0.40359485,0.0027395934,0.48760676
26,0.41264725,0.0022349413,0.4894722
27,0.42192382,0.0018866238,0.49034825
28,0.4311219,0.0017846586,0.49032953
29,0.440337,0.0018150357,0.48933768
30,0.4494971,0.0017740475,0.4871965
31,0.45869502,0.0014701146,0.48396757
32,0.46778816,0.0009413103,0.47998157
33,0.4771649,0.00046560884,0.47542852
34,0.48667842,0.00042361824,0.47061786
35,0.49630058,0.00077487645,0.46641433
36,0.5060682,0.0011956671,0.46406245
37,0.5159318,0.0017612559,0.4658657
38,0.5255927,0.002670953,0.47462305
39,0.53458434,0.0038848147,0.49049756
40,0.5426715,0.0049697603,0.5044724
41,0.552353,0.00516452,0.5095536
42,0.56158257,0.0047829,0.50862867
43,0.5710538,0.004159852,0.5068754
44,0.5799528,0.003225266,0.50591433
45,0.5892506,0.0021159556,0.501246
46,0.59854925,0.0013989762,0.49157614
47,0.6089034,0.00084707234,0.4791926
48,0.6178053,0.0004580639,0.47172633
49,0.62768245,0.0005545949,0.46906137
50,0.6367911,0.0008537745,0.468619
51,0.6463122,0.0009716131,0.46817377
52,0.65589786,0.0010615254,0.4673437
53,0.66583276,0.0012599753,0.46587983
54,0.6756463,0.0015893995,0.46506426
55,0.6856384,0.002076198,0.46692154
56,0.69516414,0.0026974839,0.47427216
57,0.70418453,0.003607411,0.4875724
58,0.71211463,0.0046906094,0.49929646
59,0.72157276,0.004960901,0.50331146
60,0.7306935,0.0045638615,0.5014166
61,0.74018735,0.0038343829,0.49829474
62,0.7489852,0.0026785806,0.49613467
63,0.7582226,0.0015112654,0.4905355
64,0.7678801,0.000935539,0.48018774
65,0.7776945,0.00069228344,0.4703133
66,0.7867415,0.0008018198,0.46609977
67,0.7967205,0.0012652611,0.46470314
68,0.80596375,0.0014961677,0.46401948
69,0.81614816,0.0015380532,0.463175
70,0.8260187,0.0017738297,0.4634246
71,0.8361646,0.0022177473,0.4661547
72,0.84550744,0.0027682104,0.47458366
73,0.8547332,0.0035742465,0.48868644
74,0.862725,0.0044942736,0.50046474
75,0.87188095,0.004575678,0.504278
76,0.88081837,0.004022381,0.5025048
77,0.89002717,0.0031763366,0.49990198
78,0.8986349,0.001973085,0.49741235
79,0.90762,0.00077769614,0.4913858
80,0.9172819,0.00044038892,0.48076853
81,0.92657983,0.000651414,0.470944
82,0.93584,0.000941243,0.46627906
83,0.9455601,0.0014813128,0.4646506
84,0.9549453,0.0016691296,0.46384782
85,0.964917,0.0016883152,0.46323007
86,0.9748728,0.0019716693,0.46368775
87,0.98485065,0.002503866,0.4666388
88,0.9942137,0.0031211341,0.4748577
89,1.0033404,0.00398822,0.48838642
90,1.0113146,0.004986492,0.50012404
91,1.0205873,0.005169089,0.50418
92,1.0295672,0.0046723913,0.5020007
93,1.0388644,0.0038894536,0.4984179
94,1.04759,0.002858051,0.4956806
95,1.056723,0.0017866819,0.4896056
96,1.0664058,0.0011475859,0.4786942
97,1.0759559,0.0008446617,0.46833342
98,1.085242,0.00096501585,0.46374026
99,1.0951608,0.0014748791,0.46244484
100,1.1047595,0.0016771643,0.46205837
101,1.1147461,0.0018468217,0.4625848
102,1.1245165,0.002306444,0.46543124
103,1.1340786,0.0029951888,0.47234657
104,1.1428072,0.0035104658,0.48415458
105,1.1508425,0.0042943135,0.49593556
106,1.1604925,0.004600197,0.5002814
107,1.1697036,0.0039350525,0.49575546
108,1.179262,0.0027772363,0.48689762
109,1.1884246,0.0016257338,0.48024112
110,1.1978483,0.0011177113,0.47359633
111,1.207405,0.0013432663,0.46451938
112,1.2166108,0.0026892722,0.45762786
113,1.2268913,0.0040003625,0.45572487
114,1.2365763,0.0048367283,0.46112427
115,1.2460876,0.005562812,0.476098
116,1.2545253,0.0064504733,0.49725595
117,1.2629393,0.007419344,0.5125813
118,1.2717593,0.0071718213,0.51640856
119,1.2804551,0.0064179953,0.51322126
120,1.2894217,0.0052773007,0.51155645
121,1.2981988,0.003641694,0.51295906
122,1.3068917,0.0018550529,0.5123235
123,1.3153534,0.0011974573,0.5073951
124,1.3242253,0.0023416895,0.50114924
125,1.3337942,0.003353987,0.49663234
126,1.3428842,0.0036698973,0.49427888
127,1.3526297,0.003603824,0.49231005
128,1.3617108,0.0036966528,0.48982808
129,1.371777,0.0040853266,0.48618898
130,1.3815633,0.00457653,0.48265082
131,1.3917983,0.0051939823,0.48103207
132,1.4016962,0.006077995,0.48513246
133,1.4116069,0.006979168,0.49785233
134,1.4204863,0.008384072,0.517263
135,1.4296632,0.010015018,0.5320532
136,1.4388599,0.010268782,0.5378709
137,1.4484247,0.009564646,0.5392906
138,1.4577949,0.008682758,0.540973
139,1.467031,0.007655599,0.5423587
140,1.4762747,0.0065307976,0.54037005
141,1.4859387,0.005846714,0.5331881
142,1.4959421,0.0055839727,0.52070034
143,1.5059037,0.0054236483,0.5035756
144,1.5154957,0.0049659945,0.4875318
145,1.5239713,0.004649425,0.48107573
146,1.5330563,0.0044269357,0.48209095
147,1.5421667,0.0038446875,0.48499304
148,1.5512291,0.0031342497,0.48719755
149,1.5602294,0.0025905438,0.4877632
150,1.5693724,0.0023441953,0.48680186
151,1.5783967,0.002366321,0.48461783
152,1.5871072,0.0023995922,0.48124444
153,1.5958387,0.0022349367,0.47699976
154,1.604349,0.0021251799,0.4723645
155,1.6126347,0.0022993446,0.46743298
156,1.6209347,0.0030319719,0.4623467
157,1.6291237,0.0043039965,0.4577613
158,1.6382699,0.005559589,0.45622706
159,1.6482315,0.0062137134,0.46155277
160,1.6586108,0.006589814,0.4787951
161,1.6679785,0.008183138,0.50544494
162,1.6775908,0.010040753,0.5240934
163,1.687791,0.011018585,0.53185517
164,1.6971997,0.011689348,0.5366033
165,1.7073717,0.012071969,0.54183084
166,1.716721,0.012055485,0.54769254
167,1.7262087,0.011457708,0.5502121
168,1.7357683,0.010780025,0.5474401
169,1.7455314,0.010115467,0.5392748
170,1.7538459,0.009577051,0.53156596
171,1.7628697,0.009085548,0.5288728
172,1.7723925,0.008716181,0.5293738
173,1.7816348,0.008223779,0.5304445
174,1.790565,0.0076969652,0.5309031
175,1.7999513,0.0070964172,0.53015053
176,1.809082,0.0063275625,0.52794766
177,1.818308,0.0053555267,0.5242732
178,1.8272145,0.004264868,0.5198187
179,1.8364596,0.003255455,0.5147999
180,1.8456082,0.002742114,0.5097718
181,1.8549745,0.0027735597,0.50562143
182,1.8644202,0.002936307,0.50299335
183,1.8741273,0.0031690476,0.50316226
184,1.8839034,0.0037883855,0.508796
185,1.8933648,0.0050075618,0.521583
186,1.9022535,0.006745281,0.53704345
187,1.9114056,0.007730835,0.546368
188,1.92099,0.0073827775,0.5477599
189,1.9306246,0.006527293,0.54636234
190,1.9400933,0.005536869,0.5461534
191,1.9493293,0.0042478135,0.5448002
192,1.9586964,0.002919193,0.5388161
193,1.968464,0.0018714548,0.5275405
194,1.9778776,0.00059451896,0.5139579
195,1.9855598,-0.0013428484,0.50655574
196,1.9943109,-0.002963996,0.5055258
197,2.0032475,-0.0039975448,0.50613976
198,2.0127966,-0.004802657,0.50635177
199,2.022452,-0.0049819993,0.50571656
200,2.032224,-0.004382893,0.5039637
201,2.0420501,-0.0033252588,0.5018433
202,2.051011,-0.0017004084,0.49950638
203,2.060289,0.00017226744,0.49718592
204,2.0694275,0.0018986515,0.49621522
205,2.079139,0.0036035194,0.49728602
206,2.0886009,0.005225897,0.50114733
207,2.0973256,0.0073330654,0.507377
208,2.1047065,0.00886603,0.51487446
209,2.112741,0.011302595,0.52423
210,2.1199644,0.01383292,0.533139
211,2.128991,0.0129574565,0.53752804
212,2.1369376,0.010765727,0.5414476
213,2.1457531,0.008702913,0.54481256
214,2.153824,0.0069790273,0.5473632
215,2.1626656,0.005513247,0.54621136
216,2.1715744,0.004386158,0.54038227
217,2.1815443,0.0037288754,0.5290439
218,2.1916904,0.003961849,0.5137029
219,2.201357,0.005054706,0.50128967
220,2.2109027,0.005788263,0.49606222
221,2.2205725,0.005981392,0.4953325
222,2.2297375,0.0057321955,0.49607438
223,2.239388,0.005532434,0.49655685
224,2.2495315,0.0057470873,0.49666336
225,2.2594216,0.006280304,0.49789584
226,2.2690494,0.0069938423,0.5032217
227,2.278429,0.007859636,0.51522475
228,2.2871952,0.009324878,0.53063226
229,2.2964218,0.010883309,0.540025
230,2.3058493,0.011361033,0.5404255
231,2.3157806,0.011274431,0.5369995
232,2.3254838,0.010881117,0.5344734
233,2.3347247,0.009989243,0.5316988
234,2.3437464,0.009116912,0.52439153
235,2.353443,0.008544741,0.5122655
236,2.3622875,0.008199606,0.50309706
237,2.372028,0.008041907,0.5000666
238,2.3811822,0.007866867,0.4995336
239,2.390302,0.00751009,0.49910587
240,2.399156,0.007305566,0.49792498
241,2.408743,0.0072679305,0.49553445
242,2.4180138,0.0074867248,0.49297765
243,2.4271994,0.008023073,0.490099
244,2.436201,0.008615083,0.4879481
245,2.446099,0.009057015,0.48912227
246,2.4560525,0.00942957,0.4975276
247,2.4660559,0.009819464,0.51632106
248,2.4748986,0.011226791,0.5389215
249,2.4845614,0.012428815,0.5527017
250,2.493455,0.012568474,0.5579041
251,2.5027258,0.012288845,0.5599852
252,2.511701,0.011969944,0.5622902
253,2.5203927,0.011353651,0.5635441
254,2.5290275,0.010432765,0.5608114
255,2.5382767,0.009759063,0.55277526
256,2.5474374,0.009657653,0.5395795
257,2.5568712,0.010403802,0.5249615
258,2.564455,0.011677807,0.51766676
259,2.5736935,0.012335111,0.51746845
260,2.5820181,0.012523703,0.51952386
261,2.5908399,0.012404053,0.5213862
262,2.599565,0.01214789,0.52219987
263,2.6089299,0.01193083,0.52154946
264,2.6177897,0.011897269,0.51995975
265,2.6270418,0.011847774,0.517257
266,2.6359272,0.011704796,0.5137223
267,2.6453688,0.011519457,0.50945616
268,2.6545959,0.0116689205,0.50529
269,2.6641912,0.011960759,0.5013481
270,2.6737561,0.012295155,0.49877498
271,2.683661,0.012911657,0.49976528
272,2.693204,0.013859656,0.5069875
273,2.7021024,0.014818011,0.51942146
274,2.7114356,0.015342253,0.53082556
275,2.7211556,0.015162343,0.53390545
276,2.730712,0.01451508,0.5287334
277,2.739591,0.013683718,0.5223311
278,2.747396,0.0131555665,0.5159205
279,2.7558875,0.013241213,0.5053335
280,2.7648537,0.01396162,0.48978165
281,2.7748756,0.013757626,0.47296456
282,2.784687,0.012958396,0.46035635
283,2.7947922,0.013269655,0.4542385
284,2.8045394,0.013868237,0.45419657
285,2.8152075,0.014081189,0.46078187
286,2.8256412,0.014178999,0.47681892
287,2.8355963,0.014669048,0.4997054
288,2.844949,0.015985033,0.51785594
289,2.8539152,0.016747855,0.5258239
290,2.8633468,0.016577262,0.5284471
291,2.8728695,0.0157957,0.530588
292,2.8824878,0.014771767,0.53196126
293,2.8917427,0.013749745,0.53014416
294,2.9014945,0.013321742,0.52328616
295,2.9118927,0.014135116,0.5118062
296,2.9216623,0.016404303,0.49917626
297,2.931297,0.017555404,0.48997563
298,2.9401364,0.017375225,0.4872869
299,2.9493647,0.017093943,0.48775315
300,2.9581585,0.016571753,0.48825467
301,2.9675198,0.016004987,0.48629287
302,2.9768517,0.015794216,0.4823265
303,2.9868617,0.016030623,0.47742623
304,2.9963562,0.016291782,0.4735879
305,3.0062265,0.01627334,0.47231826
306,3.015844,0.016106592,0.47754094
307,3.0253973,0.016499069,0.49314907
308,3.0335767,0.018379536,0.514143
309,3.0428364,0.02028402,0.52647483
310,3.051341,0.020383999,0.528015
311,3.060425,0.019065395,0.5242576
312,3.0698473,0.01770018,0.52145284
313,3.0795562,0.016464505,0.5212465
314,3.0889788,0.01534181,0.519138
315,3.0984378,0.014273906,0.51177055
316,3.1077576,0.013597997,0.49982792
317,3.116551,0.013322241,0.491175
318,3.1262047,0.013358157,0.48855498
319,3.1357172,0.013740469,0.4881477
320,3.1453416,0.0143631,0.48802298
321,3.1549413,0.015271239,0.4878209
322,3.1648917,0.016477082,0.48736253
323,3.1743178,0.017882762,0.48765188
324,3.1836872,0.019323133,0.49062863
325,3.1925373,0.020641088,0.4992734
326,3.2011325,0.021915494,0.51455754
327,3.2091463,0.023052067,0.5303588
328,3.2192051,0.02295009,0.53740853
329,3.228747,0.02202143,0.53533447
330,3.2385035,0.020896865,0.5321592
331,3.2477036,0.019726109,0.5319083
332,3.2568028,0.01834751,0.5299965
333,3.265968,0.01701599,0.523222
334,3.2752867,0.015787197,0.5148162
335,3.2848585,0.015363694,0.51073194
336,3.2953007,0.015490752,0.51018834
337,3.3051934,0.015523497,0.51148146
338,3.315156,0.015680173,0.5137071
339,3.3247278,0.01604326,0.51645076
340,3.3338268,0.016299456,0.51758426
341,3.3431046,0.016499894,0.5154629
342,3.3528562,0.016773976,0.5096361
343,3.3626912,0.0170895,0.500772
344,3.3728526,0.017483018,0.49076924
345,3.3824615,0.017981999,0.4828151
346,3.392367,0.018692423,0.48057535
347,3.4021378,0.019215386,0.48967803
348,3.4119651,0.01975933,0.51010036
349,3.4210708,0.021100674,0.5304163
350,3.430855,0.02198445,0.5417279
351,3.4389963,0.021228433,0.54651845
352,3.4478638,0.019443646,0.5501755
353,3.4562936,0.018723,0.5542159
354,3.4648387,0.018242732,0.55543894
355,3.4736028,0.017055288,0.5522778
356,3.4832892,0.015064322,0.5444669
357,3.4935644,0.012256764,0.53349197
358,3.502167,0.009207291,0.52563494
359,3.510786,0.0074580107,0.52429765
360,3.519993,0.0063035404,0.5256895
361,3.5293195,0.004860296,0.5270862
362,3.5382621,0.0035517588,0.5277479
363,3.5474205,0.002541278,0.52709407
364,3.5565052,0.0016388181,0.52473056
365,3.56575,0.00050912285,0.52074796
366,3.5748506,-0.00079591013,0.51589525
367,3.584239,-0.0018614391,0.5103763
368,3.5939407,-0.0022955686,0.5047586
369,3.6038446,-0.0022985898,0.5003887
370,3.613871,-0.0021756715,0.49941412
371,3.6241496,-0.0016912147,0.5050635
372,3.634091,-0.00076889014,0.5202167
373,3.6428177,0.0007921895,0.5401677
374,3.651681,0.0020958763,0.55350906
375,3.6614225,0.0019990946,0.55758774
376,3.6709483,0.0014642859,0.55783296
377,3.6805177,0.0009343806,0.5590654
378,3.689674,0.00016846182,0.559774
379,3.6989775,-0.0007292726,0.5562104
380,3.7086027,-0.0013405993,0.54739535
381,3.7185314,-0.0016222312,0.53343666
382,3.7287276,-0.0014263103,0.5149104
383,3.7401793,-0.0015036989,0.49426854
384,3.749972,-0.0024005387,0.48197946
385,3.759786,-0.002988261,0.4799775
386,3.7693105,-0.003294496,0.48218095
387,3.7791204,-0.0037026347,0.48408884
388,3.7889593,-0.004183177,0.48512542
389,3.7987208,-0.004477145,0.48480192
390,3.8085332,-0.004729022,0.48354784
391,3.8184845,-0.0050213747,0.48217252
392,3.827937,-0.005301856,0.48078477
393,3.8374338,-0.0056675086,0.47981066
394,3.84653,-0.0060142577,0.47882363
395,3.8560333,-0.00649154,0.4773685
396,3.8654432,-0.0068599377,0.47749624
397,3.8744652,-0.0067405086,0.4823838
398,3.8821955,-0.006019803,0.49236694
399,3.8909757,-0.0054273587,0.49890217
400,3.8996036,-0.0055026324,0.49649423
401,3.9082465,-0.005921408,0.48754042
402,3.9167342,-0.0064265714,0.4794658
403,3.9258773,-0.006570372,0.4712141
404,3.9361231,-0.0063755964,0.46018088
405,3.9464905,-0.005863115,0.45277083
406,3.9574912,-0.00471221,0.45525044
407,3.967686,-0.00411289,0.4715292
408,3.9768517,-0.0027088397,0.4944306
409,3.985719,-0.0007702394,0.5101192
410,3.9953964,0.00033989397,0.5168661
411,4.005053,0.0005899308,0.5205923
412,4.0149927,0.00032643904,0.5244835
413,4.0244746,-0.00037348783,0.5272345
414,4.0341263,-0.0010491302,0.52631754
415,4.0439076,-0.00134425,0.52034307
416,4.0541844,-0.0008450339,0.509566
417,4.063623,-0.00013142382,0.5016822
418,4.0729527,0.00035148277,0.5001191
419,4.082371,0.00067999284,0.5017747
420,4.091686,0.0012013018,0.5042203
421,4.1009827,0.0022498188,0.50659716
422,4.1101356,0.0032804892,0.5081136
423,4.1189437,0.0040668612,0.5075223
424,4.1284676,0.004860051,0.50332654
425,4.138128,0.0056317877,0.49649042
426,4.148181,0.006375515,0.48823553
427,4.158258,0.007272102,0.47983122
428,4.1685247,0.00850436,0.4725177
429,4.178597,0.009741607,0.46905023
430,4.1887155,0.010542155,0.47380623
431,4.1987586,0.010892617,0.49004737
432,4.2076664,0.011822237,0.51132536
433,4.216853,0.013185928,0.5256376
434,4.225322,0.013616539,0.53142995
435,4.234363,0.013521982,0.5340539
436,4.2427897,0.013011323,0.53786683
437,4.2511926,0.011845531,0.5405008
438,4.2597036,0.010328489,0.5391493
439,4.268955,0.009239454,0.53247255
440,4.2781515,0.009666044,0.5237301
441,4.2866945,0.0103458,0.517988
442,4.295616,0.010525684,0.515507
443,4.304574,0.010887178,0.51488763
444,4.3136883,0.011472485,0.51454085
445,4.3231335,0.01233607,0.5136627
446,4.3329496,0.013329931,0.51217973
447,4.3427753,0.014384965,0.51023155
448,4.3527217,0.0154875,0.5079937
449,4.362609,0.01665654,0.5055277
450,4.372637,0.017784206,0.50310713
451,4.382328,0.01884919,0.5012268
452,4.392567,0.019876944,0.50121593
453,4.402409,0.020949844,0.5059775
454,4.4117846,0.021949131,0.5170838
455,4.420202,0.023239817,0.5319134
456,4.4286156,0.024591744,0.54166824
457,4.437137,0.024730477,0.54335743
458,4.4461794,0.024258975,0.5415934
459,4.454639,0.023540659,0.54155034
460,4.46325,0.022409182,0.5412382
461,4.4720592,0.021468695,0.5372386
462,4.482464,0.021180343,0.52799493
463,4.493098,0.020918619,0.51703966
464,4.5026135,0.020855004,0.5120215
465,4.5119414,0.02113367,0.5126864
466,4.520959,0.02124396,0.5146554
467,4.5303946,0.021545105,0.51556104
468,4.539792,0.02229332,0.514866
469,4.5495677,0.023256492,0.51253796
470,4.559505,0.02424251,0.5095711
471,4.569628,0.025313739,0.5068233
472,4.579605,0.026174981,0.5050607
473,4.5894237,0.026781261,0.5059245
474,4.598804,0.027335376,0.51170963
475,4.6073017,0.02775471,0.52109206
476,4.6155453,0.028140716,0.52721554
477,4.6245656,0.028365105,0.525315
478,4.6332536,0.02836936,0.5176538
479,4.642297,0.028170219,0.5101408
480,4.651348,0.027676256,0.5025594
481,4.6622767,0.027186597,0.4913857
482,4.6734676,0.026643073,0.48055193
483,4.684891,0.027754288,0.4767329
484,4.6949925,0.02887167,0.48360416
485,4.7048955,0.028809385,0.49998668
486,4.714003,0.028949862,0.5176699
487,4.723259,0.02937508,0.5281614
488,4.731711,0.029184354,0.5305054
489,4.7412333,0.028621875,0.5274819
490,4.7498593,0.027928635,0.5251039
491,4.758973,0.027436774,0.5221999
492,4.768482,0.027600838,0.5154897
493,4.778544,0.029002167,0.5042243
494,4.7876253,0.031665802,0.49153703
495,4.797301,0.03394269,0.47896445
496,4.8060813,0.03466321,0.47107083
497,4.81568,0.034891587,0.46871758
498,4.8251457,0.03511241,0.46857876
499,4.8352036,0.03549479,0.4684742
500,4.845269,0.03608287,0.4692827
501,4.8552494,0.03664491,0.47251832
502,4.864241,0.03688218,0.48142415
503,4.872531,0.03701848,0.4956087
504,4.8810234,0.03719921,0.5071205
505,4.8898664,0.03698117,0.50840014
506,4.898916,0.036363848,0.49812028
507,4.908223,0.03605369,0.48269266
508,4.917053,0.036744084,0.4689967
509,4.9258413,0.03835867,0.45838934
510,4.934038,0.038299996,0.45348087
511,4.942777,0.03658873,0.46047592
512,4.951624,0.03641514,0.48395973
513,4.959285,0.037935704,0.50882643
514,4.969949,0.03909494,0.5211694
515,4.977902,0.0383718,0.52231055
516,4.987249,0.036218863,0.5164335
517,4.9962735,0.03442069,0.51457256
518,5.006507,0.034692723,0.5186386
519,5.0150657,0.036078073,0.5241353
520,5.025327,0.036413513,0.5273928
521,5.0345078,0.036171377,0.52664167
522,5.044163,0.03548805,0.5222412
523,5.053518,0.034795973,0.5154138
524,5.064087,0.034610257,0.50836354
525,5.0738163,0.03554574,0.50556093
526,5.0831623,0.0366409,0.50838524
527,5.092766,0.03995805,0.5155159
528,5.101909,0.041186985,0.52169394
529,5.1109953,0.03982989,0.5234962
530,5.120982,0.040004857,0.5242448
531,5.1301517,0.04097139,0.52523094
532,5.1379175,0.04114865,0.5265063
533,5.147927,0.041349158,0.5262816
534,5.157546,0.041587412,0.5228436
535,5.1673956,0.042106267,0.5162026
536,5.1770244,0.04305374,0.5080506
537,5.1866446,0.044637837,0.49980128
538,5.1957474,0.04638148,0.49424276
539,5.2051253,0.047704298,0.4953987
540,5.214348,0.048548628,0.50707996
541,5.2227235,0.049740467,0.52579063
542,5.2311506,0.051524162,0.54170656
543,5.2401457,0.05239543,0.55017275
544,5.2485905,0.051893335,0.5535736
545,5.256445,0.05019717,0.55600667
546,5.2635226,0.04805229,0.558146
547,5.2713757,0.045479063,0.55620545
548,5.279682,0.04302017,0.54918134
549,5.2894015,0.040825527,0.5388193
550,5.2979355,0.039424133,0.52910894
551,5.306651,0.03943135,0.5235672
552,5.3154154,0.04017052,0.52162474
553,5.324425,0.040545627,0.52058184
554,5.3331857,0.04066962,0.51932216
555,5.3420672,0.040845454,0.5170922
556,5.350893,0.041284844,0.51383746
557,5.359799,0.042011734,0.51008826
558,5.36862,0.043038253,0.5082961
559,5.377817,0.04405001,0.510682
560,5.386601,0.04506735,0.52094406
561,5.3956165,0.04584975,0.5397814
562,5.403781,0.046610657,0.55865425
563,5.412263,0.04673037,0.5687221
564,5.420285,0.045521732,0.56978667
565,5.4289484,0.04397203,0.5675941
566,5.436782,0.04270593,0.567331
567,5.444912,0.04139671,0.5658941
568,5.4531755,0.040411536,0.56002057
569,5.462328,0.040183067,0.5483814
570,5.471805,0.04068067,0.53126717
571,5.4830484,0.04199318,0.508263
572,5.495615,0.043808464,0.48125228
573,5.506969,0.044743497,0.46039018
574,5.5164385,0.045344304,0.45447865
575,5.527099,0.044955783,0.4582068
576,5.5377283,0.043900624,0.46574306
577,5.5487056,0.043370083,0.47652826
578,5.5584774,0.043019444,0.49145615
579,5.566658,0.04339466,0.5043497
580,5.575899,0.04375197,0.50856125
581,5.584786,0.044271786,0.50513375
582,5.5948715,0.045127567,0.4980962
583,5.604533,0.046220176,0.49036384
584,5.614631,0.047266,0.47939715
585,5.6218395,0.048344243,0.4657802
586,5.6337056,0.04881137,0.45267752
587,5.6439495,0.049551338,0.44800165
588,5.65403,0.05054556,0.45499396
589,5.6622343,0.051712144,0.4761916
590,5.672067,0.054388475,0.49666882
591,5.681552,0.057112463,0.5076409
592,5.692138,0.058978826,0.51245415
593,5.7025223,0.05949103,0.5157513
594,5.713452,0.05910809,0.51877886
595,5.724257,0.05809952,0.51994926
596,5.734829,0.057104945,0.51706684
597,5.745695,0.056774125,0.5087307
598,5.7571993,0.05719187,0.49499333
599,5.7687845,0.057974916,0.47661257
600,5.7799,0.05859963,0.45688346
601,5.789633,0.058598712,0.44557613
602,5.8003078,0.059015833,0.44458038
603,5.809776,0.05994187,0.44997263
604,5.819163,0.060804352,0.45881274
605,5.8291817,0.06151911,0.46782297
606,5.8391914,0.06204402,0.47183552
607,5.8485065,0.062170908,0.46856174
608,5.857403,0.061630696,0.46014228
609,5.8662643,0.060764648,0.44984022
610,5.8752003,0.059681077,0.43937892
611,5.88435,0.05842927,0.42892486
612,5.893621,0.057864178,0.42067665
613,5.9036565,0.058545034,0.41934222
614,5.9138393,0.059423335,0.4318553
615,5.92443,0.0609522,0.4583474
616,5.9342713,0.0629894,0.48363027
617,5.9454856,0.06465694,0.49843526
618,5.95491,0.06535534,0.5068295
619,5.9644637,0.065057375,0.511626
620,5.974035,0.06517455,0.51185054
621,5.984373,0.065339066,0.5084955
622,5.994618,0.065151215,0.50337124
623,6.00479,0.06426156,0.49737114
624,6.013733,0.06292739,0.4912635
625,6.0227075,0.06199396,0.48839316
626,6.032795,0.06147425,0.49078298
627,6.0424175,0.06094435,0.49797326
628,6.051679,0.06073297,0.508141
629,6.060711,0.060876545,0.5160401
630,6.070076,0.060492642,0.51767784
631,6.0790625,0.059197303,0.5148381
632,6.0882316,0.057394158,0.51050097
633,6.096302,0.054922532,0.5063637
634,6.104916,0.052396454,0.5017325
635,6.1122446,0.05142919,0.49950084
636,6.120288,0.051701978,0.49768463
637,6.1285696,0.05154926,0.4954329
638,6.138091,0.051009655,0.49273103
639,6.1473913,0.04988669,0.48923543
640,6.156607,0.04823805,0.48593822
641,6.165704,0.04627044,0.4831904
642,6.1747613,0.04374085,0.47933364
643,6.1833205,0.041531194,0.4734412
644,6.1924343,0.040449083,0.4675596
645,6.2014303,0.039980263,0.46337548
646,6.2105927,0.040041126,0.46260262
647,6.2184124,0.040838953,0.46632817
648,6.2265925,0.041641723,0.4734015
649,6.234836,0.042110164,0.48102614
650,6.243797,0.042336524,0.4830969
651,6.2528596,0.04195513,0.47552642
652,6.261875,0.04042828,0.4591672
653,6.269099,0.038699403,0.44134608
654,6.2761555,0.039323352,0.4344472
655,6.2835193,0.038841724,0.43973467
656,6.291976,0.035286598,0.4541377
657,6.2983503,0.034032155,0.48223227
658,6.3041677,0.035324026,0.5142982
659,6.313703,0.03478905,0.5371811
660,6.3224163,0.03288579,0.5495271
661,6.3296466,0.03072883,0.55662537
662,6.334134,0.028990027,0.56342965
663,6.338033,0.028102418,0.56795853
664,6.342661,0.027732253,0.5675349
665,6.3488235,0.026726473,0.56249857
666,6.3564935,0.024385093,0.5555085
667,6.36306,0.021931041,0.5457855
668,6.3699474,0.020919349,0.5308813
669,6.376305,0.021974873,0.51549315
670,6.3841524,0.023539482,0.5055616
671,6.3923483,0.024189612,0.5019134
672,6.4012985,0.024240153,0.5032065
673,6.4096503,0.023754645,0.50941646
674,6.417704,0.024277564,0.51701707
675,6.424935,0.026170947,0.5234296
676,6.432338,0.028442472,0.52896523
677,6.4394526,0.029802402,0.53446484
678,6.4481463,0.030323729,0.53522927
679,6.45654,0.030955918,0.5319315
680,6.4656744,0.03172372,0.5264987
681,6.474824,0.0319513,0.5216171
682,6.483327,0.031438317,0.5158433
683,6.4913077,0.031358957,0.50937545
684,6.499926,0.031947993,0.5033612
685,6.509311,0.032664865,0.50102204
686,6.519275,0.03384511,0.5062937
687,6.528678,0.035204895,0.5216012
688,6.536751,0.03663597,0.54129785
689,6.545888,0.038080942,0.5556478
690,6.5555425,0.038575694,0.56425995
691,6.5644364,0.038955815,0.5698317
692,6.5729756,0.039111093,0.57362753
693,6.5812206,0.038291104,0.57687545
694,6.5901093,0.038498808,0.57487583
695,6.598951,0.03994846,0.56602454
696,6.607722,0.041204344,0.5521765
697,6.616532,0.041228954,0.53447765
698,6.6273317,0.039716505,0.5132281
699,6.638472,0.037547078,0.48923713
700,6.6493354,0.034664266,0.46569592
701,6.65904,0.032942675,0.44835085
702,6.667817,0.034493145,0.44169226
703,6.675867,0.03740204,0.4436857
704,6.683246,0.037593126,0.44783428
705,6.691004,0.034419853,0.45354846
706,6.701182,0.032438323,0.4572248
707,6.7096643,0.029947853,0.45790505
708,6.7178574,0.027729224,0.456671
709,6.72584,0.026564114,0.45518827
710,6.7339425,0.025595868,0.45260593
711,6.741035,0.024932876,0.44964218
712,6.7486124,0.024611227,0.44814575
713,6.7563424,0.022621023,0.44824624
714,6.7649,0.01959056,0.45578367
715,6.772715,0.017682139,0.46540338
716,6.7803183,0.016065838,0.46781573
717,6.7854958,0.015130914,0.46400285
718,6.789265,0.014010465,0.4570929
719,6.791737,0.012427622,0.45289317
720,6.794398,0.0088168,0.45123482
721,6.7985687,0.004593706,0.45594034
722,6.80486,0.006349615,0.46899885
723,6.8111157,0.011489864,0.48756245
724,6.817672,0.0154981,0.4989825
725,6.824517,0.015993517,0.50877976
726,6.8357315,0.0153424,0.51919645
727,6.846198,0.014025109,0.52552646
728,6.856078,0.01194236,0.52613914
729,6.864665,0.009041395,0.52537155
730,6.874226,0.0070202807,0.5290906
731,6.8831897,0.0077836174,0.5404311
732,6.8918834,0.01037137,0.5555535
733,6.9010625,0.012596736,0.5643851
734,6.91139,0.013717316,0.5616764
735,6.9214134,0.014449003,0.55315995
736,6.932184,0.016327921,0.5470825
737,6.9418716,0.017665086,0.54311687
738,6.9526343,0.01751897,0.53859985
739,6.960846,0.017940849,0.53775954
740,6.9710603,0.018533178,0.5401487
741,6.979498,0.018935222,0.54520506
742,6.989739,0.020063233,0.55147415
743,6.9983325,0.02088402,0.5645391
744,7.0069213,0.022003762,0.58269095
745,7.0143385,0.023640472,0.5978537
746,7.0237045,0.02489087,0.60341376
747,7.0325003,0.025870156,0.60446405
748,7.041557,0.026697677,0.6056772
749,7.050285,0.026816538,0.606785
750,7.058546,0.025764432,0.6058119
751,7.0668516,0.024429964,0.6006871
752,7.0758243,0.023346959,0.5903564
753,7.085127,0.022016708,0.57703584
754,7.0943522,0.020287696,0.5641266
755,7.1032667,0.018182844,0.55109465
756,7.1120443,0.017040983,0.5354911
757,7.121248,0.017652806,0.5194111
758,7.1292243,0.020714648,0.5168229
759,7.1347914,0.023950133,0.52458835
760,7.140321,0.024535142,0.5381962
761,7.146374,0.02338267,0.5545252
762,7.154516,0.023801211,0.5627024
763,7.1628084,0.024943635,0.5638452
764,7.172078,0.026592568,0.5595728
765,7.181534,0.028352447,0.55210555
766,7.1912622,0.029842166,0.54332703
767,7.2009697,0.031013994,0.5342914
768,7.2102203,0.031597994,0.52447903
769,7.218853,0.031071171,0.52007955
770,7.22617,0.030651,0.5193915
771,7.232486,0.03185308,0.52742994
772,7.2378116,0.03278265,0.54239076
773,7.2451267,0.03416609,0.5549901
774,7.2516294,0.036010526,0.5619122
775,7.260058,0.039589483,0.5616488
776,7.2680945,0.042699054,0.557012
777,7.2767115,0.045078684,0.5494873
778,7.2841067,0.045943514,0.538823
779,7.2920337,0.04661525,0.5237365
780,7.2994027,0.04709656,0.5038248
781,7.3066225,0.04852255,0.48929977
782,7.3115835,0.0491391,0.48715237
783,7.316879,0.049534135,0.49226785
784,7.3208313,0.04917032,0.5008881
785,7.3249803,0.048857644,0.50860196
786,7.3281593,0.048389066,0.513162
787,7.3316803,0.048350357,0.51399183
788,7.3343687,0.048097868,0.5135466
789,7.3369217,0.04790329,0.5128031
790,7.3388305,0.04739379,0.51233166
791,7.340576,0.046787947,0.51202583
792,7.3420186,0.046074003,0.5118434
793,7.3433394,0.045336142,0.5116954
794,7.344634,0.04462274,0.51151836
795,7.3458867,0.043991737,0.51121294
796,7.347143,0.04332782,0.51092654
797,7.3484187,0.042638533,0.5106171
798,7.349676,0.041933406,0.5103009
799,7.3509803,0.0411957,0.5099928
800,7.352292,0.040423006,0.5096514
801,7.3536134,0.0396213,0.5092927
802,7.354896,0.038791027,0.5089371
803,7.356112,0.038018648,0.50852203
804,7.357216,0.03725479,0.5081177
805,7.358283,0.036497515,0.50772613
806,7.359307,0.035701044,0.5073898
807,7.360304,0.034862377,0.5070898
808,7.3612924,0.033971876,0.5068319
809,7.3622584,0.03306765,0.50657886
810,7.363196,0.03216574,0.5063216
811,7.364111,0.031272195,0.5060593
812,7.365003,0.03039109,0.5057853
813,7.365845,0.029566702,0.50548565
814,7.366663,0.028721042,0.5051575
815,7.3675056,0.027915182,0.5047401
816,7.3683352,0.027117314,0.50439245
817,7.369108,0.026333062,0.50423825
818,7.3698416,0.02552411,0.50413626
819,7.3705897,0.024719194,0.50399303
820,7.3713145,0.023923706,0.50381446
821,7.3720355,0.023160324,0.5036044
822,7.372739,0.022430269,0.5033794
823,7.373422,0.021736639,0.50314635
824,7.374082,0.021080842,0.50291
825,7.374708,0.0204558,0.5026818
826,7.3753114,0.019858314,0.50246346
827,7.375892,0.019281687,0.5022571
828,7.376454,0.018720353,0.50206345
829,7.3770027,0.018170977,0.50188136
830,7.3775425,0.017630335,0.50170916
831,7.3780766,0.017097564,0.5015433
832,7.378605,0.016573451,0.50138
833,7.379128,0.016058913,0.501217
834,7.379642,0.015553147,0.50105333
835,7.380118,0.015024131,0.50090444
836,7.380542,0.014477041,0.50077647
837,7.3809443,0.013927123,0.50065404
838,7.381312,0.01337762,0.5005403
839,7.381665,0.0128346905,0.50043
840,7.381993,0.012299355,0.5003363
841,7.382294,0.011771992,0.50024974
842,7.3825793,0.011254739,0.5001626
843,7.3828473,0.010746583,0.50007564
844,7.3830976,0.010246318,0.49993777
845,7.3833766,0.0097788125,0.4997445
846,7.3836427,0.009330142,0.4995859
847,7.3838663,0.008882068,0.49953923
848,7.3840475,0.008425511,0.49951762
849,7.384236,0.007981297,0.4994624
850,7.384414,0.0075453483,0.49938488
851,7.384591,0.007123884,0.49929366
852,7.3847666,0.00671643,0.49919432
853,7.384935,0.0063209645,0.499091
854,7.385102,0.0059388094,0.4989832
855,7.3852596,0.005567603,0.4988736
856,7.385415,0.0052100606,0.49875936
857,7.3855643,0.004863821,0.4986423
858,7.3857083,0.004529353,0.4985218
859,7.3858414,0.004200358,0.49835798
860,7.386014,0.003902167,0.49801502
861,7.386274,0.0036720112,0.49774274
862,7.386378,0.0034114867,0.49761233
863,7.3865123,0.0031723045,0.49749953
864,7.3866377,0.002930738,0.4973896
865,7.386736,0.0026832782,0.49729055
866,7.3868456,0.0024392642,0.49719444
867,7.386945,0.002189301,0.49710876
868,7.3870406,0.0019360185,0.49703062
869,7.387139,0.0016811788,0.49695683
870,7.3872347,0.0014256686,0.4968853
871,7.387329,0.0011673905,0.49678567
872,7.3874574,0.0009203255,0.49661934
873,7.387611,0.00068796054,0.49646252
874,7.3877125,0.00043798238,0.49637893
875,7.3878007,0.00019052625,0.49634576
876,7.3878713,-4.477799e-05,0.49636573
877,7.3878965,-0.00027779117,0.49638864
878,7.3879547,-0.0004800856,0.49637002
879,7.3880095,-0.0006660037,0.49632597
880,7.3880644,-0.0008349791,0.49626893
881,7.388122,-0.0009953901,0.4962451
882,7.3881416,-0.0011613518,0.49615481
883,7.3882446,-0.0012856908,0.49602428
884,7.3883047,-0.0014151148,0.49593973
885,7.388349,-0.0015360005,0.49589097
886,7.3883934,-0.0016541779,0.49585086
887,7.388428,-0.0017730333,0.49581286
888,7.3884635,-0.0018912703,0.4957746
889,7.3884983,-0.002011072,0.4957387
890,7.388531,-0.0021334887,0.49570614
891,7.388562,-0.0022582598,0.495677
892,7.388594,-0.0023832582,0.49564904
893,7.388625,-0.0025082603,0.49562213
894,7.388655,-0.0026321225,0.49559543
895,7.3886876,-0.0027535819,0.49556836
896,7.3887186,-0.0028781295,0.4955225
897,7.3887644,-0.0030036047,0.49546278
898,7.3888087,-0.0031316876,0.495414
899,7.388839,-0.0032624714,0.49537873
900,7.388856,-0.003378041,0.49534017
901,7.388872,-0.0034687482,0.49529728
902,7.38888,-0.0035428219,0.49525556
903,7.3888865,-0.003602326,0.49521363
904,7.3888955,-0.0036514997,0.49517065
905,7.3889136,-0.0036980845,0.49515715
906,7.3889146,-0.0037791207,0.4952155
907,7.3888845,-0.0038996823,0.49527967
908,7.388893,-0.0040234253,0.4953039
909,7.3889003,-0.0041561984,0.4953084
910,7.3889136,-0.0042892247,0.49530405
911,7.388936,-0.0044159293,0.4952921
912,7.388959,-0.0045362525,0.49527693
913,7.388963,-0.004639942,0.49518576
914,7.38903,-0.0046871156,0.49505135
915,7.3890805,-0.004710991,0.49496147
916,7.3890963,-0.0047270954,0.49491194
917,7.389122,-0.0047294013,0.4948741
918,7.3891335,-0.004729837,0.49484527
919,7.3891387,-0.0047308654,0.4948229
920,7.3891454,-0.004733674,0.4948036
921,7.389148,-0.0047421083,0.4947889
922,7.389149,-0.004757602,0.49477825
923,7.389154,-0.0047782883,0.49476933
924,7.3891597,-0.004804611,0.4947622
925,7.3891625,-0.004834883,0.4947572
926,7.389165,-0.0048675984,0.4947538
927,7.389168,-0.0049004853,0.49475032
928,7.3891706,-0.004932318,0.49474528
929,7.389173,-0.0049618892,0.49473837
930,7.3891826,-0.004989188,0.49476925
931,7.3891454,-0.0050435476,0.4948732
932,7.3890777,-0.0051194653,0.49497178
933,7.389049,-0.0051841214,0.49501875
934,7.3890176,-0.005248133,0.495037
935,7.3889933,-0.005305495,0.495039
936,7.3889832,-0.0053533725,0.49502853
937,7.388972,-0.005397387,0.4950145
938,7.388965,-0.0054351836,0.4949962
939,7.388958,-0.00546908,0.49497646
940,7.3889494,-0.005498782,0.49495596
941,7.3889413,-0.0055239983,0.4949341
942,7.388933,-0.0055467673,0.49491256
943,7.3889203,-0.0055700243,0.49489388
944,7.388898,-0.005602896,0.4948831
945,7.388867,-0.0056430884,0.4948769
946,7.3888226,-0.0056905225,0.49487785
947,7.3887773,-0.005737558,0.4948802
948,7.3887315,-0.005782757,0.49488235
949,7.388685,-0.0058246776,0.49488333
950,7.3886447,-0.0058608577,0.49488014
951,7.3886085,-0.0058929026,0.49487388
952,7.388575,-0.0059218816,0.4948645
953,7.3885484,-0.0059458427,0.4948536
954,7.388519,-0.0059769973,0.4948681
955,7.3884697,-0.0060213357,0.49488428
956,7.388441,-0.0060618855,0.49487635
957,7.3884106,-0.0060944,0.49482697
958,7.3884068,-0.0061020367,0.4947588
959,7.388401,-0.0061019957,0.49471566
960,7.3883767,-0.0061135516,0.49471074
961,7.388345,-0.0061360635,0.4947053
962,7.3883266,-0.00615773,0.4946821
963,7.388307,-0.0061820373,0.49465105
964,7.388291,-0.006206803,0.494617
965,7.388277,-0.0062313527,0.4945809
966,7.3882637,-0.006255623,0.49454373
967,7.3882546,-0.0062781237,0.4945044
968,7.388245,-0.006300006,0.49446428
969,7.388237,-0.00631753,0.4944163
970,7.388236,-0.0063247345,0.49436137
971,7.388232,-0.006326068,0.49431247
972,7.388223,-0.00632501,0.49427044
973,7.388215,-0.0063213855,0.49423045
974,7.388202,-0.0063176453,0.4941913
975,7.388183,-0.0063171126,0.49409676
976,7.3882146,-0.0062979423,0.4939707
977,7.3882318,-0.0062829033,0.49387842
978,7.3882294,-0.0062772892,0.49381965
979,7.3882313,-0.0062757544,0.4937739
980,7.388224,-0.0062807947,0.49373522
981,7.388214,-0.0062899254,0.4937
982,7.3882103,-0.0063073225,0.49364012
983,7.3882284,-0.0063312054,0.49357107
984,7.388243,-0.0063661262,0.49352074
985,7.3882427,-0.0064137727,0.4934686
986,7.388257,-0.006455131,0.49336755
987,7.388297,-0.0064905547,0.49327788
988,7.388295,-0.006544333,0.49322805
989,7.3883038,-0.006593697,0.49318808
990,7.388309,-0.0066433586,0.49315262
991,7.3883076,-0.006693583,0.4931218
992,7.388313,-0.0067394786,0.49308974
993,7.3883176,-0.0067844316,0.49305862
994,7.388323,-0.006827429,0.49302793
995,7.388333,-0.006867647,0.49299634
996,7.3883424,-0.0069073513,0.49296582
997,7.388352,-0.006946709,0.49293724
998,7.388364,-0.006985128,0.49290934
999,7.3883758,-0.007024344,0.49288273
