lateral_hori_stiffness,lateral_verti_stiffness,diagonal_stiffness,tip_dx,tip_dy,tip_dz,tip_disp_norm
500,500,500,0.08595969979970491,0.15795233168891176,-0.004446836391511999,0.17988269352417496
500,500,1000,0.054496927518898175,0.13815942008855528,0.005207419323260076,0.14861042252888657
500,500,2000,0.045270869140278946,0.12990084840588037,0.006046274919963568,0.13769618531278036
500,500,3000,0.04278552578579814,0.1278553675423283,0.006269261667200543,0.13496999617693883
500,500,4000,0.04176833836444732,0.12725828573470807,0.006403450299625857,0.13409052745665273
500,500,5000,0.04129783295608791,0.1271748746905554,0.006503491240374304,0.1338702922897423
500,500,6000,0.0410784273035506,0.127303374493444,0.006584400523162226,0.13392886424292771
500,500,7000,0.04098826693930793,0.12752331647101162,0.006652502257658677,0.13411372061329854
500,500,8000,0.040969292427295106,0.1277805510409782,0.0067112136084485075,0.13435547080200153
500,500,9000,0.04099109249366176,0.1280489975527111,0.006762645790593713,0.1346200164023433
500,500,10000,0.04103664479546221,0.12831565830816416,0.006808247020912206,0.13488983138333382
500,500,11000,0.04109595563598056,0.12857405247737458,0.00684906034470778,0.13515574041710032
500,500,12000,0.04116295088713076,0.12882109628269509,0.006885865027323468,0.1354129923987586
500,500,13000,0.0412338452712839,0.12905552806375148,0.0069192751602374925,0.1356592631869015
500,500,14000,0.04130624385555337,0.1292770757672636,0.006949767595262002,0.1358935884065816
500,500,15000,0.041378618601480344,0.12948600161356613,0.006977732116262514,0.13611577218207133
500,1000,500,0.08153423397383697,0.15326496964596553,-0.002243533369575612,0.17361744057628406
500,1000,1000,0.05474782917119955,0.13448517886803427,0.0017158954382840985,0.14521202578051565
500,1000,2000,0.0451131943129712,0.12608440849675445,0.0019017813998681854,0.13392570753813185
500,1000,3000,0.04240225695426161,0.12404204504544432,0.0019231931445194972,0.131103314243929
500,1000,4000,0.04127792235188921,0.12351633902281528,0.0019369389691922256,0.13024555505604793
500,1000,5000,0.040755724076097344,0.12353104152036806,0.0019500441250308587,0.1300951572356306
500,1000,6000,0.04051447002900249,0.12376828939090873,0.001962957594217829,0.1302454027710743
500,1000,7000,0.04041997121535945,0.12410017655929068,0.0019754626735384306,0.13053172161536883
500,1000,8000,0.04040748318628956,0.12446880573503609,0.0019874110167125147,0.13087856241992335
500,1000,9000,0.04044266636000868,0.12484614098160975,0.0019987336422143676,0.13124847853015087
500,1000,10000,0.040506055421868914,0.12521817357305037,0.0020094496189734246,0.13162207036276735
500,1000,11000,0.0405860751205844,0.12557793506194764,0.0020195671480462973,0.13198911288277504
500,1000,12000,0.04067559953145436,0.1259221533154603,0.002029018321975773,0.13234428589174696
500,1000,13000,0.04077011353545196,0.12624955180904635,0.002037966587185913,0.1326849833157061
500,1000,14000,0.040866722833432734,0.12655994415331526,0.00204638675547153,0.13301013569644932
500,1000,15000,0.04096354768587246,0.12685373504405795,0.00205428715428968,0.13331955006432133
500,2000,500,0.07798416076937134,0.14856790855927196,-0.001131875871327348,0.1677952142570444
500,2000,1000,0.05424663367332866,0.13070910435840274,0.0005540618076045334,0.14151987214363496
500,2000,2000,0.0445491951716723,0.12206985105587587,0.0006038663487625273,0.12994631192078765
500,2000,3000,0.04155819141300027,0.11976017768964564,0.0005952734806591309,0.12676725832915944
500,2000,4000,0.04022195407719115,0.11906633251339221,0.0005887195100530151,0.12567793648305525
500,2000,5000,0.03954786835502,0.1189861453756169,0.0005850510115991137,0.12538771457945794
500,2000,6000,0.039197848378883765,0.11917834568428147,0.0005833270479850272,0.1254603111267502
500,2000,7000,0.03902525203383689,0.11949906821059636,0.0005828378138755808,0.12571132526317005
500,2000,8000,0.03895683143516587,0.11987980584954695,0.000583143873849723,0.12605214247592386
500,2000,9000,0.038952413869273395,0.12028538434632399,0.0005839491097973104,0.12643656603272993
500,2000,10000,0.038988454316443044,0.1206969025219464,0.0005850868419786659,0.12683920598533505
500,2000,11000,0.039050457793104676,0.12110397465125067,0.0005864331695520919,0.1272456476035395
500,2000,12000,0.039129160223215276,0.12150090115823786,0.0005879070573456824,0.12764758437489532
500,2000,13000,0.03921846755033895,0.12188465622692084,0.00058945877120542,0.12804024789961402
500,2000,14000,0.039314281441917204,0.12225377770015403,0.0005910510584532513,0.1284209804845246
500,2000,15000,0.03941379913200738,0.12260773084004707,0.0005926603588257695,0.12878840968838998
500,3000,500,0.07654801742723302,0.14646214010547046,-0.0008397076359518696,0.16526180007862767
500,3000,1000,0.05388801535345064,0.1288556187634657,0.0002919947068859008,0.13967023285782193
500,3000,2000,0.044310150036417695,0.12005305388040052,0.0003125798207495034,0.1279696168955918
500,3000,3000,0.04120776503008869,0.11752628068053364,0.0003039568048092134,0.12454155506943762
500,3000,4000,0.039743081559092036,0.1166490752034908,0.0002977360795275441,0.12323395605276714
500,3000,5000,0.03895495445066338,0.11642539425017806,0.0002937376498551858,0.12276989526903408
500,3000,6000,0.03850954211614349,0.1165084814401365,0.00029120909806357176,0.12270817366508416
500,3000,7000,0.03825852653973366,0.11674766025702527,0.0002896465780334312,0.12285688797792929
500,3000,8000,0.038125925035660535,0.11706851518233136,0.0002887328870800898,0.12312070002034846
500,3000,9000,0.038068991762621296,0.11743117949302555,0.0002882650837301437,0.12344801799828221
500,3000,10000,0.03806202912656559,0.11781312010661435,0.0002881097214548767,0.123809257883644
500,3000,11000,0.038088805656603275,0.11820115467587511,0.0002881766393196816,0.12418676712448913
500,3000,12000,0.03813867150778061,0.11858742293222661,0.0002884032536069059,0.12456973275447722
500,3000,13000,0.03820442677463837,0.1189672183636898,0.0002887453750056723,0.12495143314209783
500,3000,14000,0.03828108638814501,0.11933776101771694,0.00028917119673799174,0.12532767611249865
500,3000,15000,0.038365132185038175,0.11969747452095066,0.00028965737937824976,0.125695873741609
500,4000,500,0.0757664300873673,0.14528316373812253,-0.0006969373505569809,0.16385431125122293
500,4000,1000,0.0536560153995943,0.127764616517257,0.00019129066688283736,0.13857417441385853
500,4000,2000,0.04419729690463328,0.11884125116141563,0.00019790744293901597,0.12679386104477988
500,4000,3000,0.04105511037559412,0.11616179855191724,0.00019019491274829825,0.12320357829573479
500,4000,4000,0.03951760727736223,0.11514259934586599,0.00018513102180495178,0.12173534302964642
500,4000,5000,0.03865315321242779,0.11479610490004355,0.00018183616174849426,0.12112904283397495
500,4000,6000,0.03813691825508647,0.11477621121567232,0.0001796469258542599,0.12094641568908827
500,4000,7000,0.03782298119726729,0.11493031519821113,0.00017817876499626184,0.12099416104044564
500,4000,8000,0.03763545965996168,0.11518146221450914,0.00017720000222287702,0.1211743721317746
500,4000,9000,0.03753093888465156,0.11548733912773962,0.00017656406059096685,0.12143281289353583
500,4000,10000,0.03748285083486658,0.11582327352956909,0.0001761742583940018,0.12173752845849778
500,4000,11000,0.03747410483544977,0.11617428489696852,0.00017596461631341764,0.12206884929451281
500,4000,12000,0.0374932761198396,0.11653102624762694,0.00017588883493591112,0.12241428335535813
500,4000,13000,0.03753249176953058,0.11688756894560795,0.00017591366475910863,0.12276572265116018
500,4000,14000,0.037586191963393634,0.11724012892160192,0.00017601474950001972,0.1231178323276322
500,4000,15000,0.03765037110107389,0.11758630295401064,0.00017617395314561968,0.12346708113380958
500,5000,500,0.07527438499832963,0.14453198105176512,-0.0006098486774880341,0.1629604200382227
500,5000,1000,0.05349819010438625,0.1270491293795834,0.0001419520404731811,0.1378533923084121
500,5000,2000,0.0441391421306348,0.11803326517398446,0.00014005383517179393,0.12601640833930025
500,5000,3000,0.04098787952157093,0.11524306874882088,0.00013287489599278501,0.12231512097062347
500,5000,4000,0.03940949276194397,0.114116484099176,0.00012865490805247237,0.12072984972655508
500,5000,5000,0.038494676594901384,0.11367200855265688,0.00012597445631157278,0.12001325561830656
500,5000,6000,0.03792736649047773,0.11356545456337325,0.00012418044244899562,0.11973142035351829
500,5000,7000,0.03756513907025197,0.11364417739696381,0.0001229469547114892,0.11969191219774886
500,5000,8000,0.037333369582611464,0.11383035253467703,0.0001220906400125621,0.11979626266576554
500,5000,9000,0.037188918510582925,0.11408052196026412,0.00012149913818260138,0.11998914914588595
500,5000,10000,0.03710506983256101,0.11436885076610546,0.00012109933531456729,0.12023741055881047
500,5000,11000,0.03706441513903752,0.1146792828185356,0.00012084152160263262,0.12052021979753409
500,5000,12000,0.037055159219843314,0.11500151721371761,0.00012069074786014156,0.12082403880239043
500,5000,13000,0.037069059958762196,0.11532879744060122,0.00012062178186766914,0.1211398418148868
500,5000,14000,0.037100212890719186,0.11565662861169468,0.00012061600964641261,0.12146150042948564
500,5000,15000,0.03714430083831846,0.11598200005804908,0.00012065945074257733,0.12178480192920567
500,6000,500,0.07493610896731051,0.14401229689006362,-0.000550519836851171,0.1623430477562967
500,6000,1000,0.05338516436287427,0.12654504313442094,0.00011414701695999785,0.13734495529681837
500,6000,2000,0.04410796096298836,0.11745678041547433,0.00010641216988627189,0.12546560807421037
500,6000,3000,0.040961459679423745,0.11458305909464944,9.948353872613058e-05,0.12168454506440603
500,6000,4000,0.039360653230220644,0.11337384918965916,9.582430770094241e-05,0.12001208224627721
500,6000,5000,0.03841257738769807,0.11285153043580343,9.359397390407143e-05,0.11920991059094421
500,6000,6000,0.03780854609060719,0.11267372968089784,9.211897759708876e-05,0.11884807109749675
500,6000,7000,0.037409617235521,0.1126883572303041,9.11009760087289e-05,0.11873564593819604
500,6000,8000,0.03714278672004048,0.11281745989379333,9.038401253846917e-05,0.1187744670856822
500,6000,9000,0.03696561266017667,0.11301712333381188,8.987664596848965e-05,0.11890893475178284
500,6000,10000,0.03685160934760767,0.11326092438289755,8.952086416036398e-05,0.11910535721604734
500,6000,11000,0.036783363295286114,0.1135321907474619,8.927775392497672e-05,0.11934228974570758
500,6000,12000,0.036748961127134105,0.11382003127208258,8.912012500517097e-05,0.11960557514220711
500,6000,13000,0.0367399921256239,0.11411714673222426,8.90283764594102e-05,0.1198856043307399
500,6000,14000,0.036750366151565655,0.11441855460953228,8.898802686874152e-05,0.12017571705663997
500,6000,15000,0.03677558077061388,0.1147208119111336,8.89881622849753e-05,0.12047122455366123
500,7000,500,0.07468932026940972,0.1436317194339139,-0.0005073252462703959,0.16189139189207843
500,7000,1000,0.05330073864822918,0.12617131572069964,9.695002160647892e-05,0.13696780297006297
500,7000,2000,0.04409127792196052,0.11702528848533325,8.495072252057145e-05,0.1250558521241301
500,7000,3000,0.040955876002920694,0.11408650352372679,7.81130363884941e-05,0.12121518125664951
500,7000,4000,0.03934362577279771,0.11281224432873171,7.482593316820996e-05,0.11947606018929352
500,7000,5000,0.038373608735513653,0.11222737119868162,7.291825371535943e-05,0.11860658502218453
500,7000,6000,0.037743101129920575,0.11199095607535368,7.168585437100639e-05,0.11818003665779143
500,7000,7000,0.037316271189071104,0.1119515799226528,7.084232878618035e-05,0.11800705640456405
500,7000,8000,0.03702175359188095,0.11203146216975805,7.024752040496463e-05,0.11799009996447161
500,7000,9000,0.036817953621452404,0.1121865736069752,6.982309010628018e-05,0.11807367988594493
500,7000,10000,0.03667879699404458,0.11239022582438071,6.952092850465164e-05,0.11822394784029641
500,7000,11000,0.03658703936883764,0.11262541406054606,6.930943429195313e-05,0.11841917136124541
500,7000,12000,0.03653080055808719,0.11288089322389147,6.916680447477397e-05,0.11864484914434832
500,7000,13000,0.03650162881600988,0.11314901564666587,6.907743128503618e-05,0.1188910148822135
500,7000,14000,0.03649335503071846,0.1134244708447022,6.902982034673322e-05,0.11915066224287156
500,7000,15000,0.03650137955588495,0.11370351351939983,6.90153133131588e-05,0.11941877766604626
500,8000,500,0.07450130818033013,0.14334110894432256,-0.0004743649091155655,0.16154672220765012
500,8000,1000,0.05323550244662449,0.1258834584990042,8.558649101564342e-05,0.1366772518360774
500,8000,2000,0.04408284838070842,0.11669053836937848,7.033330406380767e-05,0.12473966575658914
500,8000,3000,0.040961324496172985,0.11369975253967804,6.35012986854866e-05,0.12085308380210966
500,8000,4000,0.039344331284988016,0.11237317163793455,6.046518552005331e-05,0.11906178969035466
500,8000,5000,0.038359985606731095,0.11173727849676757,5.879082982462869e-05,0.11813852613764268
500,8000,6000,0.03771034112540564,0.11145224506887456,5.774182836648656e-05,0.11765915218462895
500,8000,7000,0.03726223595963832,0.11136727638628843,5.70357453185677e-05,0.11743571744357832
500,8000,8000,0.036945824967798774,0.1114048671178647,5.654162894874748e-05,0.11737138321182092
500,8000,9000,0.03672037922807245,0.11152103627955642,5.6189546994933615e-05,0.11741094898170608
500,8000,10000,0.03656030795456908,0.11168900664756383,5.5938049075221485e-05,0.11752060862979659
500,8000,11000,0.03644862343812208,0.11189160828281274,5.576060346978995e-05,0.11767853357300696
500,8000,12000,0.03637356632890837,0.11211739323597428,5.5639230205684065e-05,0.11787005255465667
500,8000,13000,0.03632672458812586,0.11235849739057294,5.5561209642895903e-05,0.11808499456839108
500,8000,14000,0.036301919707614705,0.11260939290501319,5.551724182983886e-05,0.11831613510869039
500,8000,15000,0.03629451482280366,0.11286612559057885,5.550034950596583e-05,0.1185582438818146
500,9000,500,0.07435333804759808,0.14311201757001152,-0.00044836924444435766,0.16127513598431423
500,9000,1000,0.05318369806696782,0.12565508287893423,7.769444694738503e-05,0.13644673550443526
500,9000,2000,0.04407930054293069,0.11642349234845481,5.987918203631537e-05,0.12448862555463117
500,9000,3000,0.04097265994605237,0.113390277360787,5.30083202707754e-05,0.12056581884138251
500,9000,4000,0.0393550970647798,0.11202082114360953,5.014463562735827e-05,0.11873285370591947
500,9000,5000,0.03836163416184635,0.11134270062080982,4.864175143814986e-05,0.11776593023078705
500,9000,6000,0.03769816596786399,0.11101692067942606,4.773260777923838e-05,0.11724295574952229
500,9000,7000,0.03723378956670115,0.11089322201960713,4.7134647430779886e-05,0.1169771943460017
500,9000,8000,0.03690001806010784,0.11089439149098657,4.672226232671495e-05,0.11687249282856199
500,9000,9000,0.0366569462758507,0.1109765675819673,4.643102274948241e-05,0.11687400232038532
500,9000,10000,0.03647948119485525,0.11111297827704403,4.622405940279961e-05,0.11694805952432184
500,9000,11000,0.03635093017048277,0.11128638710042393,4.607843546333701e-05,0.11707284997533345
500,9000,12000,0.036259701517305315,0.11148523756348228,4.597894178270945e-05,0.1172336396380034
500,9000,13000,0.0361974702509322,0.11170153480053852,4.591498833073082e-05,0.11742015090072569
500,9000,14000,0.036158093890615195,0.11192961087860427,4.58789175582508e-05,0.11762502986232728
500,9000,15000,0.03613693940303739,0.11216537015620391,4.586502650028024e-05,0.11784290710644273
500,10000,500,0.07423383984633267,0.14292680871204647,-0.00042732110829057923,0.16105563706455753
500,10000,1000,0.0531416590522104,0.1254695986602671,7.199398645496569e-05,0.1362595365393702
500,10000,2000,0.04407870978073489,0.116205636742499,5.211399473403766e-05,0.12428469488449627
500,10000,3000,0.04098704918582144,0.11313720788937917,4.518197203273733e-05,0.12033273890083339
500,10000,4000,0.03937154535417525,0.11173205370529406,4.243871542963795e-05,0.11846591159410862
500,10000,5000,0.038372590631797154,0.11101851035505991,4.1064034058235777e-05,0.11746304542070636
500,10000,6000,0.03769919197689847,0.11065821957589314,4.0262927939016535e-05,0.11690368795089826
500,10000,7000,0.03722235108900815,0.1105013688520971,3.975064052885724e-05,0.11660213342342422
500,10000,8000,0.03687477463426636,0.11047102049903665,3.9404588214719816e-05,0.11646285642705181
500,10000,9000,0.03661731453732303,0.11052345782821284,3.9163996273017254e-05,0.11643137029189596
500,10000,10000,0.03642535979016781,0.1106319614041926,3.89952090178447e-05,0.11647419989254384
500,10000,11000,0.03628252301252943,0.11077928527907113,3.88778900968223e-05,0.11656960596393424
500,10000,12000,0.03617740241106185,0.11095382325976452,3.8798877746937244e-05,0.11670285706238678
500,10000,13000,0.03610178687960797,0.11114750609119155,3.874918142454664e-05,0.11686363261379118
500,10000,14000,0.036049597659000454,0.11135457781059155,3.872239380608988e-05,0.11704450858615573
500,10000,15000,0.03601623198513701,0.11157084805883068,3.871379309861034e-05,0.11724002986067371
500,11000,500,0.07413532862475442,0.14277400230919599,-0.00040992752094493046,0.16087458073374755
500,11000,1000,0.0531068773771233,0.12531599111319688,6.775290752392138e-05,0.13610452837392342
500,11000,2000,0.04407993055866449,0.1160246177424184,4.616891485231811e-05,0.12411589073079922
500,11000,3000,0.041002879647199175,0.11292654205694999,3.9165650985051315e-05,0.12014009145264962
500,11000,4000,0.03939109215839637,0.11149125811670214,3.650764168028342e-05,0.11824533864252018
500,11000,5000,0.038389201535353995,0.11074764158805149,3.52303894182171e-05,0.11721250851772552
500,11000,6000,0.03770875903324325,0.11035782806562122,3.4513884649922666e-05,0.11662247602583584
500,11000,7000,0.03722237513454135,0.11017237533753162,3.4070166303634686e-05,0.11629040656454298
500,11000,8000,0.036863797829951805,0.11011459275037457,3.3778253200722475e-05,0.11612133424999384
500,11000,9000,0.03659456285159007,0.11014091176417887,3.3579820767237756e-05,0.1160611201141363
500,11000,10000,0.03639051150917405,0.110224687519646,3.344350457590295e-05,0.11607649281904985
500,11000,11000,0.03623555591449218,0.11034869637493785,3.335088226597005e-05,0.11614581962499494
500,11000,12000,0.03611849130945188,0.11050131852122767,3.3290330973323456e-05,0.11625441031482162
500,11000,13000,0.03603123412226525,0.11067444722055529,3.325408143151076e-05,0.11639194218580125
500,11000,14000,0.035967785539207875,0.11086227379154515,3.323669307164767e-05,0.11655096074895194
500,11000,15000,0.035923590183176285,0.11106054634464438,3.323421106848912e-05,0.11672596279548303
500,12000,500,0.07405272440775901,0.14264579214131218,-0.0003953082731085189,0.16072269371953898
500,12000,1000,0.053077640879171495,0.12518672117167448,6.451694191156321e-05,0.13597409783281764
500,12000,2000,0.04408225896656931,0.11587188163932242,4.150327407048682e-05,0.12397394981509052
500,12000,3000,0.04101921482514412,0.11274853878157584,3.442544761456112e-05,0.11997837374861886
500,12000,4000,0.039412175390728305,0.11128752423975646,3.1828389310706307e-05,0.11806029660089067
500,12000,5000,0.03840916916820175,0.1105181037222258,3.062628752237284e-05,0.11700220709250611
500,12000,6000,0.03772384626505643,0.11010280169329781,2.9976907062523317e-05,0.11638606624660114
500,12000,7000,0.03723018125201358,0.10989248318218536,2.958865802427102e-05,0.11602777741339941
500,12000,8000,0.03686282909872207,0.1098106747355733,2.9341277159811163e-05,0.11583286802956237
500,12000,9000,0.036583937640397995,0.10981394904648019,2.9178086913606016e-05,0.11574752157096165
500,12000,10000,0.03636976527750552,0.10987574391921962,2.9069378345014663e-05,0.11573867017195043
500,12000,11000,0.03620450957841681,0.10997887498830373,2.8998159065318774e-05,0.11578480167275775
500,12000,12000,0.03607716097378674,0.11011173048563816,2.8953980351076325e-05,0.1158712888199804
500,12000,13000,0.03597976848316864,0.11026618990084747,2.893001919879179e-05,0.11598783217345768
500,12000,14000,0.03590642202060623,0.1104364159334699,2.8921593206998608e-05,0.11612697336541064
500,12000,15000,0.03585262393736144,0.11061811828917295,2.89253551576385e-05,0.11628318697777204
500,13000,500,0.07398246226143212,0.14253668904949462,-0.0003828463157954376,0.16059345882929998
500,13000,1000,0.05305273353543341,0.12507644828491474,6.19949809641529e-05,0.13586285104666512
500,13000,2000,0.0440852518430232,0.11574132157711693,3.776542402667005e-05,0.12385299502518148
500,13000,3000,0.04103550687218491,0.11259621461778674,3.06134287623161e-05,0.11984081653465921
500,13000,4000,0.03943383665417324,0.11111300041895669,2.8060229021686922e-05,0.11790304119380271
500,13000,5000,0.03843102013878694,0.11032123002250292,2.6916870132676074e-05,0.11682344724884532
500,13000,6000,0.03774245330995893,0.1098837379748345,2.632140142844186e-05,0.11618489293360255
500,13000,7000,0.037243273211046424,0.1096516459026588,2.5978496426715125e-05,0.1158039097937414
500,13000,8000,0.036868925331220825,0.10954866969058462,2.5768055132102674e-05,0.11558645833335587
500,13000,9000,0.03658210328705988,0.10953151234877367,2.5634501954918676e-05,0.1154790159961643
500,13000,10000,0.036359446290635006,0.10957369497046382,2.554933645637636e-05,0.11544870989669141
500,13000,11000,0.036185419379814954,0.10965808063224114,2.549664840967303e-05,0.11547415240528622
500,13000,12000,0.03604920130582018,0.10977307832907708,2.546689690452464e-05,0.11554079058580168
500,13000,13000,0.0359429733965807,0.10991056882528749,2.5454001587821296e-05,0.1156383635477075
500,13000,14000,0.03586091791511975,0.11006470227386975,2.5453882197212785e-05,0.11575942626089102
500,13000,15000,0.03579860079333275,0.11023116623604724,2.5463678774095833e-05,0.11589844898409306
500,14000,500,0.07392197133671967,0.14244272442411807,-0.0003720963908999675,0.1604821673688269
500,14000,1000,0.05303126803266116,0.1249812840467804,5.999379976528996e-05,0.1357668602803717
500,14000,2000,0.04408862516232309,0.11562846337876545,3.4718135295097596e-05,0.12374873582137011
500,14000,3000,0.04105143778201628,0.11246443459406824,2.7494359112756328e-05,0.11972247219496426
500,14000,4000,0.03945548484365097,0.11096189441355893,2.4972796464073355e-05,0.11776789851115597
500,14000,5000,0.03845379685482439,0.11015060345948055,2.3875902349201894e-05,0.11666983545500759
500,14000,6000,0.03776323362890785,0.10969364660700268,2.3324220583931243e-05,0.11601188932205497
500,14000,7000,0.03725992786784654,0.10944236110948621,2.3018750901271368e-05,0.11561112904819848
500,14000,8000,0.036880015696071244,0.10932062774722837,2.283920893886293e-05,0.11537389535947898
500,14000,9000,0.03658667672752475,0.10928526774742421,2.273074531722319e-05,0.11524693131392862
500,14000,10000,0.03635689604030187,0.10930988238721717,2.2665748530825702e-05,0.11519754680950772
500,14000,11000,0.036175386715399965,0.10937738518538566,2.262913630357577e-05,0.11520447693591933
500,14000,12000,0.03603150620325535,0.10947621290368559,2.2612077739792014e-05,0.11525324786015526
500,14000,13000,0.03591756470344004,0.10959825704111979,2.2609082196978214e-05,0.11533364605286596
500,14000,14000,0.035827837171211185,0.10973766590651286,2.2616553005838647e-05,0.11543825079446035
500,14000,15000,0.03575795574042184,0.1098901160993051,2.2632025143853873e-05,0.11556154000038803
500,15000,500,0.0738693464414721,0.14236095521009454,-0.0003627292830223894,0.16038532814616657
500,15000,1000,0.05301258233071732,0.12489833092223687,5.838111932987555e-05,0.13568319852099142
500,15000,2000,0.04409219465600575,0.115529955630572,3.2196363006997686e-05,0.12365796906868085
500,15000,3000,0.04106682834818523,0.11234934017198359,2.4904201927911096e-05,0.11961964407186083
500,15000,4000,0.0394767573131144,0.11082984136683255,2.2405413630299797e-05,0.11765062093911088
500,15000,5000,0.03847687238794881,0.11000137338904405,2.134566113176639e-05,0.11653657070581593
500,15000,6000,0.037785269576262326,0.10952722516241432,2.0829907002029024e-05,0.11586172829115768
500,15000,7000,0.0372789388559876,0.10925891655857538,2.0555628943874638e-05,0.1154436249964288
500,15000,8000,0.03689462128921758,0.1091204719229401,2.0402142535513867e-05,0.11518893561886648
500,15000,9000,0.036595929506750724,0.10906881900116551,2.0315062470022127e-05,0.11504464241099555
500,15000,10000,0.036360161870735874,0.10907763435806696,2.026743416994048e-05,0.11497822445657765
500,15000,11000,0.03617226011257796,0.10912988204636574,2.0244814730507876e-05,0.1149685346821391
500,15000,12000,0.036021749503068634,0.10921403005858561,2.023893426983392e-05,0.11500117916140655
500,15000,13000,0.03590106378167185,0.10932198631263287,2.0244775185473962e-05,0.11506599620151073
500,15000,14000,0.0358045688604946,0.10944790431697322,2.025913311154426e-05,0.11515559613451576
500,15000,15000,0.03572796363109593,0.10958745747440156,2.0279866351446962e-05,0.11526447254987836
1000,500,500,0.07379991209150819,0.13476676156176656,-0.03029705340791511,0.15660912646382533
1000,500,1000,0.018273121188844166,0.08573615578189633,-0.000868666868317769,0.08766612771400306
1000,500,2000,0.015032900593445364,0.07877979874217542,0.002129284312057611,0.08022953721536506
1000,500,3000,0.013854809684256203,0.07611925453187121,0.002818535848547521,0.07742119093765158
1000,500,4000,0.01325219523284854,0.07480450752479045,0.003130791469573624,0.07603378775085402
1000,500,5000,0.012901519680285217,0.07408696341352175,0.00331605640583843,0.07527498646950392
1000,500,6000,0.012682513459645856,0.07367881365917295,0.003442850344230197,0.07484161241161226
1000,500,7000,0.012539895915008259,0.07344657966596335,0.003537431605606045,0.07459331388638181
1000,500,8000,0.012444805833978057,0.07332070757545756,0.0036120495382971907,0.07445700943147184
1000,500,9000,0.012380801674928194,0.07326191789150073,0.00367324441297745,0.07439143490867997
1000,500,10000,0.012337901663899836,0.07324668280345889,0.0037248499981256122,0.07437186878576549
1000,500,11000,0.01230974205394525,0.07326026448708373,0.00376928811592947,0.0743828181440648
1000,500,12000,0.012292106344130083,0.07329310403384731,0.0038081787491491825,0.07441422715232107
1000,500,13000,0.012282112828997577,0.07333882877561886,0.0038426530140220905,0.07445938546556734
1000,500,14000,0.012277741506327045,0.07339309671607785,0.0038735272083632033,0.07451371548316238
1000,500,15000,0.012277544454704192,0.07345289817995856,0.0039014209608542183,0.07457403994947834
1000,1000,500,0.021459740814812917,0.09059555125996753,-0.0018484914576399891,0.093120842482257
1000,1000,1000,0.017581734810747318,0.08239811111945577,0.0003689269805966511,0.08425379648494563
1000,1000,2000,0.014922081512586838,0.07637860043377552,0.0007562391614124309,0.07782628745199063
1000,1000,3000,0.013818439961125945,0.07398394467316037,0.0008743644901207936,0.07526843870854558
1000,1000,4000,0.013246535821375638,0.07282703939786578,0.0009314422807533695,0.07402780533993736
1000,1000,5000,0.012915281904568005,0.07222417786044971,0.0009664086828008456,0.07337622448746275
1000,1000,6000,0.0127112656728878,0.07190796686792437,0.0009910734734691617,0.073029543341822
1000,1000,7000,0.012581436299163806,0.07175375258765612,0.001010064829992885,0.07285543068791284
1000,1000,8000,0.01249784792908204,0.07169648046225612,0.0010254901464488153,0.07278484144087694
1000,1000,9000,0.012444490900604621,0.07169942862507961,0.001038519323257714,0.0727787877153975
1000,1000,10000,0.012411609751815378,0.07174064556803769,0.0010498384182426879,0.07281394402073399
1000,1000,11000,0.01239297359190214,0.0718064298785291,0.001059825956203242,0.07287573256857965
1000,1000,12000,0.012384447501490536,0.07188794134949303,0.0010687428917666164,0.07295473159949276
1000,1000,13000,0.012383198458546407,0.07197932868213736,0.0010768520990083186,0.07304469160752235
1000,1000,14000,0.01238724473683836,0.07207664267976321,0.0010842659996963544,0.07314138284797937
1000,1000,15000,0.012395169736782563,0.0721771794139084,0.001091040765172968,0.07324189942172747
1000,2000,500,0.021267298270876478,0.08741480528086741,0.0013282791431602492,0.0899744990734405
1000,2000,1000,0.017582314093090357,0.07980307160859307,0.00032004676383856623,0.08171762623183178
1000,2000,2000,0.01474514283294695,0.07382359058150573,0.0002811988730462289,0.07528227438325698
1000,2000,3000,0.013558188056982862,0.07141993127831794,0.0002847145721133204,0.07269602540425263
1000,2000,4000,0.012935380941366592,0.07025671240008702,0.00028739867712124223,0.07143817127675108
1000,2000,5000,0.012569985214079121,0.06965554741221301,0.0002893275316601107,0.0707812370900495
1000,2000,6000,0.012342044104248717,0.06934841226033203,0.00029093143857017445,0.07043871788158938
1000,2000,7000,0.012195080776877781,0.06920912140568553,0.0002924056136456299,0.07027594170087217
1000,2000,8000,0.012099125372748154,0.06917119142753594,0.0002938102774611151,0.07022199714312775
1000,2000,9000,0.012036882208132788,0.06919674746875831,0.0002951685190465403,0.07023648281343685
1000,2000,10000,0.011997730833673087,0.06926294732709208,0.0002964930837848767,0.07029501636489982
1000,2000,11000,0.011974830948717874,0.06935540965270907,0.0002977826175771803,0.07038222857250823
1000,2000,12000,0.011963607055854364,0.06946477611834934,0.0002990359157963862,0.0704881013890871
1000,2000,13000,0.01196090351325052,0.06958479967697483,0.0003002563488858634,0.07060593256103237
1000,2000,14000,0.011964488926673178,0.06971122785590905,0.00030143895627154915,0.0707311469573293
1000,2000,15000,0.011972751844126911,0.06984112355155524,0.00030258556922502233,0.07086057354898669
1000,3000,500,0.022450997258844613,0.08768433784410802,0.0009124906901603058,0.09051752880153077
1000,3000,1000,0.01771225149458086,0.07878076006987637,0.00021641513754799835,0.0807476243966748
1000,3000,2000,0.014740223180498946,0.07265070252416861,0.00015765161575953535,0.07413112443972578
1000,3000,3000,0.013481353243717964,0.07012936588888327,0.00015064977155598847,0.0714135669226264
1000,3000,4000,0.012806268918472918,0.06887211949189273,0.00014784553188607052,0.07005277457188326
1000,3000,5000,0.01240101142873945,0.06819819195258511,0.0001462463247898782,0.06931666363901891
1000,3000,6000,0.012141962451261867,0.06783548860135866,0.00014525571183243713,0.06891372769756933
1000,3000,7000,0.01197030431677476,0.0676540918897943,0.00014464504324651628,0.06870505990869569
1000,3000,8000,0.011854479419473568,0.06758454870742626,0.00014429151613870594,0.06861647561872312
1000,3000,9000,0.011776080328237348,0.06758671237389555,0.00014411913221157313,0.06860510569726609
1000,3000,10000,0.011723686767573849,0.0676360134397569,0.0001440771585102807,0.0686447077615949
1000,3000,11000,0.011689869023788713,0.06771675131632147,0.00014413041937555437,0.06871849983961852
1000,3000,12000,0.011669608250607727,0.06781855092598131,0.00014425402764361994,0.0688153792087718
1000,3000,13000,0.011659409152504935,0.06793437332324435,0.00014442996783481377,0.06892780107201346
1000,3000,14000,0.011656775457380919,0.06805934274692829,0.00014464469920516532,0.0690505283925957
1000,3000,15000,0.011659886444327583,0.06819002653410404,0.00014488820631242127,0.06917986457928893
1000,4000,500,0.023350885946770095,0.08821249460143507,0.000484237063756332,0.09125208251783185
1000,4000,1000,0.017836032477051622,0.07828682705429961,0.0001462738895231519,0.08029304291657537
1000,4000,2000,0.014794847092632235,0.07204781474383277,0.00010270283293067894,0.07355124511337593
1000,4000,3000,0.01348951531026854,0.06942252830844861,9.599081216726812e-05,0.07072102710141687
1000,4000,4000,0.01277438835512712,0.06807103705572236,9.29494093949712e-05,0.06925936559976449
1000,4000,5000,0.012335380801803075,0.06731702882180393,9.106706192363312e-05,0.06843794475384865
1000,4000,6000,0.012048133515206949,0.06688786460685835,8.97853618171407e-05,0.06796434369783072
1000,4000,7000,0.011852883165891615,0.0666517334551903,8.888110667104598e-05,0.06769750594945972
1000,4000,8000,0.011717215880568704,0.06653719835357402,8.823484519204783e-05,0.06756108123855488
1000,4000,9000,0.011622022491731249,0.06650238183433978,8.777309027618863e-05,0.06751033921225703
1000,4000,10000,0.011555325770210456,0.06652128966848274,8.744721146514145e-05,0.06751751757750481
1000,4000,11000,0.011509257193360878,0.06657707116772864,8.72235321043302e-05,0.06756461362547918
1000,4000,12000,0.011478451212502294,0.06665842698315548,8.707796630069708e-05,0.06763954695796448
1000,4000,13000,0.011459136657899466,0.06675757377695601,8.699287950997281e-05,0.06773398731280497
1000,4000,14000,0.011448595811265422,0.066869033183128,8.695509129752477e-05,0.06784206295569069
1000,4000,15000,0.011444828548048402,0.06698888154262415,8.695459927410276e-05,0.0679595608573826
1000,5000,500,0.02404263333738163,0.08873717256338562,0.0001631084743309863,0.09193672071982038
1000,5000,1000,0.017939564804267255,0.07801753900537386,9.83157377499877e-05,0.08005356983798928
1000,5000,2000,0.014867235201569073,0.07171634607530283,7.198060340851686e-05,0.07324120532964108
1000,5000,3000,0.013534347736233243,0.06901521387220907,6.721639531315216e-05,0.07032981467710434
1000,5000,4000,0.012790517049309419,0.06758581787476713,6.483285151837048e-05,0.06878549489164487
1000,5000,5000,0.012324844891878572,0.06676039992363636,6.325643167071071e-05,0.06788856163558687
1000,5000,6000,0.012013923546652872,0.06626855262568007,6.212545614014964e-05,0.06734878830134697
1000,5000,7000,0.011797988740639365,0.06597832338524219,6.128725897691645e-05,0.06702488680467847
1000,5000,8000,0.011644325276892686,0.06581739064972701,6.065584568348825e-05,0.06683953098447408
1000,5000,9000,0.011533462967607877,0.0657428472505569,6.017621717302468e-05,0.0667468827273031
1000,5000,10000,0.011453085150449238,0.06572773079534334,5.9810886739786184e-05,0.06671814844786042
1000,5000,11000,0.011395028214437275,0.065754344211834,5.953329377006433e-05,0.06673442885759372
1000,5000,12000,0.011353677771013815,0.06581066981264656,5.9324093389157007e-05,0.06678288537840558
1000,5000,13000,0.01132505519206023,0.0658883218300189,5.916888930335151e-05,0.06685455354451796
1000,5000,14000,0.011306270245381611,0.06598131846160742,5.90567741139969e-05,0.06694303265087581
1000,5000,15000,0.011295179116020404,0.06608531510242267,5.897935664034293e-05,0.06704366802326665
1000,6000,500,0.024591132577195668,0.08920853829562611,-7.61541872448257e-05,0.09253590063176367
1000,6000,1000,0.018024339708459153,0.07785816846443816,6.399376430654691e-05,0.07991730296853516
1000,6000,2000,0.01494194630341536,0.07152726701916338,5.248865239948497e-05,0.0730712969751015
1000,6000,3000,0.013594328940549932,0.06877474425149122,4.973902551064224e-05,0.07010544700786492
1000,6000,4000,0.012830689826379166,0.06728488172854813,4.8118354500359395e-05,0.06849733006491203
1000,6000,5000,0.01234455924138278,0.06639988948551673,4.6939997459638505e-05,0.06753766112263739
1000,6000,6000,0.012014342102194764,0.06585313191689521,4.604325426049716e-05,0.06694013384654855
1000,6000,7000,0.01178084729863868,0.06551369716138052,4.534921899068678e-05,0.06656451708965208
1000,6000,8000,0.011611435136162473,0.0653092143198885,4.480681089413796e-05,0.06633340718410852
1000,6000,9000,0.011486524326419056,0.06519632658085782,4.438014902208298e-05,0.06620047741774157
1000,6000,10000,0.011393627848187732,0.06514750804791218,4.4043210847388714e-05,0.06613633267879467
1000,6000,11000,0.011324403986579495,0.06514450099065408,4.377674829170175e-05,0.06612147950081183
1000,6000,12000,0.011273072253182997,0.06517477397775667,4.3566294481656165e-05,0.06614253713835876
1000,6000,13000,0.011235506316493643,0.06522948744376937,4.340081931608619e-05,0.066190063589605
1000,6000,14000,0.011208687406822737,0.06530226557199217,4.327180212571058e-05,0.0662572443938602
1000,6000,15000,0.011190360943742483,0.06538842435921838,4.317258109176603e-05,0.06633906904761491
1000,7000,500,0.02503419599059864,0.08961659938568454,-0.00025701069023198464,0.09304790115228218
1000,7000,1000,0.018093979074132405,0.07775809601975467,3.840609486716051e-05,0.07983555004119813
1000,7000,2000,0.015013196110849641,0.07141809549359042,3.909164051763003e-05,0.07297905144321067
1000,7000,3000,0.013659370750789768,0.06863269797668682,3.8112791051592154e-05,0.06997876173133877
1000,7000,4000,0.012882605179633189,0.06709731584245876,3.718685340026173e-05,0.0683228562952329
1000,7000,5000,0.012381078410474894,0.06616403850807283,3.6383492935776474e-05,0.06731249823073446
1000,7000,6000,0.012035375749569532,0.06557066484263044,3.57173016547474e-05,0.06666606057855477
1000,7000,7000,0.011787201677878778,0.06518801894317452,3.517406194275541e-05,0.06624512943866366
1000,7000,8000,0.011604234289156162,0.0649442444154559,3.473330401759789e-05,0.06597283033593837
1000,7000,9000,0.011466955836477305,0.06479596109400335,3.437588946686443e-05,0.0658028026147298
1000,7000,10000,0.011362834130225624,0.06471539561524567,3.4085834553998495e-05,0.06570538479419245
1000,7000,11000,0.01128343978132193,0.06468396355593678,3.385030265068423e-05,0.06566073636845284
1000,7000,12000,0.011222892387014682,0.06468879407601758,3.365911527319909e-05,0.06565511804479496
1000,7000,13000,0.011176967038798724,0.06472072485098519,3.350421435299733e-05,0.06567874800843652
1000,7000,14000,0.011142553448019538,0.06477308560133624,3.337919796309041e-05,0.06572450250729069
1000,7000,15000,0.011117314543935164,0.06484092929279657,3.327895004545667e-05,0.06578709525211425
1000,8000,500,0.025399020214946527,0.08996778943602661,-0.00039654129637312074,0.09348513576437814
1000,8000,1000,0.018151762312035552,0.07769241571732036,1.868015033479331e-05,0.0797846995605898
1000,8000,2000,0.015079009200458154,0.07135600172455964,2.936020049515431e-05,0.07293186109379242
1000,8000,3000,0.01372459939974105,0.06855114808984747,2.9878263006710704e-05,0.06991155430849876
1000,8000,4000,0.012939656949668255,0.06698222515922764,2.954866398485745e-05,0.06822062798289172
1000,8000,5000,0.012426761160804406,0.06601041344655814,2.90726080649506e-05,0.06716993316618501
1000,8000,6000,0.012068765819154725,0.06537807890227304,2.8611985232407378e-05,0.06648269795965817
1000,8000,7000,0.011808431240058592,0.06495813640983716,2.8206901729666e-05,0.06602271828559855
1000,8000,8000,0.011613900810345745,0.06467959683119943,2.7862567392622495e-05,0.0657140298155707
1000,8000,9000,0.011465838184858024,0.06449935176620979,2.7573891639542936e-05,0.06551055322512639
1000,8000,10000,0.011351756149131975,0.06438961380421225,2.733332524929022e-05,0.06538260839577774
1000,8000,11000,0.011263205799243864,0.06433165295173189,2.7133430616554932e-05,0.06531019914685035
1000,8000,12000,0.01119425843537597,0.06431239892837198,2.6967651110321178e-05,0.06527937503602692
1000,8000,13000,0.011140629951359754,0.06432247512455759,2.683044750662056e-05,0.0652801283832636
1000,8000,14000,0.011099148862276004,0.06435500132559466,2.671722073865901e-05,0.06530511476824871
1000,8000,15000,0.011067419208078993,0.06440483382778658,2.662417584464727e-05,0.06534884159003049
1000,9000,500,0.0257042357477979,0.09027050741379955,-0.0005064980178332013,0.09386015546740416
1000,9000,1000,0.018200267845644658,0.07764782769558681,3.0524140199883476e-06,0.07975233479224278
1000,9000,2000,0.015138973268184669,0.07132264545557443,2.199833080773761e-05,0.07291165030585264
1000,9000,3000,0.01378766726682315,0.06850790072125391,2.377276852993937e-05,0.06988156262590535
1000,9000,4000,0.012998197471832507,0.06691479194060669,2.3947013176428555e-05,0.06816555648882267
1000,9000,5000,0.012477106324378595,0.06591254650851579,2.3750210818240802e-05,0.0670831016988602
1000,9000,6000,0.012109452596108156,0.0652479370156238,2.3467317037062507e-05,0.06636213285969017
1000,9000,7000,0.011839110951014864,0.06479610328863611,2.318364617959201e-05,0.06586880966727339
1000,9000,8000,0.011634772659232101,0.06448712565586354,2.292573085405092e-05,0.06552829797710516
1000,9000,9000,0.011477359231932105,0.06427836211786925,2.2700145060783328e-05,0.06529500843702626
1000,9000,10000,0.011354491753446994,0.06414217746661746,2.2506354410367635e-05,0.06513941909223733
1000,9000,11000,0.011257752244699964,0.06405983195507241,2.23414228900376e-05,0.06504152177535777
1000,9000,12000,0.011181203350269259,0.06401816485569908,2.2201822843737062e-05,0.06498726977472184
1000,9000,13000,0.011120532871012334,0.06400767227558793,2.208412857773734e-05,0.06496652098722133
1000,9000,14000,0.01107253262190111,0.06402133354406626,2.198525904073545e-05,0.06497178318912959
1000,9000,15000,0.011034767173728699,0.06405386398543597,2.190253583911339e-05,0.06499741577758464
1000,10000,500,0.025962986641837132,0.09053256985020908,-0.0005948497733559988,0.09418373917667561
1000,10000,1000,0.018241452965338578,0.07761676148636003,-9.609571956725738e-06,0.07973150169325192
1000,10000,2000,0.015193313784407664,0.07130728142468856,1.6252563915353235e-05,0.0729079243434967
1000,10000,3000,0.0138475034585398,0.06848941242764689,1.9085213481373486e-05,0.06987526980959685
1000,10000,4000,0.013056192721017462,0.06687934783454591,1.9684644959272468e-05,0.06814185000884389
1000,10000,5000,0.012529399215499532,0.06585328508253813,1.972491626334172e-05,0.06703462828968114
1000,10000,6000,0.012154246622236797,0.06516209603030923,1.9594305203929352e-05,0.06628593254947986
1000,10000,7000,0.01187572046637761,0.06468314357400504,1.9415855273208216e-05,0.06576429256204559
1000,10000,8000,0.011663098756674789,0.06434767663822913,1.923383220137076e-05,0.06539611403811658
1000,10000,9000,0.011497607615354538,0.064113640702437,1.9064504785060166e-05,0.06513642812169844
1000,10000,10000,0.011367019626190716,0.06395366730558344,1.8913176476620386e-05,0.0649559932163592
1000,10000,11000,0.011262984360278838,0.06384910627912817,1.87806665504775e-05,0.06483489447864264
1000,10000,12000,0.011179585849177415,0.06378678958719311,1.8665981647458807e-05,0.06475907669214291
1000,10000,13000,0.011112508109935804,0.06375715451358423,1.856747005135606e-05,0.06471833536883799
1000,10000,14000,0.01105852588169548,0.06375309602839412,1.8483329160878803e-05,0.06470508936332
1000,10000,15000,0.011015180107724926,0.06376923434095176,1.841182393824692e-05,0.06471359810914627
1000,11000,500,0.026184854234350102,0.0907606969668572,-0.0006671411962104745,0.09446478593930928
1000,11000,1000,0.018276796025179065,0.07759468037723885,-2.0062261736564224e-05,0.07971810395566495
1000,11000,2000,0.015242495359591407,0.0713033721085142,1.1655628618378877e-05,0.07291436535200786
1000,11000,3000,0.013903698754729327,0.06848714013589102,1.5386147706242248e-05,0.06988420021570668
1000,11000,4000,0.013112521269013744,0.06686568542429856,1.6345988071653217e-05,0.06813925717589617
1000,11000,5000,0.012581982409510334,0.06582116956292085,1.6587925046440688e-05,0.06701293098457389
1000,11000,6000,0.012201097237952097,0.06510819497141936,1.658773355373011e-05,0.06624155871806779
1000,11000,7000,0.011915922211989727,0.06460626579067172,1.6500177729139587e-05,0.06569595918953443
1000,11000,8000,0.011696332031512352,0.06424783027214946,1.6384363968224847e-05,0.06530381417740995
1000,11000,9000,0.01152388313383651,0.06399148997930869,1.6264662596299218e-05,0.06502085001592593
1000,11000,10000,0.01138652781064639,0.06381021885503274,1.615125921694549e-05,0.06481818654338437
1000,11000,11000,0.011276009202898618,0.06368552726479991,1.6048120157652335e-05,0.06467607768009427
1000,11000,12000,0.011186455163088166,0.0636043021459304,1.5956381696158317e-05,0.06458052558777068
1000,11000,13000,0.01111356473921582,0.06355697507832656,1.5875887420691015e-05,0.06452131937866402
1000,11000,14000,0.01105411117121316,0.06353640131979563,1.5805915623112732e-05,0.06449083590931844
1000,11000,15000,0.01100562462143051,0.06353714327823941,1.574553143901536e-05,0.06448327377847003
1000,12000,500,0.026376939688842277,0.09096040532730688,-0.0007272966221532062,0.09471043894436018
1000,12000,1000,0.018307420511778166,0.07757874856494631,-2.8828352343412966e-05,0.07970962743465895
1000,12000,2000,0.015287046616018679,0.07130681756142203,7.90278574147596e-06,0.07292706004928676
1000,12000,3000,0.013956189086674009,0.06849554984622941,1.240165679827765e-05,0.06990290205965263
1000,12000,4000,0.01316659132166953,0.0668669846559977,1.3669037560948283e-05,0.06815095707955893
1000,12000,5000,0.012633843550902468,0.06580835229655996,1.408336238029051e-05,0.06701009948655445
1000,12000,6000,0.012248669991014594,0.06507760503263786,1.4195223315582872e-05,0.06622027480188496
1000,12000,7000,0.011958137892808668,0.06455626243480123,1.4186295410167915e-05,0.06565446125485558
1000,12000,8000,0.01173270991022718,0.0641779586865273,1.412820615964705e-05,0.06524160530377343
1000,12000,9000,0.011554283727051834,0.06390198324381902,1.4052145344667366e-05,0.0649381639130745
1000,12000,10000,0.011411008538879608,0.06370169952812878,1.3972408617446419e-05,0.06471566915264484
1000,12000,11000,0.011294738933865983,0.06355882754424749,1.3895615910475279e-05,0.06455459611423282
1000,12000,12000,0.011199663046557673,0.06346035501662932,1.38247035631478e-05,0.06444105292680659
1000,12000,13000,0.011121509345899894,0.06339674847332213,1.376078264192504e-05,0.06436486523313592
1000,12000,14000,0.011057061835922366,0.0633608586113141,1.3704050375151766e-05,0.06431840489476821
1000,12000,15000,0.011003850267363946,0.06334722015655286,1.365425418875521e-05,0.0642958413018136
1000,13000,500,0.026544762236006214,0.09113646577617976,-0.0007778443365096255,0.09492673405395724
1000,13000,1000,0.018334189165465836,0.07756713013791001,-3.6279652569026766e-05,0.0797044759495961
1000,13000,2000,0.015327484546179493,0.07131498317688158,4.787110976178788e-06,0.07294353042558815
1000,13000,3000,0.01400508754737731,0.06851097948606331,9.949205766468516e-06,0.06992779766542191
1000,13000,4000,0.013218123357743167,0.06687859384204473,1.1480962051946264e-05,0.06817232012482917
1000,13000,5000,0.012684373165450347,0.06580934912118012,1.2043543698991854e-05,0.0670206229410076
1000,13000,6000,0.012296092602542996,0.06506418046081869,1.2252137521651107e-05,0.06621587137871981
1000,13000,7000,0.012001289939255283,0.06452647657203729,1.2311464480774248e-05,0.0656330502916016
1000,13000,8000,0.01177099523994768,0.06413101645617748,1.230380856975799e-05,0.06520232934508616
1000,13000,9000,0.011587448191578004,0.0638377840575198,1.2266145470340994e-05,0.06488090458236043
1000,13000,10000,0.01143900399424061,0.06362055842166403,1.2216255960928457e-05,0.06464074887794485
1000,13000,11000,0.011317640379359728,0.06346130175549723,1.2163012565569176e-05,0.0644625934336935
1000,13000,12000,0.011217617553409526,0.06334713551740769,1.2110882843474613e-05,0.06433268740313014
1000,13000,13000,0.011134704249173732,0.06326859182873713,1.2062058723394387e-05,0.06424092539963268
1000,13000,14000,0.011065704819828881,0.06321854426905307,1.2017523306484534e-05,0.06417970323302122
1000,13000,15000,0.01100815688164572,0.06319152388904863,1.197760908855372e-05,0.06414318633194212
1000,14000,500,0.026692577577254573,0.09129265973834208,-0.000820797281439245,0.09511843737149847
1000,14000,1000,0.018357772217737878,0.07755860054558426,-4.268735547630076e-05,0.07970160689470551
1000,14000,2000,0.01536428409828075,0.07132614265928564,2.163366752405693e-06,0.07296218100622819
1000,14000,3000,0.014050593279489543,0.06853096409383973,7.90270623618472e-06,0.06995650272554763
1000,14000,4000,0.013267023152726709,0.0668972864715675,9.663435256324071e-06,0.06820015347472419
1000,14000,5000,0.012733217607738878,0.06582026258842637,1.0354343162544133e-05,0.06704059893130321
1000,14000,6000,0.012342797231237629,0.06506347009028979,1.0646897260491173e-05,0.06622386199126341
1000,14000,7000,0.012044638316695777,0.06451201415014653,1.0765736570883533e-05,0.0656267734830062
1000,14000,8000,0.011810310896707643,0.06410176145458793,1.0802293959999432e-05,0.06518066723920016
1000,14000,9000,0.011622390421121814,0.06379337980879055,1.0798493562114153e-05,0.06484346831514376
1000,14000,10000,0.011469441356372234,0.06356107503787728,1.0775093185810825e-05,0.06458760299856746
1000,14000,11000,0.011343571606728498,0.06338707170166608,1.0742890620307755e-05,0.06439408040432623
1000,14000,12000,0.011239121575583988,0.06325864789467045,1.070766426458647e-05,0.06424931518628604
1000,14000,13000,0.011151908284353446,0.06316642405210642,1.0672533463984557e-05,0.06414329504956952
1000,14000,14000,0.011078763821458615,0.06310331776263041,1.0639157263736543e-05,0.06406846208279729
1000,14000,15000,0.011017240251239957,0.06306387544944292,1.0608372793874388e-05,0.06401899782091222
1000,15000,500,0.02682371229191538,0.09143204363619695,-0.0008576736294387821,0.09528937899191867
1000,15000,1000,0.01837869646783441,0.07755232182163874,-4.8253617153770634e-05,0.0797003226605475
1000,15000,2000,0.015397868685173788,0.07133914767780813,-7.325125328527804e-08,0.07298197278401933
1000,15000,3000,0.014092941617166177,0.06855382241517338,6.172411611604645e-06,0.06998741036254055
1000,15000,4000,0.013313305908036671,0.06692079391655929,8.132890571221907e-06,0.06823222727397568
1000,15000,5000,0.012780187457752445,0.06583828391242427,8.935587896496955e-06,0.06706722671941198
1000,15000,6000,0.012388419726278382,0.06507220428717089,9.301422945307003e-06,0.0662409601426656
1000,15000,7000,0.012087674656275221,0.0645092259262005,9.472399662979747e-06,0.06563194495000046
1000,15000,8000,0.011850031114625459,0.06408623760340619,9.547871869464153e-06,0.06517261064849009
1000,15000,9000,0.011658389557795384,0.06376456935824935,9.574029247616522e-06,0.06482158933709001
1000,15000,10000,0.011501522731879044,0.06351885413299384,9.574191018990597e-06,0.06455176176670636
1000,15000,11000,0.011371672229480156,0.06333158971892715,9.560811522479895e-06,0.06434442693062364
1000,15000,12000,0.01126326394440838,0.06319022604474539,9.540798364349179e-06,0.06418618132662406
1000,15000,13000,0.011172168949310918,0.06308548825975956,9.518071335978817e-06,0.0640671232271115
1000,15000,14000,0.011095252686837281,0.06301035403466115,9.494874259718955e-06,0.06397975803260549
1000,15000,15000,0.011030086842610642,0.06295940010442047,9.472481851124925e-06,0.06391829915596899
2000,500,500,0.06705208664536917,0.11932780108039008,-0.04252240938213869,0.143329207539292
2000,500,1000,0.0073911707202719,0.053941413267631536,-0.006571950700407281,0.05484064191759797
2000,500,2000,0.0049412448108735185,0.0462272931014415,-0.0008160528331297989,0.04649778994741604
2000,500,3000,0.004293622828468624,0.04341112621810125,0.00035493443805356684,0.04362438601255473
2000,500,4000,0.0039635337499983325,0.04187561438505062,0.0008324984583576445,0.04207100823127492
2000,500,5000,0.0037568849965516904,0.04091479200490244,0.001116758977070642,0.04110208681192004
2000,500,6000,0.003616872274567473,0.04026696058498398,0.0012991960693973237,0.040449941782775486
2000,500,7000,0.003516561310703048,0.03980905778140547,0.001426874575594761,0.03998953933155134
2000,500,8000,0.0034418763764569316,0.039474825542723455,0.0015219567813702373,0.03965381087693367
2000,500,9000,0.0033846939644392726,0.03922524464653945,0.0015960432688059134,0.03940334154522538
2000,500,10000,0.0033399736656206935,0.03903581507266238,0.001655792697022096,0.03921341520359642
2000,500,11000,0.0033044175890149796,0.03889038934717172,0.001705286197435485,0.03906775601685312
2000,500,12000,0.0032757759059941494,0.03877791196145218,0.0017471665309540807,0.03895522756657076
2000,500,13000,0.003252462049154553,0.03869057748235037,0.001783219613628817,0.03886797097211763
2000,500,14000,0.0032333260706771394,0.038622733504977885,0.0018146973602293226,0.03880029725897838
2000,500,15000,0.00321751411072127,0.0385701984091024,0.0018425125027383693,0.03874799936374732
2000,1000,500,0.008694446330586747,0.06102299447468222,-0.005482711722217148,0.06188262582891492
2000,1000,1000,0.0057403216697507475,0.05049617358231233,-0.0008646047079968744,0.05082875545031885
2000,1000,2000,0.004650812108228458,0.044603569350018656,-5.616387947959822e-05,0.044845419012529315
2000,1000,3000,0.004202320350799593,0.042177574098616014,0.00017307109963127232,0.04238675744593488
2000,1000,4000,0.003947951617802148,0.040838245019652816,0.00027892454345956885,0.04102957929546255
2000,1000,5000,0.0037845857258479165,0.04000145018831015,0.00033976125311274696,0.04018151993134738
2000,1000,6000,0.003672072563082468,0.03944140821235585,0.00037967152245610425,0.03961379745930954
2000,1000,7000,0.003591005839733763,0.03905012448929534,0.00040795832469997517,0.039217011303325465
2000,1000,8000,0.003530718360542223,0.0387689274454069,0.0004292455875801737,0.03893173460280381
2000,1000,9000,0.003484840751651619,0.03856308442760362,0.000445961019009955,0.03872279014824904
2000,1000,10000,0.00344932477645965,0.038410715511191275,0.00045955710092027147,0.0385680191379357
2000,1000,11000,0.0034214774558160854,0.03829737072920911,0.00047090767940516365,0.03845278750355639
2000,1000,12000,0.003399436647562093,0.03821314523908506,0.0004806102921528499,0.03836706432393702
2000,1000,13000,0.0033818808682965773,0.03815104241739242,0.0004889995861671048,0.03830376321376658
2000,1000,14000,0.0033678419368748935,0.038105995645759644,0.0004963635121518761,0.038257752681026914
2000,1000,15000,0.003356594463116258,0.03807425869215593,0.0005029656956114792,0.038225238728332306
2000,2000,500,0.007144207671260838,0.05586544196418566,0.0008141861724101362,0.05632628345832203
2000,2000,1000,0.005521923337807433,0.04802735312862617,5.933017737791424e-05,0.04834378766667262
2000,2000,2000,0.004514078048312692,0.042739932103642755,5.5529500799345044e-05,0.042977689332672486
2000,2000,3000,0.004084291006940632,0.04054239664493545,8.265015803277098e-05,0.04074768937980744
2000,2000,4000,0.003839317428901534,0.039334855386740114,9.857008683999968e-05,0.03952190434022182
2000,2000,5000,0.003681825730144417,0.03858685545980792,0.00010842260690646643,0.03876226271059199
2000,2000,6000,0.003573430612818229,0.03809220546968654,0.00011505412220225164,0.03825962312073237
2000,2000,7000,0.003495464419608768,0.03775207250218705,0.0001198383875961051,0.03791373907910272
2000,2000,8000,0.0034376492122690228,0.037512690088148,0.00012349154503576987,0.03767007565585376
2000,2000,9000,0.0033938323919648627,0.03734219669797439,0.0001263987544465328,0.03749631620813016
2000,2000,10000,0.0033600986833883795,0.037220504590829304,0.0001287920452875957,0.03737208600745994
2000,2000,11000,0.003333837459285116,0.03713433865795626,0.00013081565856354338,0.03728392002600106
2000,2000,12000,0.0033132423150120105,0.037074595139241204,0.0001325620745702416,0.037222583898491625
2000,2000,13000,0.0032970247931513597,0.03703484161167579,0.00013410105838451702,0.037181552533244594
2000,2000,14000,0.0032842430314594384,0.03701041994909965,0.00013547152302817445,0.037156100301726426
2000,2000,15000,0.0032741934520555405,0.03699788679366825,0.0001367057681809225,0.03714273358849115
2000,3000,500,0.007225476546336096,0.05434030772323221,0.0010009015756458073,0.0548277152427616
2000,3000,1000,0.005476720330211904,0.0467164751277806,0.00013661108508855602,0.04703660464498335
2000,3000,2000,0.004450940210799864,0.04164727583545202,5.418735814521902e-05,0.04188447671326602
2000,3000,3000,0.0040181887484186385,0.039537633835934664,5.2996394763749066e-05,0.039741327843697195
2000,3000,4000,0.0037715160199652265,0.038377428437850636,5.53589881165939e-05,0.038562344472409436
2000,3000,5000,0.0036125056849213855,0.037658914417907,5.738242690567219e-05,0.03783182952490866
2000,3000,6000,0.0035027136448158858,0.03718464865774011,5.890931922047926e-05,0.03734930479922008
2000,3000,7000,0.0034234948367234397,0.03685982382149498,6.007505838290239e-05,0.03701851615153369
2000,3000,8000,0.0033645814298342014,0.036632733585096,6.0996377560074144e-05,0.036786971860601425
2000,3000,9000,0.003319817007978426,0.03647265143285392,6.175031940225395e-05,0.03662348018158392
2000,3000,10000,0.0032852758074857213,0.03636015019811485,6.238661509372356e-05,0.03650832030716376
2000,3000,11000,0.003258334130881113,0.03628235581705054,6.293759966791157e-05,0.036428423601426646
2000,3000,12000,0.0032371721427903732,0.036230416260957694,6.342476188048174e-05,0.03637480403555111
2000,3000,13000,0.0032204889106154932,0.03619806136776221,6.386288896575998e-05,0.036341096214564904
2000,3000,14000,0.0032073308743328366,0.03618073987253456,6.426227057765299e-05,0.03632267939870186
2000,3000,15000,0.0031969841763298534,0.03617508002184291,6.463037712578501e-05,0.03631613001816258
2000,4000,500,0.007298759480486777,0.05341131585669233,0.0008750797229668539,0.053914806092750595
2000,4000,1000,0.005454647584542838,0.04588432791646738,0.00013653023403148445,0.046207611592921256
2000,4000,2000,0.00441448984213777,0.04093616608304002,4.608799644445494e-05,0.041173529582099105
2000,4000,3000,0.003979157881249584,0.03887148344399888,3.8354877415436306e-05,0.039074638753002065
2000,4000,4000,0.0037303534999025834,0.03773071208910256,3.721533713096914e-05,0.037914687879056885
2000,4000,5000,0.003569111533224145,0.03702078786511216,3.713230089352759e-05,0.03719245447799861
2000,4000,6000,0.0034571229337178044,0.036550133792816186,3.725753334815618e-05,0.03671328597899393
2000,4000,7000,0.0033758449412512326,0.036226596608840006,3.741781404498212e-05,0.03638356814579623
2000,4000,8000,0.0033150528261291223,0.03599975827798357,3.7574801934003865e-05,0.036152089610132
2000,4000,9000,0.003268599285890267,0.03583954397541571,3.7721534066559315e-05,0.035988304719333626
2000,4000,10000,0.0032325514633915475,0.035726862052517565,3.785851004189933e-05,0.035872823897065545
2000,4000,11000,0.0032042718136678916,0.03564900960613082,3.798761793283312e-05,0.03579274628766268
2000,4000,12000,0.0031819245702652266,0.03559721760461362,3.81106125703079e-05,0.03573916615675108
2000,4000,13000,0.0031641929789166523,0.035565250672041124,3.8228838186382674e-05,0.035705750713533754
2000,4000,14000,0.003150108720604977,0.035548565837991916,3.834324912199705e-05,0.03568788573584082
2000,4000,15000,0.003138944592653986,0.03554378525338496,3.8454506652407794e-05,0.03568214009898481
2000,5000,500,0.007350101526455072,0.05277462373601777,0.0007345715472055758,0.05328906546642952
2000,5000,1000,0.005441085685684105,0.04530982040340636,0.00012266533892901776,0.04563551561244016
2000,5000,2000,0.004391784715308794,0.040442102902339745,3.8674093055801606e-05,0.04067988392110443
2000,5000,3000,0.003955326384785796,0.03840527943088779,2.9585193266123966e-05,0.03860843133641169
2000,5000,4000,0.003705017982487291,0.03727315110680249,2.7421892904722078e-05,0.03745685122432605
2000,5000,5000,0.0035418021186507387,0.03656363420555737,2.6663762632828103e-05,0.036734784871041794
2000,5000,6000,0.0034276717041260008,0.03608979639472969,2.6322070328044234e-05,0.03625221413894186
2000,5000,7000,0.0033442708620233796,0.03576162963994853,2.613989542699091e-05,0.0359176695429639
2000,5000,8000,0.003281465795122618,0.03552975144506107,2.603251600685752e-05,0.03568097438697924
2000,5000,9000,0.003233146720284741,0.035364593940063006,2.5966454533454808e-05,0.03551208831534961
2000,5000,10000,0.0031953910365045135,0.03524730832644285,2.5926306523094134e-05,0.03539186262841885
2000,5000,11000,0.0031655581672638267,0.03516529836546481,2.590397419266477e-05,0.03530750116700942
2000,5000,12000,0.0031418032590708467,0.03510983034494048,2.5894687664451688e-05,0.03525013170335766
2000,5000,13000,0.003122798110140601,0.03507466689072938,2.5895361465133604e-05,0.03521341784181238
2000,5000,14000,0.0031075624557265202,0.035055244054086124,2.590385168277365e-05,0.03519272298526094
2000,5000,15000,0.0030953575543961054,0.03504815405748029,2.591858638123501e-05,0.03518458487746515
2000,6000,500,0.007387065406237514,0.05231015446354964,0.0006141997996871318,0.05283273830410827
2000,6000,1000,0.005431795865489808,0.044890298492146125,0.00010730863211194652,0.045217859526749546
2000,6000,2000,0.004376968379164181,0.0400822250801476,3.258720077692345e-05,0.04032051192003235
2000,6000,3000,0.0039405572157796,0.038065580974508545,2.371434750580992e-05,0.03826900845943068
2000,6000,4000,0.0036894497660238113,0.03693787591402197,2.1334837416731034e-05,0.03712168061646705
2000,6000,5000,0.0035247210153274144,0.036225741037381964,2.0379238890866347e-05,0.036396818367224464
2000,6000,6000,0.0034087463287856,0.03574617292226373,1.9885244634032517e-05,0.035908339220094045
2000,6000,7000,0.0033234060316573166,0.03541105433514777,1.9584973699249275e-05,0.03556667232605882
2000,6000,8000,0.003258690867597114,0.03517194184623917,1.938302672821468e-05,0.03532258392455903
2000,6000,9000,0.0032085518347330644,0.034999736416181676,1.9238623102824093e-05,0.03514650372658682
2000,6000,10000,0.003169092786116934,0.03487581638495448,1.913160895161692e-05,0.03501951004258253
2000,6000,11000,0.0031376814893018523,0.03478768518348742,1.9050781301377384e-05,0.03492890562966446
2000,6000,12000,0.003112472074663447,0.034726640718086524,1.898929529797755e-05,0.03486584888643844
2000,6000,13000,0.003092130688361505,0.03468644108633409,1.89426451865371e-05,0.03482399784995168
2000,6000,14000,0.0030756693299416604,0.034662499165521894,1.8907688518310373e-05,0.034798691753105244
2000,6000,15000,0.0030623408128233054,0.03465137509882574,1.888213425960128e-05,0.03478643534523763
2000,7000,500,0.007414770225240813,0.05195640966453066,0.0005150008592306188,0.05248535556330605
2000,7000,1000,0.005425003343787177,0.0445711239110974,9.320899671394489e-05,0.0449001607557876
2000,7000,2000,0.004366983645725797,0.03981043094464798,2.764055359649742e-05,0.04004924121829058
2000,7000,3000,0.003931438841017543,0.03781017447382047,1.949366982412215e-05,0.038014022216868476
2000,7000,4000,0.003680129315702052,0.0366854042569353,1.719620798934507e-05,0.03686953394043143
2000,7000,5000,0.0035143495702911476,0.03596985621904949,1.6226683457687407e-05,0.03614113269706077
2000,7000,6000,0.003396881313127348,0.03548393370260231,1.5703352251983382e-05,0.035646158281944236
2000,7000,7000,0.003309862741608549,0.03514123658111644,1.537348281310802e-05,0.03529676948620452
2000,7000,8000,0.0032434285889379466,0.034894209364448425,1.5144375737019544e-05,0.03504462734191386
2000,7000,9000,0.003191606526730617,0.034714214693739164,1.497531135019603e-05,0.03486062647578835
2000,7000,10000,0.003150539245425077,0.03458286580573858,1.4845706104105183e-05,0.03472608134053821
2000,7000,11000,0.0031176123124476707,0.03448777743587271,1.4743926240567973e-05,0.03462840620618248
2000,7000,12000,0.003090986024594372,0.034420290572480985,1.4662787442110137e-05,0.034558802246252636
2000,7000,13000,0.0030693263374146906,0.03437416871882105,1.4597533431692788e-05,0.03451093236010156
2000,7000,14000,0.003051641690584944,0.03434480972503364,1.4544839961994072e-05,0.03448012012172886
2000,7000,15000,0.0030371796680430663,0.0343287481417519,1.4502283635864366e-05,0.03446284404444937
2000,8000,500,0.0074362592751124335,0.0516781242019411,0.0004332665894895005,0.052212203487072964
2000,8000,1000,0.0054198085429069676,0.04432051614212731,8.08537782229779e-05,0.04465074482110895
2000,8000,2000,0.004360099780953308,0.03959917960721908,2.3583354739065143e-05,0.03983849961832505
2000,8000,3000,0.0039259640291550435,0.037613245388257624,1.630514401795846e-05,0.03781758437622933
2000,8000,4000,0.003674917879738393,0.03649107960536418,1.4202666727913815e-05,0.03667566105612261
2000,8000,5000,0.003508492042542999,0.035772292257068905,1.3293991892537882e-05,0.03594393671355379
2000,8000,6000,0.0033898667441672747,0.03528026734559712,1.2792956748053363e-05,0.03544275136300454
2000,8000,7000,0.003301441849253156,0.0349301758422565,1.2471264370317314e-05,0.03508584982849061
2000,8000,8000,0.003233505011251858,0.03467530882113252,1.2244099173552847e-05,0.03482574832529326
2000,8000,9000,0.0031801702024394363,0.034487488627225164,1.2073771207266049e-05,0.034633805741001375
2000,8000,10000,0.00313762756223393,0.03434857521150568,1.1941044394947475e-05,0.03449158547194219
2000,8000,11000,0.0031032876341906546,0.03424631006765939,1.1834965971568856e-05,0.0343866294867236
2000,8000,12000,0.003075322677184522,0.03417209237010406,1.1748736369443513e-05,0.0343101973843424
2000,8000,13000,0.0030524030818198655,0.03411970442133638,1.1677837851276074e-05,0.0342559707313216
2000,8000,14000,0.0030335374049990926,0.03408454039466668,1.1619105393823048e-05,0.03421926910538568
2000,8000,15000,0.0030179709278926325,0.03406311865695623,1.1570227984147863e-05,0.03419655443213044
2000,9000,500,0.0074533995175274925,0.05145356510840482,0.00036525401457465634,0.05199188337834951
2000,9000,1000,0.005415700690327874,0.04411875354427137,7.0152951836433e-05,0.04444996231386509
2000,9000,2000,0.004355279038737392,0.039431094724958954,2.021143590325014e-05,0.039670897333134426
2000,9000,3000,0.0039228979406008835,0.03745822320183445,1.380705998821341e-05,0.037663082777777565
2000,9000,4000,0.0036724645930150956,0.0363388035275993,1.1937522521154875e-05,0.03652390697213069
2000,9000,5000,0.0035057292159917375,0.03561734494200474,1.11193843741475e-05,0.03578946104224423
2000,9000,6000,0.003386246496848516,0.0351198479901082,1.0662408914119403e-05,0.0352827224271695
2000,9000,7000,0.003296671031937093,0.03476292073041688,1.0365320085581331e-05,0.034918888943405994
2000,9000,8000,0.00322744517433432,0.03450065874466677,1.015301816098546e-05,0.034651290874267056
2000,9000,9000,0.003172774103151199,0.03430533906460994,9.991990221891456e-06,0.03445174717902342
2000,9000,10000,0.0031289009158465553,0.03415907755796889,9.865063943625962e-06,0.03430208008083483
2000,9000,11000,0.0030932662571163116,0.034049756211605386,9.762425468351488e-06,0.034189973523127
2000,9000,12000,0.003064058784058299,0.03396884660887983,9.677961408938174e-06,0.034106760177898876
2000,9000,13000,0.003039957036426344,0.0339101629489661,9.607597027838644e-06,0.03404615370808679
2000,9000,14000,0.0030199727522800535,0.033869107188393574,9.548469214193389e-06,0.03400348141494737
2000,9000,15000,0.003003351423496725,0.03384219128890402,9.498481505332279e-06,0.03397519861941858
2000,10000,500,0.007467384249328801,0.051268599129057305,0.0003079905893481616,0.05181048100902197
2000,10000,1000,0.005412367086674058,0.0439529688046382,6.0884977232444903e-05,0.04428499623126171
2000,10000,2000,0.004351870960843579,0.03929472429203898,1.7371644509767137e-05,0.039534977422798975
2000,10000,3000,0.003921453384965523,0.03733404705934432,1.1794631294304025e-05,0.03753943267542973
2000,10000,4000,0.0036718888134677496,0.03621767945610192,1.0163891941639136e-05,0.036403340175705255
2000,10000,5000,0.0035051163226319515,0.035494243321543176,9.445942883767877e-06,0.03566689275266252
2000,10000,6000,0.0033850337386317486,0.03499203946025997,9.041309544044474e-06,0.035155388786718665
2000,10000,7000,0.003294537445662743,0.03462898728744901,8.77553419409427e-06,0.03478535344861655
2000,10000,8000,0.0032242216424903103,0.03435994219272426,8.583610501045058e-06,0.03451088678034259
2000,10000,9000,0.0031683842506463333,0.03415762607055474,8.436542899614707e-06,0.034304258463211834
2000,10000,10000,0.0031233244457968268,0.034004415497567095,8.319464478434568e-06,0.034147554790034125
2000,10000,11000,0.003086516420223173,0.033888343254726984,8.223864040202145e-06,0.034028612369511144
2000,10000,12000,0.003056168483635574,0.03380096505872287,8.14442527963255e-06,0.0339388489939337
2000,10000,13000,0.003030970204903227,0.033736138371874905,8.077592692501412e-06,0.03387202205178789
2000,10000,14000,0.003009938973671078,0.03368928323337837,8.020858398349873e-06,0.033823477079362826
2000,10000,15000,0.002992322581673812,0.033656914237783574,7.972378759490972e-06,0.03378967200197624
2000,11000,500,0.007479008127299763,0.05111363751636743,0.00025921651687677016,0.05165855878676293
2000,11000,1000,0.005409604962404113,0.04381441989945811,5.282262856909359e-05,0.044147140419345254
2000,11000,2000,0.004349453001077336,0.039182245750058776,1.4950632048815748e-05,0.03942291652006455
2000,11000,3000,0.003921113874424453,0.03723309160355204,1.0137381016961378e-05,0.03743899500709381
2000,11000,4000,0.003672601451523594,0.03612010866033208,8.737420831517184e-06,0.03630634004410872
2000,11000,5000,0.003506008936962346,0.03539538943307428,8.12010897288662e-06,0.035568606350561666
2000,11000,6000,0.003385543775981825,0.03488925910045693,7.769752012332098e-06,0.03505313634479735
2000,11000,7000,0.003294328167451649,0.03452083065702989,7.537363556853194e-06,0.034677664340870044
2000,11000,8000,0.0032231024399032304,0.03424567267950518,7.367766664434505e-06,0.03439701354614821
2000,11000,9000,0.003166256467032058,0.034036937754811224,7.23645584121968e-06,0.034183890417947005
2000,11000,10000,0.003120146848392902,0.03387726362879469,7.130891228612768e-06,0.034020646057651545
2000,11000,11000,0.0030822834527578225,0.03375484055472851,7.0438905757086445e-06,0.03389527668827448
2000,11000,12000,0.0030508965259130605,0.03366131726862846,6.970956148655283e-06,0.03379929434862986
2000,11000,13000,0.003024688830274236,0.03359060370817588,6.909067599480956e-06,0.03372650956940134
2000,11000,14000,0.0030026853513166474,0.03353814670629828,6.856083786144218e-06,0.03367229500372795
2000,11000,15000,0.002984137877441756,0.03350047135402677,6.810422064851274e-06,0.03363311918623367
2000,12000,500,0.007488821275596136,0.05098195137851336,0.0002172270440470303,0.051529496388452965
2000,12000,1000,0.005407277035272662,0.04369696675423987,4.576726163907363e-05,0.0440302809791122
2000,12000,2000,0.00434774242407579,0.03908815307370696,1.286393381616513e-05,0.03932920976043694
2000,12000,3000,0.003921532461169108,0.03714995517045956,8.748081968823485e-06,0.037356360402749304
2000,12000,4000,0.00367420005896002,0.03604065744866491,7.565215056626329e-06,0.03622745909717857
2000,12000,5000,0.003507958604041239,0.03531529527032744,7.0447840339049606e-06,0.03548909555380442
2000,12000,6000,0.0033872921787979626,0.034805977417758614,6.747615645119609e-06,0.034970414035873025
2000,12000,7000,0.003295531643127292,0.03443290106263145,6.548431951247657e-06,0.03459024786383845
2000,12000,8000,0.0032235560838159705,0.03415230072793715,6.40135013985077e-06,0.0343040959626434
2000,12000,9000,0.003165844984106464,0.03393774227477308,6.286162409052665e-06,0.03408508419658297
2000,12000,10000,0.0031188124283439422,0.0337721214620075,6.192575877306261e-06,0.03391582547065272
2000,12000,11000,0.003080005079774323,0.03364378945454661,6.114699046655403e-06,0.03378447924036778
2000,12000,12000,0.0030476766279504686,0.03354449423143961,6.048832033478391e-06,0.03368265818874766
2000,12000,13000,0.003020544603089842,0.03346820531070618,5.9924769713060044e-06,0.03360423325012217
2000,12000,14000,0.0029976430806670507,0.033410403384315564,5.943851072887085e-06,0.03354461139544057
2000,12000,15000,0.0029782291981294284,0.03336763062922043,5.90162666569416e-06,0.03350027847337805
2000,13000,500,0.00749721599457584,0.05086868030921238,0.00018072781055855636,0.051418513656188894
2000,13000,1000,0.005405286965041861,0.043596174359014916,3.95537178189409e-05,0.04393000239486306
2000,13000,2000,0.004346545283547054,0.0390084706070994,1.1047811942055397e-05,0.03924988352926683
2000,13000,3000,0.003922471542159606,0.037080721466188446,7.566117340984668e-06,0.037287608460428674
2000,13000,4000,0.003676404940891498,0.035975356050567855,6.5848156308723205e-06,0.03616271891899636
2000,13000,5000,0.0035106480706441345,0.035249915942559655,6.155716119726762e-06,0.03542430326380859
2000,13000,6000,0.0033899306051978773,0.034738083495447276,5.9092539346217166e-06,0.03490309598537078
2000,13000,7000,0.003297774849118029,0.034361039335598545,5.742011395470925e-06,0.03451892779546782
2000,13000,8000,0.0032251904296057565,0.03407563727292125,5.6167677898733e-06,0.034227926323559255
2000,13000,9000,0.003166743101511188,0.03385583689619519,5.517352913542162e-06,0.034003617223082656
2000,13000,10000,0.00311890358354569,0.033684786034257,5.4355966377928056e-06,0.033828869317239094
2000,13000,11000,0.0030792556929716275,0.03355099754543054,5.366831121844662e-06,0.03369200618424288
2000,13000,12000,0.0030460774612574015,0.03344632257392547,5.308114406799014e-06,0.03358474519473291
2000,13000,13000,0.0030181022812236225,0.033364795430047695,5.257445446216202e-06,0.03350102301586612
2000,13000,14000,0.0029943744366877634,0.033301936201120465,5.213382216706641e-06,0.033436286578954026
2000,13000,15000,0.002974157475018002,0.033254309534378496,5.174839570853962e-06,0.0333870445243874
2000,14000,500,0.0075044779757841296,0.05077022338831011,0.00014872567702561845,0.051322070222419386
2000,14000,1000,0.005403565172813318,0.04350876207238308,3.40471845519108e-05,0.04384303881870938
2000,14000,2000,0.004345725673650991,0.03894026374465115,9.453469825171368e-06,0.0391820055829422
2000,14000,3000,0.003923765803509255,0.037022493457590656,6.547997936312555e-06,0.03722984021956593
2000,14000,4000,0.0036790190069290185,0.03592124986093918,5.752686199733681e-06,0.036109159579236494
2000,14000,5000,0.003513849870772384,0.03519621765221325,5.4087673062586106e-06,0.03537118752870842
2000,14000,6000,0.0033932051902603177,0.03468246962986969,5.209955512230913e-06,0.03484806405288075
2000,14000,7000,0.003300782084339343,0.03430207782372733,5.072907972136775e-06,0.03446052424336776
2000,14000,8000,0.0032277121931237607,0.03401247017714059,4.968420665329987e-06,0.034165278840333234
2000,14000,9000,0.0031686436037543786,0.03378797927049869,4.884080985756434e-06,0.03393623239732881
2000,14000,10000,0.0031201021916618943,0.03361199705484786,4.813701683259453e-06,0.033756501697795024
2000,14000,11000,0.0030797087247521338,0.03347319676794508,4.753760557085762e-06,0.03361457318326566
2000,14000,12000,0.0030457660029118427,0.03336353474632075,4.7020260114383206e-06,0.033502271018880106
2000,14000,13000,0.0030170239925271236,0.033277113688039,4.656962894422634e-06,0.03341360128548643
2000,14000,14000,0.002992537996025224,0.033209497273009314,4.617448782884281e-06,0.03334405515387265
2000,14000,15000,0.0029715787848020037,0.033157276905534584,4.582625857674216e-06,0.03329016841749291
2000,15000,500,0.007510821730147332,0.05068386059592881,0.000120448204610768,0.05123749287133
2000,15000,1000,0.005402060018122462,0.043432252233696525,2.9137986374494496e-05,0.04376692399007593
2000,15000,2000,0.004345186612912777,0.03888132435731917,8.043022156067892e-06,0.039123370191872564
2000,15000,3000,0.003925298752535861,0.036973090084236944,5.661680280488746e-06,0.03718087401781168
2000,15000,4000,0.0036819018510113044,0.03587610382557167,5.037552460174233e-06,0.03606454286859343
2000,15000,5000,0.0035173991501221413,0.03515188994732835,4.772651746587364e-06,0.035327432491317125
2000,15000,6000,0.0033969288750685667,0.03463675202766637,4.6182807205141785e-06,0.034802927148974726
2000,15000,7000,0.0033043472729525625,0.034253569862809294,4.509510740824396e-06,0.03441258170469506
2000,15000,8000,0.003230899501638851,0.03396030247870962,4.424534550295789e-06,0.034113646471927425
2000,15000,9000,0.003171311721142267,0.03373163427437712,4.354420680474647e-06,0.033880383525190017
2000,15000,10000,0.0031221630675747347,0.03355119201126433,4.2948235727813255e-06,0.03369614823748798
2000,15000,11000,0.003081110646771107,0.03340780640527725,4.243286576888217e-06,0.03354958702630497
2000,15000,12000,0.003046482093148589,0.03329353950029577,4.1982393259587525e-06,0.03343263141343862
2000,15000,13000,0.003017044352854076,0.03320256463495953,4.158580369617582e-06,0.03333935920589274
2000,15000,14000,0.0029918643056906224,0.033130492133813104,4.123484749207762e-06,0.03326530892770191
2000,15000,15000,0.0029702205564514084,0.03307394349072597,4.0923062248898745e-06,0.03320704691671139
3000,500,500,0.06519871150014918,0.11346235663072635,-0.04685851946227049,0.138997479112658
3000,500,1000,0.005317146404099277,0.04232788491228784,-0.009429108671990871,0.043690158816130704
3000,500,2000,0.00280583639128279,0.03427195135788161,-0.002121246718566061,0.03445198187873489
3000,500,3000,0.002280922172487543,0.03154897460742993,-0.0006512853562323784,0.03163802423275586
3000,500,4000,0.0020314081283754892,0.030058477913106493,-3.379861446339838e-05,0.030127061851151042
3000,500,5000,0.0018830862521317937,0.029102790517038794,0.00028402882908029614,0.02916503218046158
3000,500,6000,0.0017820435287583258,0.028437024587948005,0.00048668966945686343,0.028496963230988402
3000,500,7000,0.0017077933084623242,0.027948767772044324,0.0006339091381695194,0.028008070600374222
3000,500,8000,0.00165148830696904,0.02757775818109446,0.0007421328179478826,0.027637129392222577
3000,500,9000,0.0016074442566737235,0.027288442091588788,0.0008251525806386439,0.027348196021047575
3000,500,10000,0.0015721642603633568,0.02705833789903074,0.0008910316674602958,0.02711861515181231
3000,500,11000,0.001543378186481592,0.026872477383629443,0.0009446971715053598,0.026933334544872706
3000,500,12000,0.001519533160927511,0.02672048922489522,0.0009894011014064397,0.02678194242366233
3000,500,13000,0.001499534957045634,0.026594952579152724,0.0010273238693643272,0.02665699724476389
3000,500,14000,0.0014825874953152962,0.02649041650423282,0.001059993858780417,0.026553037853127993
3000,500,15000,0.0014680995576245859,0.026402788069699205,0.0010884956261530965,0.026465966010948902
3000,1000,500,0.006629727302848082,0.05144560050327142,-0.008398794682783484,0.052546577884538606
3000,1000,1000,0.003188390160429655,0.03888499813123426,-0.0014319908316176022,0.03904176621546537
3000,1000,2000,0.002403849899398902,0.03298854459016299,-0.0003863306771493269,0.03307826809112168
3000,1000,3000,0.0021249807399559284,0.03064933866485247,-9.603466282026574e-05,0.03072306505533696
3000,1000,4000,0.001968857742117719,0.029338313768275226,3.690458186134116e-05,0.029404326510271018
3000,1000,5000,0.0018667574176243762,0.028492022930807555,0.00011198793735156531,0.0285533307206713
3000,1000,6000,0.0017944633212704508,0.027901813678395462,0.00015981593896918778,0.027959914990743975
3000,1000,7000,0.0017406600513496517,0.027469581842211092,0.0001933307633137371,0.027525355597781864
3000,1000,8000,0.0016992451789644147,0.027142208227683935,0.00021813271530257694,0.027196221861403334
3000,1000,9000,0.0016665621822843646,0.02688811135920664,0.00023731452128894492,0.026940755003424313
3000,1000,10000,0.001640276648838701,0.026687219195802577,0.00025259601134697274,0.026738772982964037
3000,1000,11000,0.0016188143860735305,0.026526119666921068,0.0002651085450570134,0.02657679188956104
3000,1000,12000,0.0016010749391520696,0.02639549388645744,0.0002755912732188559,0.026445443634408317
3000,1000,13000,0.001586265748747151,0.026288660423570503,0.0002845306043758322,0.02633801176163981
3000,1000,14000,0.0015738028225996403,0.02620070382112521,0.0002922306782731088,0.026249554945104718
3000,1000,15000,0.0015632405761266677,0.02612792876217092,0.00029897843501136556,0.026176359002056206
3000,2000,500,0.004440377096265713,0.04576475341536465,0.0005133112037096765,0.04598253029486335
3000,2000,1000,0.0029940864471737494,0.036986576935134255,-7.936753749504533e-05,0.03710765050818716
3000,2000,2000,0.002315663259521872,0.03164017058377307,-3.408683021399739e-05,0.03172481446460723
3000,2000,3000,0.002058985324188578,0.0295028424985316,7.449791301628039e-06,0.029574603827570992
3000,2000,4000,0.0019136533310172843,0.028310836023429816,3.05406090607141e-05,0.028375454853546343
3000,2000,5000,0.0018182891873330387,0.027546059493869207,4.458533446516366e-05,0.027606042039028403
3000,2000,6000,0.0017506994664695519,0.027016189919837723,5.389610014272517e-05,0.02707290843622548
3000,2000,7000,0.0017004372109905852,0.026630918975151956,6.0475481637789485e-05,0.026685220431045896
3000,2000,8000,0.001661801658669415,0.026341442072885343,6.537776490678215e-05,0.026393890002878975
3000,2000,9000,0.0016313738529312727,0.026118792958998913,6.918241226383515e-05,0.026169782431064378
3000,2000,10000,0.0016069626271668913,0.025944587872699258,7.222808955276161e-05,0.025994406815048596
3000,2000,11000,0.0015870921879472255,0.025806556380296858,7.473319016770841e-05,0.025855421073194617
3000,2000,12000,0.0015707298395692681,0.0256961801646677,7.683712373995899e-05,0.02574425705332278
3000,2000,13000,0.0015571301432986406,0.025607356176524133,7.863585981204846e-05,0.0256547759341801
3000,2000,14000,0.0015457410525451798,0.025535597129469848,8.020093292759878e-05,0.025582464078930212
3000,2000,15000,0.0015361452207622028,0.025477531546199726,8.157753098603227e-05,0.02552393015819536
3000,3000,500,0.004491640123222951,0.04444349975604744,0.0008981662943737811,0.04467892349032913
3000,3000,1000,0.002977380350825176,0.03592659929801299,8.11152348068056e-05,0.036049853128061214
3000,3000,2000,0.0022833733188937777,0.030786205486293898,1.2315573926779955e-05,0.03087076924262027
3000,3000,3000,0.0020244831190604495,0.028741539518857367,1.6909024170397302e-05,0.028812756059226594
3000,3000,4000,0.0018791287512643085,0.027606420386868495,2.2490703885158503e-05,0.02767031039349031
3000,3000,5000,0.0017841504666354924,0.026880934988501474,2.6523037200409938e-05,0.02694009209737674
3000,3000,6000,0.001716982612683382,0.02638015282696071,2.9394208904243158e-05,0.02643598601311434
3000,3000,7000,0.0016670974508749548,0.026017490943298534,3.150378108118801e-05,0.026070865758228232
3000,3000,8000,0.0016287848986792086,0.02574625234561692,3.3109395045860524e-05,0.025797743047065
3000,3000,9000,0.0015986330660754944,0.025538757276170745,3.4371874022443016e-05,0.025588765744303455
3000,3000,10000,0.00157446035498493,0.025377451775540256,3.5392810404877295e-05,0.02542627060109915
3000,3000,11000,0.0015547997856396878,0.025250623989796446,3.6238841191083004e-05,0.025298472829424306
3000,3000,12000,0.001538625625974177,0.025150144692490203,3.6954340143835473e-05,0.025197192551817214
3000,3000,13000,0.0015251978548319611,0.025070189679066532,3.757019668537698e-05,0.025116569243438424
3000,3000,14000,0.0015139686744957692,0.025006476339411235,3.810838021378604e-05,0.02505229355387508
3000,3000,15000,0.0015045237473509665,0.024955786501268173,3.858468574868823e-05,0.025001127182213125
3000,4000,500,0.004551514174500865,0.04358704149164189,0.0008813735317015903,0.04383290187264788
3000,4000,1000,0.002973007875198469,0.03520499338790656,0.00011110243923739826,0.03533047804687252
3000,4000,2000,0.002263024463168284,0.03018727750523418,2.231552540388204e-05,0.030271992020374044
3000,4000,3000,0.002001501289414176,0.02819880665870808,1.7012855124676207e-05,0.028269754046046553
3000,4000,4000,0.0018555266590583874,0.027097218870469397,1.7521854311364216e-05,0.027160680343319418
3000,4000,5000,0.001760319671716054,0.026393970832565183,1.8565644647527968e-05,0.026452613601307778
3000,4000,6000,0.0016929955265598817,0.025908978717865037,1.9488500415443255e-05,0.025964240637025834
3000,4000,7000,0.0016429606109055195,0.02555812992941224,2.0231276017024236e-05,0.02561089093261369
3000,4000,8000,0.0016044955647082637,0.025296114955232187,2.0824591161039407e-05,0.025346957835390958
3000,4000,9000,0.0015741913905933935,0.025096086247806956,2.130486249907193e-05,0.02514541861629569
3000,4000,10000,0.0015498707893709107,0.024941014297370646,2.170093909259485e-05,0.02498913292965864
3000,4000,11000,0.0015300701270474504,0.02481953095055306,2.2033861081682815e-05,0.024866658735949596
3000,4000,12000,0.001513765806820333,0.02472373961487928,2.231875579306042e-05,0.024770048154759607
3000,4000,13000,0.0015002189840606361,0.02464797781763051,2.256651084397987e-05,0.024693601939489374
3000,4000,14000,0.0014888823528516892,0.024588077951713947,2.278507865927093e-05,0.0246331254042195
3000,4000,15000,0.0014793416131808068,0.024540905272873698,2.2980323883259324e-05,0.02458546341470777
3000,5000,500,0.0045952366637381226,0.042966460203063606,0.0008016300599563708,0.043218925404621494
3000,5000,1000,0.0029708093792485957,0.03467822939549757,0.00011341826278465916,0.03480543299654404
3000,5000,2000,0.002248588497960169,0.029744488065850512,2.3957351945824712e-05,0.029829369662924397
3000,5000,3000,0.0019851970629738425,0.027794432138918433,1.555453888946179e-05,0.027865241919772774
3000,5000,4000,0.0018387609220276158,0.026714818749364086,1.4225743491191878e-05,0.026778028025071763
3000,5000,5000,0.0017432882397550309,0.02602524199133702,1.4129887271341346e-05,0.026083567130441233
3000,5000,6000,0.0016756943314818196,0.025549239345348525,1.4292215980482581e-05,0.025604136128483283
3000,5000,7000,0.0016253652629969473,0.02520457392622317,1.449518560359131e-05,0.025256931111103175
3000,5000,8000,0.001586592594753189,0.024946989151481563,1.4685922493984371e-05,0.024997395053528756
3000,5000,9000,0.0015559798260875168,0.024750261625978723,1.4853779716883508e-05,0.02479912789612486
3000,5000,10000,0.001531358629545232,0.02459774741135784,1.499944935290376e-05,0.024645374047652935
3000,5000,11000,0.0015112709064032392,0.024478324398254307,1.5126282508992617e-05,0.024524936980614965
3000,5000,12000,0.0014946961047461182,0.02438425717600403,1.5237780190968664e-05,0.02443002960827089
3000,5000,13000,0.0014808967758180025,0.024309991095384856,1.533693890209964e-05,0.024355060203990753
3000,5000,14000,0.0014693259673370651,0.024251431888795014,1.5426161310672093e-05,0.02429590717428776
3000,5000,15000,0.0014595691011528578,0.02420549538457824,1.550732957578127e-05,0.024249465751870685
3000,6000,500,0.0046271768369494926,0.04249378125933673,0.0007204796975288641,0.042751038609504105
3000,6000,1000,0.0029692374194913718,0.034276259039668036,0.00010785452345329904,0.034404795264700555
3000,6000,2000,0.0022377673099178708,0.02940462069494073,2.315321860146824e-05,0.02948965677688035
3000,6000,3000,0.0019731862914202647,0.027483025665168238,1.3916952641301883e-05,0.027553772110811173
3000,6000,4000,0.0018265218102152814,0.02641905617638738,1.1882406913521493e-05,0.026482123260152278
3000,6000,5000,0.0017308676351192043,0.025738510691677766,1.1306525683818514e-05,0.025796646356327734
3000,6000,6000,0.001663020949050631,0.025267812116376426,1.1135587194455177e-05,0.025322481944445786
3000,6000,7000,0.0016123793480559978,0.024926253546066902,1.1097121334180393e-05,0.024978350749217858
3000,6000,8000,0.0015732607093521533,0.024670445647421664,1.1105652537923838e-05,0.02472056150328095
3000,6000,9000,0.0015422894841641277,0.02447467916709537,1.1131031579236783e-05,0.024523227786836695
3000,6000,10000,0.0015173112915378706,0.02432262518508962,1.1161880561050275e-05,0.024369908781884306
3000,6000,11000,0.0014968766257117683,0.02420335957236154,1.1193798003183986e-05,0.024249605760150846
3000,6000,12000,0.001479969892184324,0.02410927362434254,1.1225129855962912e-05,0.02415465817557208
3000,6000,13000,0.0014658562482093296,0.024034894813521068,1.1255335443771664e-05,0.024079556265014776
3000,6000,14000,0.0014539898638722126,0.023976182474023253,1.1284322861238039e-05,0.02402023188663768
3000,6000,15000,0.0014439563630434527,0.023930087432923,1.1312170439592428e-05,0.02397361513186764
3000,7000,500,0.004651285404811134,0.04212140724828424,0.0006488807221507464,0.04238240732526174
3000,7000,1000,0.002967925925944359,0.03395937173061363,0.00010021183599806527,0.03408896529746784
3000,7000,2000,0.002229358783733232,0.029136106258496518,2.1605599988760993e-05,0.029221279836703924
3000,7000,3000,0.0019640876577783906,0.02723687749442524,1.2404051448644537e-05,0.027307604981657727
3000,7000,4000,0.0018173980383421051,0.0261848415012928,1.0128868297876181e-05,0.026247837295129067
3000,7000,5000,0.0017216686081657495,0.02551069918863192,9.351039322424981e-06,0.025568730968336013
3000,7000,6000,0.0016536284260988965,0.02504325419622591,9.029031405316523e-06,0.02509779172022505
3000,7000,7000,0.0016027054420420517,0.024703097049677526,8.877072004254138e-06,0.024755034788546456
3000,7000,8000,0.0015632533970896256,0.024447586456185028,8.79815944476725e-06,0.02449751665217851
3000,7000,9000,0.0015319234523349101,0.02425146083405863,8.754249653519786e-06,0.024299798737573538
3000,7000,10000,0.0015065789765895121,0.02409866651853826,8.728733576601755e-06,0.0241457156525792
3000,7000,11000,0.0014857816721108863,0.023978451911718286,8.713713871566497e-06,0.024024441287750612
3000,7000,12000,0.0014685227495372377,0.023883317798807903,8.705153555110812e-06,0.02392842460180906
3000,7000,13000,0.0014540712975157355,0.023807861522111697,8.700850666287785e-06,0.023852225667620793
3000,7000,14000,0.0014418835709872346,0.023748086923833796,8.699529088773694e-06,0.023791820789003413
3000,7000,15000,0.001431546095270908,0.023700972786096952,8.70040512301884e-06,0.02374416793503708
3000,8000,500,0.004670062681206677,0.04182042413545639,0.0005877087846913875,0.042084471743523956
3000,8000,1000,0.002966766893291062,0.03370316492484948,9.239562535368062e-05,0.033833615956653476
3000,8000,2000,0.002222646903471931,0.028919001162147923,1.9889199101563726e-05,0.029004295941361294
3000,8000,3000,0.001957039643885078,0.027038136778618774,1.1071785192440231e-05,0.027108872481375213
3000,8000,4000,0.0018104838655196853,0.025995735354868606,8.765149035694364e-06,0.02605870651616289
3000,8000,5000,0.0017147787993745112,0.025326460249421583,7.915154493942644e-06,0.025384446374620555
3000,8000,6000,0.0016466148433557926,0.02486111982927143,7.5285171489136715e-06,0.024915591028236178
3000,8000,7000,0.0015954602273554885,0.024521428833042987,7.324266056318862e-06,0.024573278556105173
3000,8000,8000,0.0015557096864157183,0.02426540766829198,7.203442696002149e-06,0.024315227612062316
3000,8000,9000,0.0015240445200844777,0.024068196772710063,7.1255044102880305e-06,0.024116402268205425
3000,8000,10000,0.0014983483894670524,0.023913992391505552,7.071835666505599e-06,0.023960887504599317
3000,8000,11000,0.0014771961478148299,0.023792200686022995,7.033068121109487e-06,0.023838015257297725
3000,8000,12000,0.001459587314080052,0.023695422934567615,7.00410764686854e-06,0.023740335133122705
3000,8000,13000,0.0014447960755549216,0.023618320604003106,6.9819907830837025e-06,0.023662471396741547
3000,8000,14000,0.0014322816774102187,0.02355693816135711,6.964886979599072e-06,0.023600440988487875
3000,8000,15000,0.0014216322602491338,0.023508279654163973,6.951603248817051e-06,0.02355122712103445
3000,9000,500,0.004685080810273551,0.04157210013029011,0.0005356445059343518,0.041838695085750444
3000,9000,1000,0.002965720205085093,0.03349176706857868,8.503918433588886e-05,0.03362292654385775
3000,9000,2000,0.0022171734122553577,0.028740096449936126,1.8211639140841562e-05,0.028825497975844987
3000,9000,3000,0.001951478494807285,0.02687481139980986,9.912603999739922e-06,0.02694557207317676
3000,9000,4000,0.0018051757005880797,0.025840546606427612,7.672638877909144e-06,0.02590352422158689
3000,9000,5000,0.001709579936329364,0.025175218923324062,6.814813490185756e-06,0.025233199516463953
3000,9000,6000,0.0016413597809497305,0.02471134671345407,6.407423248311339e-06,0.024765798177691128
3000,9000,7000,0.0015900280211671725,0.024371631022294126,6.1823214405620774e-06,0.024423444188239395
3000,9000,8000,0.0015500225000553702,0.02411468563847023,6.043136368538704e-06,0.024164450536116426
3000,9000,9000,0.0015180563464931018,0.02391601798686933,5.949481138967094e-06,0.023964149198661553
3000,9000,10000,0.0014920350122384352,0.023760055856687768,5.882352733355134e-06,0.023806857360700547
3000,9000,11000,0.0014705478122815085,0.023636353446325285,5.831941175205024e-06,0.023682055424294506
3000,9000,12000,0.001452603691723342,0.023537607395785892,5.792774684598712e-06,0.023582388618619648
3000,9000,13000,0.0014374828693020925,0.02345854061778792,5.761591745256922e-06,0.023502542800979687
3000,9000,14000,0.0014246483565660828,0.023395236905424225,5.73633274369989e-06,0.023438574310446093
3000,9000,15000,0.0014136905416656242,0.023344724945145102,5.715629726510407e-06,0.023387491023632655
3000,10000,500,0.004697357890167536,0.041363737336578034,0.0004911306726124165,0.0416325010891169
3000,10000,1000,0.0029647664622781678,0.03331439798691084,7.832553664133268e-05,0.03344615207009363
3000,10000,2000,0.0022126304274389386,0.028590307475158554,1.6645851561358782e-05,0.028675803249724494
3000,10000,3000,0.0019470216563230724,0.02673856593403049,8.904168368073506e-06,0.026809361813047716
3000,10000,4000,0.0018010588176503028,0.025711413696943235,6.776634986938035e-06,0.025774418578947186
3000,10000,5000,0.0017056415650299472,0.02504947092789906,5.943769124661102e-06,0.025107473832395196
3000,10000,6000,0.0016374258493460359,0.024586727483338948,5.538789086823037e-06,0.024641192390593966
3000,10000,7000,0.0015859698287005453,0.024246756351248858,5.309728006386294e-06,0.024298570370447452
3000,10000,8000,0.0015457545980508414,0.023988707429242907,5.164958733039349e-06,0.024038458105294685
3000,10000,9000,0.0015135255822724958,0.023788425970769786,5.065583882246649e-06,0.023836526498530103
3000,10000,10000,0.0014872107245286481,0.02363055641891195,4.993052078350324e-06,0.02367731017951792
3000,10000,11000,0.0014654145899501425,0.02350479364337043,4.937655315395695e-06,0.023550430750164757
3000,10000,12000,0.0014471563173767132,0.023403926227844263,4.893907161074296e-06,0.023448625721684144
3000,10000,13000,0.0014317228627395429,0.0233227372603217,4.858497590465305e-06,0.023366641334917778
3000,10000,14000,0.0014185816196942147,0.023257349647207878,4.8293139114363726e-06,0.023300573163475776
3000,10000,15000,0.0014073257580552168,0.023204817085250105,4.804940353486664e-06,0.0232474541581794
3000,11000,500,0.0047075784324135395,0.041186417714685244,0.00045279133353248735,0.041457053909528904
3000,11000,1000,0.0029638933057675454,0.033163475289876045,7.227000736065303e-05,0.033295735159088416
3000,11000,2000,0.0022088033991611578,0.028463189183381938,1.5211921947755336e-05,0.028548768490912278
3000,11000,3000,0.0019434017797854974,0.026623439714891176,8.023175913862701e-06,0.026694276860433398
3000,11000,4000,0.001797840893343422,0.02560266658670365,6.027741556668964e-06,0.0256657126252391
3000,11000,5000,0.0017026569969246785,0.02494375734928758,5.236441963041294e-06,0.02500180191445487
3000,11000,6000,0.0016344980205576232,0.024481976465632722,4.84627177099739e-06,0.024536478535628365
3000,11000,7000,0.0015829662513225373,0.024141671648601076,4.622534812925849e-06,0.02419351387272058
3000,11000,8000,0.00154258494342574,0.023882479248215096,4.479307605720351e-06,0.023932246100466733
3000,11000,9000,0.0015101314450391978,0.02368055673984603,4.379840421897541e-06,0.023728659542278523
3000,11000,10000,0.0014835563128162144,0.0235207521908445,4.306469039483396e-06,0.02356749332241528
3000,11000,11000,0.001461479738110727,0.023392894806991468,4.249877892381626e-06,0.02343850397396
3000,11000,12000,0.001442931533237407,0.023289862398921467,4.204763433768299e-06,0.023334518629068445
3000,11000,13000,0.0014272058887712658,0.02320649744724641,4.167904374074993e-06,0.02325034317573451
3000,11000,14000,0.0014137750513224245,0.023138962186869862,4.137232552214876e-06,0.023182112675462264
3000,11000,15000,0.0014022354013532856,0.023084336052337413,4.111355209390766e-06,0.023126885912316316
3000,12000,500,0.004716217394829053,0.04103369106883134,0.0004195050016899682,0.04130596196306315
3000,12000,1000,0.0029630914151848875,0.0330335106257031,6.682763664977998e-05,0.03316620570590194
3000,12000,2000,0.0022055383159437225,0.028354047817931577,1.3908817881103097e-05,0.02843970148190485
3000,12000,3000,0.0019404273647070092,0.026525066263702102,7.249080768323424e-06,0.02659594802222066
3000,12000,4000,0.001795311358677526,0.025510122947122394,5.391967568768585e-06,0.02557321928747359
3000,12000,5000,0.0017004033512748595,0.02485402215182525,4.650167600872557e-06,0.02491212175436901
3000,12000,6000,0.0016323451532605782,0.024393138261417445,4.281340341361073e-06,0.024447694436692313
3000,12000,7000,0.0015807807749144698,0.0240525098301075,4.068029022752384e-06,0.024104400294025514
3000,12000,8000,0.0015402737907787567,0.0237922157406946,3.9303496216502865e-06,0.02384202148832947
3000,12000,9000,0.0015076325511080568,0.02358870256618675,3.833997642033182e-06,0.02363683268470469
3000,12000,10000,0.0014808299352234988,0.02342701003066716,3.762413241847895e-06,0.023473765578402354
3000,12000,11000,0.0014585018259762883,0.023297095780917595,3.7068255169803166e-06,0.02334270578022565
3000,12000,12000,0.001439688957761337,0.023191924329367074,3.6622203624103733e-06,0.023236567556462515
3000,12000,13000,0.0014236930788420754,0.023106396840088472,3.6255406778984423e-06,0.023150215767006117
3000,12000,14000,0.001409991631248303,0.023036715149376188,3.5948171142052843e-06,0.02307982526355862
3000,12000,15000,0.0013981845376900282,0.022979985197686903,3.5687195878431055e-06,0.023022481456678474
3000,13000,500,0.004723614846149943,0.04090077849426015,0.00039037936520913696,0.04117448985354989
3000,13000,1000,0.0029623531274642345,0.03292043387944054,6.19355301075819e-05,0.03305350720986055
3000,13000,2000,0.0022027218791154657,0.028259387739161743,1.2727310172877537e-05,0.02834510788572595
3000,13000,3000,0.001937958317434374,0.026440179848951154,6.56471954607607e-06,0.026511107784861394
3000,13000,4000,0.0017933156684116491,0.025430637361115175,4.845134839337462e-06,0.02549378985467734
3000,13000,5000,0.001698715855462607,0.024777195929187267,4.155986679466039e-06,0.024835359690231172
3000,13000,6000,0.0016307949062936977,0.02431720076418809,3.8117279177463104e-06,0.024371823066022223
3000,13000,7000,0.0015792355512079248,0.023976308229853627,3.6115593842200866e-06,0.02402826157470629
3000,13000,8000,0.0015386394294491512,0.023715000478841806,3.4816430606321447e-06,0.02376486211041758
3000,13000,9000,0.0015058446265767411,0.02350999197726725,3.3902202228874856e-06,0.02355816848365241
3000,13000,10000,0.0014788457688409418,0.023346502846468182,3.321930720279198e-06,0.023393293718572197
3000,13000,11000,0.00145629426839608,0.023214613472183943,3.2686225466260765e-06,0.023260246824635393
3000,13000,12000,0.0014372418487052507,0.02310737250152598,3.2256258740703814e-06,0.02315202665989764
3000,13000,13000,0.001420997996729706,0.023019738955569528,3.1900879012836114e-06,0.023063556253664262
3000,13000,14000,0.0014070455838827156,0.022947954431297945,3.1601675167802767e-06,0.02299105042930204
3000,13000,15000,0.0013949883224298465,0.022889152039974985,3.1346190898506876e-06,0.02293162190850537
3000,14000,500,0.004730019947247283,0.040784062440718694,0.0003647054229383162,0.041059053178505216
3000,14000,1000,0.0029616718427538935,0.03282116310897526,5.752907025025067e-05,0.03295456808280217
3000,14000,2000,0.002200269001296884,0.028176554799273477,1.1655650896780223e-05,0.02826233465035624
3000,14000,3000,0.0019358902559359625,0.026366293430906074,5.9560207468223325e-06,0.02643726793452477
3000,14000,4000,0.0017917385319995982,0.02536180380723985,4.3695593282544465e-06,0.02542501599639667
3000,14000,5000,0.0016974708647916892,0.024710918388456644,3.733543702533204e-06,0.024769152364930252
3000,14000,6000,0.0016297169683703316,0.02425183487285466,3.415173113419101e-06,0.024306531709822585
3000,14000,7000,0.001578195042228503,0.023910763457402572,3.229469693222242e-06,0.02396279030364885
3000,14000,8000,0.0015375423368213514,0.023648554270500912,3.1084754625876343e-06,0.023698484449115403
3000,14000,9000,0.0015046252041679142,0.023442170093382207,3.0229692355998594e-06,0.023490407506691395
3000,14000,10000,0.0014774592528319364,0.023277000748203838,2.958816824771837e-06,0.02332384313165945
3000,14000,11000,0.001454711097775896,0.023143243747895205,2.9085143080642695e-06,0.023188918129398325
3000,14000,12000,0.0014354433795969734,0.023034029185452495,2.8677608785443454e-06,0.0230787132751451
3000,14000,13000,0.0014189733931075366,0.022944372935043526,2.8339274230626543e-06,0.022988208779803825
3000,14000,14000,0.0014047895829277235,0.022870556325236404,2.8053158342977724e-06,0.022913659425502293
3000,14000,15000,0.001392499623982274,0.022809740113172234,2.7807762165155125e-06,0.022852205735245025
3000,15000,500,0.004735619764071747,0.040680755695399945,0.000341920042868038,0.04095689060236869
3000,15000,1000,0.002961041696159572,0.03273332174063038,5.354807826607466e-05,0.03286701975383084
3000,15000,2000,0.0021981145739460306,0.028103499059165385,1.0681905918130674e-05,0.028189332754639966
3000,15000,3000,0.0019341441362981104,0.0263014825617966,5.411499946816889e-06,0.026372503251925073
3000,15000,4000,0.0017904927018124461,0.025301754122046948,3.951996491613485e-06,0.02536502792007215
3000,15000,5000,0.0016965743759387863,0.024653348672723455,3.3681060859214185e-06,0.024711656697520425
3000,15000,6000,0.0016290115900387814,0.02419521513577962,3.075834113630549e-06,0.02424999224098629
3000,15000,7000,0.0015775547343493401,0.02385406129394547,2.905089423910212e-06,0.02390616923713877
3000,15000,8000,0.0015368741571308298,0.023591073400413783,2.793541553636203e-06,0.02364108149307983
3000,15000,9000,0.0015038629065849962,0.02338344443534924,2.714439186979334e-06,0.02343175376857327
3000,15000,10000,0.0014765566904139105,0.023216723733479796,2.6548611256060894e-06,0.023263630147185063
3000,15000,11000,0.0014536368845824432,0.023081220392218545,2.6079545867307985e-06,0.023126949686195344
3000,15000,12000,0.0014341768720315118,0.0229701431408975,2.569794764983868e-06,0.023014872274627896
3000,15000,13000,0.0014175017376147347,0.022878563518586824,2.537983260775256e-06,0.0229224341266697
3000,15000,14000,0.0014031055675568227,0.022802802334155485,2.510971016556063e-06,0.022845929743156686
3000,15000,15000,0.001390600114141105,0.022740048287601757,2.487708768650343e-06,0.02278252775678335
4000,500,500,0.06441658624840732,0.11037151858419217,-0.04911134810585449,0.13690614745603497
4000,500,1000,0.004663160463000415,0.03621420305803801,-0.011226659592322275,0.03820014992423959
4000,500,2000,0.002018281132140115,0.02796673966803774,-0.002892580728274363,0.02818827787676524
4000,500,3000,0.0015334531260247086,0.025344031872769762,-0.0012343002126452562,0.025420364416597587
4000,500,4000,0.0013169656617048053,0.02392318820905323,-0.0005333962372489065,0.02396534673618983
4000,500,5000,0.0011908521240874548,0.023008269746572683,-0.00015396521811583685,0.02303958139378589
4000,500,6000,0.0011079840704564803,0.0223640119967913,7.424783009368774e-05,0.02239156479644252
4000,500,7000,0.0010494558918014707,0.02188466231878628,0.0002206826649080451,0.021910922009690324
4000,500,8000,0.0010042847492584828,0.021514473737558656,0.00033323503625171114,0.021540478491692796
4000,500,9000,0.0009684940413596244,0.021220758886066064,0.0004214849828825251,0.02124702892169859
4000,500,10000,0.0009395400083458405,0.02098286963876076,0.0004919355470943687,0.021009653835487287
4000,500,11000,0.0009157300491719478,0.020787041943571144,0.0005489838554167958,0.02081444348427915
4000,500,12000,0.0008958327520822984,0.0206237141019238,0.0005961809403962626,0.020651768238852716
4000,500,13000,0.0008789794108309823,0.02048601616477061,0.0006359702392123578,0.020514724498590552
4000,500,14000,0.00086455160420007,0.020368874806934875,0.0006699759095418756,0.020398219973720197
4000,500,15000,0.0008520813301212682,0.020268458755004153,0.0006994357973479914,0.020298415537451625
4000,1000,500,0.006169731856576738,0.04678817892239569,-0.010717848804896235,0.04839495388013905
4000,1000,1000,0.002196518592676361,0.03267848908266975,-0.0017688583749774223,0.032799957356753784
4000,1000,2000,0.0015311513558176615,0.026842396486550263,-0.0005736593231762122,0.026892150502231225
4000,1000,3000,0.0013245816885852912,0.02460130779628667,-0.000245298008709538,0.024638162128098103
4000,1000,4000,0.0012133996494470556,0.023349365778645246,-9.435335234031506e-05,0.023381063353264023
4000,1000,5000,0.0011411763038047529,0.022534080300881096,-9.190389473889837e-06,0.022562959531634622
4000,1000,6000,0.0010897317433539722,0.021957152909292628,4.4893105764054475e-05,0.02198422376490642
4000,1000,7000,0.001051026667330035,0.021527092828269437,8.208565509226773e-05,0.02155289123869789
4000,1000,8000,0.0010208140410717936,0.02119487477330556,0.00010932506716487822,0.021219725020199115
4000,1000,9000,0.0009965993162342202,0.020931485419214742,0.00013022188760802855,0.020955601871383463
4000,1000,10000,0.0009768022048519398,0.020718497698898795,0.0001467932814527284,0.020742030703722283
4000,1000,11000,0.0009603635732627902,0.02054357423442719,0.0001602508968978622,0.020566633678563623
4000,1000,12000,0.0009465391292457492,0.020398110124736916,0.00017142292937399883,0.020420779093971983
4000,1000,13000,0.0009347906122254279,0.02027590467622513,0.00018086538033135202,0.020298247614360092
4000,1000,14000,0.0009247186934910334,0.020172368531080793,0.0001889552906867431,0.020194436385245047
4000,1000,15000,0.0009160196829183787,0.020084028746803005,0.00019596796803034167,0.020105862483524483
4000,2000,500,0.003368689985593476,0.04040264526425994,0.00033269967053295435,0.040544204340934316
4000,2000,1000,0.0020012217825230993,0.031160311043260325,-0.00016586161154374945,0.03122494808658231
4000,2000,2000,0.001459000924902587,0.02581050262084059,-8.460024278478251e-05,0.02585184493300942
4000,2000,3000,0.0012765857435764194,0.023736728308643058,-3.3319362218620086e-05,0.02377105492271931
4000,2000,4000,0.001176322287083753,0.022583113205315006,-5.599312045800886e-06,0.022613729624267165
4000,2000,5000,0.001110587346271591,0.021835669949626685,1.1172315593555027e-05,0.021863897439005794
4000,2000,6000,0.0010635396936147512,0.02130933950407008,2.222655776928928e-05,0.021335874971500142
4000,2000,7000,0.001028051612201042,0.02091885876547306,3.0025953410284245e-05,0.020944126711921803
4000,2000,8000,0.0010003253795566325,0.020618651395258366,3.57742864530719e-05,0.0206429338036953
4000,2000,9000,0.0009781051169322208,0.020381812540795047,4.020486767630782e-05,0.020405307851126972
4000,2000,10000,0.000959950996697545,0.020191292857448875,4.371734090968804e-05,0.02021414663984663
4000,2000,11000,0.0009448922399923065,0.02003569926816271,4.6571755173752116e-05,0.02005802172293752
4000,2000,12000,0.0009322470150558704,0.019907098035635534,4.8943815297408655e-05,0.01992897468999699
4000,2000,13000,0.0009215208937793651,0.019799779401331923,5.0949907189123955e-05,0.019821277985844463
4000,2000,14000,0.0009123456296434573,0.019709522035010533,5.2673965842520154e-05,0.019730697097243493
4000,2000,15000,0.0009044410599895469,0.019633134254506218,5.4172751527081786e-05,0.01965403034935757
4000,3000,500,0.003408796735314329,0.039320154264722657,0.0008043528586504367,0.03947583324143388
4000,3000,1000,0.00199704417621957,0.03031420826258904,4.321626395153988e-05,0.03037994857920046
4000,3000,2000,0.001442274994279319,0.02513575438215013,-1.146903467685867e-05,0.025177101442732826
4000,3000,3000,0.001257281489446177,0.023140203643808147,-2.5711005950945776e-06,0.023174334683679142
4000,3000,4000,0.0011566545020063324,0.022036662900754594,5.176153337171918e-06,0.022066997716750435
4000,3000,5000,0.0010911471320192156,0.021325099250842174,1.0520689452842014e-05,0.02135299910567342
4000,3000,6000,0.0010444806804096318,0.02082607346571178,1.4263048432328063e-05,0.020852253579062473
4000,3000,7000,0.0010093941191289812,0.0204572222653754,1.6983556483163298e-05,0.02048211677888528
4000,3000,8000,0.0009820457534872318,0.020174666385918617,1.9034985223598255e-05,0.020198562819560194
4000,3000,9000,0.0009601693257219601,0.019952574236043852,2.0631935071291352e-05,0.01997567444307308
4000,3000,10000,0.0009423238693732072,0.019774612856364254,2.1908814178184244e-05,0.019797064628121405
4000,3000,11000,0.0009275415992701652,0.019629887121056185,2.295392771745064e-05,0.01965180217401401
4000,3000,12000,0.000915144819230107,0.019510820658024834,2.3826492187128956e-05,0.019532285593127658
4000,3000,13000,0.0009046430468448996,0.01941196695824864,2.4567282188692197e-05,0.019433050295352396
4000,3000,14000,0.0008956716431745282,0.019329302891995012,2.5205569232356062e-05,0.019350059775194342
4000,3000,15000,0.0008879534364798491,0.019259788802887708,2.5762417835140106e-05,0.019280264254915382
4000,4000,500,0.0034652969968699265,0.03859599585862197,0.0008517542372418196,0.03876060712728762
4000,4000,1000,0.0020026728593345866,0.029714606675976047,9.140824545017523e-05,0.029782157476529666
4000,4000,2000,0.0014325111360826703,0.024641283424345073,8.60798665380802e-06,0.02468288903372817
4000,4000,3000,0.0012442309278732355,0.022695997564074817,5.494043254894443e-06,0.022730078007232566
4000,4000,4000,0.0011427096237277556,0.021624728025027087,7.1944880631891195e-06,0.021654900119862257
4000,4000,5000,0.0010769712026432732,0.02093607920885185,8.994497036729499e-06,0.020963763033187015
4000,4000,6000,0.001030285284135013,0.020454284216336743,1.0436504643940303e-05,0.020480218248105093
4000,4000,7000,0.00099524841615381,0.020098922364687192,1.155390950846602e-05,0.020123551702530162
4000,4000,8000,0.0009679692653659644,0.019827260071355574,1.2426947655463927e-05,0.01985087808800639
4000,4000,9000,0.0009461636546098662,0.019614189297826413,1.312151821508678e-05,0.019637001289568454
4000,4000,10000,0.00092838445677762,0.01944385708551919,1.3685040571420615e-05,0.01946601303148687
4000,4000,11000,0.0009136622877795042,0.019305699084738923,1.4150861306294615e-05,0.019327312181818646
4000,4000,12000,0.0009013195851998168,0.01919237399207857,1.4542530596961534e-05,0.019213531896340008
4000,4000,13000,0.0008908666021179845,0.019098606678085415,1.4876938180585775e-05,0.01911937869467174
4000,4000,14000,0.0008819395873183034,0.019020501693122114,1.516637304810331e-05,0.01904094357201375
4000,4000,15000,0.0008742622133357247,0.018955116300317564,1.5419941399863468e-05,0.01897527354613957
4000,5000,500,0.003508781968302205,0.038052185210453934,0.0008064546276661533,0.03822212342686178
4000,5000,1000,0.0020081575037909916,0.029261209105772616,0.00010305113676178923,0.029330217769879756
4000,5000,2000,0.0014254190018132828,0.024261911827226444,1.5260653447035644e-05,0.024303753161402552
4000,5000,3000,0.001234494000043218,0.022352449576973736,7.957591506402295e-06,0.022386514709765756
4000,5000,4000,0.0011322320322158519,0.02130391345087025,7.319893488899609e-06,0.021333980671168394
4000,5000,5000,0.0010662556852576721,0.020631068631661094,7.693533891184323e-06,0.020658604823683483
4000,5000,6000,0.0010194821896734318,0.020160870256154283,8.192090413028374e-06,0.020186631728222843
4000,5000,7000,0.000984403210608803,0.01981436392795778,8.645005860952182e-06,0.01983880395302947
4000,5000,8000,0.0009570938413343,0.019549685067652527,9.026819351887205e-06,0.0195731013472312
4000,5000,9000,0.0009352593333528947,0.019342272728420522,9.34396845742036e-06,0.019364873137487127
4000,5000,10000,0.0009174498086214622,0.019176633934899892,9.608332634747363e-06,0.01919857014323071
4000,5000,11000,0.0009026957691496695,0.01904244962321387,9.830876525618315e-06,0.019063836024011852
4000,5000,12000,0.0008903203224913669,0.018932550476801126,1.0020449658920683e-05,0.018953475624345923
4000,5000,13000,0.0008798345148082198,0.018841784905908276,1.0183906482663652e-05,0.018862318810949835
4000,5000,14000,0.0008708752913756668,0.018766348059789096,1.0326496397650153e-05,0.018786547045979644
4000,5000,15000,0.0008631668707669571,0.018703364850888755,1.0452243080494306e-05,0.01872327490162007
4000,6000,500,0.0035414805482763545,0.037625625609813355,0.0007467506314853267,0.0377993045373759
4000,6000,1000,0.0020126059367446825,0.028905220947340972,0.00010329287078003624,0.02897538697046811
4000,6000,2000,0.0014198627815585618,0.02396161721621334,1.737586119121559e-05,0.02400365413547152
4000,6000,3000,0.0012269152018933027,0.022079319472144202,8.579636261774048e-06,0.022113383795244936
4000,6000,4000,0.0011241155504969902,0.021047789342351915,6.936560744574827e-06,0.021077787362215394
4000,6000,5000,0.0010579648552737908,0.020386473722468067,6.658383009283675e-06,0.020413908121815868
4000,6000,6000,0.0010111095555455363,0.019924470458128563,6.713310686246032e-06,0.019950110542016897
4000,6000,7000,0.0009759672641832251,0.01958400240401002,6.848967964323549e-06,0.01960830714695661
4000,6000,8000,0.0009485932633805372,0.01932390876362177,6.994119425507428e-06,0.0193471788124733
4000,6000,9000,0.0009266890698817198,0.019120072197667266,7.128428969660483e-06,0.019142517187944394
4000,6000,10000,0.0009088056913452713,0.018957290446756023,7.247350992889423e-06,0.01897906323798372
4000,6000,11000,0.0008939755265888194,0.018825440960006316,7.351332482641304e-06,0.01884665682880952
4000,6000,12000,0.0008815234821618612,0.018717490689503638,7.442230976817399e-06,0.01873823889131687
4000,6000,13000,0.0008709620261455886,0.018628384609930226,7.522099090273571e-06,0.018648735737535872
4000,6000,14000,0.0008619291362255699,0.018554387576073084,7.592794557198523e-06,0.018574398450812317
4000,6000,15000,0.0008541497382090202,0.01849267563469086,7.655885394863837e-06,0.018512392674037377
4000,7000,500,0.0035666767546298495,0.037281619468069994,0.0006897943956313268,0.03745819202180261
4000,7000,1000,0.002016123313730772,0.02861799157789968,9.953885647395744e-05,0.028689093801527676
4000,7000,2000,0.001415341972957257,0.023718146138100027,1.7707589041737748e-05,0.02376034433015215
4000,7000,3000,0.001220853680109324,0.02185737985235383,8.506801064900316e-06,0.0218914506162562
4000,7000,4000,0.0011176879326545708,0.020839178943991482,6.4257257342825724e-06,0.02086913143052319
4000,7000,5000,0.0010514327120467182,0.02018667958018276,5.832396075766688e-06,0.020214044059459587
4000,7000,6000,0.0010045222459588166,0.01973072558959037,5.663176721570906e-06,0.0197562807558992
4000,7000,7000,0.0009693217503928264,0.01939452000008783,5.634798940223895e-06,0.019418728651499063
4000,7000,8000,0.0009418763994643586,0.01913749529463264,5.655930898407213e-06,0.019160659938882812
4000,7000,9000,0.0009198889538835631,0.01893591031421344,5.693617872282175e-06,0.018958241678296447
4000,7000,10000,0.0009019141123113306,0.018774809604840466,5.735253511551797e-06,0.018796461306776042
4000,7000,11000,0.000886987851419635,0.018644236967516145,5.7759890129682745e-06,0.018665324880952665
4000,7000,12000,0.0008744379272324077,0.018537274003839005,5.814100124013066e-06,0.018557887891291622
4000,7000,13000,0.0008637789024550091,0.018448946186420043,5.849150144898729e-06,0.01846915708943715
4000,7000,14000,0.0008546502249315857,0.018375575789037524,5.881223449688555e-06,0.01839544093449317
4000,7000,15000,0.0008467778130318571,0.018314380355747322,5.910596375002797e-06,0.018333946531360234
4000,8000,500,0.0035866210977224255,0.03699825075405587,0.0006392538134409875,0.03717718460556988
4000,8000,1000,0.002018915824861023,0.028381258230134473,9.447598651091127e-05,0.028453132789650372
4000,8000,2000,0.0014115737241182646,0.023516892962245677,1.728687410906815e-05,0.023559225237947828
4000,8000,3000,0.001215905086234731,0.021673776410110084,8.159090479686881e-06,0.0217078574627929
4000,8000,4000,0.0011125070839753115,0.020666422560595497,5.907839306762419e-06,0.02069634577328933
4000,8000,5000,0.0010462090973497873,0.020020945243108823,5.162732557018046e-06,0.02004826248223887
4000,8000,6000,0.0009992747009792136,0.019569642570687662,4.8772852413447865e-06,0.019595139296784782
4000,8000,7000,0.0009640314611268075,0.019236552390075656,4.760733699926689e-06,0.019260693839494806
4000,8000,8000,0.000936520924391615,0.018981620040904926,4.713826354585393e-06,0.01900470975940611
4000,8000,9000,0.0009144504568689427,0.018781432655256516,4.697828522526315e-06,0.0188036819344403
4000,8000,10000,0.0008963804131638387,0.018621251318576525,4.696161008732602e-06,0.018642814180499144
4000,8000,11000,0.0008813515945108041,0.018491266069581763,4.701251052896538e-06,0.018512258738224624
4000,8000,12000,0.0008686954408238801,0.018384659189389727,4.709480981079928e-06,0.018405171758452334
4000,8000,13000,0.0008579291879788065,0.018296526567619226,4.719073517511774e-06,0.0183166303997443
4000,8000,14000,0.0008486941645070301,0.018223240375139966,4.729145531845447e-06,0.01824299300881895
4000,8000,15000,0.0008407175773741116,0.018162053878072498,4.739261959096908e-06,0.01818150240149361
4000,9000,500,0.0036027847510861077,0.036760786061166055,0.0005952560531726769,0.03694170785936023
4000,9000,1000,0.0020211585900078155,0.028182748535910487,8.915626588668069e-05,0.028255271117511402
4000,9000,2000,0.0014083767964194749,0.02334785246510995,1.654876064105526e-05,0.023390297428521774
4000,9000,3000,0.0012117972480747974,0.02151958710529505,7.708721962651488e-06,0.02155368045548641
4000,9000,4000,0.0011082690247823102,0.02052133285094203,5.421936498883895e-06,0.020551238201330833
4000,9000,5000,0.0010419793494273466,0.01988164869185387,4.6103051892787406e-06,0.019908935102758304
4000,9000,6000,0.000995051024940019,0.019434062381686757,4.26593096047867e-06,0.019459520173829917
4000,9000,7000,0.0009597839579644496,0.019103333442510625,4.101857228766548e-06,0.01912742927543959
4000,9000,8000,0.0009322202618974318,0.018849857762502246,4.017064593075936e-06,0.018872895602425884
4000,9000,9000,0.0009100740595190393,0.018650514269567035,3.970580768397625e-06,0.018672705563968085
4000,9000,10000,0.0008919126521847731,0.018490758125356943,3.94400429315489e-06,0.018512257014873985
4000,9000,11000,0.0008767825264540952,0.018360911159509552,3.928405321040884e-06,0.018381834011829887
4000,9000,12000,0.0008640194190575878,0.018254246667406233,3.91917622677429e-06,0.018274683754061587
4000,9000,13000,0.0008531436930320491,0.0181659242507723,3.913816821521365e-06,0.018185947139583342
4000,9000,14000,0.0008437989012571312,0.01809236115970393,3.910911050231114e-06,0.018112027611897882
4000,9000,15000,0.0008357138039036538,0.018030842815844817,3.909626162701407e-06,0.01805020015115939
4000,10000,500,0.0036161462607107175,0.03655891889838005,0.0005570709793598638,0.03674154859111448
4000,10000,1000,0.0020229835977286226,0.028013886646186554,8.400330058988548e-05,0.028086960750792856
4000,10000,2000,0.0014056265562206738,0.023203937374114324,1.569084000341281e-05,0.02324647805324136
4000,10000,3000,0.001208339281734333,0.02138842942193946,7.2311421128734565e-06,0.021422536013424833
4000,10000,4000,0.0011047580416104208,0.020397998795279326,4.978755516305e-06,0.020427894408644426
4000,10000,5000,0.0010385176634633286,0.01976323915843838,4.147236702167767e-06,0.0197905067689165
4000,10000,6000,0.0009916221084211585,0.019318729397638207,3.7760130681130377e-06,0.019344162794066717
4000,10000,7000,0.0009563504022798708,0.018989859342253463,3.587452303221994e-06,0.019013925865016042
4000,10000,8000,0.0009287478465531129,0.01873742492455349,3.4819803217400747e-06,0.018760428499635672
4000,10000,9000,0.0009065366087220306,0.01853856751678684,3.4183033111867545e-06,0.018560719433314405
4000,10000,10000,0.0008882917198905771,0.01837891860054142,3.3773852632368317e-06,0.018400372890560797
4000,10000,11000,0.0008730659038888589,0.018248920690730305,3.3497043492314305e-06,0.018269793695321716
4000,10000,12000,0.0008601996150230107,0.01814193092521297,3.3301734169155495e-06,0.018162312962916906
4000,10000,13000,0.0008492166774544119,0.01805316785312076,3.315920391044891e-06,0.018073130594712904
4000,10000,14000,0.0008397631379580273,0.017979090544515422,3.305244466123014e-06,0.017998691893034834
4000,10000,15000,0.0008315695293487912,0.017917014283784678,3.297094852250382e-06,0.017936301725782828
4000,11000,500,0.003627376147815775,0.036385212974060124,0.0005238278327869272,0.03656933109155619
4000,11000,1000,0.002024487619831483,0.027868489657744716,7.917696487558246e-05,0.027942038846842262
4000,11000,2000,0.0014032333321952195,0.02307998743216179,1.4806589259119818e-05,0.023122610209239253
4000,11000,3000,0.0012053932146567636,0.021275621090943813,6.760303102093523e-06,0.0213097412304573
4000,11000,4000,0.0011018171956675427,0.020292051738873454,4.578747694772289e-06,0.0203219434570298
4000,11000,5000,0.0010356584267539048,0.019661584342186806,3.753555028240818e-06,0.019688842051045236
4000,11000,6000,0.000988818486609283,0.019219703925762305,3.374084206364536e-06,0.019245123859769453
4000,11000,7000,0.0009535601330583621,0.018892354943859303,3.174611338807587e-06,0.018916404582538418
4000,11000,8000,0.000925933408923163,0.018640691133783943,3.0586936191623337e-06,0.018663674021437957
4000,11000,9000,0.0009036692101514199,0.018442091751381506,2.985774218089432e-06,0.01846421877910347
4000,11000,10000,0.0008853507103979696,0.01828234986473477,2.9368580595212634e-06,0.01830377477686242
4000,11000,11000,0.0008700371848089083,0.018152019618186833,2.902274460092613e-06,0.018172858590359057
4000,11000,12000,0.0008570740701023261,0.018044536311101395,2.876755860969915e-06,0.018064879598824423
4000,11000,13000,0.0008459888812822058,0.01795517380885109,2.8572658349323987e-06,0.01797509309731867
4000,11000,14000,0.0008364303585788324,0.017880430640018038,2.841966355582315e-06,0.017899983902060386
4000,11000,15000,0.0008281309805243942,0.017817650397418394,2.829695827211154e-06,0.01783688522732337
4000,12000,500,0.003636947561509507,0.036234167190509654,0.0004947336671823344,0.0364195966610892
4000,12000,1000,0.0020257418672941785,0.027741985114107373,7.472572488587126e-05,0.027815947801903558
4000,12000,2000,0.0014011305085945003,0.0229721573775172,1.3940822165436906e-05,0.023014851197130405
4000,12000,3000,0.0012028568920787186,0.02117765263326425,6.311176203532831e-06,0.021211786242298657
4000,12000,4000,0.0010993299150860447,0.02020019745697281,4.218739653505388e-06,0.02023008950451426
4000,12000,5000,0.0010332778894077688,0.019573549058326867,3.414724294215077e-06,0.019600803493627743
4000,12000,6000,0.0009865126465595786,0.019133978934049653,3.03801771350809e-06,0.019159393682474126
4000,12000,7000,0.0009512838233317888,0.018807922352440297,2.835843923354453e-06,0.018831964639143918
4000,12000,8000,0.000923647037816,0.0185568547655939,2.7157467034077953e-06,0.01857982750235027
4000,12000,9000,0.0009013421806959299,0.018358372177331515,2.638489946082956e-06,0.018380485676111794
4000,12000,10000,0.0008829607156463637,0.018198416571244526,2.585508179109297e-06,0.018219824148733563
4000,12000,11000,0.0008675686050401143,0.018067645994098484,2.5472433241580106e-06,0.018088463548376982
4000,12000,12000,0.0008545164099947877,0.017959569144140812,2.5184268556133205e-06,0.0179798867760784
4000,12000,13000,0.0008433354795985004,0.01786951224223937,2.4959838306193305e-06,0.01788940157569916
4000,12000,14000,0.0008336773866451652,0.01779401143973863,2.4780292083859123e-06,0.01781353045421321
4000,12000,15000,0.0008252766847091086,0.01773043749778056,2.4633564774667605e-06,0.017749633842340316
4000,13000,500,0.0036452034497304053,0.03610162413226758,0.00046911552027872894,0.03628821906003128
4000,13000,1000,0.0020267991197281954,0.02763091688858126,7.064774334997193e-05,0.027705242714675078
4000,13000,2000,0.0013992673681597068,0.022877524268149256,1.3114365488009483e-05,0.02292028005487579
4000,13000,3000,0.0012006531445646618,0.021091844292290884,5.8896832763055684e-06,0.021125991061064227
4000,13000,4000,0.0010972080577328902,0.020119908167936552,3.8945201213946845e-06,0.02014980360637396
4000,13000,5000,0.0010312820728138328,0.019496714996468253,3.1199679083604437e-06,0.019523971115052826
4000,13000,6000,0.0009846071884806462,0.019059222783533777,2.75258298343406e-06,0.01908463863961521
4000,13000,7000,0.0009494220720733526,0.01873430313585795,2.552746631634406e-06,0.018758345416738452
4000,13000,8000,0.0009217882692841295,0.01848372191236162,2.4323786688151827e-06,0.018506692715430623
4000,13000,9000,0.00089945464818314,0.018285273330850962,2.353875012794937e-06,0.01830738225385583
4000,13000,10000,0.0008810209228918287,0.018125037117468865,2.2993214825461905e-06,0.01814643694125865
4000,13000,11000,0.0008655597478631483,0.017993768406903487,2.259427449580187e-06,0.018014574662295287
4000,13000,12000,0.0008524268558013082,0.017885045122447263,2.229032086797922e-06,0.017905347680094066
4000,13000,13000,0.000841157504021639,0.01779424329012501,2.2050994070710317e-06,0.017814113648374263
4000,13000,14000,0.0008314061855350108,0.01771793514570616,2.185753362970999e-06,0.017737431235957283
4000,13000,15000,0.000822909620355694,0.01765351771275896,2.1697838450407403e-06,0.01767268719199008
4000,14000,500,0.0036523982252913423,0.035984383702252355,0.00044641959749502913,0.036172021973951966
4000,14000,1000,0.002027698873947964,0.027532623057578576,6.691944921843884e-05,0.027607270299086092
4000,14000,2000,0.0013976045239061652,0.022793827461959876,1.2335854694622839e-05,0.02283663768912031
4000,14000,3000,0.001198722662707541,0.021016116320523723,5.497344359395306e-06,0.02105027580438478
4000,14000,4000,0.0010953839338224136,0.020049214226289355,3.6018514915081568e-06,0.020079115270037518
4000,14000,5000,0.0010295985831448307,0.019429189455249695,2.861148672206326e-06,0.01945645096919198
4000,14000,6000,0.0009830267195771736,0.01899360222478784,2.5069461416782346e-06,0.019019023983623533
4000,14000,7000,0.0009478975135290557,0.018669713538450327,2.3125453324501777e-06,0.018693761490182117
4000,14000,8000,0.0009202784729998581,0.018419552220593136,2.194365578245261e-06,0.018442527519032328
4000,14000,9000,0.000897927237359486,0.018221094243296487,2.1165857093663476e-06,0.018243205672979174
4000,14000,10000,0.0008794516018686416,0.018060547051962618,2.062064686003673e-06,0.018081946775397158
4000,14000,11000,0.0008639308233483467,0.017928756723107172,2.021869491608541e-06,0.017949559832816184
4000,14000,12000,0.0008507257816520453,0.017819366632206426,1.991012630209177e-06,0.017839662706808403
4000,14000,13000,0.0008393756617224302,0.01772780031425202,1.9665447010819292e-06,0.017747660672629055
4000,14000,14000,0.0008295379223329236,0.017650664722197788,1.9466337541906853e-06,0.017670147200558598
4000,14000,15000,0.0008209515091249786,0.017585382361859723,1.9300921570986063e-06,0.017604534583975723
4000,15000,500,0.0036587245159220294,0.03587994262001916,0.000426193824599963,0.03606852074420856
4000,15000,1000,0.0020284712119422454,0.027445020489345766,6.35105333756103e-05,0.02751995419157047
4000,15000,2000,0.0013961108760489893,0.022719291742227917,1.1607656906553743e-05,0.022762150108994246
4000,15000,3000,0.0011970191708270406,0.020948831268687202,5.133552344327441e-06,0.02098300294935436
4000,15000,4000,0.0010938048403645872,0.019986559865876292,3.3368429974700575e-06,0.020016468105926756
4000,15000,5000,0.0010281709435315256,0.019369471827372788,2.6320161786719254e-06,0.019396741512120532
4000,15000,6000,0.0009817121875632107,0.0189356579393334,2.293185093371619e-06,0.018961089253345866
4000,15000,7000,0.0009466492543623306,0.01861272786558273,2.1061002724032107e-06,0.018636785877524133
4000,15000,8000,0.0009190554437811804,0.018362949165034666,1.9916513510631617e-06,0.018385933996212057
4000,15000,9000,0.0008966968384434004,0.01816446481907618,1.9158552653220084e-06,0.018186584370189805
4000,15000,10000,0.0008781890584345087,0.018003600903553702,1.8624048329085596e-06,0.018025006657012517
4000,15000,11000,0.0008626178059607525,0.017871288806970632,1.8227749420951511e-06,0.01789209536146683
4000,15000,12000,0.000849349030185409,0.017761233873023856,1.7921899264639052e-06,0.017781530465043542
4000,15000,13000,0.0008379258210160501,0.01766890502037687,1.767816046660542e-06,0.017688762744346987
4000,15000,14000,0.0008280086144232812,0.017590942648006782,1.747887202196985e-06,0.01761041920472459
4000,15000,15000,0.0008193386140513959,0.017524794026886153,1.7312546893855085e-06,0.017543936971116347
5000,500,500,0.06400892987476897,0.10846374716097001,-0.05049683032802532,0.1356888257193248
5000,500,1000,0.004423825526072678,0.03242453161434989,-0.012483606378019041,0.0350251468361865
5000,500,2000,0.0016498348116610884,0.024038924325876475,-0.0034164690176499146,0.024336476700614375
5000,500,3000,0.0011774700186123477,0.02149428417217729,-0.001623834498183263,0.021587670698723662
5000,500,4000,0.0009757327738608434,0.020134078456045753,-0.0008641544053327177,0.020176221959436504
5000,500,5000,0.0008615084050642152,0.019260388216135647,-0.00045107485118422996,0.019284922076317136
5000,500,6000,0.000787108925869473,0.01864330628688771,-0.00019494561281396816,0.018660932815908363
5000,500,7000,0.0007348165859319689,0.018181447528786483,-2.533666073045726e-05,0.01819630818609516
5000,500,8000,0.000696364175109071,0.017821967122530622,9.038332027455631e-05,0.017835795589923136
5000,500,9000,0.0006664459042593496,0.01753416803748048,0.00017643887595208962,0.017547715793995906
5000,500,10000,0.000641895532658393,0.01729881694300761,0.0002474037497742776,0.017312489887879687
5000,500,11000,0.0006215673402338306,0.017103120238279198,0.0003055180921233136,0.01711713787839823
5000,500,12000,0.0006044086833633111,0.01693819705754296,0.00035445480398599294,0.016952683198383396
5000,500,13000,0.0005898068888526564,0.016797657743319584,0.0003957216177741252,0.016812667052749728
5000,500,14000,0.0005772416122231672,0.01667677972538481,0.0004309949357795828,0.016692331967779563
5000,500,15000,0.000566338078186901,0.0165719876893949,0.0004613982279612072,0.016588080151754336
5000,1000,500,0.0062220368305526685,0.04424648020922346,-0.012696122650108221,0.04645057893689323
5000,1000,1000,0.0017044273655570374,0.02876797809126476,-0.0019949043532259125,0.028887389627352426
5000,1000,2000,0.0010965732871682787,0.022995166029202124,-0.0006973972593250499,0.023031858297193834
5000,1000,3000,0.0009269485508983655,0.0208356169712922,-0.0003425685187258276,0.020859039320650273
5000,1000,4000,0.0008398401589026772,0.019639194648522068,-0.00017904958512238167,0.019657959118102163
5000,1000,5000,0.0007842670899293469,0.018859578178226737,-8.647032615216599e-05,0.018876075891092865
5000,1000,6000,0.0007448657944036652,0.01830491104634279,-2.7567704726449982e-05,0.018320080606933443
5000,1000,7000,0.0007151744691469841,0.017888093369323593,1.2794350040312708e-05,0.017902388740231045
5000,1000,8000,0.0006918802803478619,0.017562971837702803,4.21705792925664e-05,0.01757664519901434
5000,1000,9000,0.0006730842087458444,0.017302430022282368,6.4469713448978e-05,0.017315636961197627
5000,1000,10000,0.0006575919627891391,0.01708931806457466,8.203104537540806e-05,0.01710216209121315
5000,1000,11000,0.0006446107353258179,0.016912175888601604,9.626745194335484e-05,0.016924729944947377
5000,1000,12000,0.0006335923329524595,0.016763012034916105,0.00010802725555414394,0.016775329553098527
5000,1000,13000,0.0006241386860487974,0.016636061770177336,0.00011791624400370182,0.016648183221035815
5000,1000,14000,0.0006159549415716559,0.016527050028133386,0.00012634232202946016,0.016539006787132233
5000,1000,15000,0.0006088138851222114,0.016432732966146064,0.00013364554863515288,0.016444550106830266
5000,2000,500,0.0028244536189322156,0.036995756177711246,0.00016556292998426425,0.03710378585117621
5000,2000,1000,0.0014999463432914528,0.027498928200766166,-0.00022594657706997978,0.02754073243541892
5000,2000,2000,0.0010286399086457676,0.022167796077329414,-0.00011786917025002897,0.022191961971151076
5000,2000,3000,0.0008854286848850312,0.02015005873433356,-5.9624204435615447e-05,0.020169591121261335
5000,2000,4000,0.0008097256215752469,0.01903563289160387,-2.856959112340629e-05,0.01905286832441991
5000,2000,5000,0.0007606685715449979,0.018312532873182498,-9.82537160043595e-06,0.01832832707709716
5000,2000,6000,0.0007255524238404532,0.017800157354329257,2.517341456065303e-06,0.017814938520680636
5000,2000,7000,0.000698917719671871,0.017416556506717133,1.11882325082302e-05,0.017430578065775353
5000,2000,8000,0.0006779374622259415,0.017118393279655694,1.7596394589536324e-05,0.01713182119077692
5000,2000,9000,0.0006609643310649949,0.016880265960065345,2.248899116752412e-05,0.016893216345154782
5000,2000,10000,0.0006469547506008366,0.01668614650796225,2.6359424762034678e-05,0.016698704457345774
5000,2000,11000,0.0006352095813369485,0.01652534703300689,2.9492803301112147e-05,0.01653757707764286
5000,2000,12000,0.0006252385129222604,0.0163904284586809,3.2081381709958556e-05,0.01640238084767667
5000,2000,13000,0.0006166857674322346,0.01627603293740244,3.425531524758885e-05,0.016287747632554514
5000,2000,14000,0.0006092856753900922,0.016178192511450872,3.611364268374384e-05,0.016189701855407607
5000,2000,15000,0.0006028357478874147,0.016093899715382203,3.771894984216928e-05,0.016105230259356354
5000,3000,500,0.0028522438866262767,0.036103781872625355,0.0007276248044779665,0.03622358069753734
5000,3000,1000,0.001499566012562653,0.026811908241904797,1.5123699495855902e-05,0.026853814450178988
5000,3000,2000,0.0010192977086017907,0.021622418993047086,-2.7295595503740167e-05,0.0216464481146256
5000,3000,3000,0.0008737329854943687,0.019668777623883447,-1.5110562958553508e-05,0.019688180486698917
5000,3000,4000,0.0007974964392793993,0.018596185195185903,-5.774817285475464e-06,0.018613278532618304
5000,3000,5000,0.0007484774377301551,0.017903703922842924,5.220612970813221e-07,0.01791934242387706
5000,3000,6000,0.0007135887271191022,0.017415053125951714,4.893374157766139e-06,0.017429667472338727
5000,3000,7000,0.0006872373950145283,0.01705051346538579,8.05767135836355e-06,0.017064359630424932
5000,3000,8000,0.0006665463897097545,0.016768070933003556,1.0434536830472574e-05,0.0167813168667847
5000,3000,9000,0.0006498481376882026,0.016543175781583708,1.227713445905998e-05,0.01655593906338342
5000,3000,10000,0.0006360933964946192,0.016360379594543124,1.3743967554380454e-05,0.016372746384869317
5000,3000,11000,0.000624581510494715,0.016209404941927737,1.4937918421664698e-05,0.01622144055797912
5000,3000,12000,0.000614823067272896,0.016083112552231736,1.5929037249118316e-05,0.016094867831269462
5000,3000,13000,0.00060646400488093,0.01597636907941647,1.6765509275096235e-05,0.015987884432696286
5000,3000,14000,0.0005992408421451878,0.015885378183187672,1.748137589940857e-05,0.015896686296467358
5000,3000,15000,0.0005929528857241406,0.015807265900815912,1.8101847273688243e-05,0.01581839359924581
5000,4000,500,0.002904355424751176,0.035498115626923,0.0008189050080708027,0.035626143475093124
5000,4000,1000,0.0015092439886986442,0.0263125223128357,7.585702317036702e-05,0.026355879840537746
5000,4000,2000,0.0010152166710779842,0.021210785132148836,-6.422604927891484e-07,0.021235067017175136
5000,4000,3000,0.000866248509074935,0.019299510125205144,-1.9289534395339203e-06,0.019318940997715993
5000,4000,4000,0.0007889106731026052,0.01825507812834573,6.805005333676561e-07,0.018272116954125017
5000,4000,5000,0.0007395205980230135,0.0175832846221219,3.0367829715327588e-06,0.01759882945083279
5000,4000,6000,0.0007045342256477571,0.017110643798886015,4.855224375543976e-06,0.01712514301431288
5000,4000,7000,0.0006781963888141118,0.01675893118074814,6.2426189134656696e-06,0.01677264927294265
5000,4000,8000,0.0006575647655681638,0.016487035685820838,7.317166413889353e-06,0.016500145171099885
5000,4000,9000,0.0006409434665798908,0.016270993690045175,8.16641601719681e-06,0.016283614797679043
5000,4000,10000,0.00062727043427796,0.01609575649483852,8.85126734628816e-06,0.01610797702021546
5000,4000,11000,0.0006158391641648275,0.015951329530601112,9.413883452991101e-06,0.01596321585054678
5000,4000,12000,0.0006061576983028838,0.015830779636293618,9.883840885294148e-06,0.01584238330360717
5000,4000,13000,0.0005978710072820359,0.0157291273017501,1.0282262122074393e-05,0.01574048922813148
5000,4000,14000,0.0005907154122742897,0.0156426933490449,1.062451108646556e-05,0.015653846581297128
5000,4000,15000,0.0005844904019738362,0.015568694604471911,1.0921976178912551e-05,0.015579666235413259
5000,5000,500,0.002946395651532846,0.035030839361455096,0.0007972262626513293,0.03516356812693081
5000,5000,1000,0.0015182938075665176,0.025925111430164887,9.390622688143502e-05,0.02596970229194028
5000,5000,2000,0.0010124556763527748,0.020886494371010762,9.29026244622655e-06,0.020911021015622828
5000,5000,3000,0.0008605828114622571,0.019006248943380315,3.046816286378373e-06,0.01902572235044491
5000,5000,4000,0.0007822851084051397,0.01798243535411137,2.9689786573694477e-06,0.017999443326682667
5000,5000,5000,0.0007325406684220437,0.017325667033063638,3.697879826236594e-06,0.01734114666467577
5000,5000,6000,0.0006974235140252139,0.016864530539186927,4.443072699200634e-06,0.01687894574924568
5000,5000,7000,0.0006710454174332914,0.016521932816433663,5.076604121412309e-06,0.016535555379693638
5000,5000,8000,0.0006504116901109303,0.016257452224427142,5.595530431334872e-06,0.016270458490962224
5000,5000,9000,0.0006338041768665925,0.016047573391160277,6.019540576773785e-06,0.016060085794109495
5000,5000,10000,0.0006201509152407025,0.015877552486020477,6.3688849403220615e-06,0.015889660180970024
5000,5000,11000,0.0006087409245714992,0.015737609549078206,6.660101357969239e-06,0.015749379803326725
5000,5000,12000,0.000599080267756652,0.01562096674650449,6.905895384545779e-06,0.0156324517256253
5000,5000,13000,0.000590813116534139,0.01552275962276904,7.115875235497171e-06,0.015534000678531529
5000,5000,14000,0.0005836755552680595,0.015439395923353978,7.29730811055429e-06,0.015450426430445297
5000,5000,15000,0.0005774670985452812,0.015368159277359227,7.4557278026965434e-06,0.015379006580792592
5000,6000,500,0.0029787886744658543,0.03465548631534239,0.0007520949579798986,0.03479140066950206
5000,6000,1000,0.0015257928010660449,0.025614272372575478,9.809150878570261e-05,0.02565986388881212
5000,6000,2000,0.0010102672094045861,0.020623992570826005,1.331676129701087e-05,0.020648726031695413
5000,6000,3000,0.0008560444830223723,0.018767741816945217,5.112567761589304e-06,0.0187872555527085
5000,6000,4000,0.0007769823139396892,0.017759801308420347,3.82033428780737e-06,0.017776789885288576
5000,6000,5000,0.0007269541553232284,0.017114466772938222,3.777755931300142e-06,0.01712989928567556
5000,6000,6000,0.0006917240652482559,0.016661955999400607,4.002072698683357e-06,0.01667630882194832
5000,6000,7000,0.0006652986710323217,0.01632608313500052,4.264873377013423e-06,0.016339633748703508
5000,6000,8000,0.0006446434787854838,0.016066984384138335,4.508395638924689e-06,0.016079912087462327
5000,6000,9000,0.0006280243015064912,0.015861508066866623,4.720573419492169e-06,0.015873936971097343
5000,6000,10000,0.0006143625696368449,0.01569515735641695,4.902252707661425e-06,0.01570717765359969
5000,6000,11000,0.0006029446415294903,0.015558325429058792,5.057554761656036e-06,0.015570005073091874
5000,6000,12000,0.0005932756188398169,0.015444358981296674,5.190928726639399e-06,0.01545575062068517
5000,6000,13000,0.0005849994440356165,0.01534848509834428,5.3063068971015426e-06,0.01535963044218549
5000,6000,14000,0.0005778522740496062,0.015267180089156873,5.4069421894231695e-06,0.015278112787919724
5000,6000,15000,0.0005716338043715574,0.01519777978432895,5.495458936577435e-06,0.015208527403378901
5000,7000,500,0.003004184377804975,0.03434685561396035,0.0007049725756260727,0.03448519393412877
5000,7000,1000,0.0015319205707454153,0.025358913410709033,9.702350550888639e-05,0.02540532785790281
5000,7000,2000,0.0010084217407429763,0.02040709840943142,1.4880564327857115e-05,0.020432004339531067
5000,7000,3000,0.0008523017101539909,0.018570104169781918,5.958056822019664e-06,0.018589653643360984
5000,7000,4000,0.0007726426758473959,0.017574845511021422,4.08992330924729e-06,0.017591821627343858
5000,7000,5000,0.0007224004526325545,0.01693853672890128,3.6537143900394753e-06,0.016953934713804058
5000,7000,6000,0.0006870851721389459,0.016492723618788525,3.6032230480431693e-06,0.01650702975652296
5000,7000,7000,0.0006606197479908649,0.01616197275099937,3.666814573088928e-06,0.01617546892986447
5000,7000,8000,0.0006399395145640918,0.01590688803210573,3.760711837497155e-06,0.01591975576418189
5000,7000,9000,0.0006232991012567468,0.015704624317894496,3.85699586269439e-06,0.01571698894865832
5000,7000,10000,0.0006096159742886575,0.015540893240463934,3.946521684228266e-06,0.015552845717830511
5000,7000,11000,0.0005981753548228164,0.015406233856868824,4.026887795549605e-06,0.015417842638432717
5000,7000,12000,0.0005884822961261527,0.015294097382876333,4.098143760455919e-06,0.015305415478337754
5000,7000,13000,0.0005801810716105082,0.015199787299059912,4.161166745286771e-06,0.015210856692764771
5000,7000,14000,0.0005730082586750951,0.015119836726666235,4.217032938291787e-06,0.015130691289195012
5000,7000,15000,0.0005667639496656218,0.015051624390158707,4.26677993448088e-06,0.015062291869515477
5000,8000,500,0.003024561315619595,0.034088571220782085,0.0006614869675465318,0.03422887997049434
5000,8000,1000,0.0015369597281459368,0.025145242619791782,9.387942769756297e-05,0.025192345761383166
5000,8000,2000,0.0010068201546251099,0.0202248927408736,1.531095490237e-05,0.020249943398166353
5000,8000,3000,0.000849154615348513,0.01840379129219358,6.237274557507888e-06,0.01842337201467152
5000,8000,4000,0.0007690317939283431,0.017418967512336618,4.101804987666213e-06,0.017435935762691812
5000,8000,5000,0.0007186345694670249,0.01679000466823907,3.458804176292851e-06,0.016805377245609487
5000,8000,6000,0.0006832616066261288,0.01634955346311967,3.256577238874847e-06,0.01636382459792921
5000,8000,7000,0.0006567680143890198,0.016022818290802255,3.207283403638961e-06,0.016036273273159776
5000,8000,8000,0.0006360660176405741,0.015770804427472453,3.2150846143164102e-06,0.015783626408565014
5000,8000,9000,0.0006194026151664089,0.015570931775071267,3.24403150253616e-06,0.015583246980887502
5000,8000,10000,0.0006056932713735808,0.015409092923719017,3.279667456168589e-06,0.015420992828836065
5000,8000,11000,0.0005942232316827889,0.015275953715280132,3.316017176402397e-06,0.015287507126945921
5000,8000,12000,0.0005844982239557039,0.015165056104847271,3.350670422674895e-06,0.015176316287688695
5000,8000,13000,0.0005761633192302995,0.015071769698660881,3.382771617932434e-06,0.015082778837569774
5000,8000,14000,0.0005689558243754389,0.014992676565424254,3.4121494599803626e-06,0.015003468697880376
5000,8000,15000,0.0005626764366313819,0.014925192159631425,3.4389251721833602e-06,0.01493579517804358
5000,9000,500,0.0030412618049250884,0.03386926868451829,0.0006227755920348299,0.034011240554090674
5000,9000,1000,0.001541150228151933,0.02496375940470126,8.999035591095161e-05,0.02501144789702708
5000,9000,2000,0.0010054076692307679,0.020069699520561243,1.5191034340666931e-05,0.02009487283349881
5000,9000,3000,0.0008464691385270673,0.018262007349927795,6.237719518020768e-06,0.018281615392531383
5000,9000,4000,0.0007659864416918738,0.017285977894445876,3.994954383634841e-06,0.01730294145386234
5000,9000,5000,0.0007154822269115069,0.016663150799620188,3.2449529783207254e-06,0.01667850472667226
5000,9000,6000,0.0006800760809848871,0.016227110201102228,2.9576775252282417e-06,0.016241355168288764
5000,9000,7000,0.0006535671377236596,0.015903609344270684,2.8426460261243847e-06,0.015917033274430337
5000,9000,8000,0.0006328496491093127,0.015654003464427545,2.799210066850577e-06,0.015666790704489047
5000,9000,9000,0.0006161655370666153,0.015455945676800352,2.7875372837771195e-06,0.0154682230557888
5000,9000,10000,0.0006024296772703663,0.01529548875690978,2.790372576000344e-06,0.015307348092174187
5000,9000,11000,0.0005909281888516471,0.015163411175593887,2.7997645957178463e-06,0.01517492149710129
5000,9000,12000,0.0005811680178266498,0.015053335614948761,2.8119007106086613e-06,0.015064550352002378
5000,9000,13000,0.000572795397091902,0.014960690491697825,2.8249166603711018e-06,0.014971651964144154
5000,9000,14000,0.0005655486154075573,0.01488210132305615,2.837904028440974e-06,0.014892843686811404
5000,9000,15000,0.0005592291541317018,0.014815016055453031,2.8504366818005167e-06,0.01482556731107283
5000,10000,500,0.0030551994040152464,0.033680772367849894,0.0005886888674834223,0.033824181073248694
5000,10000,1000,0.0015446764238137012,0.024807672049529775,8.593717918503607e-05,0.024855864558893805
5000,10000,2000,0.0010041486764073848,0.01993595389226526,1.4799439091883748e-05,0.019961232206010093
5000,10000,3000,0.0008441499636647753,0.01813977893259968,6.097451348829885e-06,0.018159410950349005
5000,10000,4000,0.0007633884794578938,0.01717130898397105,3.8341590132828784e-06,0.01718827009603786
5000,10000,5000,0.0007128157307594585,0.01655372113972941,3.0333812096605683e-06,0.016569061501465435
5000,10000,6000,0.000677397319965356,0.016121397154564378,2.699320671761818e-06,0.016135622722120914
5000,10000,7000,0.0006508853053383001,0.015800567711819445,2.545875714243806e-06,0.015813968451276854
5000,10000,8000,0.0006301597121572133,0.01555289661783847,2.471524574110262e-06,0.015565657730286602
5000,10000,9000,0.0006134592041904252,0.015356244707473947,2.434864433076278e-06,0.015368493408255487
5000,10000,10000,0.000599699065018916,0.015196808497127123,2.4172663058985577e-06,0.015208636799861982
5000,10000,11000,0.0005881668905763637,0.015065468061785913,2.4097186472893384e-06,0.015076945115593066
5000,10000,12000,0.0005783712391677354,0.014955919164110702,2.4076172243647775e-06,0.014967098487359895
5000,10000,13000,0.0005699597781989307,0.014863643563382111,2.4085096536063944e-06,0.014874567554351077
5000,10000,14000,0.0005626719747806042,0.014785306204974126,2.411048119932424e-06,0.014796009094995953
5000,10000,15000,0.0005563102401338338,0.014718384495480434,2.4144748350662937e-06,0.014728894360058576
5000,11000,500,0.0030670109696302184,0.03351703970181591,0.0005587102831055013,0.03366170916399498
5000,11000,1000,0.0015476770582706079,0.02467198495754845,8.197848058522084e-05,0.02472061622398344
5000,11000,2000,0.0010030176219390785,0.019819519898549867,1.4277744507129597e-05,0.019844888944333318
5000,11000,3000,0.0008421267797047716,0.018033382705994153,5.887029179252323e-06,0.018053035866331665
5000,11000,4000,0.0007611500675965832,0.01707151808434031,3.6513391291626007e-06,0.01708847835419052
5000,11000,5000,0.0007105394177529256,0.016458488638551635,2.8326306683590374e-06,0.016473819306806498
5000,11000,6000,0.000675126231552664,0.01602936382085174,2.474664241192137e-06,0.016043575226667037
5000,11000,7000,0.0006486222878901993,0.015710793045896607,2.299350686518764e-06,0.015724176744438947
5000,11000,8000,0.0006278961346295464,0.015464714432104792,2.206481286792794e-06,0.01547745621512116
5000,11000,9000,0.0006111844628841345,0.015269175440608261,2.1544140947904467e-06,0.015281402740757982
5000,11000,10000,0.0005974036518558157,0.015110502813491238,2.1239844143483566e-06,0.015122307724388068
5000,11000,11000,0.0005858431888410842,0.014979669277531499,2.1056668607633e-06,0.014991120983434345
5000,11000,12000,0.00057601351966588,0.014870437569151095,2.094433623978098e-06,0.014881589614671896
5000,11000,13000,0.0005675639424503887,0.014778338510848416,2.087499362479761e-06,0.014789233324538794
5000,11000,14000,0.0005602352495435725,0.014700073401127556,2.0832583236263247e-06,0.01471074525213914
5000,11000,15000,0.0005538308956244131,0.014633146844228798,2.0807532300493037e-06,0.014643623853242247
5000,12000,500,0.003077151080911944,0.03337350462662927,0.0005322716992871568,0.03351929269838886
5000,12000,1000,0.0015502569680170553,0.024552938143547375,7.822805128432364e-05,0.024601954958412487
5000,12000,2000,0.001001995048488441,0.01971725869687833,1.3700787156789573e-05,0.019742706813109197
5000,12000,3000,0.0008403463411994216,0.01793997676479858,5.644105389390752e-06,0.017959648664453483
5000,12000,4000,0.0007592045170328743,0.016983962974181897,3.462739488813149e-06,0.017000923557196224
5000,12000,5000,0.0007085803109928013,0.016374963036100067,2.6457166754090267e-06,0.016390286986217993
5000,12000,6000,0.0006731867904782307,0.015948643678222615,2.2779276092066425e-06,0.015962845010170923
5000,12000,7000,0.0006467007279566395,0.01563202393223007,2.0910925168093897e-06,0.015645395438339715
5000,12000,8000,0.0006259812266644071,0.015387287286548581,1.987530434455209e-06,0.015400015145615705
5000,12000,9000,0.0006092639051528403,0.015192649945656554,1.9261391933644845e-06,0.015204861676036135
5000,12000,10000,0.0005954666988282897,0.015034557442437535,1.8877230332225992e-06,0.015046345125739524
5000,12000,11000,0.0005838812586961561,0.014904067635550498,1.8625778921421698e-06,0.014915500423335342
5000,12000,12000,0.0005740201007386203,0.014795005167448454,1.845480908868602e-06,0.014806136578685144
5000,12000,13000,0.0005655342881802639,0.01470294643160135,1.8334736012759478e-06,0.014713818884411752
5000,12000,14000,0.0005581660436076441,0.014624626622288747,1.8248066923076678e-06,0.01463527439112478
5000,12000,15000,0.0005517199501728076,0.014557575777499778,1.8184070815774334e-06,0.014568027001885713
5000,13000,500,0.003085953365037225,0.03324665622501764,0.0005088528866755704,0.03339344530856268
5000,13000,1000,0.0015524956632849418,0.024447643278489552,7.472427754862121e-05,0.02449700162008504
5000,13000,2000,0.0010010655883376518,0.019626745062170277,1.3109027560243014e-05,0.01965226261513373
5000,13000,3000,0.0008387674963243885,0.017857355290009817,5.389327114913023e-06,0.017877043880669383
5000,13000,4000,0.0007575003161213734,0.016906583489940986,3.2767071123096514e-06,0.016923545218661445
5000,13000,5000,0.00070688187497292,0.016301193630191044,2.4731863326188375e-06,0.01631651316521998
5000,13000,6000,0.0006715198387999277,0.015877374387456882,2.1044075104725835e-06,0.015891568857790746
5000,13000,7000,0.0006450601304571479,0.015562472776420432,1.9126733714625033e-06,0.015575835937343841
5000,13000,8000,0.0006243539234803142,0.015318892834037359,1.8034862885318859e-06,0.015331611093914729
5000,13000,9000,0.0006076363854803091,0.01512500407104425,1.7367390886535716e-06,0.015137204931635409
5000,13000,10000,0.0005938273024239937,0.014967360921496514,1.6935121992522895e-06,0.014979136379892823
5000,13000,11000,0.0005822206550348263,0.014837099889938211,1.664131856760065e-06,0.014848519010476718
5000,13000,12000,0.0005723311408781795,0.014728103185460797,1.6433249775404946e-06,0.014739219418846997
5000,13000,13000,0.0005638116735795506,0.014635989817802657,1.6280623522657578e-06,0.01464684553754407
5000,13000,14000,0.0005564059764926743,0.01455752683276714,1.6165251182087559e-06,0.014568156290710416
5000,13000,15000,0.0005499198217815415,0.014490268266485458,1.6075786749558674e-06,0.014500699597930196
5000,14000,500,0.003093667610055084,0.03313374989799054,0.00048800589836495156,0.033281440944480316
5000,14000,1000,0.0015544544229170731,0.024353845199738863,7.147361626946847e-05,0.024403508211804155
5000,14000,2000,0.0010002168083668717,0.01954607561460947,1.25244454920459e-05,0.019571654566170573
5000,14000,3000,0.0008373579040545087,0.01778378077789002,5.134151669583531e-06,0.017803484304344655
5000,14000,4000,0.000755997084907728,0.01683775075534835,3.0974473126388347e-06,0.01685471422735499
5000,14000,5000,0.0007053997182187022,0.016235631976526825,2.3144978161804275e-06,0.016250948889113628
5000,14000,6000,0.0006700787659613128,0.01581407167728901,1.95031911209842e-06,0.015828261824052926
5000,14000,7000,0.0006436526298171374,0.015500709201845691,1.7579893099028965e-06,0.01551406708631172
5000,14000,8000,0.0006229656918596282,0.015258147607066067,1.6465195532555654e-06,0.015270859745386856
5000,14000,9000,0.000606253089067782,0.015064896204726782,1.577057650470337e-06,0.015077090002858855
5000,14000,10000,0.0005924366312222706,0.014907609636343466,1.5311465820788683e-06,0.014919376949994408
5000,14000,11000,0.0005808127158000165,0.014777497344401118,1.499274090099867e-06,0.014788907107100235
5000,14000,12000,0.0005708982791373385,0.014668495296504366,1.4762096565146265e-06,0.01467960085587778
5000,14000,13000,0.0005623481320545243,0.014576262543782442,1.4589199728298752e-06,0.014587106200180614
5000,14000,14000,0.0005549075413002202,0.014497596222831798,1.4455651353717514e-06,0.014508212181703067
5000,14000,15000,0.000548383508094552,0.014430073152235061,1.4349850456785163e-06,0.014440489524596709
5000,15000,500,0.0031004852514660564,0.03303261153640984,0.00046935454552754496,0.033181120044376476
5000,15000,1000,0.0015561812137208086,0.024269757661518614,6.846858676345935e-05,0.024319694177068765
5000,15000,2000,0.0009994384787102573,0.019473735799388107,1.1958788940225062e-05,0.019499369381334605
5000,15000,3000,0.000836091783857712,0.01771786661914831,4.884896011136952e-06,0.017737583568997593
5000,15000,4000,0.000754662757767588,0.016776160812264025,2.9269330760195444e-06,0.01679312645232691
5000,15000,5000,0.0007040985665591193,0.01617703430951592,2.168664280932653e-06,0.016192350000719186
5000,15000,6000,0.0006688264364630714,0.01575753911315885,1.8126172085519698e-06,0.015771726950160662
5000,15000,7000,0.0006424399535807923,0.015445576118333007,1.622509052001675e-06,0.015458931184066752
5000,15000,8000,0.0006217775709348172,0.015203928567821873,1.5109871507323902e-06,0.015216637392217435
5000,15000,9000,0.0006050746697487119,0.015011233641475585,1.4405937953654302e-06,0.015023423473704332
5000,15000,10000,0.0005912551690944179,0.01485423845326953,1.3934451821295823e-06,0.014866000963381561
5000,15000,11000,0.0005796179120433342,0.014724220284791149,1.3602723919481363e-06,0.014735624240912144
5000,15000,12000,0.0005696820899420696,0.014615165457326737,1.33594711138052e-06,0.014626264075743748
5000,15000,13000,0.0005611044277192279,0.014522770767102353,1.3174755263412052e-06,0.014533606251318032
5000,15000,14000,0.0005536317558360593,0.014443861881265974,1.3030289166549025e-06,0.014454468370163003
5000,15000,15000,0.000547072327734488,0.014376037335642562,1.2914457873103302e-06,0.01438644289862487
6000,500,500,0.06376749547481583,0.10716936240134196,-0.05143623241286743,0.1348971894498597
6000,500,1000,0.00433973791243239,0.0298415111000685,-0.01341941061295615,0.033006509828869136
6000,500,2000,0.0014533501807346416,0.021345277444148502,-0.0038012816027974683,0.021729768469527757
6000,500,3000,0.0009828723611627344,0.0188585646704273,-0.0019077761583998765,0.018980282120600454
6000,500,4000,0.0007877096879853884,0.017546726310315133,-0.001103061367814795,0.017599000970021476
6000,500,5000,0.0006796335054202185,0.016708435192664114,-0.0006642957760768509,0.016735441349640588
6000,500,6000,0.0006103836802893725,0.01611671611472718,-0.00039162799569114615,0.016133024485411266
6000,500,7000,0.0005618950876169204,0.01567290271387873,-0.00020726171381246772,0.015684341330964708
6000,500,8000,0.0005261317506230212,0.015326179256250747,-7.698012814172372e-05,0.015335400586677645
6000,500,9000,0.0004989267746969561,0.015047264687350894,1.6693960990243895e-05,0.015055543204615376
6000,500,10000,0.0004774788028212573,0.01481789941420469,8.684685367388312e-05,0.014825844712279445
6000,500,11000,0.0004597472463500618,0.014626020322291416,0.0001439701645906677,0.014633952487516836
6000,500,12000,0.00044467020830413206,0.014463282572542339,0.00019271821015787172,0.014471399886530904
6000,500,13000,0.0004317772985487911,0.014323691162123113,0.00023414860379600277,0.0143321103021183
6000,500,14000,0.0004206624596854447,0.014202814884445317,0.00026952696890136796,0.014211599218025226
6000,500,15000,0.0004109404589578425,0.014097301248539697,0.0003004562010745504,0.014106489587478932
6000,1000,500,0.00649184952894899,0.04283183230379959,-0.01444031297085524,0.045664347225199395
6000,1000,1000,0.001424090606635342,0.02606307788864216,-0.00215792535895476,0.02619100427513529
6000,1000,2000,0.0008474832620644912,0.020343877627290428,-0.0007864042083274292,0.020376702784614655
6000,1000,3000,0.0006988789651093952,0.01824835781652405,-0.0004121422592318069,0.01826638596027171
6000,1000,4000,0.0006259543535941381,0.01709836419734903,-0.00023915679930341938,0.017111489504208093
6000,1000,5000,0.0005804974340758162,0.016351118995296867,-0.0001409765664276419,0.016362027504609824
6000,1000,6000,0.0005486093705397432,0.015818873378890343,-7.838744832366906e-05,0.015828577693869538
6000,1000,7000,0.0005246627292349593,0.015417481398887961,-3.532575284503903e-05,0.015426446498572464
6000,1000,8000,0.0005058829750242411,0.01510280757014525,-4.157241841107329e-06,0.015111278283716298
6000,1000,9000,0.0004906921384130458,0.01484911732384796,1.947330443607953e-05,0.014857235384878563
6000,1000,10000,0.00047812781314166,0.014640223351175013,3.795993601851677e-05,0.01464807792629232
6000,1000,11000,0.0004675526176469713,0.014465347791096437,5.2852846286088884e-05,0.014472998500345656
6000,1000,12000,0.00045852926485917544,0.014316991378579046,6.511166120870548e-05,0.014324480121437722
6000,1000,13000,0.0004507415742946719,0.014189749875933685,7.541961018475707e-05,0.014197107368261961
6000,1000,14000,0.00044396064546486924,0.014079615928491055,8.417150013018126e-05,0.01408686517966204
6000,1000,15000,0.00043800788734441043,0.013983546983646403,9.172605953311486e-05,0.013990705872943645
6000,2000,500,0.002507579303147267,0.03461186360416835,2.7416968200077996e-05,0.034702590793848104
6000,2000,1000,0.0012090447003519356,0.024962869107986896,-0.0002705189530282093,0.0249935952534621
6000,2000,2000,0.0007793848336018483,0.01965560256907104,-0.00014183631440156663,0.01967155994353787
6000,2000,3000,0.0006593415322577179,0.017684218500023545,-7.830944416042929e-05,0.017696678998664683
6000,2000,4000,0.000598481652407723,0.0166043805032313,-4.470260732736264e-05,0.01661522285458303
6000,2000,5000,0.0005597446005153328,0.015905142771668292,-2.451131561054254e-05,0.015915008055591776
6000,2000,6000,0.0005321744801911332,0.015408790311687464,-1.1137124662052855e-05,0.015417981469130967
6000,2000,7000,0.0005112590595656441,0.015035633781304784,-1.7700581581570063e-06,0.01504432358614396
6000,2000,8000,0.0004947277113991067,0.01474392740890633,5.13870327134569e-06,0.01475222618297987
6000,2000,9000,0.0004812849498546379,0.014509376495130217,1.0416359406018039e-05,0.014517360296587567
6000,2000,10000,0.0004701222068236033,0.014316730327432274,1.4569386920126881e-05,0.014324454419795643
6000,2000,11000,0.00046070141558920974,0.014155854838296192,1.7932095283113014e-05,0.014163360955552916
6000,2000,12000,0.00045264815850523665,0.014019711549356027,2.069884270494704e-05,0.014027032142425361
6000,2000,13000,0.0004456908500373724,0.013903236521375697,2.3021152583235782e-05,0.013910397409009862
6000,2000,14000,0.0004396275402495098,0.013802680205356068,2.4990830717941392e-05,0.013809702305520349
6000,2000,15000,0.0004343034722131267,0.01371519927824944,2.6692166547381824e-05,0.013722099810882639
6000,3000,500,0.002523436157287534,0.03386481644549394,0.0006647236226863251,0.03396520838183479
6000,3000,1000,0.0012088168114916809,0.02439364468417072,-6.7128304147567874e-06,0.024423578446317148
6000,3000,2000,0.0007735489313180632,0.0192052699934174,-3.879878867329989e-05,0.01922088132254098
6000,3000,3000,0.0006516650453335937,0.017286711787894697,-2.401938382534663e-05,0.017299007159367455
6000,3000,4000,0.0005902976524676529,0.016241631705187647,-1.3455330490907969e-05,0.016252360838087003
6000,3000,5000,0.0005515172876942309,0.015568173120737924,-6.4289565676611815e-06,0.015577940395552133
6000,3000,6000,0.0005240804773816166,0.015092052234711478,-1.5712249278321266e-06,0.01510114907782782
6000,3000,7000,0.0005033597434763448,0.014735329858142484,1.935954323628586e-06,0.014743924877980662
6000,3000,8000,0.0004870402414788588,0.014457300194879293,4.56596867848269e-06,0.014465502340732815
6000,3000,9000,0.0004738065766829447,0.014234343839467556,6.601166906317069e-06,0.01424222878582213
6000,3000,10000,0.00046284217398862015,0.014051674623234462,8.217703291402145e-06,0.014059297639851049
6000,3000,11000,0.00045360651598203017,0.013899491399694746,9.530492163900561e-06,0.013906894364731848
6000,3000,12000,0.0004457241262192657,0.013771001777269172,1.0616309385924616e-05,0.01377821732490345
6000,3000,13000,0.0004389241582694048,0.013661328224131297,1.1529973110713243e-05,0.013668382355071826
6000,3000,14000,0.00043300535528137396,0.013566865248882641,1.2309161799950452e-05,0.013573779055020234
6000,3000,15000,0.000427814432177237,0.013484882745670923,1.298206327338125e-05,0.013491673594733878
6000,4000,500,0.002570680836658845,0.033356488017711766,0.0007883781478177365,0.033464686356571016
6000,4000,1000,0.001219667698314636,0.023973324487472882,6.320276926130575e-05,0.024004413570550342
6000,4000,2000,0.0007724834081432597,0.018858296656792648,-7.455077370766006e-06,0.018874112932523
6000,4000,3000,0.0006473775108699342,0.016975072694381393,-7.215955755812686e-06,0.01698741424381976
6000,4000,4000,0.0005848501180654442,0.01595394561334048,-3.8831831167263076e-06,0.015964662394586934
6000,4000,5000,0.0005456137726209398,0.015298468286913443,-1.0934228484860142e-06,0.015308194782865272
6000,4000,6000,0.0005180070929061698,0.014836531422698203,1.0158427847795082e-06,0.014845571630521635
6000,4000,7000,0.0004972446254932483,0.014491355985673863,2.61128209100292e-06,0.014499884735400547
6000,4000,8000,0.00048094368331697,0.014222944908880063,3.841229393897194e-06,0.014231074571605724
6000,4000,9000,0.0004677571279663173,0.014008146481765535,4.810099828889136e-06,0.014015954756006591
6000,4000,10000,0.00045685266424916326,0.013832499223873845,5.589112095916171e-06,0.01384004264348474
6000,4000,11000,0.00044768172243866977,0.01368643583888455,6.227175795792128e-06,0.013693757105857672
6000,4000,12000,0.0004398646248379712,0.013563337221806313,6.758451951638378e-06,0.01357046952604416
6000,4000,13000,0.00043312839026324323,0.013458457235528899,7.207288031940706e-06,0.013465426963450247
6000,4000,14000,0.00042727068795722634,0.01336829194482445,7.591388108019181e-06,0.013375120462710574
6000,4000,15000,0.0004221377800116277,0.013290191026981226,7.923870676385114e-06,0.013296895901927334
6000,5000,500,0.0026104554033131167,0.03295583545956383,0.0007842967204427786,0.03306836387842961
6000,5000,1000,0.0012300802737148508,0.02364084537035395,8.598421036343229e-05,0.023672981658194217
6000,5000,2000,0.0007721844330352834,0.01857937416320363,4.8246684793973316e-06,0.018595414390982702
6000,5000,3000,0.0006441995234031939,0.01672252453192768,-4.64450309212161e-07,0.016734928143335128
6000,5000,4000,0.0005806189463156142,0.015719386417971916,-7.899369669495115e-08,0.015730105776013734
6000,5000,5000,0.0005409456738475482,0.01507739159410241,9.323871112965065e-07,0.01508709250893989
6000,5000,6000,0.0005131513792848708,0.0146260427695255,1.8699371812092025e-06,0.014635042020121301
6000,5000,7000,0.0004923134478583835,0.014289441023675733,2.64301769126174e-06,0.014297919578931464
6000,5000,8000,0.0004759907973226063,0.014028133612678281,3.267445020216364e-06,0.014036207129081808
6000,5000,9000,0.0004628091302743831,0.01381932990020554,3.773578295174218e-06,0.013827077978433236
6000,5000,10000,0.0004519227197999909,0.013648819294295915,4.188270410043771e-06,0.013656299638431521
6000,5000,11000,0.00044277606781956136,0.01350721489182647,4.5323873696379025e-06,0.0135144709597804
6000,5000,12000,0.00043498582916690065,0.013388030837977577,4.821605227744996e-06,0.013395096328063176
6000,5000,13000,0.00042827706281947653,0.013286621627568867,5.067639081923758e-06,0.013293523280067023
6000,5000,14000,0.00042244640171312797,0.013199560758624995,5.279293218918291e-06,0.013206320193524392
6000,5000,15000,0.00041733958246659153,0.01312425845794998,5.463248817560995e-06,0.013130893429057012
6000,6000,500,0.002641724995945227,0.03262739219033174,0.0007500472643338085,0.03274275496952963
6000,6000,1000,0.001238917121160421,0.023369419989681155,9.310641224091754e-05,0.02340242241929698
6000,6000,2000,0.0007720155332873457,0.018349603939863075,1.0224815871318071e-05,0.018365839955753045
6000,6000,3000,0.0006416224243581681,0.01651347988136545,2.62119875438227e-06,0.016525940336282945
6000,6000,4000,0.0005771661864852617,0.015524479863566679,1.6357307146552813e-06,0.01553520513275329
6000,6000,5000,0.0005371277226401405,0.014893022555739713,1.7859553375076942e-06,0.01490270546665393
6000,6000,6000,0.0005091713548286969,0.014449883411785387,2.1444108555535024e-06,0.014458851637708525
6000,6000,7000,0.00048826107125543583,0.014119871045885565,2.506166239535368e-06,0.01412831070960043
6000,6000,8000,0.0004719083045494621,0.013863974637269013,2.8255373485386315e-06,0.013872004115282064
6000,6000,9000,0.0004587171076818053,0.013659697908530812,3.0974632951874526e-06,0.013667398360020091
6000,6000,10000,0.00044783128556369345,0.013493034877556959,3.327191082425074e-06,0.013500464960048548
6000,6000,11000,0.0004386900740095401,0.013354745456914143,3.5217680637300575e-06,0.013361949244135517
6000,6000,12000,0.00043090741642332064,0.013238451843857467,3.6876729759827143e-06,0.01324546345065335
6000,6000,13000,0.00042420696661821244,0.013139589752581296,3.8302929835642985e-06,0.013146436212442183
6000,6000,14000,0.00041838464006249687,0.013054794841670814,3.953952074864375e-06,0.013061497988320181
6000,6000,15000,0.0004132858248262483,0.012981525663306119,4.062080488087538e-06,0.012988103411221192
6000,7000,500,0.00266658146909729,0.032352735493034315,0.000710266820688088,0.03247021141862408
6000,7000,1000,0.0012462955111825214,0.023143122210086048,9.403851951772513e-05,0.023176846234449693
6000,7000,2000,0.0007718469470215372,0.018156879445159504,1.2676686182655494e-05,0.01817328202593177
6000,7000,3000,0.0006394515716858784,0.01633759038909857,4.115179112029743e-06,0.016350100151656458
6000,7000,4000,0.000574278048950494,0.015360061228458757,2.450081330707121e-06,0.015370793155280142
6000,7000,5000,0.0005339443359632379,0.01473709765368166,2.1479028636806063e-06,0.014746767388873516
6000,7000,6000,0.000505856998235521,0.014300514545126807,2.193554829665878e-06,0.014309458842658237
6000,7000,7000,0.0004848861656937542,0.013975708119833959,2.3296080328139013e-06,0.013984117329011067
6000,7000,8000,0.00046850473503096124,0.013724038322747448,2.479960496071243e-06,0.013732033014859492
6000,7000,9000,0.0004552996593504832,0.013523257137273172,2.621305323247114e-06,0.013530919711972874
6000,7000,10000,0.0004444067671327545,0.013359531458478168,2.747473346498275e-06,0.013366921325172487
6000,7000,11000,0.0004352614676203792,0.013223745164842546,2.858083128387534e-06,0.013230906881182817
6000,7000,12000,0.00042747585647406883,0.013109611468662685,2.9546089508336593e-06,0.013116579477778285
6000,7000,13000,0.0004207727139091122,0.013012634243105734,3.03896331199649e-06,0.013019435811774503
6000,7000,14000,0.000414947569949059,0.012929501067114567,3.1129935020857147e-06,0.012936158201763456
6000,7000,15000,0.00040984567241508785,0.012857710638369477,3.178323207952971e-06,0.012864241385988347
6000,8000,500,0.0026867434721390138,0.03211966032705628,0.0006720286450895285,0.03223883981334278
6000,8000,1000,0.0012524816657051852,0.0229513718906079,9.234341352448716e-05,0.022985706630206857
6000,8000,2000,0.0007716554922492791,0.017992867864288952,1.3722382258052335e-05,0.018009412385867993
6000,8000,3000,0.0006375842180674218,0.0161875921486378,4.837037023808222e-06,0.016200144338946367
6000,8000,4000,0.0005718224158711149,0.015219603124948881,2.831197097652449e-06,0.015230341695836093
6000,8000,5000,0.0005312526620639413,0.014603659602022824,2.2810259920902354e-06,0.014613319553263147
6000,8000,6000,0.0005030630025726068,0.014172443725774173,2.1484075246602785e-06,0.014181369403567767
6000,8000,7000,0.00048204496770540284,0.013851850025134298,2.153080828515286e-06,0.01386023524711829
6000,8000,8000,0.00046563984701752936,0.013603556306687772,2.2037771257865657e-06,0.013611523408971855
6000,8000,9000,0.00045242100941733643,0.01340552880562328,2.2674865087779494e-06,0.013413161166170067
6000,8000,10000,0.0004415182434764353,0.013244084134433233,2.3317382381593532e-06,0.013251441746326014
6000,8000,11000,0.0004323642661532845,0.013110213653509914,2.3919501260794007e-06,0.013117341446373554
6000,8000,12000,0.00042457002098386654,0.01299770943527659,2.4467189411181423e-06,0.01300464210399617
6000,8000,13000,0.00041785785591169633,0.012902134285414387,2.495935170654384e-06,0.012908899276712361
6000,8000,14000,0.000412023202438605,0.012820220528699069,2.5399917530366523e-06,0.012826839984009426
6000,8000,15000,0.0004069113577601091,0.012749501315160398,2.579444253525409e-06,0.012755993387105667
6000,9000,500,0.002703418086196091,0.03191945196453568,0.000637231827393947,0.03204006784429329
6000,9000,1000,0.0012577158133730004,0.022786739227656318,8.954171500108465e-05,0.022821598353646163
6000,9000,2000,0.0007714429082112118,0.017851591222950377,1.4050494159478788e-05,0.017868257631015242
6000,9000,3000,0.0006359553471133039,0.016058206799782634,5.155768349474066e-06,0.016070795606007018
6000,9000,4000,0.0005697083324322227,0.015098313483424868,2.9881842007473125e-06,0.015109058427216989
6000,9000,5000,0.0005289508894762152,0.014488295429093492,2.300687113265809e-06,0.01449794808851688
6000,9000,6000,0.0005006835034833679,0.014061569381557427,2.0635523286793855e-06,0.01407048050712064
6000,9000,7000,0.00047963097154976597,0.013744458660344657,1.9889250771898404e-06,0.013752824934922135
6000,9000,8000,0.00046320829514839845,0.013498917717989667,1.978427626170287e-06,0.013506862899871514
6000,9000,9000,0.00044997793576662115,0.013303100709678387,1.9939385712541835e-06,0.013310708944692369
6000,9000,10000,0.00043906511420538363,0.013143456218003885,2.0194653836957954e-06,0.013150787946253928
6000,9000,11000,0.0004299007224607687,0.013011070609949259,2.047993333031961e-06,0.01301817104060837
6000,9000,12000,0.000422095090913871,0.012899805738907755,2.0764133141781826e-06,0.012906709754186901
6000,9000,13000,0.00041537048419976186,0.012805276538764404,2.1033971002726304e-06,0.012812011719384812
6000,9000,14000,0.0004095224684080301,0.01272425485102023,2.1284504266860793e-06,0.012730843440092416
6000,9000,15000,0.0004043965495272861,0.012654304171681181,2.1514713175463385e-06,0.012660764402970547
6000,10000,500,0.0027174426907921045,0.03174567147729188,0.000606163576757135,0.031867531856164664
6000,10000,1000,0.001262189063458874,0.022643813911453266,8.632745192749258e-05,0.02267912877774179
6000,10000,2000,0.0007712158584502471,0.017728633098502627,1.3997807109311644e-05,0.01774540507794206
6000,10000,3000,0.0006345194971146828,0.015945498547432446,5.253655800618873e-06,0.015958119141029375
6000,10000,4000,0.0005678695713456083,0.014992590962297405,3.0237107135899777e-06,0.015003341919574071
6000,10000,5000,0.0005269635558362018,0.014387664907451055,2.262279967912839e-06,0.014397312151793776
6000,10000,6000,0.0004986390419205455,0.013964766451659916,1.9635329200351492e-06,0.013973666190337998
6000,10000,7000,0.00047756340269086706,0.013650591866328164,1.8401660687450416e-06,0.01365894316888629
6000,10000,8000,0.0004611294563118262,0.013407339032844839,1.791165056608257e-06,0.013415266807834851
6000,10000,9000,0.00044789079457863146,0.01321332887411973,1.7759013868356988e-06,0.013220917867279115
6000,10000,10000,0.0004369691823498667,0.013055127800433627,1.7764596822456014e-06,0.013062438788671412
6000,10000,11000,0.0004277943413001084,0.012923907354629671,1.7844194986071926e-06,0.01293098575104204
6000,10000,12000,0.0004199763983457061,0.012813592109216164,1.7956509351657601e-06,0.012820472929689313
6000,10000,13000,0.0004132378038972373,0.012719843906540898,1.8080791128749496e-06,0.01272655482675832
6000,10000,14000,0.00040737444216720764,0.012639470148525333,1.8206570850942683e-06,0.012646033484313817
6000,10000,15000,0.00040223215683066194,0.012570061611060022,1.832868176232516e-06,0.012576495655517052
6000,11000,500,0.0027294090902662826,0.03159344900757772,0.0005785741531599831,0.03171640651503803
6000,11000,1000,0.0012660492890154695,0.022518549743883683,8.303456578095947e-05,0.02255426474326075
6000,11000,2000,0.0007709807891180531,0.017620654486739416,1.3740162925546251e-05,0.01763751866647676
6000,11000,3000,0.0006332429972209785,0.015846470660575332,5.227101842142368e-06,0.015859119030154162
6000,11000,4000,0.0005662562423066619,0.014899676243689729,2.991727238277342e-06,0.01491043283238804
6000,11000,5000,0.0005252332797425208,0.014299193638958513,2.1941670848013572e-06,0.014308836903709186
6000,11000,6000,0.0004968687190470278,0.013879612915749125,1.8598859461427253e-06,0.013888503759374985
6000,11000,7000,0.00047577990533648196,0.013567957426023514,1.706554152436368e-06,0.013576296923131715
6000,11000,8000,0.00045934067262690115,0.01332664102793601,1.6330794818664174e-06,0.013334555020995087
6000,11000,9000,0.00044609730180300566,0.013134133933659324,1.597859268787083e-06,0.013141707634212973
6000,11000,10000,0.0004351689402028458,0.012977108753192353,1.582013103962332e-06,0.012984403186187047
6000,11000,11000,0.0004259846293174774,0.012846814192325215,1.5763373184540797e-06,0.012853874913090708
6000,11000,12000,0.0004181545997436198,0.012737231852001336,1.5760999032554679e-06,0.012744093965638163
6000,11000,13000,0.00041140169132286575,0.012644066332213398,1.5787696933111661e-06,0.01265075757642796
6000,11000,14000,0.00040552224764373035,0.012564157493930911,1.5829536977873815e-06,0.012570700232340946
6000,11000,15000,0.0004003625515353326,0.012495121024469005,1.5878710967198728e-06,0.012501533590329381
6000,12000,500,0.002739743468568284,0.03145902867022195,0.0005540654170888004,0.031582964832862395
6000,12000,1000,0.0012694105656923527,0.02240785419903147,7.982328598143962e-05,0.022443923559536744
6000,12000,2000,0.0007707428004278261,0.01752508212884534,1.3373893529733394e-05,0.017542027446912
6000,12000,3000,0.0006320999955864437,0.015758800728816223,5.12977003419568e-06,0.015771473524357187
6000,12000,4000,0.000564829865503047,0.014817419913257022,2.9220583481759377e-06,0.014828181756411502
6000,12000,5000,0.000523715589804491,0.014220866268810623,2.1115487603973193e-06,0.01423050666396099
6000,12000,6000,0.0004953250881460092,0.013804203597743191,1.7581088218587837e-06,0.013813087526032676
6000,12000,7000,0.0004742316341140862,0.013494744008942326,1.586755629223724e-06,0.013503074243574045
6000,12000,8000,0.0004577925997178156,0.013255094216874366,1.4978029685419614e-06,0.013262997361305113
6000,12000,9000,0.00044454815536859593,0.013063858963863962,1.4495974981487691e-06,0.01307142058811908
6000,12000,10000,0.00043361546305417664,0.012907807259586509,1.4228840479191263e-06,0.0129150885651254
6000,12000,11000,0.0004244232483124888,0.012778258258027727,1.4080650073688972e-06,0.012785304892148994
6000,12000,12000,0.0004165820724690017,0.012669245862005126,1.4000708430383924e-06,0.012676092982273162
6000,12000,13000,0.0004098153160628226,0.01257651402080241,1.3960989253547496e-06,0.012583189399266446
6000,12000,14000,0.0004039198884008832,0.01249693254172464,1.3945425377803744e-06,0.012503458568468602
6000,12000,15000,0.000398742589432427,0.01242814013275242,1.3944534640319972e-06,0.012434535164470727
6000,13000,500,0.0027487617720662605,0.03133947496905877,0.0005322328891941286,0.031464291736255146
6000,13000,1000,0.0012723611205577856,0.022309318815291995,7.676269691692106e-05,0.022345704315037518
6000,13000,2000,0.0007705056281158418,0.017439900146510194,1.2953587468667038e-05,0.017456917363573465
6000,13000,3000,0.0006310701488172199,0.015680661180557776,4.992703427353362e-06,0.01569335558506425
6000,13000,4000,0.0005635602227380965,0.014744123324725628,2.831825201665694e-06,0.014754890062572641
6000,13000,5000,0.000522375486343013,0.014151083344648967,2.0228241336406327e-06,0.014160721735411334
6000,13000,6000,0.000493970671838706,0.013737020175096603,1.6607527337786365e-06,0.013745898772861217
6000,13000,7000,0.0004728798431186121,0.013429502246587536,1.4791801841163021e-06,0.013437825275136657
6000,13000,8000,0.00045644592248531013,0.013191309375027967,1.3806822350970194e-06,0.013199204059871855
6000,13000,9000,0.0004432039012095268,0.01300116816105012,1.324117250844914e-06,0.013008720344570299
6000,13000,10000,0.00043226943251237215,0.012845935593180736,1.290225616568108e-06,0.012853206595675432
6000,13000,11000,0.0004230711941596299,0.0127169955198784,1.2692645872114383e-06,0.012724031039688938
6000,13000,12000,0.0004152202431326746,0.012608430119960042,1.2559984826632231e-06,0.012615265336795535
6000,13000,13000,0.0004084406104369054,0.012516019814564598,1.2474739351509e-06,0.012522682511627407
6000,13000,14000,0.0004025298490927254,0.012436662260083928,1.241957506836755e-06,0.012443174835758955
6000,13000,15000,0.00039733533448052527,0.012368017628285826,1.2383975843688333e-06,0.012374398448217363
6000,14000,500,0.0027567031004734066,0.031232461516362206,0.0005127099339586882,0.03135807608625864
6000,14000,1000,0.001274970109871515,0.022221040040316102,7.388110101091971e-05,0.02225770939857657
6000,14000,2000,0.0007702718914510409,0.01736350660136674,1.251085076170444e-05,0.017380587930327693
6000,14000,3000,0.0006301371533799505,0.015610594375610822,4.834372429596279e-06,0.015623308003207222
6000,14000,4000,0.0005624232330782297,0.014678426840874044,2.7311266119767197e-06,0.01468919813587693
6000,14000,5000,0.0005211850632424464,0.014088559977382275,1.9327119336054466e-06,0.014098197042239838
6000,14000,6000,0.0004927755129538469,0.013676838481678152,1.5688845020900288e-06,0.013685713025687695
6000,14000,7000,0.00047169345586356437,0.013371059372357984,1.3822904388893775e-06,0.013379376867633023
6000,14000,8000,0.0004552689893440598,0.013134158498229674,1.278245888913787e-06,0.013142046680148024
6000,14000,9000,0.0004420326536406505,0.012944973298152977,1.2164622525956403e-06,0.012952518212168572
6000,14000,10000,0.000431098952165726,0.012790441394217724,1.177909638827579e-06,0.012797704432942172
6000,14000,11000,0.0004218967098795212,0.012662006311396974,1.1528614641820312e-06,0.012669033190924774
6000,14000,12000,0.0004140375963507803,0.012553795004570843,1.1360286634731764e-06,0.012560620901792273
6000,14000,13000,0.00040724637014846743,0.012461621880262704,1.1243875862598784e-06,0.012468274570159605
6000,14000,14000,0.0004013212831931734,0.012382410647490773,1.1161365360834452e-06,0.012388912521331218
6000,14000,15000,0.0003961103284021994,0.012313841623285415,1.1101636774313306e-06,0.012320211043163453
6000,15000,500,0.0027637515030677906,0.031136120819168445,0.0004951782835804774,0.03126246221219778
6000,15000,1000,0.00127729254958181,0.022141494000441235,7.118811183093321e-05,0.022178419704209282
6000,15000,2000,0.0007700433624215075,0.017294612351224946,1.2064192847716093e-05,0.017311751173809682
6000,15000,3000,0.00062928775375376,0.015547423746371745,4.665982873630625e-06,0.015560154562139305
6000,15000,4000,0.0005613994658771326,0.014619229719831726,2.6260253426224622e-06,0.014630005258287074
6000,15000,5000,0.0005201218162901311,0.014032252692676826,1.8438667643838613e-06,0.014041888966045902
6000,15000,6000,0.0004917154120536726,0.013622661173915262,1.4828116234877342e-06,0.013631532698287445
6000,15000,7000,0.0004706472996543476,0.013318456860289847,1.294706610255325e-06,0.01332677018997247
6000,15000,8000,0.00045423607884942374,0.01308271675583451,1.1878549945887329e-06,0.013090600045059854
6000,15000,9000,0.0004410084125316127,0.012894379458153778,1.1230238724513342e-06,0.012901918899604214
6000,15000,10000,0.00043007792409147094,0.012740456740694637,1.081560693783068e-06,0.012747713761772177
6000,15000,11000,0.0004208737248609651,0.012612447367854121,1.0538601102894063e-06,0.01261946767537323
6000,15000,12000,0.00041300817691111713,0.012504519977870894,1.0346547323347721e-06,0.012511338725399378
6000,15000,13000,0.000406206817885002,0.012412520772721083,1.0209048733056392e-06,0.012419165710883135
6000,15000,14000,0.0004002686355657481,0.012333397941208572,1.010780400712008e-06,0.012339891441114973
6000,15000,15000,0.0003950422692685085,0.012264850801137046,1.0031389707787497e-06,0.012271211210591588
7000,500,500,0.06361175015275666,0.10623377543305562,-0.05211566669498746,0.13434326375118574
7000,500,1000,0.0043217867401441346,0.027967039957712055,-0.014146279876398271,0.03163780016001332
7000,500,2000,0.0013397394031148813,0.01937820056004584,-0.004098472686720034,0.019852129280694547
7000,500,3000,0.0008668604701372318,0.01693446532626409,-0.0021265291619023685,0.01708946135012887
7000,500,4000,0.000674333465921273,0.015660605906119902,-0.001286011586111635,0.015727782067719288
7000,500,5000,0.0005694258781735462,0.014851506925955263,-0.000826677646897922,0.014885392159238248
7000,500,6000,0.000503066627926041,0.014281758334519109,-0.0005405357745376094,0.014300834803650235
7000,500,7000,0.00045708516099227103,0.013854435153883338,-0.00034678556403722194,0.01386631027003876
7000,500,8000,0.0004232309342897811,0.01352008279322113,-0.00020784848071631057,0.013528302338069991
7000,500,9000,0.00039735452473207977,0.01325043910506267,-0.00010507427705985783,0.013256812124300422
7000,500,10000,0.0003771263702593841,0.013027987904832294,-2.816334830313405e-05,0.013033475604066216
7000,500,11000,0.0003608203552844247,0.012841198246153446,3.148365431804301e-05,0.01284630510871866
7000,500,12000,0.0003473507606470416,0.012682122957589349,7.915955247317363e-05,0.012687125817027458
7000,500,13000,0.0003358254306444486,0.012545078628744731,0.00011967360235942692,0.012550143357442456
7000,500,14000,0.00032577351309182045,0.012425873733121966,0.00015514308369057872,0.012431111607162879
7000,500,15000,0.0003170001062828831,0.012321334970875664,0.00018589563543713883,0.012326813932204118
7000,1000,500,0.006870735375906711,0.042092089541536426,-0.016014382514932368,0.04555668396528689
7000,1000,1000,0.001249296568575392,0.024074899033047225,-0.002281327951120238,0.024214994581627205
7000,1000,2000,0.0006910714673517837,0.01839893676931279,-0.0008540023937448904,0.01843170567534866
7000,1000,3000,0.0005553463722454133,0.016353373724109055,-0.00046491343041299427,0.016369403967503672
7000,1000,4000,0.0004913566772014322,0.015241154953252888,-0.00028454516957832077,0.015251727824965465
7000,1000,5000,0.0004524304990101702,0.014521570983216034,-0.0001819427368010551,0.014529756375675785
7000,1000,6000,0.0004254958240828277,0.01400956288819841,-0.00011639740023416945,0.014016506246903305
7000,1000,7000,0.00040541229425331005,0.013623012309644942,-7.122716710661336e-05,0.013629229502301419
7000,1000,8000,0.00038970878098615325,0.013319218980964363,-3.844729311619499e-05,0.01332497449870757
7000,1000,9000,0.000377019506090287,0.01307346228170224,-1.3686235681098502e-05,0.01307890465796394
7000,1000,10000,0.0003665119629921443,0.012870279547986474,5.696979142655323e-06,0.012875498402699083
7000,1000,11000,0.00035765380065802543,0.012699419443036779,2.1220621639672643e-05,0.012704472470200739
7000,1000,12000,0.0003500746856682224,0.012553770973398472,3.396950902545548e-05,0.012558697060827257
7000,1000,13000,0.0003435143319079903,0.012428220481485463,4.462370069391319e-05,0.01243304700012449
7000,1000,14000,0.0003377804259774575,0.012318981073875385,5.3669444406767575e-05,0.012323727955612148
7000,1000,15000,0.00033272673098100336,0.012223179340500151,6.147017379531938e-05,0.012227861581233467
7000,2000,500,0.002305972280671642,0.0328387978417723,-8.354403098498331e-05,0.03291976809543361
7000,2000,1000,0.001024380906729988,0.023093281017106226,-0.00030504359465288733,0.023118002421743764
7000,2000,2000,0.0006211798923718148,0.017809258950304233,-0.00016004519501922054,0.0178208075934321
7000,2000,3000,0.0005158903695367256,0.01587556878392066,-9.24104545158011e-05,0.015884217537495533
7000,2000,4000,0.00046464287509734303,0.014824999702859644,-5.6820745280794505e-05,0.01483238813503279
7000,2000,5000,0.0004327085993440227,0.014147131621888426,-3.540967390402994e-05,0.01415379184897064
7000,2000,6000,0.0004102031565133557,0.013666179887144957,-2.128606838691649e-05,0.013672351386434092
7000,2000,7000,0.00039318632224993877,0.013304037510336474,-1.1337837231173431e-05,0.013309851167725258
7000,2000,8000,0.00037973447222058865,0.01302011088816742,-4.0152272403615186e-06,0.013025647850745016
7000,2000,9000,0.0003687715454591123,0.012790930248622202,1.5771574366496566e-06,0.012796245213549336
7000,2000,10000,0.0003596368936968075,0.012601839227808671,5.974965434307755e-06,0.012606971338075505
7000,2000,11000,0.0003518961041669155,0.012443137384018171,9.520392601158889e-06,0.012448115900149458
7000,2000,12000,0.0003452484165764047,0.012308106996089979,1.2444197871941398e-05,0.012312954525799577
7000,2000,13000,0.0003394777572781893,0.012191924583623885,1.4889614446178534e-05,0.01219665904668477
7000,2000,14000,0.00033442335791281086,0.012091023100844957,1.696442168641621e-05,0.01209565898986439
7000,2000,15000,0.00032996268523910466,0.012002699299407883,1.87466746144338e-05,0.012007248530927715
7000,3000,500,0.002311277995531713,0.032202420267429345,0.0006125671352426032,0.0322910686653129
7000,3000,1000,0.0010228659681898733,0.022612659986421587,-2.4261120747048892e-05,0.022635795436705394
7000,3000,2000,0.0006169507107548489,0.01743040693340641,-4.763929722584326e-05,0.017441387087794462
7000,3000,3000,0.0005104086255295348,0.01554092582400974,-3.0754948481370725e-05,0.015549335622438787
7000,3000,4000,0.0004587794839439052,0.01451947192067642,-1.9208919801894098e-05,0.014526730962360348
7000,3000,5000,0.0004268005250681606,0.013863367555240815,-1.159948865991911e-05,0.013869940634625632
7000,3000,6000,0.00040438626957339796,0.013399651139531479,-6.351945098570511e-06,0.01340575321507051
7000,3000,7000,0.00038751469107781156,0.013051628659053068,-2.5696678052078425e-06,0.013057380475915112
7000,3000,8000,0.00037422504556661185,0.012779540989098271,2.6485432313982926e-07,0.01278501905931
7000,3000,9000,0.0003634253333409665,0.012560460966175399,2.4569228811444077e-06,0.012565717794547189
7000,3000,10000,0.0003544477309729843,0.012380107497284097,4.196207682216624e-06,0.012385181163247501
7000,3000,11000,0.00034685491342406616,0.012229051038939,5.606863599516565e-06,0.012233970290991429
7000,3000,12000,0.0003403453599229167,0.012100775728626327,6.77247595026742e-06,0.012105562938788249
7000,3000,13000,0.0003347027111747225,0.011990612255929485,7.750447719834241e-06,0.011995285250728885
7000,3000,14000,0.0003297666658577947,0.01189511369025301,8.582857781935793e-06,0.01189968694644541
7000,3000,15000,0.000325415375935334,0.011811671926115824,9.300093030240042e-06,0.011816157385073127
7000,4000,500,0.0023537783880522023,0.031772738115301916,0.0007611063355501546,0.031868894597987474
7000,4000,1000,0.001033560120925009,0.022254667152295342,5.2653663998869504e-05,0.022278716951192507
7000,4000,2000,0.0006174685828556348,0.017134283491928956,-1.2755258921637314e-05,0.017145410491709815
7000,4000,3000,0.0005080079070508559,0.015274388657995205,-1.1227148093762018e-05,0.015282838314854118
7000,4000,4000,0.0004552517076807372,0.014273223665560468,-7.301509911017412e-06,0.014280483928652719
7000,4000,5000,0.00042278706669013344,0.013632579485284967,-4.161313509443154e-06,0.013639134490241789
7000,4000,6000,0.00040016141979198894,0.013181230903428747,-1.8182000106614638e-06,0.013187303765260215
7000,4000,7000,0.0003832084126131896,0.012843400433965655,-5.532858404766472e-08,0.012849116055112427
7000,4000,8000,0.0003699028852443831,0.012579890606403084,1.2997845054707469e-06,0.01258532786632992
7000,4000,9000,0.000359121324663092,0.012368148415128092,2.365239477275516e-06,0.012373361262762075
7000,4000,10000,0.00035017952301369393,0.01219415562848851,3.2205660475126408e-06,0.012199183069459272
7000,4000,11000,0.0003426312884375893,0.012048674412346276,3.920020703040983e-06,0.012053545812793288
7000,4000,12000,0.0003361701551007068,0.011925332730053584,4.50139768781721e-06,0.011930070886555908
7000,4000,13000,0.00033057695218796646,0.011819571623954181,4.991635258577709e-06,0.011824194662281374
7000,4000,14000,0.0003256898119087248,0.011728030412316615,5.4102783649812025e-06,0.01173255302467952
7000,4000,15000,0.0003213860149135772,0.01164816945891219,5.771808584076332e-06,0.01165260374456675
7000,5000,500,0.0023910123563499197,0.03142819893088272,0.0007707573505802978,0.03152844263551293
7000,5000,1000,0.0010442226063963889,0.02196720334798155,7.910937835209353e-05,0.021992150465041483
7000,5000,2000,0.0006185540903448916,0.0168924338790128,1.3022702095577543e-06,0.01690375500341298
7000,5000,3000,0.0005063721353622541,0.015054909811812598,-3.1402941993441402e-06,0.015063423649447367
7000,5000,4000,0.00045255223820925283,0.01406925432817981,-2.3637609631865786e-06,0.014076531052311162
7000,5000,5000,0.0004196111836975436,0.013440459673493048,-1.1200795555499354e-06,0.013447008255922769
7000,5000,6000,0.0003967596891056302,0.012998583472019421,-2.6403271458086408e-08,0.013004637270245287
7000,5000,7000,0.0003797002909656788,0.01266854294435543,8.59247614060088e-07,0.012674231865570538
7000,5000,8000,0.00036634950181557713,0.012411573162369977,1.5685719023661449e-06,0.01241697881059483
7000,5000,9000,0.00035555538019926836,0.01220541175244884,2.140772459080509e-06,0.01221058967692026
7000,5000,10000,0.00034661892172849207,0.012036245464378117,2.6080884044654695e-06,0.012041235665735811
7000,5000,11000,0.00033908585321798523,0.01189498611840209,2.9948845806648805e-06,0.011899818609632865
7000,5000,12000,0.0003326451381992501,0.011775373878823442,3.3192203559018196e-06,0.011780071892449078
7000,5000,13000,0.0003270749586420374,0.011672935732461224,3.594494119130154e-06,0.011677517696973477
7000,5000,14000,0.0003222118915233718,0.011584378019246548,3.830736403864776e-06,0.011588858842456536
7000,5000,15000,0.00031793230156995644,0.011507214173593214,4.035542027103212e-06,0.01151160611169986
7000,6000,500,0.00242078392014608,0.031140667565109033,0.000745070154366978,0.031243503336271367
7000,6000,1000,0.001053477931407143,0.021729171854847927,8.850990087572175e-05,0.021754874379136972
7000,6000,2000,0.0006195781267613887,0.01669034519459272,7.746981060208213e-06,0.016701843005654825
7000,6000,3000,0.0005050603420248823,0.01487063092131161,7.12580981554467e-07,0.014879205303198384
7000,6000,4000,0.0004503297805849571,0.013897360590102813,-4.079053206318406e-09,0.013904654914187591
7000,6000,5000,0.0004169788643246797,0.013278008389477607,3.081938418914021e-07,0.013284554123466645
7000,6000,6000,0.0003939292362391822,0.012843647853911632,7.768942117403199e-07,0.012849687585385782
7000,6000,7000,0.00037677176608863494,0.012519756332418518,1.2189927273142942e-06,0.012525424426852705
7000,6000,8000,0.0003633737495593037,0.012267921471371443,1.5995434369253658e-06,0.012273301930130476
7000,6000,9000,0.00035255949880363957,0.012066119096081263,1.9195023092111185e-06,0.012071268861453741
7000,6000,10000,0.00034361777800132054,0.011900704268964809,2.1878051267298915e-06,0.01190566420075785
7000,6000,11000,0.00033608770115289843,0.011762711635228105,2.413910793253038e-06,0.01176751230223968
7000,6000,12000,0.0003296545263067052,0.01164597326466931,2.605950920830935e-06,0.011650638273463262
7000,6000,13000,0.0003240943053736123,0.011546086338038263,2.7704876832679304e-06,0.01155063437737562
7000,6000,14000,0.0003192423709628689,0.011459811743120784,2.9127050263921817e-06,0.011464257907210462
7000,6000,15000,0.00031497435605237767,0.011384705941751918,3.0366776164747478e-06,0.011389062623699236
7000,7000,500,0.0024447157531535535,0.030896557190863275,0.00071108492599814,0.031001282604659827
7000,7000,1000,0.001061342895561701,0.021528235407872527,9.101712815651197e-05,0.02155457382172873
7000,7000,2000,0.0006204392527666414,0.016518720042268543,1.087727030280039e-05,0.016530371290936794
7000,7000,3000,0.0005039392206323823,0.014713630283561435,2.694755405152627e-06,0.014722257915181843
7000,7000,4000,0.0004484420024198632,0.013750538159988692,1.2168787641986256e-06,0.013757848719899251
7000,7000,5000,0.00041474818528031143,0.013138918265082669,1.0306217752553692e-06,0.01314546272657975
7000,7000,6000,0.00039153270846964405,0.012710677395005254,1.1566277043906226e-06,0.012716706296816278
7000,7000,7000,0.00037429185130016807,0.012391759509829663,1.352087938055746e-06,0.012397411018738768
7000,7000,8000,0.00036085165749805137,0.012144048908933357,1.5482107909026155e-06,0.012149409048107698
7000,7000,9000,0.00035001680104851385,0.011945722936084636,1.7258502242878393e-06,0.01195084981100816
7000,7000,10000,0.0003410660920718789,0.01178327937708011,1.8814224231888943e-06,0.011788214559348373
7000,7000,11000,0.00033353336239067,0.011647857041038125,2.0162551708224896e-06,0.011652631557617102
7000,7000,12000,0.0003271009724080953,0.011533365830113058,2.1330058576074507e-06,0.011538003595383551
7000,7000,13000,0.0003215433480611707,0.011435462222781367,2.234435410253255e-06,0.011439982140110348
7000,7000,14000,0.00031669489787847227,0.01135095303765123,2.3230168184618094e-06,0.011355370355814604
7000,7000,15000,0.00031243072863015864,0.011277430829752532,2.4008459432733886e-06,0.011281758056442555
7000,8000,500,0.0024642990253552766,0.03068678594518827,0.0006769987928708643,0.030793017531539835
7000,8000,1000,0.0010680353030606549,0.021356134325678247,9.04674778590131e-05,0.021383015622440785
7000,8000,2000,0.000621141791732116,0.01637107540728984,1.2394977306984245e-05,0.01638285935824601
7000,8000,3000,0.0005029530937634141,0.014578263256940727,3.7501101589620944e-06,0.01458693715166143
7000,8000,4000,0.00044680988223111395,0.013623719532295214,1.8734063573777604e-06,0.013631044584886108
7000,8000,5000,0.00041283075186368534,0.013018569613412596,1.406751041432841e-06,0.01302511366506652
7000,8000,6000,0.0003894787071216932,0.012595418585576557,1.3336327123747438e-06,0.01260143899670846
7000,8000,7000,0.00037216931307884615,0.012280607133165464,1.38314848974197e-06,0.01228624529585226
7000,8000,8000,0.000358693789894754,0.012036274315498665,1.4688989797839724e-06,0.012041617947373441
7000,8000,9000,0.0003478404811223801,0.011840771610989967,1.5607298320396978e-06,0.011845879780742797
7000,8000,10000,0.0003388800814658477,0.011680720549349821,1.6479859438200961e-06,0.011685635411798331
7000,8000,11000,0.0003313422236470298,0.011547350367639203,1.7273076540202936e-06,0.011552103322156547
7000,8000,12000,0.00032490703709991964,0.011434638518724394,1.7981506407194203e-06,0.011439253728718424
7000,8000,13000,0.00031934774600539395,0.011338292871455762,1.8610289139742164e-06,0.011342789413773487
7000,8000,14000,0.0003144981114992229,0.011255159957064106,1.9168001326175244e-06,0.011259553205849628
7000,8000,15000,0.0003102328978148994,0.01118286344227738,1.9663736886554872e-06,0.011187165998863876
7000,9000,500,0.0024806158995904215,0.030504693348453103,0.0006453053950525867,0.030612190228360724
7000,9000,1000,0.0010737705571470524,0.021206986399037467,8.853025442523421e-05,0.021234337591370837
7000,9000,2000,0.0006217106594417487,0.016242686544280273,1.3068030804364028e-05,0.016254585848099485
7000,9000,3000,0.0005020722433539959,0.01446036074313363,4.308845025335906e-06,0.01446907488145846
7000,9000,4000,0.000445381533300232,0.013513123567933914,2.2270830951631737e-06,0.013520461465214675
7000,9000,5000,0.00041116474630026323,0.012913485373267386,1.5991966874073782e-06,0.012920029546855569
7000,9000,6000,0.0003877011089963578,0.012494645179896647,1.4062702106132363e-06,0.012500658874596466
7000,9000,7000,0.00037033660185484263,0.012183285775749774,1.3658335106248032e-06,0.012188913132751474
7000,9000,8000,0.00035683273223099943,0.011941768152240014,1.382556742424157e-06,0.011947098313486353
7000,9000,9000,0.0003459641271195413,0.011748596536249023,1.4202094206217097e-06,0.011753689368271179
7000,9000,10000,0.0003369948157109781,0.011590501481874816,1.4640500706208925e-06,0.011595399615821829
7000,9000,11000,0.00032945108779158794,0.011458792094366628,1.5079314317212322e-06,0.011463527230090372
7000,9000,12000,0.00032301137261006585,0.01134750554665035,1.5493676507327692e-06,0.011352102046697609
7000,9000,13000,0.0003174480343854924,0.011252395130113235,1.5874910247459795e-06,0.011256872209404307
7000,9000,14000,0.0003125944135422276,0.011170342434638852,1.6221554117734627e-06,0.011174715567112187
7000,9000,15000,0.0003083250855385189,0.011098998537578623,1.6535270876971708e-06,0.0111032803994899
7000,10000,500,0.0024944271954251696,0.030345219289713884,0.0006166251267029077,0.030453813017764817
7000,10000,1000,0.0010787273050782697,0.02107644434583017,8.599080112015045e-05,0.02110420700427939
7000,10000,2000,0.0006221713519271865,0.016130008260450135,1.3277070593731288e-05,0.0161420085476979
7000,10000,3000,0.0005012777844530802,0.014356765256557609,4.58645834888749e-06,0.014365514577789618
7000,10000,4000,0.0004441197263564123,0.013415864883278394,2.4088991509296775e-06,0.013423214171744278
7000,10000,5000,0.00040970435643225556,0.012820994266396194,1.688784724396264e-06,0.0128275389101198
7000,10000,6000,0.00038615002123856823,0.012405863259209449,1.4226017218677e-06,0.012411871618289527
7000,10000,7000,0.0003687420800008445,0.012097452752688817,1.3253329472773245e-06,0.012103071328452501
7000,10000,8000,0.0003552164008249481,0.011858319116655615,1.2976043681778293e-06,0.011863638255089883
7000,10000,9000,0.0003443359590678541,0.011667102057132938,1.2999387600798329e-06,0.011672182287563178
7000,10000,10000,0.0003353592571053443,0.011510629333939478,1.3152416633577246e-06,0.011515513676103855
7000,10000,11000,0.0003278099129678802,0.011380281510770928,1.3356908558082026e-06,0.011385001905467767
7000,10000,12000,0.00032136507292881977,0.011270149303276066,1.3576015287508625e-06,0.01127473027044614
7000,10000,13000,0.000315796511845573,0.01117602676429433,1.3792364120801537e-06,0.011180487626906533
7000,10000,14000,0.00031093733099030185,0.011094826943046119,1.399808896573873e-06,0.011099183252807857
7000,10000,15000,0.0003066620421886823,0.011024225491599133,1.4190061337071569e-06,0.011028489983280662
7000,11000,500,0.0025062775407251325,0.03020445156217107,0.0005909187517020298,0.030314015013748915
7000,11000,1000,0.0010830473723054401,0.02096120939236156,8.323558333089842e-05,0.020989335839025892
7000,11000,2000,0.0006225454938393882,0.016030321209550315,1.3223952674223938e-05,0.016042410537265985
7000,11000,3000,0.0005005562763731874,0.014265037901220457,4.698771422395609e-06,0.014273818164300876
7000,11000,4000,0.00044299637805486625,0.013329701469317286,2.489266213379082e-06,0.013337060892435613
7000,11000,5000,0.0004084144719475047,0.012739009220971573,1.718615998291817e-06,0.01274555456881088
7000,11000,6000,0.00038478682013226573,0.012327114260490483,1.4077669827639028e-06,0.012333118375737062
7000,11000,7000,0.00036734544793701196,0.012021259359545693,1.274199098344475e-06,0.012026870785502283
7000,11000,8000,0.00035380385828615024,0.01178417428008544,1.2173430880002556e-06,0.011789484387176972
7000,11000,9000,0.0003429150159307004,0.011594619902881622,1.1961640850044475e-06,0.011599689773061084
7000,11000,10000,0.00033393279309507085,0.011439511439688323,1.1922650600126872e-06,0.011444384409419332
7000,11000,11000,0.00032637866157514406,0.01131029401755772,1.1968300654974229e-06,0.01131500221947551
7000,11000,12000,0.00031992881090653347,0.011201106873022192,1.205433392881261e-06,0.011205674949684321
7000,11000,13000,0.00031435463889262216,0.011107781067696271,1.215785847219486e-06,0.011112228424803021
7000,11000,14000,0.00030948915123732434,0.011027258241807279,1.2266866110666186e-06,0.01103160049000145
7000,11000,15000,0.0003052068963120824,0.01095723638529928,1.2375086683169556e-06,0.010961486303613694
7000,12000,500,0.00251656253402871,0.030079313317069634,0.0005679248876248044,0.03018974520084764
7000,12000,1000,0.0010868423969500052,0.02085872683460138,8.046021813734594e-05,0.02088717753558461
7000,12000,2000,0.0006228504334961915,0.015941501817649077,1.3021273133073663e-05,0.015953670186454567
7000,12000,3000,0.0004998974613582841,0.014183263671896663,4.711474255070236e-06,0.014192071309587113
7000,12000,4000,0.0004419896337370388,0.013252864378387226,2.5081508349122927e-06,0.013260232854632556
7000,12000,5000,0.00040726757580417106,0.012665875945420377,1.712944198484223e-06,0.012672422155107435
7000,12000,6000,0.00038358105872166037,0.012256838897149291,1.3756035315282134e-06,0.012262839641435704
7000,12000,7000,0.0003661147641191853,0.011953227578791152,1.2189360897307822e-06,0.011958833181238237
7000,12000,8000,0.0003525624884592182,0.011717926615424857,1.1428723941664387e-06,0.011723229323821492
7000,12000,9000,0.0003416685009426934,0.011529805978818303,1.1058561296684033e-06,0.011534867337626754
7000,12000,10000,0.0003326827534084753,0.011375860105333539,1.0888442634193751e-06,0.011380723708803251
7000,12000,11000,0.0003251249834724246,0.011247592895596861,1.0824583693835876e-06,0.011252291027682987
7000,12000,12000,0.000318670678379096,0.011139187918965582,1.0818243820764906e-06,0.01114374531589947
7000,12000,13000,0.0003130910243983598,0.011046510142852253,1.0843053654951973e-06,0.011050946271764001
7000,12000,14000,0.00030821904411965084,0.010966527449658692,1.0884324762594488e-06,0.010970857964077416
7000,12000,15000,0.00030392940165119287,0.010896958354397438,1.0933715052230397e-06,0.010901196065300423
7000,13000,500,0.0025255781826808987,0.029967362187456933,0.0005473330325840298,0.03007857900698793
7000,13000,1000,0.0010902002458259286,0.020766983121002707,7.775866036552337e-05,0.020795724823464846
7000,13000,2000,0.0006230998398555065,0.01586186641350357,1.273436956328311e-05,0.01587410538249097
7000,13000,3000,0.000499293167935233,0.01410991754162698,4.663423306516812e-06,0.01411874953551399
7000,13000,4000,0.00044108211762608485,0.013183939227878754,2.489224202428808e-06,0.013191315825008772
7000,13000,5000,0.0004062417411085928,0.012600266545921977,1.6859980523920015e-06,0.01260681372207462
7000,13000,6000,0.0003825083932052775,0.012193780742263752,1.3340227319469378e-06,0.012199778819343057
7000,13000,7000,0.00036502439078511806,0.01189216205706117,1.1629839491433813e-06,0.0118977629220709
7000,13000,8000,0.00035146600624844093,0.011658434148573833,1.0743262405243925e-06,0.011663730805550923
7000,13000,9000,0.00034056987677999473,0.0114715657140173,1.026618033916904e-06,0.01147662009591377
7000,13000,10000,0.00033158259916565846,0.011318623353226588,1.0005897158604782e-06,0.0113234792636122
7000,13000,11000,0.00032402250068228056,0.011191164783357818,9.86580099171519e-07,0.011195854624036387
7000,13000,12000,0.00031756456434089975,0.011083414338359038,9.794586023348373e-07,0.011087962915143922
7000,13000,13000,0.0003119798931389972,0.01099126826584933,9.763755322023115e-07,0.010995695089392883
7000,13000,14000,0.00030710161378766365,0.010911718719721334,9.756911972802484e-07,0.010916039472788713
7000,13000,15000,0.0003028045679693836,0.010842503233749565,9.764356539987418e-07,0.010846730748648621
7000,14000,500,0.0025335492595745246,0.029866633117525573,0.0005288406606877016,0.029978564309719076
7000,14000,1000,0.0010931908529430712,0.020684369803209906,7.517781159083192e-05,0.02071337423261251
7000,14000,2000,0.0006233044416878997,0.015790062397808967,1.2402179183301776e-05,0.015802364784037137
7000,14000,3000,0.0004987367071866422,0.014043769906502825,4.578365501606285e-06,0.014052623685679496
7000,14000,4000,0.0004402597916517148,0.01312178176772816,2.446983089376964e-06,0.013129165679195101
7000,14000,5000,0.00040531926183304257,0.012541103125073257,1.6463990858417432e-06,0.012547651334347995
7000,14000,6000,0.0003815491287749717,0.012136916494918795,1.2876732783384526e-06,0.012142912476024989
7000,14000,7000,0.00036405352732246654,0.011837086036589686,1.1081621393849161e-06,0.011842683059020273
7000,14000,8000,0.00035049301637926633,0.011604760771353886,1.0114243006453805e-06,0.011610052495052026
7000,14000,9000,0.0003395974693377879,0.011418999122312755,9.565582320680832e-07,0.011424047807653982
7000,14000,10000,0.00033061058121075515,0.011266933708501625,9.243391847491012e-07,0.011271783328408225
7000,14000,11000,0.00032304952407555265,0.01114017175238865,9.050078649819326e-07,0.01114485479881917
7000,14000,12000,0.00031658893051556003,0.011032975258147145,8.933054513882155e-07,0.011037516586434046
7000,14000,13000,0.00031099991893057677,0.010941269488060745,8.862606257764583e-07,0.010945688637331218
7000,14000,14000,0.00030611578707925857,0.0108620691786516,8.821289403382337e-07,0.010866381849312295
7000,14000,15000,0.00030181160182574107,0.01079312960234593,8.798535443554911e-07,0.010797348638910152
7000,15000,500,0.002540649932083028,0.02977552986358848,0.0005121765323048422,0.02988811478723753
7000,15000,1000,0.0010958704497466831,0.020609586180691086,7.273951948738588e-05,0.020638829075789553
7000,15000,2000,0.000623472679353948,0.01572499044639218,1.2048408191911442e-05,0.01573735009095134
7000,15000,3000,0.0004982225030703558,0.013983818376910307,4.471185925281063e-06,0.013992691737206379
7000,15000,4000,0.000439511168254747,0.013065456518375785,2.390541223529219e-06,0.013072847043214278
7000,15000,5000,0.0004044856796799612,0.012487501885800745,1.5995016231507009e-06,0.012494051167309535
7000,15000,6000,0.0003806871687021818,0.012085404652836041,1.2393358013174094e-06,0.012091399004216127
7000,15000,7000,0.0003631851372756234,0.011787193936783198,1.055405593808345e-06,0.011792787857888287
7000,15000,8000,0.0003496259483501962,0.01155613221468661,9.53725723729093e-07,0.011561419937735599
7000,15000,9000,0.0003387334269473463,0.011371359746661014,8.941772150494742e-07,0.011376403808852199
7000,15000,10000,0.00032974873219357437,0.011220069765568337,8.577567508494255e-07,0.011224914276124813
7000,15000,11000,0.0003221880824494372,0.011093915202065072,8.347300936017987e-07,0.011098592720154085
7000,15000,12000,0.00031572587890024706,0.010987193008094216,8.19797188911231e-07,0.010991728421853825
7000,15000,13000,0.0003101333305643994,0.010895855473560437,8.099276099793329e-07,0.01090026833795511
7000,15000,14000,0.00030524395685416206,0.010816938443759604,8.03317837361206e-07,0.01082124446700101
7000,15000,15000,0.0003009330858165238,0.01074821382012787,7.988581461892963e-07,0.010752425851104537
8000,500,500,0.06350486808873228,0.10552609862284727,-0.05263013704925268,0.13393489869092856
8000,500,1000,0.004333850745348866,0.026544531305198217,-0.014728532472182532,0.030664704030525788
8000,500,2000,0.0012705079156261623,0.01787642663508627,-0.004336182399058197,0.018438635996222513
8000,500,3000,0.0007935306045354917,0.015464959833342992,-0.0023015893578699487,0.01565541398492888
8000,500,4000,0.0006016515013121948,0.014221026762934939,-0.001431949627919371,0.014305595634507548
8000,500,5000,0.000498273615627487,0.013435798191464498,-0.000955623829732577,0.013478952724219485
8000,500,6000,0.0004335223364753671,0.012884652056465273,-0.0006582717029015583,0.012908738198105917
8000,500,7000,0.0003890315140998857,0.01247178850118114,-0.00045661066730884325,0.01248620627887659
8000,500,8000,0.00035649009020985445,0.012148694663397224,-0.00031171231386339926,0.012157920536649682
8000,500,9000,0.00033163530243685013,0.011887831659194678,-0.0002033407458948977,0.011894194844129414
8000,500,10000,0.00031210589000049693,0.01167223407256755,-0.00012038181551821125,0.01167702659553738
8000,500,11000,0.0002964776509111755,0.011490787054860292,-5.6190131373368146e-05,0.011494748516974976
8000,500,12000,0.000283670120875712,0.011335853554659749,-5.228928874001504e-06,0.011339403506881077
8000,500,13000,0.0002729867068393399,0.011201986597325643,3.597603849736508e-05,0.011205370129724421
8000,500,14000,0.0002638276856257449,0.01108517971561396,7.073712803851162e-05,0.011088544454365728
8000,500,15000,0.00025582691766690147,0.010982409440413373,0.00010091012989310588,0.010985852146419903
8000,1000,500,0.0073090027724302675,0.041788279659118785,-0.017449658061702067,0.04587125902857298
8000,1000,1000,0.0011330994523713889,0.022549367112651347,-0.0023781077315049304,0.022702714990342678
8000,1000,2000,0.0005863321175492431,0.01690797784340776,-0.0009073413774060013,0.0169424546179233
8000,1000,3000,0.0004589438508022792,0.01490169484769324,-0.0005065980050638075,0.01491736505991226
8000,1000,4000,0.0004008718259808641,0.013820119161464018,-0.00032032527946246336,0.0138296420829533
8000,1000,5000,0.00036635775241497526,0.013123762976084323,-0.00021410402849331156,0.013130621203515592
8000,1000,6000,0.0003428312270035705,0.012629373908095997,-0.0001461392232576797,0.012634871397575801
8000,1000,7000,0.0003254476234666459,0.012256254580363729,-9.923107886367077e-05,0.012260976278474705
8000,1000,8000,0.0003119243420620643,0.011962742356474838,-6.511860466495989e-05,0.011966985498246478
8000,1000,9000,0.00030102704196691144,0.01172486908838687,-3.934432249519393e-05,0.011728798761830552
8000,1000,10000,0.00029201393267797027,0.011527722217045547,-1.9205311380221524e-05,0.01153143618523854
8000,1000,11000,0.0002844130650118126,0.011361458047972308,-3.0672785041874207e-06,0.011365017781577887
8000,1000,12000,0.0002779045036079286,0.011219271907114064,1.0145283690032869e-05,0.011222717851111895
8000,1000,13000,0.00027226243652431203,0.011096283302614321,2.1159158472672246e-05,0.0110996431328312
8000,1000,14000,0.00026732151342934163,0.010988885029769628,3.0487654755217974e-05,0.010992178332165543
8000,1000,15000,0.0002629582127607333,0.010894343687788213,3.848761464797512e-05,0.010897584718908612
8000,2000,500,0.002169490982708605,0.03146321164132492,-0.0001740248101187447,0.03153839980952418
8000,2000,1000,0.0008995200529514913,0.0216537099342995,-0.00033267462587194263,0.021674938584714417
8000,2000,2000,0.0005141136873291208,0.016390563524242317,-0.0001744607109067653,0.01639955249588756
8000,2000,3000,0.00041874376451281337,0.01448751352169331,-0.00010351814690134908,0.014493933571957019
8000,2000,4000,0.00037404235008775544,0.013461421267095378,-6.631760029607303e-05,0.013466780173225371
8000,2000,5000,0.00034680930090585926,0.012802106984390264,-4.392219528159824e-05,0.012806878975386906
8000,2000,6000,0.00032785415595854017,0.012335110019958812,-2.920300226083583e-05,0.012339500815163012
8000,2000,7000,0.00031360525946161344,0.011983454895432915,-1.8766801115122078e-05,0.01198757238486847
8000,2000,8000,0.0003023664151458605,0.011707396469738122,-1.108284230555423e-05,0.011711305664956337
8000,2000,9000,0.0002932066176717929,0.01148408750932409,-5.225386751073202e-06,0.011487831098476632
8000,2000,10000,0.00028556296392887037,0.011299329949611088,-6.206887727122634e-07,0.011302937843843983
8000,2000,11000,0.00027907008293645563,0.011143764298400164,3.0944193037951706e-06,0.011147258516106958
8000,2000,12000,0.00027347805145472304,0.011010929626979098,6.143806463909662e-06,0.011014326999016843
8000,2000,13000,0.0002686076302103879,0.01089619825315545,8.697356775222431e-06,0.01089951201086957
8000,2000,14000,0.0002643265936248529,0.010796154162515812,1.0866031047718216e-05,0.0107993949515487
8000,2000,15000,0.00026053479535009805,0.010708211856134145,1.2720684689271344e-05,0.010711388395126887
8000,3000,500,0.0021657180581971247,0.030912440411873184,0.0005687574936900086,0.0309934314333189
8000,3000,1000,0.0008962182774492344,0.0212410112742628,-3.869457451122216e-05,0.021259945071055338
8000,3000,2000,0.0005105241919178272,0.01606667013911982,-5.4696128222286866e-05,0.016074872191599546
8000,3000,3000,0.00041447268207969734,0.014201274933791651,-3.606995675053959e-05,0.01420736775025935
8000,3000,4000,0.00036955604265881403,0.013199880773034797,-2.3717474115669823e-05,0.01320507427504964
8000,3000,5000,0.0003423186580633064,0.012559097789912498,-1.563003264759555e-05,0.012563771872258897
8000,3000,6000,0.000323447345770278,0.012106865920832911,-1.0064552444788433e-05,0.012111189945902387
8000,3000,7000,0.00030932214238668654,0.011767385061426102,-6.051793029038244e-06,0.0117714513971661
8000,3000,8000,0.00029821827554582514,0.01150159629580214,-3.047686508828029e-06,0.011505462214959992
8000,3000,9000,0.00028919317650083487,0.01128709686464862,-7.252600924267938e-07,0.011290801072169218
8000,3000,10000,0.0002816791626193138,0.011109996342293505,1.1177471290757524e-06,0.011113566624886342
8000,3000,11000,0.00027530891258720214,0.010961158081067558,2.610881326137182e-06,0.010964615282453091
8000,3000,12000,0.0002698313623022419,0.010834288019163687,3.843874195719188e-06,0.010837648297561816
8000,3000,13000,0.000265067545715425,0.010724886638182114,4.8779810560839465e-06,0.010728162843672165
8000,3000,14000,0.00026088551579922514,0.01062963837000944,5.756355937136526e-06,0.010632840931057158
8000,3000,15000,0.0002571852605179892,0.010546037754824966,6.511987131530006e-06,0.010549175275366206
8000,4000,500,0.002203865599231164,0.030546414413098567,0.000737019534956973,0.030634680590323423
8000,4000,1000,0.0009061647124533057,0.0209326005277003,4.372051161938284e-05,0.02095225073402642
8000,4000,2000,0.000511838344712634,0.01581103899236748,-1.7034439912744226e-05,0.015819330664772962
8000,4000,3000,0.0004132050216451577,0.013970641291999535,-1.4404111464694225e-05,0.013976757992398033
8000,4000,4000,0.0003672406811571771,0.012986497413220806,-9.981975235162643e-06,0.012991692746571444
8000,4000,5000,0.0003395235474162317,0.01235899939332058,-6.551049531844377e-06,0.012363663905153624
8000,4000,6000,0.00032042409642815683,0.01191750987599922,-4.014456004952649e-06,0.011921817368252536
8000,4000,7000,0.0003061947042183599,0.011586968013716753,-2.113128998004754e-06,0.011591013217708826
8000,4000,8000,0.00029505182901531923,0.011328766652880523,-6.542280093224662e-07,0.011332608256056385
8000,4000,9000,0.00028602344513231626,0.011120805263893026,4.915651989900738e-07,0.011124482881025641
8000,4000,10000,0.0002785260608694218,0.01094940736049488,1.4105866454894311e-06,0.010952949388287959
8000,4000,11000,0.0002721834440126414,0.010805593722178073,2.161457908433917e-06,0.010809021426006567
8000,4000,12000,0.0002667394094018338,0.010683189495810761,2.784998089588875e-06,0.010686519333821644
8000,4000,13000,0.0002620119323883119,0.010577787471155713,3.3101728806883557e-06,0.01058103251081373
8000,4000,14000,0.00025786721489010067,0.010486144866118473,3.7580981196994045e-06,0.010489315696318776
8000,4000,15000,0.00025420416009827584,0.010405814489732736,4.1443974526655936e-06,0.010408919834727007
8000,5000,500,0.00223857741641012,0.030248793196530174,0.0007576786176789474,0.03034097552128803
8000,5000,1000,0.0009165267588732706,0.020682053385603708,7.308798942295969e-05,0.02070248041658029
8000,5000,2000,0.0005136827967673896,0.01559960312277085,-1.5777460032895263e-06,0.015608058498510931
8000,5000,3000,0.00041253823439707515,0.013778260268908018,-5.269800410045988e-06,0.013784435846395928
8000,5000,4000,0.0003655457917872418,0.012807466785924888,-4.157808899951654e-06,0.012812683032286306
8000,5000,5000,0.00033734327561682487,0.012190312439149855,-2.718510702881538e-06,0.01219497950961772
8000,5000,6000,0.0003179983190136626,0.01175720345063133,-1.4945923022535723e-06,0.011761503226383902
8000,5000,7000,0.00030364217907802304,0.011433636599715297,-5.154272989527087e-07,0.011437667801301529
8000,5000,8000,0.00029243587228638956,0.01118135224202495,2.6432913391438717e-07,0.011185175759437407
8000,5000,9000,0.00028337953041857045,0.010978485157891522,8.913608379179649e-07,0.010982141918352215
8000,5000,10000,0.00027587470673401393,0.010811526584018474,1.4024083933028564e-06,0.010815045811160629
8000,5000,11000,0.0002695367205202692,0.010671621162397144,1.8247411454064277e-06,0.01067502466540999
8000,5000,12000,0.00026410442964319714,0.010552687974588576,2.178384455264748e-06,0.010555992581663854
8000,5000,13000,0.00025939281464734676,0.010450392564919734,2.4781263251449914e-06,0.010453611602423843
8000,5000,14000,0.00025526623180219254,0.010361549487929217,2.735002325282565e-06,0.010364693730166002
8000,5000,15000,0.00025162243029178133,0.010283757407480039,2.9573582158715084e-06,0.010286835714119971
8000,6000,500,0.0022667383399387897,0.029996411644446438,0.0007389437634747198,0.03009100949005215
8000,6000,1000,0.0009257137865269494,0.02047212867828082,8.433189644729833e-05,0.020493221086579153
8000,6000,2000,0.0005153981985429879,0.015420827184924546,5.692885349128929e-06,0.015429438705906086
8000,6000,3000,0.0004120493376064682,0.013614812180877865,-8.145679153415131e-07,0.013621046069987545
8000,6000,4000,0.00036415556343447064,0.01265481447441241,-1.294078627367412e-06,0.012660052935545634
8000,6000,5000,0.00033552562837091404,0.012046026513774587,-8.42882741602935e-07,0.012050698441513892
8000,6000,6000,0.0003159614784405407,0.011619682400722331,-2.811922547030221e-07,0.011623977410016922
8000,6000,7000,0.0003014887189792814,0.011301729342988462,2.280691657752243e-07,0.011305749937171516
8000,6000,8000,0.0002902203024622574,0.011054191833490006,6.595206136772447e-07,0.011058000965388178
8000,6000,9000,0.00028113237342730635,0.010855398383282427,1.019351988928996e-06,0.010859038194528927
8000,6000,10000,0.0002736136769144748,0.010691978765187495,1.319653369580287e-06,0.010695479236616748
8000,6000,11000,0.00026727233497772507,0.010555180018653793,1.5719193631191786e-06,0.010558563453337921
8000,6000,12000,0.0002618429991663729,0.010438998830690051,1.7856645072589217e-06,0.010442282390931517
8000,6000,13000,0.0002571381161994013,0.010339160755711748,1.968427924770033e-06,0.010342358000860395
8000,6000,14000,0.00025302048058023496,0.01025252753653917,2.1261053804177976e-06,0.010255649407590486
8000,6000,15000,0.0002493868629785956,0.010176735478814904,2.263303370941827e-06,0.010179790957369334
8000,7000,500,0.0022895842641539876,0.029779162245106225,0.0007096945769484719,0.02987548102567675
8000,7000,1000,0.0009336411330412575,0.020293027638017366,8.810740759246372e-05,0.020314684821525434
8000,7000,2000,0.0005168814443053948,0.015267397108294521,9.361929220297327e-06,0.015276147044839084
8000,7000,3000,0.00041163082656200944,0.0134740884244825,1.5513878005579684e-06,0.013480374668938304
8000,7000,4000,0.0003629631528908883,0.012523059192026495,2.445705732379011e-07,0.012528318076947542
8000,7000,5000,0.00033396745746977485,0.01192120995305623,1.5989290413909174e-07,0.011925887012422242
8000,7000,6000,0.0003142155590465101,0.011500456717458543,3.546180650237929e-07,0.011504748421996816
8000,7000,7000,0.00029964199315887785,0.011187123150692466,6.001630288299253e-07,0.011191135334407283
8000,7000,8000,0.0002883185554872214,0.010943473620120638,8.345496994577317e-07,0.010947271037120974
8000,7000,9000,0.00027920101478631776,0.010748001151788956,1.0423820216987068e-06,0.01075162699557954
8000,7000,10000,0.0002716673351784993,0.010587453499288347,1.2223477907635782e-06,0.01059093840198923
8000,7000,11000,0.00026531964055753754,0.010453164974470356,1.3772487166274772e-06,0.010456531661692296
8000,7000,12000,0.0002598891135452974,0.010339198364419658,1.5107484329091037e-06,0.01034246428335715
8000,7000,13000,0.0002551861337011241,0.010241330254316885,1.6263222274437439e-06,0.01024450916275366
8000,7000,14000,0.00025107223531051215,0.010156462422865366,1.7269660211871596e-06,0.010159565403934938
8000,7000,15000,0.0002474434080005916,0.010082263024679846,1.815168125363087e-06,0.010085299164319553
8000,8000,500,0.0023084142592067203,0.029590312646253714,0.0006790245786671978,0.029687984998540834
8000,8000,1000,0.0009404708696587327,0.020138190474305182,8.849341784678e-05,0.020160333135171026
8000,8000,2000,0.0005181422546854664,0.015134177589578465,1.1256021144268047e-05,0.015143048880823226
8000,8000,3000,0.0004112493459935418,0.013351621559592283,2.869283632023212e-06,0.013357953904993764
8000,8000,4000,0.00036191779859681694,0.012408191212022756,1.116268487977301e-06,0.012413468286225056
8000,8000,5000,0.00033261063416531456,0.011812208320334958,7.248665442327606e-07,0.011816890274618859
8000,8000,6000,0.0003126997549523225,0.01139616307216443,7.035238357433471e-07,0.01140045237694791
8000,8000,7000,0.00029804091086338413,0.011086700277168826,7.91262068533527e-07,0.011090705660435645
8000,8000,8000,0.000286670524285465,0.01084629088227226,9.065171375777226e-07,0.010850078650135667
8000,8000,9000,0.0002775270038738453,0.010653570447385678,1.02183253680721e-06,0.010657184692001467
8000,8000,10000,0.0002699792274643009,0.010495389289090858,1.1282062314377228e-06,0.010498861194704626
8000,8000,11000,0.0002636243283013484,0.01036315769834792,1.2233617409096453e-06,0.010366510346491439
8000,8000,12000,0.00025819064546037107,0.010250996013271192,1.3075006435325776e-06,0.01025424709001412
8000,8000,13000,0.00025348689260215607,0.01015472520769917,1.3816704795832635e-06,0.010157888636799253
8000,8000,14000,0.00024937360785723395,0.010071281825700029,1.4471221362333253e-06,0.010074368809167844
8000,8000,15000,0.0002457461769070912,0.009998361615087024,1.505061931306173e-06,0.010001381326332952
8000,9000,500,0.0023241978543666886,0.029424783254231163,0.0006498849155184283,0.029523585751533365
8000,9000,1000,0.0009463857624538718,0.02000290004002172,8.72672302707489e-05,0.02002546557740807
8000,9000,2000,0.0005192125499657863,0.015017381710288422,1.2205528369113594e-05,0.015026359641625443
8000,9000,3000,0.0004108930700727764,0.013244069446349633,3.61723543740311e-06,0.013250442320887176
8000,9000,4000,0.0003609893218889382,0.012307179297772614,1.6236168345340474e-06,0.01231247246470717
8000,9000,5000,0.0003314163587516128,0.011716234967838166,1.0514981567677495e-06,0.01172092145396813
8000,9000,6000,0.00031137119853885675,0.01130421732842581,8.97911079489333e-07,0.011308504863057988
8000,9000,7000,0.0002966409110871093,0.010998048975253916,8.87030185969806e-07,0.01100204880370183
8000,9000,8000,0.00028523127155952177,0.010760381218373222,9.268716882893102e-07,0.010764160984586109
8000,9000,9000,0.000276065780905721,0.010569974860823906,9.83119870068272e-07,0.010573579424223432
8000,9000,10000,0.0002685056057711577,0.010413770707923821,1.0422302869628197e-06,0.010417231719789413
8000,9000,11000,0.0002621437070322863,0.010283246240326137,1.0988528380551088e-06,0.01028658708074723
8000,9000,12000,0.0002567060902853857,0.0101725727390348,1.1510579779328012e-06,0.010175811293094918
8000,9000,13000,0.00025200013304541025,0.010077610467038423,1.198380357614326e-06,0.010080760796117165
8000,9000,14000,0.00024788559668442733,0.009995326712499638,1.2409732496054815e-06,0.009998400116952062
8000,9000,15000,0.000244257412224419,0.009923441587178557,1.2792308555775733e-06,0.009926447312810512
8000,10000,500,0.0023376289986777044,0.029278617161564557,0.0006231750627252453,0.029378398176002112
8000,10000,1000,0.0009515447421940548,0.01988362928363265,8.528724770073826e-05,0.019906567378630384
8000,10000,2000,0.0005201247372788598,0.014914131661776183,1.2625083560924288e-05,0.014923203823571504
8000,10000,3000,0.00041055724129973603,0.01314886780339407,4.036741465651694e-06,0.013155276433994023
8000,10000,4000,0.0003601571436054607,0.01221768027071363,1.9197371943224795e-06,0.012222987689221731
8000,10000,5000,0.00033035635458661394,0.011631121745008069,1.2404306076740923e-06,0.01163581238706105
8000,10000,6000,0.000310197718588312,0.011222597046178319,1.0041069137267655e-06,0.01122688327603607
8000,10000,7000,0.0002954079301432655,0.010919271512122526,9.298141897540191e-07,0.010923266776253179
8000,10000,8000,0.0002839659727602306,0.010683955522354424,9.203646810229671e-07,0.010687728623257816
8000,10000,9000,0.00027478242750528237,0.010495521083623477,9.375917507936649e-07,0.010499117538075708
8000,10000,10000,0.00026721185937486625,0.010340989724429457,9.652487948930144e-07,0.010344441579430541
8000,10000,11000,0.0002608437158379273,0.010211899049555075,9.960931010022378e-07,0.010215229935473674
8000,10000,12000,0.00025540208014518395,0.010102466009128317,1.0268525729717481e-06,0.010105693976296815
8000,10000,13000,0.0002506932605192136,0.010008586116463512,1.056093308582362e-06,0.010011725339663938
8000,10000,14000,0.00024657642036818306,0.009927254242787651,1.083257465062104e-06,0.009930316102998622
8000,10000,15000,0.0002429461589492088,0.009856212343203281,1.1082082486124634e-06,0.009859206145455445
8000,11000,500,0.0023492067450718024,0.029148674627967892,0.0005990207916991563,0.029249321886278285
8000,11000,1000,0.0009560773621538343,0.019777668353728687,8.298015404506476e-05,0.019800937733816283
8000,11000,2000,0.0005209067072937112,0.014822192722283222,1.2736995091633396e-05,0.01483134866171156
8000,11000,3000,0.00041023958701755237,0.013064011400853514,4.258829979675305e-06,0.013070451734275281
8000,11000,4000,0.00035940604854403646,0.012137851236780519,2.0878999617002236e-06,0.012143171320263527
8000,11000,5000,0.00032940898942659946,0.011555154525999228,1.3462421902810107e-06,0.011559848970224636
8000,11000,6000,0.00030915431782074787,0.01114969554848083,1.0578093544433287e-06,0.011153980829058345
8000,11000,7000,0.00029431522056699855,0.010848853446117104,9.420695621376041e-07,0.010852844946458943
8000,11000,8000,0.000282847053252655,0.010615579981010207,8.997130099830386e-07,0.01061934751282968
8000,11000,9000,0.0002736490956828652,0.010428846690543718,8.905360543431939e-07,0.010432436336517333
8000,11000,10000,0.0002660702088343181,0.010275747727795994,8.967142589577648e-07,0.010279191871223638
8000,11000,11000,0.00025969685752313953,0.010147874991741032,9.098405032714751e-07,0.010151197472890585
8000,11000,12000,0.00025425153321387284,0.010039486778923516,9.257896591563508e-07,0.010042705784966927
8000,11000,13000,0.0002495396896387281,0.009946510567316665,9.424988347550567e-07,0.009949640365900222
8000,11000,14000,0.00024542003676134017,0.009865966259817708,9.589410833177325e-07,0.009869018297372507
8000,11000,15000,0.00024178694210494345,0.009795615636256638,9.746252341846784e-07,0.009798599265637021
8000,12000,500,0.002359297987516662,0.02903244375671401,0.0005772765262344048,0.02913386904735455
8000,12000,1000,0.0009600876342402143,0.019682894618583375,8.05702612264314e-05,0.019706460879586506
8000,12000,2000,0.0005215813049995743,0.014739799653824269,1.2666728547605643e-05,0.014749030521990766
8000,12000,3000,0.0004099387356176487,0.012987907698412515,4.358623229339109e-06,0.012994376289266035
8000,12000,4000,0.000358724228817886,0.012066221796998561,2.1759923389819136e-06,0.012071553183482516
8000,12000,5000,0.0003285572173294393,0.011486959738332433,1.4002331799600753e-06,0.011491657662660446
8000,12000,6000,0.00030822113824657826,0.011084220071071339,1.0793252319674096e-06,0.011088504679123588
8000,12000,7000,0.00029334139905834444,0.0107855714625266,9.363597720524197e-07,0.01078955985323031
8000,12000,8000,0.00028185234539496173,0.010554092117260657,8.717706913019541e-07,0.010557854986890677
8000,12000,9000,0.0002726432836615278,0.010368843219105858,8.444441216282073e-07,0.010372427140048232
8000,12000,10000,0.00026505810122295914,0.010216984695166633,8.356875458304103e-07,0.01022042233749011
8000,12000,11000,0.0002586807092783139,0.010090157824792936,8.363942805011959e-07,0.01009347320490515
8000,12000,12000,0.0002532322735764314,0.00998265862736255,8.419010636417923e-07,0.009985870045400852
8000,12000,13000,0.0002485175660039418,0.009890443809755808,8.497357689707385e-07,0.009893565608849035
8000,12000,14000,0.00024439495941319667,0.009810556198118558,8.585597046639748e-07,0.009813599877198672
8000,12000,15000,0.00024075867049419553,0.009740775742039999,8.67642520274714e-07,0.009743750691953103
8000,13000,500,0.0023681777423368577,0.028927893982441027,0.0005577057561474419,0.029030025004968346
8000,13000,1000,0.0009636586400076086,0.019597616658811254,7.816975716667951e-05,0.019621450690280606
8000,13000,2000,0.0005221669486296654,0.014665538048932003,1.248806457943008e-05,0.01467483630364136
8000,13000,3000,0.00040965364480757827,0.012919275121388614,4.381104696471461e-06,0.012925769027988752
8000,13000,4000,0.00035810223636018046,0.012001604134494949,2.212800495060563e-06,0.012006945652800236
8000,13000,5000,0.00032778733512373037,0.011425423715921116,1.4211676632180925e-06,0.011430124830688322
8000,13000,6000,0.0003073821523858211,0.011025118741838225,1.080721324320244e-06,0.011029402895315612
8000,13000,7000,0.0002924691384248168,0.010728426784877588,9.200113874063831e-07,0.01073241260490067
8000,13000,8000,0.00028096381522677016,0.010498539706912611,8.403586053695733e-07,0.010502298669781302
8000,13000,9000,0.00027174661440412806,0.010314599848434072,8.004528422311807e-07,0.010318178952532323
8000,13000,10000,0.00026415704825252795,0.010163827023425585,7.811924291889483e-07,0.01016725918419115
8000,13000,11000,0.0002577768229081179,0.010037907677382033,7.730756372836822e-07,0.010041217059087991
8000,13000,12000,0.00025232599311497683,0.00993117245730939,7.711093982232242e-07,0.009934377452977705
8000,13000,13000,0.00024760878766405536,0.009839604975124434,7.725587207740858e-07,0.009842719988655014
8000,13000,14000,0.00024348333570670122,0.009760269201186788,7.758785193212603e-07,0.009763305772963875
8000,13000,15000,0.00023984376820329611,0.009690961868813715,7.801767263337922e-07,0.009693929419209895
8000,14000,500,0.0023760560367445116,0.02883336915493924,0.0005400601821662354,0.02893614494218456
8000,14000,1000,0.0009668575106029087,0.019520471008666617,7.584185840836533e-05,0.019544547931162032
8000,14000,2000,0.0005226784450695077,0.014598260597784728,1.2245786485953758e-05,0.01460761976493984
8000,14000,3000,0.00040938339512505695,0.012857070393061096,4.3541622865017615e-06,0.012863587089729735
8000,14000,4000,0.00035753235365579283,0.011943028180639475,2.216255567288883e-06,0.011948378819708056
8000,14000,5000,0.0003270881629731659,0.011369634083426297,1.420702225529702e-06,0.011374338129129137
8000,14000,6000,0.0003066242632530636,0.010971527134886609,1.0694215061279877e-06,0.010975811006665111
8000,14000,7000,0.00029168424362957523,0.010676596128350849,8.974358658431214e-07,0.010680579824676618
8000,14000,8000,0.0002801666451024143,0.010448135528696572,8.076526223366187e-07,0.010451891217733865
8000,14000,9000,0.00027094394138468814,0.010265361457794699,7.590226708265035e-07,0.010268936510401911
8000,14000,10000,0.0002633517638842009,0.010115548492686121,7.323367423595073e-07,0.01011897603494259
8000,14000,11000,0.00025696989842294293,0.009990424579163028,7.179015557579049e-07,0.009993728899466049
8000,14000,12000,0.00025151746254081786,0.00988435230624038,7.105349432157126e-07,0.009887551873578333
8000,14000,13000,0.0002467982534942459,0.009793340182949284,7.073387922051921e-07,0.009796449449531452
8000,14000,14000,0.00024267023155843948,0.009714471795188853,7.066338428840524e-07,0.009717502333425793
8000,14000,15000,0.00023902749410664725,0.009645559476857982,7.074196706202684e-07,0.00964852072936501
8000,15000,500,0.002383096498655257,0.02874750763058836,0.0005241050554444238,0.02885087572330832
8000,15000,1000,0.000969738708980622,0.019450344608758094,7.361791607340962e-05,0.019474642953356228
8000,15000,2000,0.0005231277297596815,0.014537026535596223,1.1967689772296453e-05,0.014546441019846427
8000,15000,3000,0.0004091271197599333,0.012800435496779405,4.295571707113588e-06,0.012806972802316305
8000,15000,4000,0.0003570081818793369,0.011889693939555069,2.1978538260469804e-06,0.011895052822446092
8000,15000,5000,0.0003264504724183881,0.011318836370303257,1.4062898762157161e-06,0.011323543114515581
8000,15000,6000,0.0003059366582859324,0.010922728477066051,1.0501215940150743e-06,0.01092701220486864
8000,15000,7000,0.00029097497667532335,0.010629394985119826,8.713544249472349e-07,0.010633376930495798
8000,15000,8000,0.0002794485544295733,0.010402223324581815,7.74902761846441e-07,0.010405976272773305
8000,15000,9000,0.0002702226792081208,0.010220496932868188,7.202717899890132e-07,0.010224068582023396
8000,15000,10000,0.0002626295126564593,0.010071540644684221,6.883447103422924e-07,0.010074964302282309
8000,15000,11000,0.0002562471542514322,0.009947120680213433,6.693744237784571e-07,0.009950420738785562
8000,15000,12000,0.0002507939254751679,0.009841629209822116,6.580862956795386e-07,0.009844824200043224
8000,15000,13000,0.000246073281769732,0.00975109787960535,6.51488199387984e-07,0.009754202291427105
8000,15000,14000,0.00024194307431532613,0.00967262855669129,6.478171609147765e-07,0.009675653986506341
8000,15000,15000,0.00023829740843536729,0.009604048148468934,6.460018626697206e-07,0.009607004054870331
9000,500,500,0.06342799183977124,0.10497216751206317,-0.053033283744854276,0.1336218368597325
9000,500,1000,0.004359664585661449,0.025428097249424155,-0.015206063060636876,0.02994693905609901
9000,500,2000,0.0012268671215042715,0.016691209469762047,-0.00453130084111264,0.01733881091107376
9000,500,3000,0.0007452387205265087,0.014304331542671057,-0.0024456144648105083,0.014531012068803622
9000,500,4000,0.0005529849529209985,0.01308420406523473,-0.0015518841250751203,0.013187514273604492
9000,500,5000,0.0004502046817351224,0.012318540249574645,-0.001061245762021934,0.012372362777709693
9000,500,6000,0.0003863057036483375,0.011783058551737231,-0.0007544364742315679,0.01181350393930565
9000,500,7000,0.0003426936990178764,0.011382691557278956,-0.0005460754943774626,0.011400934369824948
9000,500,8000,0.00031097096888882403,0.011069584865692893,-0.00039612023675084096,0.011081034395950243
9000,500,9000,0.0002868456711564715,0.010816726749786032,-0.00028371411172722905,0.010824248321051725
9000,500,10000,0.0002678690343644874,0.010607559393170077,-0.00019674109429834719,0.010612764821543339
9000,500,11000,0.0002526491479662718,0.010431286442213819,-0.0001285351746701524,0.010435137264195878
9000,500,12000,0.0002402047960280984,0.01028051612209039,-7.413886624607624e-05,0.010283589191137673
9000,500,13000,0.00022990959205865247,0.01014999138703811,-3.048202195343741e-05,0.01015264067773162
9000,500,14000,0.00022117093083701134,0.010035853644572667,5.799570423570266e-06,0.010038292115242856
9000,500,15000,0.00021366544725984205,0.009935197350685926,3.631483684107817e-05,0.009937560972784226
9000,1000,500,0.007783477926634891,0.04178335125208457,-0.018775603003199803,0.04646454819131738
9000,1000,1000,0.0010520563191512844,0.021340610045723823,-0.002456099335582329,0.021507228635241748
9000,1000,2000,0.000512751659602545,0.015726993512195794,-0.0009506572929421919,0.015764040994798827
9000,1000,3000,0.0003909942104608488,0.01375196601379534,-0.0005405178065219785,0.013768137318328988
9000,1000,4000,0.00033699795936512067,0.01269538145921945,-0.0003494233873382324,0.012704659567392121
9000,1000,5000,0.0003055744814496886,0.012018476748189177,-0.0002401929666907554,0.01202475994653219
9000,1000,6000,0.0002844735465447612,0.011539241146207099,-0.00017021500992886462,0.011544002104062862
9000,1000,7000,0.00026903548600723526,0.011177992647369971,-0.00012182025546580988,0.0111818933947713
9000,1000,8000,0.0002571040314469364,0.010893831611191852,-8.659031814362006e-05,0.010897209162863
9000,1000,9000,0.0002475262210382412,0.010663355436937638,-5.991107523672934e-05,0.010666396192787185
9000,1000,10000,0.0002396258120207495,0.010472073685328785,-3.910276016372283e-05,0.010474887914750907
9000,1000,11000,0.00023297070240244078,0.010310460654068775,-2.243131276669086e-05,0.010313116765123463
9000,1000,12000,0.00022727389816651344,0.010171954499792447,-8.799106493873055e-06,0.01017449699960203
9000,1000,13000,0.00022233310650732196,0.010051862269011624,2.560423712938409e-06,0.010054321142732527
9000,1000,14000,0.00021800367084537364,0.00994672325376838,1.215127544118566e-05,0.00994911939525572
9000,1000,15000,0.00021417472166412876,0.009853919670412901,2.037987802527841e-05,0.009856268006795399
9000,2000,500,0.002072711421380269,0.030362310654330843,-0.00024892531219522507,0.030433994228780813
9000,2000,1000,0.0008110243755129753,0.02050895734405275,-0.00035528609619261964,0.020528061771341182
9000,2000,2000,0.0004381208797302749,0.015264009927526297,-0.00018618030331229996,0.015271431238695949
9000,2000,3000,0.00034970573954326567,0.013386014772334306,-0.00011251633438524866,0.013391054682694909
9000,2000,4000,0.0003096401916417302,0.012380379595465462,-7.400293661652402e-05,0.012384472229801533
9000,2000,5000,0.0002857770736924281,0.01173700632543489,-5.081557826769334e-05,0.011740594884508258
9000,2000,6000,0.0002693937245298872,0.01128236215983424,-3.5513099909456614e-05,0.011285633791007964
9000,2000,7000,0.0002571768772009486,0.010940296042967906,-2.474974252464346e-05,0.010943346380504506
9000,2000,8000,0.00024757688730678296,0.010671697436577166,-1.6750969148215944e-05,0.010674582009987256
9000,2000,9000,0.00023976513533885413,0.010454194842139252,-1.065542831002464e-05,0.01045694939529151
9000,2000,10000,0.0002332464438668247,0.010273947033906364,-5.8680898625818045e-06,0.010276596031447793
9000,2000,11000,0.00022770359507937044,0.010121864474463114,-2.013377824017226e-06,0.010124425584708536
9000,2000,12000,0.00022292141659616127,0.009991692691916115,1.156614871322681e-06,0.009994179213193302
9000,2000,13000,0.00021874760040449526,0.009878963674342765,3.802270212793779e-06,0.009881385947777032
9000,2000,14000,0.0002150699593440053,0.009780386226359438,6.0450946894885504e-06,0.009782752494433427
9000,2000,15000,0.0002118037858879207,0.009693473406218463,7.969427764709103e-06,0.009695790376888308
9000,3000,500,0.002061200948517472,0.02987876147361778,0.0005315436814783414,0.029954490067982044
9000,3000,1000,0.0008058441281226791,0.020149293777303394,-5.079807020713645e-05,0.020165465651128513
9000,3000,2000,0.00043466934023039805,0.014983208434570967,-6.0483043317516305e-05,0.01498963410586342
9000,3000,3000,0.000346091655955616,0.013137848920267547,-4.0394159137036034e-05,0.013142468770143212
9000,3000,4000,0.00030598546133733806,0.012153457210475917,-2.7368081532586075e-05,0.012157339276392086
9000,3000,5000,0.0002821774777708175,0.011526031855237127,-1.888099591018655e-05,0.011529500897649848
9000,3000,6000,0.0002658938415173451,0.011084140938058892,-1.3047985083503022e-05,0.011087337377369947
9000,3000,7000,0.00025379388318261253,0.010752639239818396,-8.842812339815431e-06,0.010755637598587697
9000,3000,8000,0.0002443166637553229,0.010492994873754569,-5.693926665606419e-06,0.01049584034147
9000,3000,9000,0.00023662385342754222,0.01028320822102635,-3.2600135371207983e-06,0.010285930818000045
9000,3000,10000,0.00023021793147376401,0.010109694694708593,-1.3290486379213817e-06,0.010112315703268041
9000,3000,11000,0.0002247808331591883,0.009963550703070567,2.3582920161135945e-07,0.009966085946409912
9000,3000,12000,0.00022009728987149035,0.009838661317223435,1.5270982213211326e-06,0.009841122987955519
9000,3000,13000,0.000216014969868894,0.009730666062658133,2.6095593690378394e-06,0.009733063818755853
9000,3000,14000,0.00021242221035339126,0.009636358363381675,3.52880819065593e-06,0.009638700024145092
9000,3000,15000,0.00020923475634748723,0.009553318999021178,4.318436902406297e-06,0.009555611007634211
9000,4000,500,0.0020954643363166603,0.0295646334601605,0.00071575113358191,0.029647442083654378
9000,4000,1000,0.0008148082707573612,0.01988078899237869,3.603206413460569e-05,0.019897511949669138
9000,4000,2000,0.00043633768566730957,0.014760248789976348,-2.0582693906590066e-05,0.014766711162788422
9000,4000,3000,0.00034550770352731464,0.012936236762966912,-1.6999592081790027e-05,0.01294086110530765
9000,4000,4000,0.0003044528131744273,0.011966615057313182,-1.2154644042694507e-05,0.011970493522855948
9000,4000,5000,0.0002801912003802809,0.011350649496071761,-8.477887000091222e-06,0.011354110399587131
9000,4000,6000,0.00026367911848906855,0.010918102204097096,-5.778033236647495e-06,0.010921287277711593
9000,4000,7000,0.00025146478773105385,0.010594437075722444,-3.759760390575906e-06,0.010597421649944346
9000,4000,8000,0.0002419350365880646,0.010341491807477513,-2.212862366679502e-06,0.010344321643433813
9000,4000,9000,0.00023422478880397168,0.010137514056456597,-9.98961851905733e-07,0.010140219597941168
9000,4000,10000,0.0002278218557064393,0.009969094983939449,-2.5640136680493697e-08,0.009971697829226557
9000,4000,11000,0.00022239973170801175,0.009827461100937051,7.692383907631495e-07,0.009829977310392042
9000,4000,12000,0.00021773812353906297,0.009706596674740038,1.428944741088678e-06,0.009709038620708012
9000,4000,13000,0.00021368163773066717,0.009602218592076396,1.9842612705156526e-06,0.009604596070091322
9000,4000,14000,0.0002101166924646236,0.00951118171066041,2.457508670450359e-06,0.009513502646081633
9000,4000,15000,0.00020695782996271728,0.009431116329970445,2.865269122742653e-06,0.009433387248628418
9000,5000,500,0.00212780742503782,0.029306311435668045,0.0007454335269219126,0.029392909443358494
9000,5000,1000,0.0008246092756194756,0.019660703602832064,6.778512375293921e-05,0.01967810563643903
9000,5000,2000,0.00043857185016099587,0.014573953825456534,-3.9936415260344305e-06,0.014580551818208576
9000,5000,3000,0.0003454535762755784,0.012766281418797413,-7.018010463766267e-06,0.0127709564516431
9000,5000,4000,0.0003034294024562567,0.011808184559735861,-5.614567749945287e-06,0.011812083792558803
9000,5000,5000,0.00027869231152227725,0.011201242612055894,-4.007635292402334e-06,0.011204709791858914
9000,5000,6000,0.00026192859650614464,0.010776084123277227,-2.67288265076715e-06,0.01077926726479666
9000,5000,7000,0.00024957646399312305,0.010458628347634112,-1.614374597114221e-06,0.010461605896396617
9000,5000,8000,0.0002399713615279797,0.010210995788168574,-7.748920409778037e-07,0.010213815244109697
9000,5000,9000,0.0002322218545569299,0.010011626325459896,-1.0133189509708984e-07,0.010014319182083405
9000,5000,10000,0.00022580129421984063,0.009847249121543831,4.468855503425573e-07,0.009849837647693682
9000,5000,11000,0.0002203748106236747,0.009709193480165792,8.994807266793359e-07,0.009711694182866186
9000,5000,12000,0.00021571708288231628,0.009591522329531206,1.2781422320529146e-06,0.009593947888715601
9000,5000,13000,0.0002116696002133489,0.009490014027021116,1.5988218796669784e-06,0.009492374455790471
9000,5000,14000,0.0002081168004882672,0.009401572293108142,1.8734023987665438e-06,0.009403875674147372
9000,5000,15000,0.00020497194632884685,0.009323866826615951,2.110858019044315e-06,0.009326119801663113
9000,6000,500,0.002154379139630541,0.029084031208434717,0.0007324558195291875,0.029172910590786822
9000,6000,1000,0.0008334763728601036,0.019474470026901683,8.053501583471512e-05,0.01949246396896974
9000,6000,2000,0.0004406710383682566,0.014414861762903462,3.948581546064922e-06,0.01442159652046087
9000,6000,3000,0.00034550258399845823,0.012620439154516497,-2.075066344864318e-06,0.012625167753115323
9000,6000,4000,0.0003026106211945767,0.01167175493504129,-2.343853715003341e-06,0.01167567736559086
9000,6000,5000,0.00027744613976318777,0.011072198219550942,-1.7717643394643545e-06,0.011075673925890263
9000,6000,6000,0.0002604537846637167,0.010653084923353583,-1.1301407556452148e-06,0.010656268382287826
9000,6000,7000,0.00024797375020546575,0.010340702160512081,-5.635404458637083e-07,0.010343674998316024
9000,6000,8000,0.00023829592012669654,0.010097402015949542,-8.878635149311975e-08,0.010100213484136557
9000,6000,9000,0.0002305055949398671,0.009901783116087904,3.049148167288962e-07,0.009904465750373168
9000,6000,10000,0.00022406340330063945,0.00974068912652883,6.323904405691749e-07,0.009743265852284506
9000,6000,11000,0.00021862714539272465,0.009605534826359691,9.068844427639888e-07,0.009608022582797715
9000,6000,12000,0.00021396710219440118,0.00949044858662675,1.139091362345468e-06,0.009492860348375312
9000,6000,13000,0.00020992203775566098,0.009391259878330107,1.3373796947657723e-06,0.00939360586531353
9000,6000,14000,0.00020637465794862142,0.009304913002961053,1.5082474253969025e-06,0.009307201446564235
9000,6000,15000,0.0002032371025179891,0.009229110328107117,1.6567500129571755e-06,0.00923134797919751
9000,7000,500,0.002176102314018824,0.0288902334614385,0.0007071768700298575,0.028980702370077303
9000,7000,1000,0.0008412333168994757,0.019314119024762332,8.536663994562765e-05,0.019332618929140552
9000,7000,2000,0.00044251854248372746,0.014277088472736406,8.057709783293454e-06,0.014283947033137291
9000,7000,3000,0.0003455558451425089,0.012493739220615668,6.021061572658581e-07,0.012498517068732362
9000,7000,4000,0.00030190678479136146,0.011552946389452264,-5.48662946298073e-07,0.011556890511088706
9000,7000,5000,0.00027637014873349575,0.01095957939610594,-5.433568651680432e-07,0.01096306349949217
9000,7000,6000,0.0002591784830905386,0.010545522344644166,-2.888534749168059e-07,0.010548706797087633
9000,7000,7000,0.00024658625137191637,0.01023737064673576,-2.1696699992190815e-10,0.010240339962033128
9000,7000,8000,0.00023684366595391748,0.009997672485801837,2.6687579135487027e-07,0.010000477494934143
9000,7000,9000,0.00022901588032497866,0.00980516177703199,5.004179746137538e-07,0.00980783594875181
9000,7000,10000,0.00022255257084077829,0.009646780109082573,7.011131427647754e-07,0.00964934695258382
9000,7000,11000,0.00021710526673229813,0.009514015462841148,8.730525081768192e-07,0.009516492299489558
9000,7000,12000,0.00021244050962326844,0.009401052256179461,1.0207707683562717e-06,0.009403452320053464
9000,7000,13000,0.0002083947606694725,0.00930376369439031,1.1483566209058438e-06,0.009306097386985193
9000,7000,14000,0.00020484927047795254,0.009219128746877083,1.2592524011312278e-06,0.009221404429956826
9000,7000,15000,0.00020171524018827713,0.009144877634233883,1.3562800131872166e-06,0.009147102154383692
9000,8000,500,0.0021941117255719345,0.028719951923145203,0.000679380999428103,0.028811652560629838
9000,8000,1000,0.000847989089978296,0.019174351550459053,8.652924000085438e-05,0.019193288675646205
9000,8000,2000,0.0004441195975281864,0.014156497405133304,1.0260521899230213e-05,0.01416346589916339
9000,8000,3000,0.0003455896653073165,0.012382587085778437,2.133273703130989e-06,0.012387408918111601
9000,8000,4000,0.0003012821775343899,0.011448533060760827,4.968427439466794e-07,0.011452496690271789
9000,8000,5000,0.00027542341166217343,0.010860445888847535,1.735447445749827e-07,0.010863937729497291
9000,8000,6000,0.00025805981718948767,0.010450690302105105,1.978870621810458e-07,0.010453875965349926
9000,8000,7000,0.000245370846304771,0.010146125606399638,3.1882392437232454e-07,0.010149092165051188
9000,8000,8000,0.00023557215228214856,0.009909469386996042,4.5945368909450224e-07,0.009912269063228674
9000,8000,9000,0.00022771143803446137,0.009719573133427513,5.948413681622355e-07,0.009722240212466152
9000,8000,10000,0.000221228958423636,0.009563463834496114,7.174918653651829e-07,0.009566022333266576
9000,8000,11000,0.00021577089040245023,0.00943269341961168,8.260970292273129e-07,0.009435160990039696
9000,8000,12000,0.00021110061161494498,0.009321495287780259,9.215153422559297e-07,0.009323885387408207
9000,8000,13000,0.0002070526528607508,0.009225780844032284,1.005258866260128e-06,0.009228104030282446
9000,8000,14000,0.00020350705701488447,0.009142559301101727,1.078917867824991e-06,0.00914482404754079
9000,8000,15000,0.00020037425440097567,0.009069585135718913,1.1439532495716165e-06,0.009071798371023756
9000,9000,500,0.0022092829681222836,0.0285693454149645,0.000652403549690761,0.02866206655257847
9000,9000,1000,0.0008538934411407295,0.019051338277033838,8.590329154067877e-05,0.01907065818293368
9000,9000,2000,0.00044550534493223437,0.014050013037223127,1.1437617948639733e-05,0.014057079077020494
9000,9000,3000,0.0003456008217850859,0.012284267487560088,3.0352143622902616e-06,0.012289128400601507
9000,9000,4000,0.00030071878059545476,0.011356051099728773,1.1283748043711128e-06,0.011360032114298074
9000,9000,5000,0.00027458071605312995,0.010772532004697622,6.08099792409611e-07,0.010776030843109543
9000,9000,6000,0.0002570689944660087,0.01036648764467539,4.89834312777937e-07,0.010369674575176452
9000,9000,7000,0.00024429707881953866,0.01006500637122925,5.049235792808915e-07,0.01006797072753755
9000,9000,8000,0.0002344503423019617,0.009830954086265808,5.648015622972125e-07,0.009833749311848087
9000,9000,9000,0.00022656128477521742,0.00964328584566415,6.370235372532562e-07,0.009645946937587026
9000,9000,10000,0.00022006201272734005,0.009489104157570113,7.091746248022446e-07,0.009491655572427218
9000,9000,11000,0.00021459411492125158,0.00936001762891605,7.766369056749767e-07,0.009362477303093607
9000,9000,12000,0.00020991828480415586,0.00925030311511663,8.379813323244889e-07,0.009252684697429403
9000,9000,13000,0.0002058674350421119,0.009155905915194133,8.93098889620525e-07,0.009158220095975165
9000,9000,14000,0.0002023206098198671,0.009073862059256987,9.424047516803924e-07,0.009076117407113464
9000,9000,15000,0.00019918761180331979,0.009001947506774506,9.864906853618294e-07,0.009004151020089763
9000,10000,500,0.0022222494605635412,0.028435328760842253,0.0006273636201143962,0.028528930921329677
9000,10000,1000,0.0008590838254907418,0.018942188562221685,8.43959412348827e-05,0.018961847357809807
9000,10000,2000,0.00044670903738441847,0.013955274232325917,1.20312990539162e-05,0.013962427174945535
9000,10000,3000,0.0003455918061789076,0.012196674622324913,3.570403009911516e-06,0.01220157032054236
9000,10000,4000,0.0003002056802888231,0.011273575145695151,1.5169095466394111e-06,0.011277571649833474
9000,10000,5000,0.0002738244264541556,0.010694055842200333,8.769156942811662e-07,0.010697560980971464
9000,10000,6000,0.0002561848275154932,0.0102912524113294,6.679983204360695e-07,0.010294440601886248
9000,10000,7000,0.00024334190105956832,0.009992454006878558,6.141859067998467e-07,0.009995416586496981
9000,10000,8000,0.00023345429808099838,0.009760657659209554,6.207317391204725e-07,0.009763449146428044
9000,10000,9000,0.0002255411747530689,0.009574910560223257,6.508347926148517e-07,0.009577566574102725
9000,10000,10000,0.00021902753850086554,0.009422382694194544,6.890874837406358e-07,0.009424928072580722
9000,10000,11000,0.0002135510184425038,0.009294733453349734,7.287988342818963e-07,0.009297186377471641
9000,10000,12000,0.00020887001854336118,0.009186278697398829,7.670784447633139e-07,0.009188652979590598
9000,10000,13000,0.00020481609078745744,0.009092994170324746,8.027669347043798e-07,0.009095300613890672
9000,10000,14000,0.00020126745381887634,0.009011939991580368,8.355099848644798e-07,0.009014187245552936
9000,10000,15000,0.00019813340202573526,0.00894091140727675,8.653254995882875e-07,0.0089431065288611
9000,11000,500,0.0022334709473917913,0.028315394009966032,0.0006045299809587235,0.02840977625590074
9000,11000,1000,0.000863675652864826,0.018844659613670198,8.247159223118139e-05,0.018864621203511327
9000,11000,2000,0.0004477601024560074,0.013870428297213508,1.228023121158106e-05,0.013877659062737175
9000,11000,3000,0.00034556635544649716,0.012118144287329036,3.882141804689709e-06,0.012123071069063603
9000,11000,4000,0.0002997353467630304,0.011199574945185344,1.7560897401791564e-06,0.011203585288414312
9000,11000,5000,0.00027314127670075017,0.010623594050461998,1.0438128201784025e-06,0.010627104864241928
9000,11000,6000,0.0002553909321235115,0.0102236509283516,7.765598843967325e-07,0.01022684034470279
9000,11000,7000,0.00024248721215724967,0.009927212138675437,6.770031031333446e-07,0.00993017327908521
9000,11000,8000,0.0002325650126730472,0.009697391514846311,6.474877696227566e-07,0.009700179848671532
9000,11000,9000,0.00022463168792058452,0.009513318842291802,6.487725002779499e-07,0.009515970534382084
9000,11000,10000,0.00021810601206900815,0.009362224877646775,6.636416760574804e-07,0.009364765097563798
9000,11000,11000,0.000212622171375354,0.009235814906522814,6.84097841818776e-07,0.00923826204668926
9000,11000,12000,0.00020793660427162464,0.009128440116149699,7.063045150967895e-07,0.009130808128768955
9000,11000,13000,0.00020387971340007915,0.009036103864262027,7.284094988291301e-07,0.009038403648534823
9000,11000,14000,0.00020032903432282145,0.008955888134423095,7.495439979798846e-07,0.008958128407212596
9000,11000,15000,0.00019719345180368997,0.00888560567924325,7.693382609863519e-07,0.008887793547124928
9000,12000,500,0.002243286866958627,0.028207491836856207,0.0005838481783279059,0.028302576038041403
9000,12000,1000,0.0008677631176771394,0.018756975327202694,8.037134128624501e-05,0.018777209478678974
9000,12000,2000,0.0004486831664186619,0.01379399709379043,1.232030784803495e-05,0.013801297917127643
9000,12000,3000,0.00034552806403148617,0.012047341527128694,4.053170281181906e-06,0.01205229621037013
9000,12000,4000,0.00029930211855067057,0.011132817472207865,1.9001911918392622e-06,0.011136840226850353
9000,12000,5000,0.0002725208487420472,0.010559995024876248,1.1457637270062548e-06,0.01056351096232615
9000,12000,6000,0.0002546742588779849,0.010162599967546699,8.410211838061343e-07,0.010165790563740326
9000,12000,7000,0.00024171847017706583,0.009868256575662801,7.107924379079478e-07,0.00987121654950203
9000,12000,8000,0.00023176711371025727,0.009640183349247202,6.565215584508621e-07,0.009642969015459977
9000,12000,9000,0.00022381702785823077,0.009457584561635188,6.377280324931789e-07,0.009460232566334539
9000,12000,10000,0.00021728147149660537,0.00930774605050043,6.36141589294148e-07,0.009310281853044956
9000,12000,11000,0.00021179161445211703,0.009182414853517467,6.429506705929455e-07,0.009184857029014441
9000,12000,12000,0.00020710219601996482,0.009075974386634975,6.537059732414363e-07,0.009078337007061473
9000,12000,13000,0.00020304264301096442,0.008984453248291379,6.660950296888402e-07,0.0089867472941714
9000,12000,14000,0.00019948992490920192,0.008904953432405152,6.789010958963004e-07,0.008907187677620321
9000,12000,15000,0.00019635259807518346,0.008835303724558326,6.914887776821033e-07,0.008837485316882955
9000,13000,500,0.0022519529744843003,0.02810993794960517,0.0005651468321431485,0.02820566068490194
9000,13000,1000,0.000871422911852604,0.018677708896822867,7.822934455159469e-05,0.018698189948658312
9000,13000,2000,0.00044949845576877645,0.013724785151644946,1.2232114825594387e-05,0.013732149356352967
9000,13000,3000,0.00034548000137862855,0.011983182042225305,4.1334275364679485e-06,0.01198816188469637
9000,13000,4000,0.00029890150081932076,0.011072297529115477,1.982125917954214e-06,0.011076331459886521
9000,13000,5000,0.0002719547362364516,0.0105023166938988,1.2051822394498757e-06,0.010505837271249308
9000,13000,6000,0.0002540242103090673,0.010107210443705068,8.767846307877747e-07,0.01011040216912835
9000,13000,7000,0.00024102380827184522,0.009814743996767987,7.259923135993773e-07,0.009817703026946371
9000,13000,8000,0.00023104800255721591,0.00958823010781465,6.54598491633962e-07,0.009591013513095901
9000,13000,9000,0.00022308419629837872,0.009406940559447277,6.216535219927266e-07,0.009409585412443284
9000,13000,10000,0.000216540732338788,0.009258211367250774,6.083239597609591e-07,0.00926074338158181
9000,13000,11000,0.0002110461178368439,0.009133827759017074,6.053090725322008e-07,0.0091362656682938
9000,13000,12000,0.0002063536128545651,0.009028202723078006,6.077685850147674e-07,0.009030560701967177
9000,13000,13000,0.000202291811120886,0.008937388073748265,6.130855274566471e-07,0.008939677171659957
9000,13000,14000,0.00019873721216856488,0.008858504242245335,6.198072863838888e-07,0.008860733280803581
9000,13000,15000,0.00019559811072850097,0.00878939480427202,6.271152483972031e-07,0.00879157096539396
9000,14000,500,0.0022596650442738564,0.028021337510425133,0.0005482206125480005,0.028117645488651682
9000,14000,1000,0.0008747175776265825,0.0186056990338541,7.611932368511987e-05,0.018626404954537164
9000,14000,2000,0.0004502225066139731,0.013661814344666321,1.2065173520592332e-05,0.013669236155030915
9000,14000,3000,0.00034542466670478555,0.011924775548697364,4.1541538500222686e-06,0.011929778176654117
9000,14000,4000,0.00029852980014616337,0.011017187231389869,2.022595660733373e-06,0.011021231266241013
9000,14000,5000,0.0002714360298330387,0.010449780861330648,1.236166818019413e-06,0.010453305654013577
9000,14000,6000,0.00025343205829872484,0.010056745798743582,8.935009677690786e-07,0.01005993860155539
9000,14000,7000,0.0002403934271991981,0.009765973779812413,7.290886051558587e-07,0.009768932050096076
9000,14000,8000,0.00023039724563780895,0.009540862792408046,6.458551632393394e-07,0.009543644279387337
9000,14000,9000,0.00022242239652059403,0.009360746055207259,6.028823862358479e-07,0.009363388211327104
9000,14000,10000,0.00021587281040619244,0.009213005487465556,5.811001559941076e-07,0.00921553425038508
9000,14000,11000,0.00021037462703069054,0.009089461403431713,5.709375654472382e-07,0.00909189564470154
9000,14000,12000,0.00020567980958463572,0.008984554054322438,5.673143725903884e-07,0.008986908036747574
9000,14000,13000,0.00020161623650860605,0.008894356716149927,5.674158829460652e-07,0.008896641547398996
9000,14000,14000,0.00019806001645156224,0.008816006900930541,5.696309068881078e-07,0.008818231442406755
9000,14000,15000,0.000194919237371749,0.00874736190852422,5.730147039084699e-07,0.008749533370194316
9000,15000,500,0.0022665761487702663,0.027940530113972694,0.0005328681703337113,0.02803737753383765
9000,15000,1000,0.0008776983779407999,0.01853999001422857,7.40806087358159e-05,0.01856090170511459
9000,15000,2000,0.0004508688579441533,0.013604276218026004,1.1850629042187144e-05,0.013611750606766952
9000,15000,3000,0.00034536405034379936,0.011871384037825249,4.135466110000152e-06,0.011876407386195623
9000,15000,4000,0.00029818391324318294,0.010966798492756868,2.0350192851958937e-06,0.010970851697482508
9000,15000,5000,0.0002709589734527229,0.010401739074712651,1.2478586270958658e-06,0.010405267709235054
9000,15000,6000,0.0002528905351399935,0.01001059070866713,8.97402220867427e-07,0.010013784537553562
9000,15000,7000,0.00023981915695900358,0.009721359145894247,7.242314828959096e-07,0.00972431680870268
9000,15000,8000,0.0002298061268299345,0.009497519727382553,6.328907325992006e-07,0.0095002995862499
9000,15000,9000,0.00022182258817021738,0.00931846177655802,5.828204651114888e-07,0.00932110162381438
9000,15000,10000,0.00021526848576874924,0.009171609354391711,5.549334064491873e-07,0.009174135325930274
9000,15000,11000,0.00020976783990292458,0.009048815128238526,5.395383072537285e-07,0.009051246216007912
9000,15000,12000,0.0002050714688714983,0.008944544580419999,5.314195199446203e-07,0.008946895122939164
9000,15000,13000,0.00020100663333660895,0.008854890909209163,5.276392416320164e-07,0.008857172063307992
9000,15000,14000,0.0001974491161902403,0.008777007521288908,5.264820485129107e-07,0.008779228181305557
9000,15000,15000,0.0001943068436771056,0.008708764512841107,5.269173893873713e-07,0.008710931911527164
10000,500,500,0.06337062971181166,0.10452683025910901,-0.05335777227461702,0.1333744608843763
10000,500,1000,0.004391407594535435,0.024528587494196653,-0.015605181335116125,0.029401662361568277
10000,500,2000,0.0011988153375832311,0.01573141314684795,-0.00469472534760873,0.016460709702194654
10000,500,3000,0.0007124965759029434,0.013363547501904285,-0.002566622406438901,0.013626430338997807
10000,500,4000,0.0005193442731194486,0.012162567806779573,-0.0016526660168328933,0.012285319657694183
10000,500,5000,0.0004166300272671619,0.011413042858223563,-0.001149862093490439,0.011478384498583185
10000,500,6000,0.00035310710697439296,0.01089076915052514,-0.0008348489349205845,0.01092842669660935
10000,500,7000,0.0003099780295265364,0.010501158821976296,-0.0006206564761415123,0.010524050429589177
10000,500,8000,0.00027877058090997053,0.01019682479868272,-0.00046646465006416893,0.010211294642775287
10000,500,9000,0.000255109050037311,0.009951140451240542,-0.0003505651853984437,0.009960580949770962
10000,500,10000,0.00023656801676041894,0.009747858616549565,-0.0002608255130812642,0.00975421662580177
10000,500,11000,0.00022164452485573527,0.009576424251383178,-0.00018956048916130008,0.009580864309493661
10000,500,12000,0.00020946426840845467,0.009429640543209052,-0.0001325040665858257,0.009432897401198296
10000,500,13000,0.00019937652739152045,0.009302401867680325,-8.629400365312012e-05,0.009304938375000857
10000,500,14000,0.00019086196197795613,0.009190970362041992,-4.8064717621087993e-05,0.009193077542452494
10000,500,15000,0.00018358385249617193,0.00909253718660857,-1.6038019286734873e-05,0.00909440447411592
10000,1000,500,0.008275959774624336,0.04198153098338245,-0.019998061152679214,0.04723201143045041
10000,1000,1000,0.000993376061892759,0.020358608832693456,-0.0025203175008057244,0.020538056137517816
10000,1000,2000,0.0004590998440307803,0.014767509355495551,-0.000986597358535124,0.014807548061016253
10000,1000,3000,0.00034127931362412656,0.012817672338218684,-0.0005687531522077238,0.012834822783661269
10000,1000,4000,0.00029017993658631003,0.011781638252472342,-0.0003736489461048098,0.011791133017765595
10000,1000,5000,0.00026098674514563047,0.011121072977676689,-0.00026189690214062367,0.011127217452863191
10000,1000,6000,0.0002416575338243243,0.010654836326954737,-0.00019018037443541136,0.010659273150298229
10000,1000,7000,0.00022765993239665105,0.010303985669141293,-0.00014053139188863195,0.010307458405775603
10000,1000,8000,0.00021691877647048163,0.010028190863935124,-0.00010434165512862581,0.010031079350702611
10000,1000,9000,0.00020833957784355261,0.009804480250503374,-7.692382364143935e-05,0.009806995239972862
10000,1000,10000,0.00020128300405064525,0.009618690388703496,-5.5478286547727684e-05,0.009620956162551358
10000,1000,11000,0.00019535296822884018,0.009461546274326868,-3.832388074798132e-05,0.009463640388521747
10000,1000,12000,0.00019028308870239208,0.009326679839148908,-2.430473405323763e-05,0.009328652378341162
10000,1000,13000,0.00018588871498959048,0.0092095497494145,-1.263898518510942e-05,0.009211434250172318
10000,1000,14000,0.00018203660384208398,0.009106815145509366,-2.773891514262772e-06,0.009108634755773845
10000,1000,15000,0.00017862929623335688,0.009015953872206784,5.6658448400748185e-06,0.009017725032015065
10000,2000,500,0.002001573954696606,0.029459919365467845,-0.0003119768872580364,0.02952948487349839
10000,2000,1000,0.0007459677190780889,0.019575717353668344,-0.0003741941868465881,0.019593498897289587
10000,2000,2000,0.0003821579185094848,0.014346469122927776,-0.00019592393659284557,0.014352895427708293
10000,2000,3000,0.00029878578903444475,0.012489132054228828,-0.0001199977299601862,0.012493281869504526
10000,2000,4000,0.00026210736642851007,0.01150066295773481,-8.038411555433278e-05,0.011503930212974309
10000,2000,5000,0.00024073060189247486,0.010870958990785225,-5.651447111953978e-05,0.01087377094146587
10000,2000,6000,0.00022626483405979725,0.01042715003257412,-4.0740769021607726e-05,0.010429684241970274
10000,2000,7000,0.00021557600905036667,0.010093695876202945,-2.966105273904951e-05,0.010096041265516104
10000,2000,8000,0.00020722126762584558,0.009831967454981352,-2.142981097608132e-05,0.009834174287980025
10000,2000,9000,0.00020044065145896628,0.009619961214442613,-1.5111219462959902e-05,0.00962206103551059
10000,2000,10000,0.0001947896365496471,0.009444116529147659,-1.0166463345950838e-05,0.009446130603353106
10000,2000,11000,0.0001899847691353984,0.00929555930028425,-6.186578735078996e-06,0.009297502631963108
10000,2000,12000,0.00018583624210438687,0.009168202044689796,-2.9144705658845638e-06,0.009170085732165883
10000,2000,13000,0.00018221080693786584,0.009057707499966452,-1.8036087234829523e-07,0.00905954005265408
10000,2000,14000,0.0001790112712155012,0.008960887863302758,2.1343122962314e-06,0.008962675989301288
10000,2000,15000,0.00017616462230674035,0.008875338720109092,4.112950708123897e-06,0.008877087826938725
10000,3000,500,0.001983460949495225,0.02902991755354554,0.000499657459677616,0.02910188805010485
10000,3000,1000,0.0007389861985591106,0.019258164036081202,-6.112039350314458e-05,0.019272434157230223
10000,3000,2000,0.00037858330945858554,0.014100040928695002,-6.533505674122253e-05,0.014105273771987349
10000,3000,3000,0.000295506135544521,0.012271453770233918,-4.399535983101721e-05,0.01227509010569044
10000,3000,4000,0.00025895543827919587,0.01130151043869771,-3.0398053409763648e-05,0.011304517687927194
10000,3000,5000,0.00023770137266293512,0.010685686152942167,-2.1571500277484112e-05,0.010688351408489994
10000,3000,6000,0.000223360830235525,0.010252994350283694,-1.5510335556911947e-05,0.010255438741367525
10000,3000,7000,0.00021279416922950767,0.009928777794343313,-1.1141464779873544e-05,0.009931064091029741
10000,3000,8000,0.00020455811552783087,0.009674907207501013,-7.86584748102559e-06,0.009677072665219577
10000,3000,9000,0.00019788956044336503,0.009469696863858333,-5.336604201988671e-06,0.009471765804265076
10000,3000,10000,0.00019234160665623778,0.009299804201069062,-3.3293136607603913e-06,0.009301793620383239
10000,3000,11000,0.0001876319830301787,0.009156512728190642,-1.7022607137207046e-06,0.009158435128353785
10000,3000,12000,0.00018357152500589335,0.009033853218571523,-3.5971304668258597e-07,0.009035718156786518
10000,3000,13000,0.0001800274537613611,0.00892757966505938,7.650985467400062e-07,0.008929394668479232
10000,3000,14000,0.00017690304372380838,0.008834576236877122,1.7203085113104422e-06,0.008836347374992342
10000,3000,15000,0.0001741256974022165,0.008752496285221893,2.5405712181791884e-06,0.008754228546012547
10000,4000,500,0.0020143027834899907,0.02875848337054783,0.0006969050704985769,0.02883736219134715
10000,4000,1000,0.0007469057997870343,0.019022160935907678,2.9344696041877505e-05,0.019036841546236426
10000,4000,2000,0.00038035411165920907,0.01390377480073275,-2.358495112775305e-05,0.013908996340845976
10000,4000,3000,0.00029533019146643635,0.012093620267515585,-1.9169889835413123e-05,0.012097240949139255
10000,4000,4000,0.0002579349380281426,0.011136428683707811,-1.3960169952365042e-05,0.011139424093996547
10000,4000,5000,0.00023626364517151388,0.010530547631806605,-1.0072501079427809e-05,0.010533202523024771
10000,4000,6000,0.00022170432964932485,0.010106014654904329,-7.232751226382561e-06,0.010108448809170308
10000,4000,7000,0.00021102159301658596,0.009788684891735197,-5.11414252979403e-06,0.009790960533924033
10000,4000,8000,0.00020272651124311758,0.009540736779131948,-3.4917892459684907e-06,0.009542890993804445
10000,4000,9000,0.00019603200077472627,0.009340689804526415,-2.2188798983746594e-06,0.009342746892276352
10000,4000,10000,0.0001904779929484679,0.009175347414766045,-1.198584619221954e-06,0.00917732441859046
10000,4000,11000,0.00018577442775954967,0.009036101586198915,-3.654786339124527e-07,0.009038011072558529
10000,4000,12000,0.00018172741602975884,0.008917066189305689,3.2578557196405455e-07,0.008918917781005259
10000,4000,13000,0.00017820123200751325,0.00881406037323208,9.074640725525995e-07,0.008815861657578347
10000,4000,14000,0.00017509728104300737,0.00872402033995075,1.4029575006180295e-06,0.008725777439173705
10000,4000,15000,0.00017234174507479993,0.008644641618700828,1.8296534325390468e-06,0.008646359565765328
10000,5000,500,0.0020444799508332334,0.028533243114078632,0.0007340991927771157,0.028615813154640752
10000,5000,1000,0.0007560375609722558,0.018827411782990265,6.307441399688862e-05,0.018842691039805928
10000,5000,2000,0.0003827571265265506,0.013738441288928207,-6.0591013516519965e-06,0.013743773454911987
10000,5000,3000,0.0002956620051986214,0.011942405340614914,-8.486974933052949e-06,0.011946067694836205
10000,5000,4000,0.0002573662560814427,0.010995211628118808,-6.8276464565419914e-06,0.010998225436571328
10000,5000,5000,0.00023524018929604873,0.010397221273598527,-5.075096413342806e-06,0.010399883360664842
10000,5000,6000,0.00022043202284063868,0.009979204606653535,-3.6445911324456404e-06,0.009981639551756679
10000,5000,7000,0.0002096072822853623,0.009667394933565821,-2.5176811865312843e-06,0.009669667334145458
10000,5000,8000,0.0002012300711808912,0.00942420398742341,-1.6267168551076239e-06,0.009426352262902256
10000,5000,9000,0.00019448883646444592,0.009228309918853626,-9.130104454690979e-07,0.009230359185833972
10000,5000,10000,0.00018890985641600855,0.009066630588130984,-3.326693638339151e-07,0.009068598417955908
10000,5000,11000,0.0001841950467737219,0.008930643731670084,1.4613757803871863e-07,0.008932543047678546
10000,5000,12000,0.00018014560741480556,0.008814529310579461,5.465159039763634e-07,0.008816369984614695
10000,5000,13000,0.00017662271037841015,0.008714158496498422,8.854142894421102e-07,0.008715948294240593
10000,5000,14000,0.0001735257502940013,0.008626509140037222,1.1754392912344258e-06,0.008628254314217815
10000,5000,15000,0.00017077958069280919,0.00854931058508973,1.4261009263494273e-06,0.008551016265875814
10000,6000,500,0.0020695502184580328,0.028336793128936475,0.0007259882277577123,0.028421540103338944
10000,6000,1000,0.0007644621670642726,0.018661240312124457,7.708269045969551e-05,0.01867705100204259
10000,6000,2000,0.0003850492635115721,0.013596054430821843,2.4403905125591763e-06,0.013601505981938433
10000,6000,3000,0.00029606207905893966,0.011811536125527176,-3.139847511657301e-06,0.011815246432382723
10000,6000,4000,0.0002569442805054889,0.010872571706091122,-3.2201343410642735e-06,0.010875607855961105
10000,6000,5000,0.00023440157920628923,0.010281100352580293,-2.5416055963178863e-06,0.010283772411907997
10000,6000,6000,0.00021936337496514247,0.009868472723773954,-1.8302802236025428e-06,0.009870910674303172
10000,6000,7000,0.00020840517606124376,0.009561227060670304,-1.2139474832029151e-06,0.009563498162114725
10000,6000,8000,0.00019994857774668917,0.009321966062145467,-7.017349039628584e-07,0.00932411020902084
10000,6000,9000,0.00019315995970609068,0.009129499085020053,-2.787635472456529e-07,0.009131542278888313
10000,6000,10000,0.00018755332343914355,0.008970839198447732,7.21973152373323e-08,0.008972799573084861
10000,6000,11000,0.00018282338457181746,0.008837535754986685,3.6591596297430584e-07,0.008839426607224525
10000,6000,12000,0.00017876694213206368,0.008723823998814948,6.141085714395089e-07,0.008725655457272434
10000,6000,13000,0.00017524238804222936,0.008625618637399692,8.258589817566886e-07,0.008627398649330325
10000,6000,14000,0.00017214731337444888,0.008539932364856064,1.008183066475432e-06,0.008541667314421185
10000,6000,15000,0.00016940537620752094,0.00846452279189415,1.1665216025358305e-06,0.008466217906288273
10000,7000,500,0.002090177142490407,0.028163444206053993,0.0007040876401573914,0.028249675563438388
10000,7000,1000,0.0007719250653114851,0.018517018103435902,8.280387103642983e-05,0.01853328584548589
10000,7000,2000,0.00038709628623120884,0.013471780243508095,6.916662063760626e-06,0.01347734225670637
10000,7000,3000,0.00029643181421243336,0.011696954140052198,-2.0435253478279236e-07,0.01170070972277842
10000,7000,4000,0.00025658683958604267,0.010764942702179384,-1.212578836118361e-06,0.010768000262713656
10000,7000,5000,0.00023367601685156392,0.01017898349395699,-1.1268484373383458e-06,0.010181665419806717
10000,7000,6000,0.00021843432498910853,0.009770908156761352,-8.196641116953174e-07,0.009773349499227387
10000,7000,7000,0.0002073575045470899,0.009467510973317992,-4.933817525643036e-07,0.009469781486814474
10000,7000,8000,0.0001988296130512046,0.009231556715248657,-1.9786459981574467e-07,0.009233697668920566
10000,7000,9000,0.00019199762038293877,0.009041966888167718,5.795570723332588e-08,0.00904400510262533
10000,7000,10000,0.0001863647751720876,0.008885836280978568,2.7658639123462336e-07,0.008887790406972927
10000,7000,11000,0.0001816195137707144,0.008754775843521622,4.6325972991034803e-07,0.008756659519057573
10000,7000,12000,0.00017755481313996846,0.008643068399711497,6.232745742851264e-07,0.008644891986730189
10000,7000,13000,0.0001740266601107654,0.008546666114221932,7.612542727297722e-07,0.008548437724281951
10000,7000,14000,0.00017093109088400782,0.008462611630481535,8.810283613769343e-07,0.008464337766323077
10000,7000,15000,0.0001681907359473156,0.00838868682146922,9.857070532026668e-07,0.008390372797675218
10000,8000,500,0.0021073599326602854,0.02800958374649387,0.0006787554657182726,0.028096947459108044
10000,8000,1000,0.0007784880833892616,0.018390395258145037,8.462817145860058e-05,0.018407059606960232
10000,8000,2000,0.0003888949015764809,0.013362233895186957,9.378173785767885e-06,0.013367895192000084
10000,8000,3000,0.00029675060328651637,0.01159572319273387,1.5041860078612856e-06,0.011599519798062015
10000,8000,4000,0.0002562659852809457,0.010669690514728963,-2.3117407210726526e-08,0.01067276758558171
10000,8000,5000,0.00023303240570632378,0.010088469606680405,-2.844871371809887e-07,0.0100911606462268
10000,8000,6000,0.00021761270299144875,0.009684300667639386,-2.1939216232613745e-07,0.009686745312945768
10000,8000,7000,0.00020643213038837316,0.00938419782117091,-6.920595974069244e-08,0.009386468077829647
10000,8000,8000,0.00019784167959754906,0.009151066255627551,9.360344144226929e-08,0.009153204627551644
10000,8000,9000,0.00019097129236658739,0.008963925237947252,2.46448349727757e-07,0.008965959277553776
10000,8000,10000,0.0001853148288425699,0.008809941059142585,3.832113535384707e-07,0.008811889876649971
10000,8000,11000,0.00018055527195609544,0.008680778670336528,5.034566423756104e-07,0.008682656205509311
10000,8000,12000,0.00017648229820912964,0.008570762636716718,6.086275973204991e-07,0.008572579457021558
10000,8000,13000,0.000172949829952862,0.008475877976974402,7.006460978065121e-07,0.008477642338241533
10000,8000,14000,0.00016985257686646937,0.008393193580934443,7.813997430217157e-07,0.008394912089801351
10000,8000,15000,0.0001671122981351525,0.008320512556183967,8.525712732465607e-07,0.008322190603722126
10000,9000,500,0.0021218942842317623,0.027872340927177722,0.0006536415860957101,0.027960634317507095
10000,9000,1000,0.0007842703701714249,0.018278224687382723,8.451309668933149e-05,0.01829523763714175
10000,9000,2000,0.0003904718989874989,0.01326488645667048,1.0746757169055599e-05,0.01327063662772244
10000,9000,3000,0.00029701878014226635,0.011505610182188493,2.534444299207017e-06,0.011509443611384724
10000,9000,4000,0.00025597042250563584,0.010584787673846992,7.113390336765946e-07,0.010587882293623412
10000,9000,5000,0.00023245364976934302,0.010007693287941306,2.3918678415668637e-07,0.010010392584809392
10000,9000,6000,0.00021687842277501312,0.009606919662204802,1.528812285656045e-07,0.00960936739175349
10000,9000,7000,0.00020560749024045588,0.009309672376103077,1.9107959403630304e-07,0.009311942559258574
10000,9000,8000,0.00019696260578555558,0.009078979915972273,2.685922796397122e-07,0.009081116156885536
10000,9000,9000,0.0001900587137848575,0.008893947898186509,3.5477198667699383e-07,0.008895978397916945
10000,9000,10000,0.00018438144659460587,0.00874180601209952,4.38263597857258e-07,0.00874375028595297
10000,9000,11000,0.00017960903594949063,0.008614267198796478,5.151230012545582e-07,0.0086161394512512
10000,9000,12000,0.00017552830208117376,0.008505693159244864,5.84374640788532e-07,0.008507504137263177
10000,9000,13000,0.00017199139392889973,0.008412098148056305,6.46228426659512e-07,0.008413856233008091
10000,9000,14000,0.000168891890870021,0.008330574401110902,7.013317097070981e-07,0.00833228628979538
10000,9000,15000,0.0001661508161167613,0.008258943896629766,7.504500115773638e-07,0.00826061504638423
10000,10000,500,0.0021343612771151654,0.02774932645176368,0.0006300460278224618,0.027838419038892545
10000,10000,1000,0.0007893889109167052,0.018178115839622755,8.341593764293886e-05,0.018195438674296228
10000,10000,2000,0.0003918583784032481,0.013177780997107676,1.1487544080091006e-05,0.013183610922661742
10000,10000,3000,0.00029724221227711567,0.011424868069860065,3.1662241224417187e-06,0.01142873454812223
10000,10000,4000,0.000255694817022728,0.010508635468250718,1.1765241200167864e-06,0.010511745841116893
10000,10000,5000,0.0002319286626354944,0.0099351740692917,5.739701218754334e-07,0.009937880811376226
10000,10000,6000,0.0002162172598886014,0.009537383863965753,3.9028046383560167e-07,0.009539834433805803
10000,10000,7000,0.00020486763349406023,0.009242638844129207,3.549089900856117e-07,0.009244909068034143
10000,10000,8000,0.0001961755354754069,0.0090140768031439,3.756494368900576e-07,0.009016211266092233
10000,10000,9000,0.00018924262273670167,0.00883088035842007,4.170681180415414e-07,0.008832907836547117
10000,10000,10000,0.0001835472739876165,0.008680335965798324,4.645710497408473e-07,0.008682276331512749
10000,10000,11000,0.00017876355801524357,0.008554199652057743,5.119886229421056e-07,0.00855606734189671
10000,10000,12000,0.00017467581073843386,0.008446866512521425,5.567837666475839e-07,0.008448672429986925
10000,10000,13000,0.00017113465174742326,0.008354377112305229,5.980470858535369e-07,0.00835612974775395
10000,10000,14000,0.00016803269513682162,0.00827384469941682,6.356072589364103e-07,0.008275550827630712
10000,10000,15000,0.00016529034249399,0.008203108228980925,6.696198197042591e-07,0.008204773364456026
10000,11000,500,0.002145186556960166,0.02763854816535865,0.0006083579967232078,0.027728347760102648
10000,11000,1000,0.0007939446763761127,0.018088195969624812,8.181754245750739e-05,0.018105796742892897
10000,11000,2000,0.0003930828351431659,0.013099368523725858,1.1852618266972037e-05,0.013105270326102538
10000,11000,3000,0.0002974276536978071,0.01135210365182839,3.552962377195712e-06,0.011355999874717386
10000,11000,4000,0.0002554362203877336,0.010439951678672805,1.4746525147657508e-06,0.010443076217777457
10000,11000,5000,0.00023144944850864158,0.009869718708187536,7.913159109085299e-07,0.009872432164980566
10000,11000,6000,0.00021561839795194992,0.009474575005055082,5.439821847419424e-07,0.009477028179543759
10000,11000,7000,0.00020420012759478356,0.009182043833038951,4.592080876664184e-07,0.009184314174440595
10000,11000,8000,0.00019546712424017842,0.008955360596152344,4.412022273081462e-07,0.008957493566753827
10000,11000,9000,0.00018850919650645337,0.00877377707884912,4.5174519802682056e-07,0.008775801966235305
10000,11000,10000,0.00018279828612996485,0.008624630950117063,4.7423889792952423e-07,0.008626567942352958
10000,11000,11000,0.00017800479063373453,0.008499717227605732,5.010866989119123e-07,0.008501580965081383
10000,11000,12000,0.00017391087198784239,0.008393461290259061,5.287266968689863e-07,0.00839526281315986
10000,11000,13000,0.00017036582402418787,0.008301927593399034,5.555027848824778e-07,0.008303675486711836
10000,11000,14000,0.00016726143338838262,0.008222248476259816,5.806908258687571e-07,0.008223949582144691
10000,11000,15000,0.0001645175758175632,0.008152278320313188,6.040306764765191e-07,0.008153938202454957
10000,12000,500,0.002154685109211185,0.02753833904177851,0.0005886009242619394,0.02762877550938226
10000,12000,1000,0.0007980220056350573,0.018006971300017424,7.998570166323216e-05,0.018024823223366147
10000,12000,2000,0.0003941696526765237,0.0130284024393215,1.1986442393308039e-05,0.013034369317723464
10000,12000,3000,0.0002975813313866593,0.011286189532779876,3.783694262127213e-06,0.011290112627204484
10000,12000,4000,0.0002551927324172809,0.010377694122940147,1.665279680040932e-06,0.0103808314413221
10000,12000,5000,0.00023100984753021692,0.009810353494638708,9.328799267516175e-07,0.009813073020705124
10000,12000,6000,0.00021507326290176598,0.009417577185935264,6.437715328599936e-07,0.009420032748133382
10000,12000,7000,0.00020359498272981558,0.009127021574530273,5.253882693345702e-07,0.009129292087285117
10000,12000,8000,0.00019482655245031677,0.008902009736000102,4.804786221113133e-07,0.00890414144969856
10000,12000,9000,0.00018784714887049025,0.008721855945300137,4.6930087838070733e-07,0.00872387860427628
10000,12000,10000,0.0001821229639107913,0.008573944351864402,4.7404261704908635e-07,0.008575878424252966
10000,12000,11000,0.00017732113593565968,0.008450105482112122,4.861955109625171e-07,0.008451965787936964
10000,12000,12000,0.0001732219123588008,0.008344792362991927,5.015214319392669e-07,0.008346590062048895
10000,12000,13000,0.00016967343113707956,0.008254091298787637,5.178607743738795e-07,0.00825583505831696
10000,12000,14000,0.00016656676645915303,0.008175152108158206,5.341108633150071e-07,0.008176848828521084
10000,12000,15000,0.00016382134822487404,0.008105843304773345,5.497235376905607e-07,0.008107498591912864
10000,13000,500,0.0021630947020677693,0.02744730286282111,0.0005706555812677871,0.027538319863891
10000,13000,1000,0.0008016905404694963,0.017933231450101304,7.80700566034298e-05,0.017951311731996603
10000,13000,2000,0.0003951392066255943,0.0129638661742495,1.1975416118747972e-05,0.012969892234982305
10000,13000,3000,0.000297708589162643,0.011226202408614936,3.9124584192418155e-06,0.01123014987569551
10000,13000,4000,0.00025496295789601,0.010321006227306542,1.7847276384541644e-06,0.010324155115032525
10000,13000,5000,0.00023060491543155925,0.009756275486677013,1.0240888377310853e-06,0.009759000514792174
10000,13000,6000,0.0002145748795638336,0.009365632759329431,7.077999506499566e-07,0.009368090513148622
10000,13000,7000,0.00020304401367365887,0.009076853730559286,5.66447697636363e-07,0.00907912445328952
10000,13000,8000,0.00019424490752406598,0.008853340596779256,5.026612938108244e-07,0.008855471249987043
10000,13000,9000,0.00018724714054688119,0.00867446435898905,4.759938361242888e-07,0.008676485096718856
10000,13000,10000,0.0001815117362676255,0.008527651557509158,4.679373144522714e-07,0.008529583097412006
10000,13000,11000,0.0001767029209766846,0.008404765222438344,4.694137299976475e-07,0.008406622543384472
10000,13000,12000,0.00017259924515478087,0.00830028376056334,4.75741909866656e-07,0.00830207812729017
10000,13000,13000,0.0001690478330180767,0.008210313575332077,4.844223849831408e-07,0.008212053726674915
10000,13000,14000,0.00016593914236717744,0.008132020589562928,4.940916473739065e-07,0.008133713476154143
10000,13000,15000,0.0001631922241099315,0.008063286350496473,5.040001312961451e-07,0.008064937614521815
10000,14000,500,0.002170598366728782,0.02736426766580296,0.0005543562143393022,0.027455818198839594
10000,14000,1000,0.0008050075979559868,0.017865982635728066,7.615190538223793e-05,0.017884271634192907
10000,14000,2000,0.00039600839914263886,0.012904921503150323,1.1872943559088078e-05,0.012911001611860014
10000,14000,3000,0.00029781388421976085,0.011171378319641935,3.97326822909605e-06,0.011175347979238068
10000,14000,4000,0.0002547457713973078,0.010269177133531128,1.8559887342561865e-06,0.010272336533261437
10000,14000,5000,0.00023023057747673104,0.00970681645619121,1.0810565884700196e-06,0.009709546487950561
10000,14000,6000,0.00021411747344990406,0.009318109469424355,7.475529362199751e-07,0.009320569238809816
10000,14000,7000,0.00020254042090744884,0.009030939256862868,5.905780933179727e-07,0.009033210217416104
10000,14000,8000,0.00019371476203455806,0.008808779707913798,5.134959391028815e-07,0.008810909465841881
10000,14000,9000,0.0001867013643860882,0.008631053521255984,4.756914748771379e-07,0.008633072599748675
10000,14000,10000,0.00018095657817310262,0.008485226054790405,4.5830860972984055e-07,0.008487155394720003
10000,14000,11000,0.00017614201159965592,0.008363190217414725,4.519316985085453e-07,0.00836504493862131
10000,14000,12000,0.0001720347016717083,0.008259447818289403,4.515961407047797e-07,0.008261239277830169
10000,14000,13000,0.00016848087822929347,0.00817012383917864,4.5457532216186536e-07,0.008171860838296425
10000,14000,14000,0.00016537046314527015,0.008092399116465556,4.5932645587054566e-07,0.008094088649207777
10000,14000,15000,0.0001626221842445097,0.008024167284210732,4.649587809213429e-07,0.00802581502378375
10000,15000,500,0.0021773391944231446,0.02728824502965163,0.0005395298711869945,0.02738028880869925
10000,15000,1000,0.0008080205919649419,0.017804400833790007,7.42763958651027e-05,0.01782288145363382
10000,15000,2000,0.0003967912469788615,0.012850870589446233,1.1712952805775778e-05,0.012857000248644185
10000,15000,3000,0.00029790089193990066,0.011121079424264978,3.9881830773413895e-06,0.01112506936642791
10000,15000,4000,0.00025454020977233593,0.010221611833463548,1.8940716384197032e-06,0.010224780818183848
10000,15000,5000,0.0002298834150100959,0.009661415713369113,1.1143177129913084e-06,0.009664150309920488
10000,15000,6000,0.00021369620300293324,0.009274475535532727,7.705279054803782e-07,0.009276937162667762
10000,15000,7000,0.00020207849644005016,0.008988771429839658,6.031042595333602e-07,0.008991042648122624
10000,15000,8000,0.00019322986907627238,0.008767842475673318,5.166885288510059e-07,0.008769971478145837
10000,15000,9000,0.0001862032397187685,0.008591158646535983,4.7085390164625096e-07,0.008593176290414105
10000,15000,10000,0.00018045070957775633,0.008446220967298523,4.4663217135809674e-07,0.008448148393967793
10000,15000,11000,0.00017563151928393084,0.00832494990999648,4.344301371972392e-07,0.008326802364848462
10000,15000,12000,0.0001715213478390154,0.008221868943324478,4.2911098541154047e-07,0.0082236578648497
10000,15000,13000,0.00016796563135904052,0.00813312028988766,4.278001755064764e-07,0.008134854533801644
10000,15000,14000,0.00016485382338143895,0.008055898655896485,4.288332539070794e-07,0.0080575852537256
10000,15000,15000,0.00016210437549207812,0.00798810893550786,4.312210148960105e-07,0.007989753586941574
11000,500,500,0.06332654166801907,0.10416103056213993,-0.0536245858176746,0.13317419934625307
11000,500,1000,0.004425151458245236,0.023788422027451992,-0.01594396012792676,0.02897724715264532
11000,500,2000,0.0011806614189232567,0.014937980077404288,-0.004833825817235127,0.01574493830443391
11000,500,3000,0.000689848954459088,0.012585016651014138,-0.002670020315877819,0.01288361533784177
11000,500,4000,0.0004955400126243903,0.011399609762798099,-0.0017388469430356102,0.011542107751164767
11000,500,5000,0.00039258337397368726,0.010663501469989962,-0.0012255853589671073,0.010740877281587067
11000,500,6000,0.00032914991366064794,0.010152413454526756,-0.000903453969928858,0.010197846228155184
11000,500,7000,0.0002862569472489862,0.009772069772164242,-0.0006841977373204244,0.009800174346186337
11000,500,8000,0.0002553277110541874,0.009475416238939723,-0.0005261342907256772,0.009493446288523055
11000,500,9000,0.0002319757179258808,0.009236115951166149,-0.00040735960131510485,0.009248004781674618
11000,500,10000,0.00021372238091305062,0.009038155727405427,-0.00031522874197631445,0.009046176284414462
11000,500,11000,0.00019905100702441447,0.008871169998766592,-0.00024185178375835115,0.008876698188838066
11000,500,12000,0.00018701835746087747,0.008728113040317627,-0.00018233996554217757,0.008732020440517985
11000,500,13000,0.00017709702623816548,0.00860400391441782,-0.00013421236332555875,0.008606872816214318
11000,500,14000,0.00016870397348014987,0.00849520138272451,-9.405757797320558e-05,0.008497396918567861
11000,500,15000,0.00016158452592926476,0.008398976993302408,-6.069387729323861e-05,0.008400750433132972
11000,1000,500,0.008774957559487873,0.042322644891017495,-0.021122105787933387,0.048107686534052244
11000,1000,1000,0.0009495905549719019,0.019544676582067894,-0.0025741120390426753,0.019736315707580013
11000,1000,2000,0.0004187965503548996,0.0139720293674883,-0.0010169426640436185,0.014015247681667878
11000,1000,3000,0.00030380730601456407,0.012042747660819189,-0.000592677768463945,0.012061149905319363
11000,1000,4000,0.00025482188458758603,0.011023766715337937,-0.00039420072772222703,0.011033755525694506
11000,1000,5000,0.00022727714327566706,0.010377001785946765,-0.00028029985042887784,0.01038327448214427
11000,1000,6000,0.00020927309851576092,0.009921934748412662,-0.0002070906815729856,0.009926301976663584
11000,1000,7000,0.00019636386526020178,0.00958017008763121,-0.00015634922686325048,0.00958345776618567
11000,1000,8000,0.0001865309817304095,0.00931180893633185,-0.00011932518867019404,0.009314441366745843
11000,1000,9000,0.00017871903739621886,0.009094212112116121,-9.124139989347135e-05,0.00909642564019197
11000,1000,10000,0.00017231857764121727,0.008913472522312298,-6.926612988922276e-05,0.008915407107640485
11000,1000,11000,0.0001669545736882605,0.008760514225334571,-5.168019507684196e-05,0.008762257366941922
11000,1000,12000,0.00016237639704266837,0.008629125090441165,-3.7297242502010164e-05,0.008630733283162911
11000,1000,13000,0.0001584136805158065,0.008514887236525581,-2.534534407139244e-05,0.008516398413143136
11000,1000,14000,0.00015494173082111762,0.008414558285208882,-1.5238567113717849e-05,0.008415998472495998
11000,1000,15000,0.00015187148626583102,0.008325695503250543,-6.599959008091183e-06,0.008327083170032938
11000,2000,500,0.00194775147525586,0.028706013637940765,-0.00036575458812937445,0.028774341542592077
11000,2000,1000,0.0006967197323502483,0.01879967203943978,-0.00039025737566233953,0.0188166253083596
11000,2000,2000,0.0003397137658643079,0.013583938321863182,-0.00020415998821721182,0.013589719168389377
11000,2000,3000,0.00026010055689518197,0.011743787180484466,-0.00012631886621350397,0.011747346342735023
11000,2000,4000,0.00022596155460449796,0.010769807853636999,-8.576824492489976e-05,0.010772519483401176
11000,2000,5000,0.00020646481669661654,0.010151847678479212,-6.13253177647044e-05,0.010154132154063009
11000,2000,6000,0.00019346192889146963,0.009717517926224268,-4.516639759910568e-05,0.009719548454938248
11000,2000,7000,0.0001839464771007382,0.009391737899031088,-3.376768100982197e-05,0.009393599806613834
11000,2000,8000,0.00017655866869356607,0.009136248652879828,-2.5395944841299922e-05,0.009137989787954116
11000,2000,9000,0.00017058224405863687,0.008929334431182302,-1.8870198926879134e-05,0.008930983583586603
11000,2000,10000,0.00016561230107944858,0.008757657390343968,-1.376857483037508e-05,0.008759233983321145
11000,2000,11000,0.00016139074069951298,0.008612516759343145,-9.673399241405534e-06,0.008614034216080348
11000,2000,12000,0.00015774628540146662,0.008487961020515779,-6.3135515274703735e-06,0.008489429076050175
11000,2000,13000,0.00015455956626705958,0.008379760545499054,-3.50292276007913e-06,0.008381186534727355
11000,2000,14000,0.00015174454111138713,0.008284813514682361,-1.122973478873135e-06,0.008286203149808121
11000,2000,15000,0.0001492366926394706,0.008200784799771361,9.184608563694852e-07,0.008202142632639431
11000,3000,500,0.0019239837717120734,0.028319243205569895,0.0004720957909097878,0.028388450534078517
11000,3000,1000,0.0006880788296629581,0.01851605798272386,-7.00192465227234e-05,0.01852897078605031
11000,3000,2000,0.00033588421612334995,0.013365344998119462,-6.947018518732584e-05,0.013369745369004888
11000,3000,3000,0.00025696430734889475,0.011550899194787172,-4.704861589055476e-05,0.011553852882724596
11000,3000,4000,0.00022310885667695124,0.010593289568480099,-3.296110496575633e-05,0.01059569006143713
11000,3000,5000,0.0002038028461834318,0.00998754415312985,-2.3843389620137323e-05,0.009989651761601067
11000,3000,6000,0.0001909549470897054,0.009562996788448934,-1.758568218857004e-05,0.009564919269074918
11000,3000,7000,0.00018157450034905764,0.009245359253444947,-1.3074093213827354e-05,0.009247151342783921
11000,3000,8000,0.00017430533566620277,0.008996813867229267,-9.691495004626738e-06,0.008998507433829567
11000,3000,9000,0.00016843978589792252,0.008795922100463227,-7.0758496238942925e-06,0.008797537588810784
11000,3000,10000,0.00016356870015499236,0.008629534805610416,-5.001404996707315e-06,0.008631086298662756
11000,3000,11000,0.0001594364009741278,0.008489086961615268,-3.319841167970239e-06,0.008490584693009505
11000,3000,12000,0.00015587322311641505,0.008368728684454924,-1.931918006126132e-06,0.008370180403552275
11000,3000,13000,0.00015276106816625168,0.008264308737403513,-7.691175194501909e-07,0.00826572050353828
11000,3000,14000,0.0001500144945322801,0.008172787172920255,2.1784603898566957e-07,0.008174163845304089
11000,3000,15000,0.0001475697212425242,0.008091878598837782,1.0650978342630069e-06,0.008093224154525184
11000,4000,500,0.0019518250453280928,0.028083252014906197,0.0006800776993015623,0.028159211111417705
11000,4000,1000,0.0006949757015608238,0.018306828795155123,2.3467175781388683e-05,0.01832003063505135
11000,4000,2000,0.00033761419251499003,0.013191141747063144,-2.6165935607225244e-05,0.0131954874328418
11000,4000,3000,0.0002570234901341506,0.011392783984851686,-2.1017976153059337e-05,0.011395702249326076
11000,4000,4000,0.00022242525453128326,0.010446279723805792,-1.5490071754387102e-05,0.010448658909361157
11000,4000,5000,0.0002027427309936325,0.009849219647492795,-1.1419290627423528e-05,0.00985131273890578
11000,4000,6000,0.0001896913735192629,0.009431832998095985,-8.458132354394188e-06,0.009433744116794925
11000,4000,7000,0.00018019859273904482,0.009120271032010399,-6.2523654845714205e-06,0.009122053185671926
11000,4000,8000,0.000172868603811549,0.008876976772570735,-4.564196104062113e-06,0.008878660991772924
11000,4000,9000,0.00016697274991717137,0.00868068452689986,-3.2398084841567254e-06,0.008682290841196956
11000,4000,10000,0.00016209004665374005,0.008518367940753366,-2.1784122581358645e-06,0.008519910228562208
11000,4000,11000,0.00015795782697863858,0.008381553333487201,-1.3117119984640269e-06,0.008383041731840691
11000,4000,12000,0.00015440210749423366,0.008264461003254573,-5.926219950325162e-07,0.00826590321963154
11000,4000,13000,0.00015130203804514242,0.008162994955016312,1.2381721870013962e-08,0.008164397034839234
11000,4000,14000,0.00014857039843724218,0.008074159546760551,5.276375190099714e-07,0.0080755263499191
11000,4000,15000,0.00014614223579997865,0.007995705462664393,9.712006180384591e-07,0.007997040974135151
11000,5000,500,0.001980050900984326,0.02788604803311774,0.0007236662043431652,0.027965621202668593
11000,5000,1000,0.0007034099161712937,0.018133329329953256,5.8858125513205906e-05,0.01814706263772873
11000,5000,2000,0.0003400531664996542,0.013043435940091695,-7.851398723057734e-06,0.013047870283068577
11000,5000,3000,0.00025759416168358307,0.011257373559672093,-9.743724947663956e-06,0.011260324558125031
11000,5000,4000,0.00022216676919883938,0.010319593112251314,-7.85775968636937e-06,0.010321987299941243
11000,5000,5000,0.0002020558127372174,0.009729459747852297,-5.977340591156732e-06,0.009731559446724842
11000,5000,6000,0.00018876391335959086,0.009317832863339474,-4.463121460296371e-06,0.009319745758526309
11000,5000,7000,0.0001791296241139828,0.009011182876532622,-3.2765027652148504e-06,0.009012963718556751
11000,5000,8000,0.00017171454578540635,0.008772147917293303,-2.3405926858899306e-06,0.008773828722198857
11000,5000,9000,0.00016576755234049,0.008579594709781112,-1.5917940462406577e-06,0.008581196117052754
11000,5000,10000,0.00016085496064000004,0.00842059258614574,-9.833300330663874e-07,0.00842212887500263
11000,5000,11000,0.0001567065482520058,0.008286739897403994,-4.815261064328169e-07,0.008288221479989517
11000,5000,12000,0.00015314364218207976,0.00817231275170444,-6.205090752331444e-08,0.008173747530396451
11000,5000,13000,0.00015004238857838081,0.008073259340688902,2.9290540215498595e-07,0.008074653502546377
11000,5000,14000,0.00014731359134689814,0.007986619607805518,5.965743965496983e-07,0.007987978117764225
11000,5000,15000,0.00014489097055753186,0.007910173298201425,8.589333666542132e-07,0.007911500220482487
11000,6000,500,0.002003733306772809,0.027711847405916628,0.0007197202955397941,0.027793514191575174
11000,6000,1000,0.0007113411544952264,0.017984246586407737,7.393940646305275e-05,0.01799846100517
11000,6000,2000,0.0003424189415137946,0.0129153121771187,1.1186394596185423e-06,0.012919850642143361
11000,6000,3000,0.0002582207941657644,0.011139322197126227,-4.055485144482951e-06,0.011142315443250044
11000,6000,4000,0.00022202226432654903,0.0102087651458913,-3.96613364428422e-06,0.010211179923007812
11000,6000,5000,0.00020151160941583868,0.009624397259695484,-3.1930065174101685e-06,0.009626507141037912
11000,6000,6000,0.00018799355353693592,0.009217575253999548,-2.42021193164188e-06,0.009219492447892242
11000,6000,7000,0.00017822438425230125,0.008915025916074322,-1.7602094082302955e-06,0.00891680739467642
11000,6000,8000,0.00017072639351378704,0.008679546699678966,-1.2151719177566633e-06,0.008681225713572539
11000,6000,9000,0.00016472779125731307,0.008490113771643493,-7.665667816070254e-07,0.008491711705438876
11000,6000,10000,0.00015978324727633497,0.00833387618236889,-3.950321540990842e-07,0.00833540779237681
11000,6000,11000,0.00015561561613169905,0.008202492592517837,-8.44578190717371e-08,0.00820396861021708
11000,6000,12000,0.000152041934224606,0.008090285973056001,1.7776790350865213e-07,0.008091714522101659
11000,6000,13000,0.00014893559812595436,0.007993241673805775,4.0135327350476757e-07,0.007994629098922535
11000,6000,14000,0.00014620560108652425,0.007908429580164326,5.93765301148963e-07,0.00790978096123808
11000,6000,15000,0.00014378444391527356,0.007833653888366324,7.607798501174656e-07,0.007834973375054623
11000,7000,500,0.0020233225417580214,0.02755636075610338,0.000700733203434778,0.02763942617441427
11000,7000,1000,0.0007184494564764776,0.017853950167805832,8.041956865190159e-05,0.017868580624185778
11000,7000,2000,0.0003445594089470094,0.012802720516036013,5.905972206510235e-06,0.012807357599385248
11000,7000,3000,0.00025880113608836575,0.011035255293731321,-9.016309517884125e-07,0.011038289642820763
11000,7000,4000,0.00022191192649115288,0.010110841314184722,-1.7793572517632583e-06,0.01011327643001297
11000,7000,5000,0.00020104353801930763,0.009531384910149075,-1.6212140332427794e-06,0.009533505097178673
11000,7000,6000,0.00018732283624950385,0.009128655668087923,-1.2671256253149465e-06,0.009130577514982372
11000,7000,7000,0.00017743233615882814,0.008829595819100415,-9.07561655272282e-07,0.008831378453347952
11000,7000,8000,0.0001698591775138869,0.00859713820896067,-5.870212267389263e-07,0.008598816073666833
11000,7000,9000,0.00016381314865787644,0.00841035274563198,-3.1163432312464323e-07,0.008411947940325624
11000,7000,10000,0.00015883856977411126,0.008256457100360055,-7.726846074085358e-08,0.008257984835739545
11000,7000,11000,0.0001546521632160569,0.008127161992959157,1.2232758384023157e-07,0.00812863330249011
11000,7000,12000,0.00015106717646767853,0.008016830898149432,2.931302252040524e-07,0.008018254113412388
11000,7000,13000,0.00014795458462107947,0.007921481289896695,4.402342145271021e-07,0.007922862902960013
11000,7000,14000,0.0001452217900239916,0.007838208927775599,5.678091260508111e-07,0.007839554125469514
11000,7000,15000,0.00014280022415441573,0.0077648391182851394,6.792175857306404e-07,0.00776615212947868
11000,8000,500,0.0020397051933336297,0.027417022190825504,0.0006775429930658827,0.027501137569114903
11000,8000,1000,0.0007247559053245034,0.017738813632342774,8.280996398635221e-05,0.01775380628753812
11000,8000,2000,0.00034646148634809304,0.012702849864171285,8.587692711059525e-06,0.012707576636859801
11000,8000,3000,0.00025931427568220977,0.01094274059348405,9.571202953528868e-07,0.010945812738482944
11000,8000,4000,0.0002218114809194316,0.010023641355349647,-4.683258800763923e-07,0.010026095280470484
11000,8000,5000,0.0002006260411869243,0.009448435521477908,-6.731267738757651e-07,0.009450565330445977
11000,8000,6000,0.00018672601784328058,0.009049244645815925,-5.713609219082372e-07,0.0090511709514306
11000,8000,7000,0.000176728152544936,0.008753196417189855,-3.9511683003201625e-07,0.0087549803263014
11000,8000,8000,0.00016908831975029348,0.008523341274219401,-2.1267557925863656e-07,0.008525018321500481
11000,8000,9000,0.00016299997328766969,0.008338831062864756,-4.4442064806027304e-08,0.00834042399930993
11000,8000,10000,0.00015799828879342614,0.008186943677691171,1.047300466350265e-07,0.008188468126085457
11000,8000,11000,0.0001537945914155403,0.008059435630967017,2.3519596903387452e-07,0.0080609028974034
11000,8000,12000,0.00015019880746930392,0.007950706061507782,3.489244361221111e-07,0.007952124664516398
11000,8000,13000,0.0001470797983538219,0.007856800732265303,4.482027340380057e-07,0.007858177295944275
11000,8000,14000,0.00014434358350592924,0.0077748381761733746,5.351819707399841e-07,0.007776177982929789
11000,8000,15000,0.00014192066864904263,0.007702662262161749,6.117405897398953e-07,0.007703969611528014
11000,9000,500,0.0020536088254041462,0.0272917242854633,0.0006540552494838092,0.027376692860002324
11000,9000,1000,0.0007303525959888035,0.01763622103333032,8.313922937897011e-05,0.017651533060400508
11000,9000,2000,0.00034814618073322756,0.012613596296076232,1.0119933999686026e-05,0.012618404007504726
11000,9000,3000,0.0002597613550525679,0.010859920647611841,2.0962705437055362e-06,0.010863027056412724
11000,9000,4000,0.00022171319033303938,0.009945478144893,3.531211386631483e-07,0.00994794915517799
11000,9000,5000,0.00020024686523154034,0.009373995953246894,-7.434054138943935e-08,0.009376134541699513
11000,9000,6000,0.00018618846243295684,0.008977900544443593,-1.3153913802632644e-07,0.00897983097540072
11000,9000,7000,0.00017609598054194042,0.008684481628648683,-7.257242462532787e-08,0.008686266802140392
11000,9000,8000,0.00016839742899127375,0.00845689318918655,2.0647668685924714e-08,0.008458569625405175
11000,9000,9000,0.00016227174609262374,0.008274359641807021,1.1918561082513435e-07,0.00827595067745996
11000,9000,10000,0.00015724601065206234,0.008124212425381592,2.126785120237784e-07,0.008125734052122479
11000,9000,11000,0.00015302678906387035,0.007998248861742453,2.978039873591243e-07,0.007999712628665036
11000,9000,12000,0.0001494210930735318,0.007890899911754987,3.739998921670207e-07,0.007892314503380238
11000,9000,13000,0.00014629593858686563,0.0077982365894620626,4.4176401536866194e-07,0.007799608746727451
11000,9000,14000,0.00014355614411987183,0.007717397750702332,5.01951644027443e-07,0.00771873284037059
11000,9000,15000,0.00014113141600208268,0.007646243817833098,5.554829730636257e-07,0.007647546201684234
11000,10000,500,0.0020655706841557486,0.027178641503051132,0.0006317274412345197,0.02726433963555006
11000,10000,1000,0.0007353376661635158,0.017544175549529598,8.239124294473488e-05,0.017559772365065125
11000,10000,2000,0.00034964107048995885,0.012533322289520511,1.0986880352392703e-05,0.012538203109006685
11000,10000,3000,0.00026014942303614896,0.010785332296306842,2.8101920517276113e-06,0.01078846969506078
11000,10000,4000,0.00022161485423261018,0.00987501152903191,8.831494590078037e-07,0.009877497994030808
11000,10000,5000,0.00019989896813693564,0.009306824219031947,3.160550280378871e-07,0.009308970767024279
11000,10000,6000,0.0001857004218593361,0.008913463923781716,1.5566489686147378e-07,0.00891539812860135
11000,10000,7000,0.00017552453163086068,0.008622363342304111,1.3703441159584884e-07,0.008624149725433366
11000,10000,8000,0.0001677743617956029,0.008396768507100538,1.7051063072592854e-07,0.008398444476650732
11000,10000,9000,0.00016161589148447342,0.008215968709554435,2.2200075833200827e-07,0.00821755812769476
11000,10000,10000,0.00015656899648491818,0.008067343445049007,2.7769154287149433e-07,0.008068862632871382
11000,10000,11000,0.00015233602808734092,0.007942726757995896,3.319044747929212e-07,0.00794418748065515
11000,10000,12000,0.0001487214294607353,0.00783657828955902,3.824302027277682e-07,0.007837989378547374
11000,10000,13000,0.0001455905993972273,0.007744991829679534,4.2858826165836916e-07,0.007746360128997585
11000,10000,14000,0.00014284731077274238,0.007665124568068709,4.703732251476467e-07,0.007666455518651138
11000,10000,15000,0.00014042057870272684,0.007594851855745035,5.080643935562179e-07,0.007596149873966841
11000,11000,500,0.002075986459779522,0.027076202058583555,0.0006110483645233034,0.027162544391168858
11000,11000,1000,0.000739799008148273,0.01746110442744664,8.10818542373859e-05,0.017476957534586515
11000,11000,2000,0.0003509724921615387,0.012460722320214739,1.1452065543093859e-05,0.012465669399657488
11000,11000,3000,0.0002604864999716794,0.010717799758046249,3.260844068764257e-06,0.010720965231887834
11000,11000,4000,0.0002215162042167318,0.009811158237439813,1.2311925881025587e-06,0.0098136586910616
11000,11000,5000,0.00019957769277026416,0.009245911446042003,5.759422253559521e-07,0.009248065206042369
11000,11000,6000,0.0001852547321368747,0.008854988827845706,3.473163016076697e-07,0.008856926474668287
11000,11000,7000,0.00017500516234197905,0.008565950230529197,2.761221770120059e-07,0.008567737754798114
11000,11000,8000,0.00016720960189986478,0.008342124102775518,2.685312929795458e-07,0.008343799714110162
11000,11000,9000,0.0001610223979244263,0.008162858143516518,2.8736548474128654e-07,0.008164446176342042
11000,11000,10000,0.00015595698284220916,0.008015575290667503,3.16637993380553e-07,0.008017092360769975
11000,11000,11000,0.00015171195368030022,0.007892142881770954,3.4913952062787246e-07,0.007893600946657732
11000,11000,12000,0.0001480894778450037,0.007787046610679672,3.8156824477830753e-07,0.0077884546320782086
11000,11000,13000,0.00014495353018301183,0.007696400981422914,4.124507815284062e-07,0.007697765894262813
11000,11000,14000,0.00014220696935327015,0.007617379867899636,4.411960611294674e-07,0.0076187071782993
11000,11000,15000,0.0001397782109935075,0.007547872208058999,4.6764362482409894e-07,0.00754916638021368
11000,12000,500,0.0020851495268593423,0.02698305540394024,0.0005921073228667417,0.027069978178108363
11000,12000,1000,0.0007438112873369707,0.01738574201615883,7.948917157230007e-05,0.01740182746759655
11000,12000,2000,0.00035216352303993337,0.012394737829485913,1.1667003642856777e-05,0.012399745204141215
11000,12000,3000,0.0002607800430809437,0.01065636426187417,3.542553944857474e-06,0.010659555246927835
11000,12000,4000,0.00022141761042232533,0.009753031015946548,1.4612528561608329e-06,0.009755544161730826
11000,12000,5000,0.0001992796332080382,0.009190428106385219,7.509207048395083e-07,0.009192588412124674
11000,12000,6000,0.0001848458046119772,0.008801694686988304,4.7680404469119253e-07,0.008803635474154008
11000,12000,7000,0.00017453097073685808,0.008514504346067096,3.6945882542216424e-07,0.008516292940912827
11000,12000,8000,0.00016669544872843778,0.008292259740291966,3.331061645406308e-07,0.00829393507836018
11000,12000,9000,0.00016048308815500012,0.008114361446409856,3.2879860012435813e-07,0.008115948287949778
11000,12000,10000,0.00015540152505441607,0.007968271898297494,3.3919642583590814e-07,0.007969787123520993
11000,12000,11000,0.00015114599341592427,0.007845888797849958,3.560942707370174e-07,0.007847344535978797
11000,12000,12000,0.0001475166328558375,0.0077417216542674545,3.754594505300801e-07,0.007743126982691975
11000,12000,13000,0.0001443761576147562,0.00765190393683663,3.952778988569605e-07,0.007653265870836328
11000,12000,14000,0.0001416266232193153,0.007573624810432203,4.145537051414294e-07,0.007574948913455028
11000,12000,15000,0.00013919592341218867,0.007504785671916634,4.3281921047189087e-07,0.007506076450039144
11000,13000,500,0.0020932819938568603,0.026898048237243368,0.0005748315251343783,0.026985500917366064
11000,13000,1000,0.0007474370378210693,0.01731705528969871,7.77726909539922e-05,0.017333352665409165
11000,13000,2000,0.00035323377446902504,0.0123344992458874,1.172290362561057e-05,0.012339561709100201
11000,13000,3000,0.0002610365404447368,0.010600234801599898,3.712811137535077e-06,0.010603449047808149
11000,13000,4000,0.00022131959738902474,0.009699895280250264,1.6125247159770595e-06,0.009702419977111161
11000,13000,5000,0.00019900212433196507,0.009139685216510526,8.689539783279798e-07,0.009141851478637723
11000,13000,6000,0.0001844691160272638,0.008752931232381024,5.645921261621112e-07,0.008754874889587134
11000,13000,7000,0.0001740963012953345,0.008467409166294276,4.3219303968999867e-07,0.008469198763658805
11000,13000,8000,0.00016622554468723183,0.008246588801657363,3.7544567943470497e-07,0.00824826393468872
11000,13000,9000,0.00015999117256970674,0.008069918804897975,3.544905143870736e-07,0.008071504619252209
11000,13000,10000,0.0001548955780703576,0.007924897684848607,3.511767980857172e-07,0.007926411298863421
11000,13000,11000,0.00015063096560369305,0.007803450971297889,3.566596142867695e-07,0.007804904667992733
11000,13000,12000,0.00014699565768938605,0.007700110055692972,3.664181933427102e-07,0.007701513015468185
11000,13000,13000,0.00014385124642357638,0.007611025866607229,3.780680932763403e-07,0.007612385175895753
11000,13000,14000,0.0001410990782322319,0.007533401664936876,3.9033108367725333e-07,0.007534722937673956
11000,13000,15000,0.0001386665906107365,0.007465150343177244,4.0252248278971337e-07,0.0074664381221312805
11000,14000,500,0.002100555017912009,0.026820196492256535,0.000559088393802476,0.026908137265492935
11000,14000,1000,0.0007507284020091265,0.017254190571318606,7.602401541462189e-05,0.017270682240603085
11000,14000,2000,0.0003541997356428517,0.012279284540042205,1.1676461254217507e-05,0.012284397527261823
11000,14000,3000,0.00026126149025804124,0.010548752320741159,3.807970544333905e-06,0.010551987850223933
11000,14000,4000,0.00022122266552976333,0.009651137207083674,1.7099303695200518e-06,0.009653672450500939
11000,14000,5000,0.00019874298695105042,0.009093105503098288,9.478530281770148e-07,0.009095277201040326
11000,14000,6000,0.00018412091751468518,0.008708152215343703,6.237091132454964e-07,0.008710098501559838
11000,14000,7000,0.00017369643968040416,0.008424145490991151,4.7394918778476125e-07,0.008425936027004479
11000,14000,8000,0.00016579456818019422,0.008204616072398344,4.0264488776475815e-07,0.008206291056038543
11000,14000,9000,0.00015954094771941651,0.008029056528121633,3.6959296745298076e-07,0.008030641455224532
11000,14000,10000,0.00015443320460578613,0.00788499844488562,3.561970559617933e-07,0.00788651064903927
11000,14000,11000,0.00015016079934337956,0.0077643929585944306,3.5321583713443516e-07,0.007765844861049674
11000,14000,12000,0.00014652041718687947,0.007661791652376555,3.5580737522966643e-07,0.007663192525552164
11000,14000,13000,0.0001433726458983653,0.00757336160058355,3.6133467862242696e-07,0.007574718594069886
11000,14000,14000,0.0001406182026260916,0.007496319121480807,3.6832234762140814e-07,0.007497637893740263
11000,14000,15000,0.0001381841242842352,0.0074285877692335574,3.759315514439976e-07,0.007429872895193776
11000,15000,500,0.002107102883497025,0.02674865941631028,0.0005447266656853911,0.026837052563046387
11000,15000,1000,0.0007537288715972479,0.017196434946072616,7.4294645355244e-05,0.017213105523429383
11000,15000,2000,0.00035507523841674105,0.01222848866287931,1.1563978796980123e-05,0.012233648152890051
11000,15000,3000,0.00026145950373790416,0.01050136297138195,3.851727710224573e-06,0.010504618039920022
11000,15000,4000,0.00022112723293737924,0.009606239697380484,1.7698185877934591e-06,0.009608784601026973
11000,15000,5000,0.00019850038765939493,0.009050201526102187,9.993255550844182e-07,0.009052378199435485
11000,15000,6000,0.00018379805131160665,0.008666895344522887,6.627165505257437e-07,0.008668844044956148
11000,15000,7000,0.00017332740755124365,0.008384272941594714,5.010384613868268e-07,0.008386064357039317
11000,15000,8000,0.00016539801886070182,0.008165920605168896,4.1933769923119257e-07,0.00816759548523365
11000,15000,9000,0.00015912757940522715,0.007991371114143756,3.774484731433603e-07,0.00799295527405014
11000,15000,10000,0.0001540093605638948,0.007848186484765622,3.5657892383245127e-07,0.007849697453402112
11000,15000,11000,0.00014973032500462113,0.007728341494662835,3.472600900167322e-07,0.007729791817956221
11000,15000,12000,0.00014608567496562919,0.007626406425175905,3.4444584229298414e-07,0.007627805457996253
11000,15000,13000,0.00014293509454749165,0.007538563338310797,3.4532973680612145e-07,0.00753991828644247
11000,15000,14000,0.00014017873962404725,0.007462040696470515,3.48299640018368e-07,0.007463357257704966
11000,15000,15000,0.00013774329384058648,0.007394771984744179,3.5240737894515206e-07,0.007396054762205752
12000,500,500,0.06329182033720623,0.10385522099294991,-0.05384786570813049,0.13300884966953333
12000,500,1000,0.004458889022852519,0.023168746020112298,-0.016235269536020613,0.028640119768775812
12000,500,2000,0.0011689970089007184,0.014270909649878004,-0.004953800051082147,0.015151420764664329
12000,500,3000,0.0006739797927602653,0.011929770990115947,-0.0027595525522882136,0.012263311743835822
12000,500,4000,0.00047841008729040957,0.010757165175420132,-0.0018135929903377868,0.010919459618382917
12000,500,5000,0.0003750332488806629,0.010032300395689898,-0.0012912475311869231,0.010122006784917802
12000,500,6000,0.00031151445041041614,0.009530738308275975,-0.0009629118970241324,0.009584321221405526
12000,500,7000,0.00026867888021267494,0.009158400640297167,-0.0007390856830508108,0.009192101950901033
12000,500,8000,0.0002378992962027704,0.008868475624990702,-0.000577705094329084,0.008890455509263952
12000,500,9000,0.00021470798821038306,0.008634840970988543,-0.0004562096122945336,0.008649549429005745
12000,500,10000,0.0001966253372342186,0.008441666194669769,-0.00036188170990436586,0.008451706812084535
12000,500,11000,0.00018214417208956002,0.008278734742072087,-0.00028684713532256545,0.008285704961441744
12000,500,12000,0.00017028031216045902,0.00813912051357627,-0.00022585268459407448,0.008144033862550294
12000,500,13000,0.0001604294780263027,0.008017940281540152,-0.00017576945078512374,0.008021471116671383
12000,500,14000,0.0001521374815867671,0.007911635347790137,-0.00013414608540962547,0.007914234951145729
12000,500,15000,0.00014509744192403584,0.007817542253164512,-9.936260485765569e-05,0.007819520002846048
12000,1000,500,0.009273404976927552,0.04275974266810279,-0.022158079177835077,0.0490445930328684
12000,1000,1000,0.0009161059268082139,0.018858866867361275,-0.00261986420221072,0.01906199879414578
12000,1000,2000,0.0003877735252425518,0.013301500152676681,-0.0010429424916762464,0.01334795878250606
12000,1000,3000,0.00027486679420477,0.011389185397308994,-0.000613224909078558,0.011408993845118301
12000,1000,4000,0.00022745974124149804,0.010384484396089234,-0.0004118959627704699,0.010395138882701521
12000,1000,5000,0.00020115904018053188,0.00974944975555462,-0.0002961514338221116,0.009756020765008923
12000,1000,6000,0.00018416464886519823,0.009304015475455145,-0.00022163740431990764,0.009308476981998406
12000,1000,7000,0.00017209262368511613,0.008970197301571857,-0.00016993387158303896,0.008973457138748982
12000,1000,8000,0.00016296505502644276,0.008708427149976711,-0.0001321805819173294,0.008710954754896118
12000,1000,9000,0.00015575339211143513,0.008496325394158715,-0.0001035111167732028,0.008498383309422805
12000,1000,10000,0.00014987058884027848,0.008320187907751906,-8.107844197935421e-05,0.00832193257167193
12000,1000,11000,0.0001449527468850298,0.008171098165533016,-6.306802790301269e-05,0.008172627123865992
12000,1000,12000,0.00014076814807770233,0.008042970762247477,-4.838213104618738e-05,0.008044348027309954
12000,1000,13000,0.00013715032497327306,0.007931488728031993,-3.61516266368378e-05,0.007932756809246539
12000,1000,14000,0.00013398498261069092,0.00783349124643207,-2.5827470781392137e-05,0.007834679581306438
12000,1000,15000,0.00013118810132106695,0.007746601786683611,-1.7011248705234294e-05,0.0077477312125525145
12000,2000,500,0.0019060444050806036,0.02806626435298602,-0.0004120680394968934,0.028133929694854353
12000,2000,1000,0.0006585265637340243,0.018143792166179767,-0.0004039974221639042,0.01816023307454463
12000,2000,2000,0.0003067377837396301,0.012939722483048427,-0.00021122799297312866,0.012945081045373872
12000,2000,3000,0.000229992509863719,0.011113996113353048,-0.00013175947608012883,0.011117156413478988
12000,2000,4000,0.00019779924618107403,0.010152328373496455,-9.040272447535802e-05,0.010154657483031298
12000,2000,5000,0.00017975304368089695,0.009544495448297313,-6.546155702180645e-05,0.009546412401249402
12000,2000,6000,0.00016788680441037762,0.00911846373821727,-4.8950475300846286e-05,0.009120140518287566
12000,2000,7000,0.00015929100016717768,0.008799503008231981,-3.730180838124042e-05,0.008801023704065707
12000,2000,8000,0.00015266242718139922,0.008549642287711224,-2.870605443761054e-05,0.008551053332897317
12000,2000,9000,0.00014732737566339194,0.00834739330729524,-2.2100976259764593e-05,0.008348722587045809
12000,2000,10000,0.00014290044516068745,0.008179596728013626,-1.6843984002812284e-05,0.00818086223389414
12000,2000,11000,0.00013914675888615502,0.008037692332585904,-1.2636937973597995e-05,0.008038906613838732
12000,2000,12000,0.00013590900539267592,0.007915840061963332,-9.197492834123189e-06,0.007917012046107098
12000,2000,13000,0.00013307804251297406,0.0078098993990992046,-6.317809734146529e-06,0.0078110356742348225
12000,2000,14000,0.00013057638782457137,0.007716840364993115,-3.881132311644997e-06,0.0077179460010440865
12000,2000,15000,0.00012834621797602752,0.007634386216707938,-1.7944782236822832e-06,0.00763546520375026
12000,3000,500,0.0018774162648677872,0.027714827071878414,0.0004478927285533896,0.027781953483367684
12000,3000,1000,0.0006483904985565836,0.017887905355626253,-7.776296872952226e-05,0.0178998216563676
12000,3000,2000,0.00030259164262103067,0.012743970302569681,-7.304028982046962e-05,0.012747771399695679
12000,3000,3000,0.00022688443705617956,0.010941535041267646,-4.967681999168416e-05,0.010943999880916966
12000,3000,4000,0.00019511583685624667,0.009994510502572412,-3.5163461329701384e-05,0.009996476721567206
12000,3000,5000,0.00017732588575702923,0.0093975425810442,-2.579311237804749e-05,0.0093992508380692
12000,3000,6000,0.000165646683663756,0.008980198539648153,-1.936366014820834e-05,0.008981747023081977
12000,3000,7000,0.00015720080658387925,0.008668472884005698,-1.4727475793341327e-05,0.008669910676176309
12000,3000,8000,0.0001506980200521313,0.008424791922564961,-1.1250759197944937e-05,0.008426147127326105
12000,3000,9000,0.00014547261711864157,0.008227913811052295,-8.558540717351626e-06,0.00822920416644621
12000,3000,10000,0.00014114410504423303,0.008064845370451521,-6.425096509499184e-06,0.008066082927266943
12000,3000,11000,0.00013747698665828034,0.007927145170716656,-4.694884429778945e-06,0.007928338572577286
12000,3000,12000,0.00013431648788198025,0.007809061742772292,-3.266366031873247e-06,0.007810217467554527
12000,3000,13000,0.0001315557554630864,0.007706522763216853,-2.0696367458716836e-06,0.007707645833856875
12000,3000,14000,0.0001291180127467595,0.007616552040424391,-1.053955371754789e-06,0.007617646457832665
12000,3000,15000,0.0001269462836278601,0.007536916082249259,-1.8203037555064583e-07,0.00753798510365532
12000,4000,500,0.0019026273093456503,0.02750854082752694,0.0006649873418878016,0.027582277231999092
12000,4000,1000,0.0006543247220592296,0.017700966398987765,1.826107147340217e-05,0.017713065397234978
12000,4000,2000,0.0003042006532813779,0.012588195570429124,-2.8412461829385727e-05,0.012591902676911676
12000,4000,3000,0.0002270685729803823,0.010799946664708425,-2.2614582813162976e-05,0.01080235712780955
12000,4000,4000,0.00019465301061949436,0.00986267768056051,-1.6806694933535482e-05,0.009864612678162497
12000,4000,5000,0.00017652813920940313,0.009273349600802967,-1.2575341061693557e-05,0.00927503817468414
12000,4000,6000,0.0001646636894551412,0.008862325845209547,-9.507792970375739e-06,0.008863860553699006
12000,4000,7000,0.00015611251003413984,0.008555984695865479,-7.2255614932403844e-06,0.00855741184239793
12000,4000,8000,0.000149550273030985,0.008316977076695313,-5.479513802919556e-06,0.008318323328863243
12000,4000,9000,0.0001442930823023214,0.008124208873942544,-4.1098453923416045e-06,0.008125491198190804
12000,4000,10000,0.00013994989992738294,0.00796479148770525,-3.01193191876159e-06,0.00796602149688573
12000,4000,11000,0.0001362790927649793,0.007830361230717292,-2.1154431518732864e-06,0.00783154732283123
12000,4000,12000,0.0001331219894673552,0.00771522644410818,-1.3715755202703406e-06,0.007716374953899358
12000,4000,13000,0.0001303692175339266,0.007615361996766174,-7.45737378737843e-07,0.007616477862555312
12000,4000,14000,0.0001279423591806772,0.0075278296647015575,-2.12787359510358e-07,0.007528916837986188
12000,4000,15000,0.00012578334272878022,0.007450426979358631,2.459427695944427e-07,0.007451488689151373
12000,5000,500,0.0019291065607944802,0.027335256755471264,0.0007140832561988164,0.027412545100869806
12000,5000,1000,0.0006620746154134272,0.01754543556545398,5.5065449613311834e-05,0.017558009117824645
12000,5000,2000,0.0003065960017998859,0.012455436453588126,-9.425333542201209e-06,0.012459212944428071
12000,5000,3000,0.00022778123682085094,0.010677977848692032,-1.0834441318996468e-05,0.010680412567598876
12000,5000,4000,0.00019460638533363994,0.009748368020830777,-8.746248247759603e-06,0.009750314210917882
12000,5000,5000,0.00017608186935869075,0.009165148429676997,-6.752538302956523e-06,0.009166842213079764
12000,5000,6000,0.00016398840685000193,0.008759232480749939,-5.164414409897233e-06,0.008760768945736562
12000,5000,7000,0.00015529929197719006,0.008457271933078995,-3.925146919714351e-06,0.008458698589435178
12000,5000,8000,0.0001486516967635354,0.008222083091506183,-2.9495939096735313e-06,0.008223427289803612
12000,5000,9000,0.00014334122674497518,0.008032683610344829,-2.1698063339403717e-06,0.008033962745696965
12000,5000,10000,0.00013896514681202565,0.00787626565881447,-1.5364606569256978e-06,0.007877491631284667
12000,5000,11000,0.00013527478563890583,0.007744526506559656,-1.0142743885888095e-06,0.00774570791517388
12000,5000,12000,0.0001321070617090747,0.007631821908479688,-5.778347914597859e-07,0.007632965233275794
12000,5000,13000,0.00012934974424638757,0.007534164444756969,-2.0857966709364462e-07,0.007535274731586246
12000,5000,14000,0.00012692251367094065,0.00744864640995182,1.0726714350095534e-07,0.007449727691430803
12000,5000,15000,0.00012476600543881444,0.007373090381495905,3.8008839275960327e-07,0.0073741459488057175
12000,6000,500,0.0019515211963843093,0.027180311115282966,0.0007137376899113423,0.027259625250423237
12000,6000,1000,0.0006695016124696473,0.017410999565057803,7.106669074408156e-05,0.01742401184394902
12000,6000,2000,0.00030896076909472936,0.012339566992065315,-5.247401524410833e-08,0.01234343429971015
12000,6000,3000,0.00022855031983876062,0.010570970582368042,-4.854080016158946e-06,0.01057344210104173
12000,6000,4000,0.00019465637249005407,0.009647730172241888,-4.6112312417356804e-06,0.009649694805701941
12000,6000,5000,0.00017575235323066818,0.009069624802616146,-3.753373353010403e-06,0.009071328295112441
12000,6000,6000,0.00016343992402248486,0.008667999744310043,-2.925872467862689e-06,0.008669540976133231
12000,6000,7000,0.00015461735691613132,0.008369725174118148,-2.2271423439912397e-06,0.008371153503400222
12000,6000,8000,0.0001478856477505064,0.008137751854117787,-1.6530415078985783e-06,0.00813909565839807
12000,6000,9000,0.00014252119747887315,0.007951189586628112,-1.1817480920495171e-06,0.007952466883349007
12000,6000,10000,0.00013811033522689864,0.007797297789070379,-7.919957319968418e-07,0.007798520879204951
12000,6000,11000,0.00013439782057411698,0.007667824816979735,-4.6648196849741197e-07,0.007669002569804681
12000,6000,12000,0.00013121645648117575,0.0075571663281586154,-1.9180257215811736e-07,0.0075583054123721455
12000,6000,13000,0.0001284513451974556,0.007461366721904757,4.230108530123289e-08,0.007462472318784182
12000,6000,14000,0.00012602039051570757,0.007377544080737892,2.436930125471193e-07,0.007378620322353138
12000,6000,15000,0.0001238630170530275,0.007303542160987177,4.184435770104855e-07,0.007304592412955411
12000,7000,500,0.0019701449596741805,0.02704047569235573,0.0006972905082915926,0.02712111743427922
12000,7000,1000,0.0006762314355486798,0.017292781544964577,7.819993343016751e-05,0.017306175133341282
12000,7000,2000,0.00031112615273146127,0.012237131331340585,5.002018476973902e-06,0.012241086868557863
12000,7000,3000,0.00022926822899410615,0.010476070654584328,-1.5129403002633879e-06,0.010478579224764079
12000,7000,4000,0.00019472277089466195,0.009558276659177599,-2.270852042518534e-06,0.009560260185144187
12000,7000,5000,0.00017547508403092937,0.008984555524002874,-2.047102197644257e-06,0.008986269173557713
12000,7000,6000,0.00016296414268207604,0.008586611300930748,-1.650905277150727e-06,0.008588157757666075
12000,7000,7000,0.000154020186823145,0.008291497670073908,-1.261636734528615e-06,0.0082929281573228
12000,7000,8000,0.0001472114850173123,0.008062279675654097,-9.188402245730032e-07,0.008063623604438236
12000,7000,9000,0.0001417971093070347,0.00787814613242521,-6.260831809656864e-07,0.007879422142266163
12000,7000,10000,0.00013735354700239455,0.007726414458628723,-3.7775976025056224e-07,0.0077276352479968636
12000,7000,11000,0.00013361966065111863,0.007598877228989904,-1.6670192037882003e-07,0.007600051932899099
12000,7000,12000,0.00013042456743855846,0.007489964708585443,1.3672619925131357e-08,0.007491100179802289
12000,7000,13000,0.0001276509860398678,0.007395748916386611,1.6887827858358406e-07,0.007396850467394252
12000,7000,14000,0.00012521523506670018,0.007313370321312127,3.033861892820511e-07,0.007314442179946809
12000,7000,15000,0.00012305566013154356,0.0072406910571138705,4.2078225515052026e-07,0.007241736660298889
12000,8000,500,0.0019857701161062613,0.02691400062639322,0.0006759803534390763,0.026995623017625484
12000,8000,1000,0.0006822505645095456,0.017187713506321,8.108169076781468e-05,0.017201439929515224
12000,8000,2000,0.00031306934830366284,0.012145761900506095,7.873546200798387e-06,0.01214979862192631
12000,8000,3000,0.00022991206037800693,0.010391236663300229,4.7488923493599344e-07,0.010393779830924934
12000,8000,4000,0.0001947826547770426,0.009478180086182342,-8.555522360564893e-07,0.009480181367498995
12000,8000,5000,0.00017522749202378285,0.008908275761051274,-1.008464464824499e-06,0.008909999030633796
12000,8000,6000,0.00016253914299260708,0.008513534514510602,-8.734648647701349e-07,0.008515086004598481
12000,8000,7000,0.00015348669318049346,0.00822116829723703,-6.737987525706757e-07,0.00822260097478185
12000,8000,8000,0.00014660904862176527,0.007994341601473784,-4.7380645307182334e-07,0.007995685841670166
12000,8000,9000,0.00014114977171947318,0.007812312460312504,-2.918622747927202e-07,0.007813587480843485
12000,8000,10000,0.0001366765655915203,0.00766244932871842,-1.3165675472048832e-07,0.00766366819585065
12000,8000,11000,0.00013292304519149645,0.007536583794475072,7.886611363971952e-09,0.007537755888004695
12000,8000,12000,0.00012971505799705407,0.00742917669694035,1.2921190606363098e-07,0.007430309038480729
12000,8000,13000,0.00012693321477022512,0.0073363244668422775,2.3493491818626921e-07,0.007337422488789572
12000,8000,14000,0.00012449243654058528,0.00725518735536182,3.274424803523246e-07,0.007256255372806033
12000,8000,15000,0.00012233012037338176,0.007183643725218552,4.087874065916708e-07,0.00718468523989253
12000,9000,500,0.0019990663708743805,0.026799384421847563,0.0006539268584234703,0.02688179480766294
12000,9000,1000,0.000687627612848879,0.01709359656917404,8.179734774815817e-05,0.01710761719848002
12000,9000,2000,0.00031480522873214567,0.012063688878798804,9.547469286608212e-06,0.012067799420385673
12000,9000,3000,0.00023048229339242554,0.010314907225069744,1.7078019317606774e-06,0.010317482060364867
12000,9000,4000,0.00019482997721650963,0.009406022033741235,4.0572241011282983e-08,0.009408039605618902
12000,9000,5000,0.0001750001619339192,0.008839479140288245,-3.4533042181372764e-07,0.008841211265857242
12000,9000,6000,0.00016215370988315048,0.008447556167158404,-3.758741010662092e-07,0.008449112329955507
12000,9000,7000,0.0001530047299152515,0.008157603722951923,-2.9809308443873306e-07,0.008159038487282371
12000,9000,8000,0.0001460657741903515,0.007932874087224344,-1.9074862112056223e-07,0.007934218709522087
12000,9000,9000,0.00014056651607291526,0.00775268675199111,-8.115344696246751e-08,0.007753960976592881
12000,9000,10000,0.00013606681413574906,0.007604455667764525,2.125819753562297e-08,0.00760567289471201
12000,9000,11000,0.00013229561197264372,0.007480047285850809,1.1373923958224452e-07,0.00748121711624839
12000,9000,12000,0.00012907585657798148,0.007373949805116802,1.961063887945258e-07,0.0073750794126972745
12000,9000,13000,0.00012628629581690198,0.007282281513020492,2.6911912887062073e-07,0.007283376437876618
12000,9000,14000,0.00012384062039322297,0.007202220371364868,3.338205171177222e-07,0.00720328500674509
12000,9000,15000,0.00012167539567486951,0.007131659264887605,3.912696743268995e-07,0.0071326971704581575
12000,10000,500,0.002010534158964822,0.02669526084103627,0.0006327235213602345,0.026778340837882608
12000,10000,1000,0.0006924441724678598,0.017008749085950403,8.136123501434334e-05,0.01702303275128631
12000,10000,2000,0.000316357350277352,0.01198952954648344,1.052407861634741e-05,0.011993707161478667
12000,10000,3000,0.00023098592498196902,0.010245846080279286,2.492596696823668e-06,0.010248449766250136
12000,10000,4000,0.00019486418665504157,0.009340669244675607,6.263213229162901e-07,0.009342701663970006
12000,10000,5000,0.00017478852831034897,0.008777114577397998,9.272441547913957e-08,0.00877885478539195
12000,10000,6000,0.000161800991360872,0.008387694361903774,-4.607675063716954e-08,0.008389254810270147
12000,10000,7000,0.00015256611076164273,0.008099881955569545,-4.9407396063294584e-08,0.00810131866517761
12000,10000,8000,0.00014557270687959312,0.007877007886290751,-4.403562181565235e-09,0.007878352915025724
12000,10000,9000,0.00014003797174141908,0.00769844672522766,5.614152531752126e-08,0.007699720294780182
12000,10000,10000,0.00013551473334838526,0.00755165335393585,1.1915954378771687e-07,0.007552869165765024
12000,10000,11000,0.0001317277621637747,0.007428525670494123,1.7943409003073896e-07,0.007429693524817253
12000,10000,12000,0.00012849742366327632,0.007323576591040301,2.3506049051658096e-07,0.007324703797968558
12000,10000,13000,0.00012570081451590553,0.007232944165178011,2.8556900844023403e-07,0.007234036361043692
12000,10000,14000,0.00012325053981371292,0.007153822371897202,3.3110560460070104e-07,0.007154884019594741
12000,10000,15000,0.00012108243457745194,0.007084117226634128,3.7206173475468063e-07,0.007085151937332576
12000,11000,500,0.002020542853846674,0.026600402018945,0.0006129424974616882,0.026684071643939926
12000,11000,1000,0.0006967760843117898,0.016931839235651797,8.030576315121163e-05,0.016946360253140547
12000,11000,2000,0.00031774935599734877,0.011922175144544139,1.107647514686505e-05,0.011926413858269572
12000,11000,3000,0.00023143122067872945,0.010183053426677965,2.9985090876927245e-06,0.010185683408173427
12000,11000,4000,0.00019488651269541912,0.009281199578314749,1.0173021478543376e-06,0.009283245520842595
12000,11000,5000,0.00017459004031908365,0.008720322500372501,3.890843088827367e-07,0.008722070072182873
12000,11000,6000,0.0001614762385459545,0.008333142584838395,1.7803038843133834e-07,0.008334706950250674
12000,11000,7000,0.00015216475977647415,0.008047242682694288,1.1937261468197846e-07,0.008048681191508606
12000,11000,8000,0.00014512296253699208,0.007826023564990098,1.2127944493123266e-07,0.007827369004253251
12000,11000,9000,0.00013955677228860708,0.007648909506515533,1.4760960687087987e-07,0.007650182530720683
12000,11000,10000,0.00013501268683155376,0.00750339246972674,1.829733431435443e-07,0.007504607052593538
12000,11000,11000,0.00013121173117880414,0.0073813989204944055,2.205330922322446e-07,0.007382565041400567
12000,11000,12000,0.0001279719626497977,0.00727746427125568,2.572329514949345e-07,0.007278589362561691
12000,11000,13000,0.00012516900802561626,0.007187744578772964,2.9177012839110006e-07,0.007188834362772595
12000,11000,14000,0.00012271451075018813,0.007109448425409198,3.2367647306852376e-07,0.007110507427003254
12000,11000,15000,0.00012054366241984193,0.007040493799939599,3.5288283917189744e-07,0.0070415256760210584
12000,12000,500,0.002029367288327838,0.02651372186938649,0.0005947305974312034,0.026597922539958633
12000,12000,1000,0.0007006892335393033,0.016861789144456348,7.892577069423812e-05,0.016876525940826313
12000,12000,2000,0.0003190024987046458,0.011860720879889609,1.1362378867008083e-05,0.011865015444089513
12000,12000,3000,0.0002318260250626647,0.010125708537254707,3.324387523151451e-06,0.010128362539862087
12000,12000,4000,0.00019489864980462568,0.009226852638992535,1.2813197061145587e-06,0.009228910918800732
12000,12000,5000,0.00017440307014854328,0.008668391371715068,5.927233196478809e-07,0.008670145659412095
12000,12000,6000,0.00016117587165845326,0.008283230889457618,3.329188060785526e-07,0.008284798835246673
12000,12000,7000,0.00015179589858990705,0.007999052292513804,2.3588360908988193e-07,0.008000492461645104
12000,12000,8000,0.0001447110136275076,0.00777931975857514,2.0740192885337905e-07,0.00778066560305982
12000,12000,9000,0.00013911692448739799,0.007603502657956247,2.093455238050268e-07,0.00760477522561003
12000,12000,10000,0.00013455440158549603,0.00745912672999512,2.2485004669281494e-07,0.007460340241012555
12000,12000,11000,0.00013074109159361136,0.007338144540117381,2.4600805426100436e-07,0.007339309135416329
12000,12000,12000,0.00012749297780750846,0.007235112097411542,2.6898509686290595e-07,0.007236235319132045
12000,12000,13000,0.0001246843721904034,0.007146201969534301,2.919053406769123e-07,0.007147289616858489
12000,12000,14000,0.0001222260624972049,0.0070686361412783776,3.1387293852880305e-07,0.0070696927943621896
12000,12000,15000,0.00012005267121556473,0.007000343595479157,3.344948880101839e-07,0.007001372951823012
12000,13000,500,0.0020372156857138557,0.02643427127923443,0.0005780545877278609,0.02651895723667637
12000,13000,1000,0.0007042394584731715,0.016797712352489867,7.738748922336836e-05,0.016812646499446467
12000,13000,2000,0.0003201351505552896,0.011804418675118892,1.1477020963268636e-05,0.011808764477883659
12000,13000,3000,0.00023217727388738507,0.010073129842045277,3.5306670950197017e-06,0.01007580585198142
12000,13000,4000,0.00019490228008389732,0.009176994737142606,1.4600250732854647e-06,0.009179064300678922
12000,13000,5000,0.00017422645287742955,0.008620726368450305,7.337752316871615e-07,0.008622486794133275
12000,13000,6000,0.00016089704211652567,0.008237397597138546,4.410300621371377e-07,0.008238968820551104
12000,13000,7000,0.00015145563374935334,0.00795477811090516,3.171117138878188e-07,0.007956219812404011
12000,13000,8000,0.00014433230311150513,0.007736389581186705,2.6690495502634803e-07,0.007737735821081896
12000,13000,9000,0.00013871344881671854,0.007561742472804318,2.511862928766817e-07,0.007563014657462323
12000,13000,10000,0.0001341346344803651,0.007418393429232966,2.5217855059711525e-07,0.0074196060026559384
12000,13000,11000,0.0001303104444837777,0.007298318970525847,2.6127338048631543e-07,0.007299482219701806
12000,13000,12000,0.00012705498914938884,0.007196094054763231,2.741088140911785e-07,0.007197215620669018
12000,13000,13000,0.00012424139849767646,0.007107906466418552,2.8841201882290335e-07,0.007108992217159674
12000,13000,14000,0.00012177969527329968,0.007030990557646451,3.029860936587525e-07,0.0070320451227004355
12000,13000,15000,0.0001196039964208584,0.006963285464528366,3.172073849144752e-07,0.00696431257749768
12000,14000,500,0.0020442487275172117,0.026361226039335994,0.000562809542670073,0.026446359782364044
12000,14000,1000,0.0007074738762199717,0.016738871947704487,7.579005915026027e-05,0.016753987510448008
12000,14000,2000,0.000321162960877891,0.011752643482453818,1.1479957662374751e-05,0.01175703645748077
12000,14000,3000,0.00023249092872842936,0.010024745892487754,3.6556999027936854e-06,0.010027442126735656
12000,14000,4000,0.00019489891127216774,0.009131093051069187,1.5799914550029825e-06,0.009133172963941505
12000,14000,5000,0.00017405927798980203,0.008576826043358507,8.315027663075014e-07,0.008578592093209929
12000,14000,6000,0.00016063740289382067,0.008195168027130913,5.167120974425288e-07,0.00819674225745257
12000,14000,7000,0.00015114071996730205,0.007913968894338508,3.739051485096567e-07,0.00791541201186614
12000,14000,8000,0.00014398300870024916,0.007696802646637594,3.080349415540695e-07,0.007698149269984791
12000,14000,9000,0.000138342149471532,0.00752321733507457,2.793781149756924e-07,0.007524489198552886
12000,14000,10000,0.0001337489507078904,0.007380797983655883,2.69625531235107e-07,0.007382009735163734
12000,14000,11000,0.00012991520779181975,0.007261543182749258,2.697206508139871e-07,0.0072627052417743795
12000,14000,12000,0.0001266533313801499,0.007160045393883719,2.7494722942833505e-07,0.007161165490646137
12000,14000,13000,0.0001238353838102224,0.007072506485655382,2.827575830144369e-07,0.0070735905501995745
12000,14000,14000,0.00012137070062898103,0.0069961722743375416,2.917420321990605e-07,0.006997224980254237
12000,14000,15000,0.00011919294771914335,0.006928991318088195,3.011114803053161e-07,0.00693001643112018
12000,15000,500,0.0020505925221278865,0.02629387199898525,0.0005488668947232211,0.02637942170061638
12000,15000,1000,0.0007104321795666779,0.01668464895198081,7.419167224365086e-05,0.016699932003958234
12000,15000,2000,0.0003220991983807764,0.011704868390039279,1.140944979416414e-05,0.0117093049365572
12000,15000,3000,0.00023277205554056435,0.00998007360847469,3.724584462960756e-06,0.009982788484834436
12000,15000,4000,0.00019488983717791397,0.009088696078484094,1.658714380514681e-06,0.009090785511000728
12000,15000,5000,0.00017390078886905802,0.008536264530568502,8.986172788105762e-07,0.008538035747625105
12000,15000,6000,0.00016039497542283399,0.008156138173591438,5.694360891705941e-07,0.008157715169035618
12000,15000,7000,0.00015084841014581518,0.007876239774196025,4.1341748524548194e-07,0.007877684202504249
12000,15000,8000,0.00014365988524608908,0.007660191120719175,3.362173515153444e-07,0.007661538114609619
12000,15000,9000,0.00013799945472467434,0.007487574750009082,2.980152826737026e-07,0.007488846344751038
12000,15000,10000,0.00013339356559716187,0.007346001831251462,2.802325635986591e-07,0.007347212861121069
12000,15000,11000,0.00012955146170723353,0.007227491355009129,2.735407591547556e-07,0.007228652360072845
12000,15000,12000,0.00012628400413458585,0.007126652005931111,2.729912315091454e-07,0.007127770797231517
12000,15000,13000,0.0001234622861758794,0.007039698735222927,2.758479387132695e-07,0.007040781298613042
12000,15000,14000,0.00012099502319112831,0.00696388802662242,2.805512816506095e-07,0.006964939075231107
12000,15000,15000,0.00011881547683154081,0.006897177217441679,2.861932750786167e-07,0.006898200545666808
13000,500,500,0.06326391569689602,0.1035957758130937,-0.054037464041539196,0.13287006929952802
13000,500,1000,0.004491595668724063,0.022642380172907914,-0.016488503830746848,0.02836763243773346
13000,500,2000,0.001161695235909338,0.013702121385970791,-0.005058431656995377,0.014652146502321958
13000,500,3000,0.0006627924479107594,0.011370469169920372,-0.0028379530816514675,0.011738008377351427
13000,500,4000,0.00046593973814679224,0.010208489769814044,-0.0018791709743036789,0.010390459410952325
13000,500,5000,0.00036204395002287226,0.009493121731402609,-0.0013488626542864646,0.009595304397938887
13000,500,6000,0.0002983301200492061,0.008999720336705489,-0.0010150641909771885,0.009061695333172656
13000,500,7000,0.0002554507402540984,0.00863432861432934,-0.0007872161844467707,0.008673903101947688
13000,500,8000,0.00022470518934464279,0.00835030905391185,-0.0006227528198334831,0.008376513283733941
13000,500,9000,0.0002016094634197385,0.008121705089645496,-0.0004989778029264036,0.008139515881594384
13000,500,10000,0.00018363067277998857,0.007932825545806195,-0.000402746440792745,0.007945164948555329
13000,500,11000,0.00016923912777738748,0.007773571416805049,-0.00032597715572035835,0.0077822436071219745
13000,500,12000,0.00015749129581310584,0.007637115219349839,-0.0002636927205996731,0.007643288966981366
13000,500,13000,0.00014771041089498005,0.007518651802119547,-0.0002121787217375104,0.007523095313563457
13000,500,14000,0.0001394821382738609,0.007414689609667965,-0.00016926141491724334,0.007417932778152908
13000,500,15000,0.00013247603654403806,0.007322619459140189,-0.00013311468569154883,0.007325027314842159
13000,1000,500,0.009766910992013378,0.04326266251829728,-0.02311450080581301,0.05001330488979834
13000,1000,1000,0.0008899651923667262,0.01827301171118894,-0.002659254780226772,0.018486931357773562
13000,1000,2000,0.0003634033547806059,0.012728428766478738,-0.0010654999764586615,0.012778116099856922
13000,1000,3000,0.00025206028708105177,0.010830268713208078,-0.0006311176161034604,0.010851569666825775
13000,1000,4000,0.0002058525657967214,0.009837628576970465,-0.0004273288405372,0.009849056870341745
13000,1000,5000,0.00018050633619187684,0.009212630314069603,-0.0003099734213203309,0.009219610803230504
13000,1000,6000,0.00016429450015262304,0.00877554131628182,-0.00023431862491340993,0.008780206335532836
13000,1000,7000,0.00015287667627150725,0.008448690275481867,-0.0001817640840964252,0.008452027971524768
13000,1000,8000,0.00014430356755110174,0.008192766128980384,-0.00014334595997100852,0.008195290624988
13000,1000,9000,0.00013756987654467423,0.007985594060187697,-0.0001141817581523652,0.007987595097332633
13000,1000,10000,0.00013209789557822038,0.007813631952508683,-9.130076444507917e-05,0.007815281822997113
13000,1000,11000,0.000127542583480994,0.007668092608401731,-7.297748669854442e-05,0.007669500444956706
13000,1000,12000,0.00012367384902089995,0.0075429936724873406,-5.798669889245378e-05,0.007544230326637977
13000,1000,13000,0.00012033769872724087,0.007434101704818534,-4.5532351085064704e-05,0.007435215028115605
13000,1000,14000,0.00011742016628585317,0.007338323557283468,-3.4975223064726e-05,0.007339346251067633
13000,1000,15000,0.00011484557906554782,0.007253338319047896,-2.596989920589099e-05,0.0072542939500177565
13000,2000,500,0.0018730687093257703,0.027516280691641276,-0.000452252970106648,0.027583665859345383
13000,2000,1000,0.0006283042527664429,0.017581925326214595,-0.00041590670486268966,0.017598063609323054
13000,2000,2000,0.000280596693435331,0.012387966663468041,-0.00021734814058393948,0.012393050180394561
13000,2000,3000,0.0002060832849622718,0.010574450673664802,-0.0001364807155529446,0.010577339190733588
13000,2000,4000,0.00017540869157070538,0.009623314145925092,-9.441784100050477e-05,0.009625375737546028
13000,2000,5000,0.00015850174592971222,0.009024254295337413,-6.904953370612255e-05,0.009025910271462018
13000,2000,6000,0.00014753420907587245,0.008605503246478331,-5.224120444879965e-05,0.008606926374231338
13000,2000,7000,0.00013966987665736674,0.008292601439203889,-4.0371113302462014e-05,0.00829387582079218
13000,2000,8000,0.00013364902608598017,0.008047804454533316,-3.158353587728868e-05,0.008048976091424208
13000,2000,9000,0.00012883013519385256,0.007849805607020643,-2.4899607121375844e-05,0.007850902194154605
13000,2000,10000,0.00012484302621040833,0.0076855898193663695,-1.9519925685718142e-05,0.007686628498909007
13000,2000,11000,0.00012146963952391898,0.007546711720736823,-1.5207660980842697e-05,0.007547704547886404
13000,2000,12000,0.0001185638362070085,0.0074274232296624755,-1.1685090128055187e-05,0.007428378676206349
13000,2000,13000,0.00011602476276273421,0.007323658033039327,-8.739928195833357e-06,0.007324582248621451
13000,2000,14000,0.0001137815875179582,0.007232446474211348,-6.257366768736006e-06,0.007233344137162917
13000,2000,15000,0.00011178086829671807,0.00715156121557334,-4.117900345268488e-06,0.007152435930486428
13000,3000,500,0.001840243225714716,0.02719405619626654,0.0004265850078868372,0.027259588447084912
13000,3000,1000,0.000616833233547831,0.01734896851387774,-8.45772785506016e-05,0.017360136665636513
13000,3000,2000,0.00027611206013428147,0.012211179219979162,-7.615735433386117e-05,0.012214537885438878
13000,3000,3000,0.00020293496000617361,0.01041901786304568,-5.1966777420697774e-05,0.010421123565835555
13000,3000,4000,0.0001728115920810458,0.009481128961833205,-3.7080350708706966e-05,0.009482776238511518
13000,3000,5000,0.0001562218745947419,0.008891831510434711,-2.7487485737109907e-05,0.008893246226543696
13000,3000,6000,0.00014547280730686785,0.008480864709763839,-2.09081449036308e-05,0.008482138039050457
13000,3000,7000,0.00013777478353926842,0.00817444224777948,-1.616199161358356e-05,0.008175619191427293
13000,3000,8000,0.00013188854354698187,0.00793518351497565,-1.2601047590821146e-05,0.007936289485059164
13000,3000,9000,0.00012718087577159864,0.007742004639920746,-9.843995902647507e-06,0.00774305545143335
13000,3000,10000,0.00012329319188550403,0.007582039267872547,-7.653855877087778e-06,0.007583045513000457
13000,3000,11000,0.0001200058846693719,0.007446947556843871,-5.881188670953108e-06,0.007447916750012607
13000,3000,12000,0.00011717561428553624,0.00733105972079507,-4.416724501354885e-06,0.007331997426479527
13000,3000,13000,0.00011470428069121352,0.007230369516029637,-3.1890851178717483e-06,0.007231280009832522
13000,3000,14000,0.00011252189696198123,0.007141954576487716,-2.14712969581754e-06,0.007142841238616163
13000,3000,15000,0.00011057683139362173,0.007063625561128226,-1.2529724384702234e-06,0.007064491126288222
13000,4000,500,0.0018631473690763067,0.027012879051521613,0.0006514130509213123,0.027084890469299332
13000,4000,1000,0.0006218790380957406,0.017180765923159133,1.3617924432440809e-05,0.017192022472422342
13000,4000,2000,0.00027755734197365545,0.012070945189685,-3.038911204400474e-05,0.012074174064862315
13000,4000,3000,0.00020317317561660553,0.010291414326622155,-2.401055456902057e-05,0.010293447658011604
13000,4000,4000,0.00017249122019588614,0.009362167450077986,-1.7954253454632862e-05,0.00936377354166372
13000,4000,5000,0.00015560716521334506,0.008779637429118407,-1.3580930279366576e-05,0.008781026786105931
13000,4000,6000,0.0001446921981730631,0.008374281781423713,-1.0419366851421863e-05,0.008375538176744397
13000,4000,7000,0.0001368977833172691,0.008072654825971186,-8.069438224067582e-06,0.008073819545802738
13000,4000,8000,0.00013095551383338067,0.007837572569512416,-6.272090301351341e-06,0.00783866904953217
13000,4000,9000,0.00012621644557983536,0.0076480792440149605,-4.8620838601909355e-06,0.007649122194979417
13000,4000,10000,0.00012231292500752833,0.007491398694928394,-3.7317216581289614e-06,0.007492398066289943
13000,4000,11000,0.00011901975183134517,0.007359257978088184,-2.8085644084852035e-06,0.007360220891890041
13000,4000,12000,0.0001161902445969698,0.007246038761791819,-2.042438976723737e-06,0.007246970545123389
13000,4000,13000,0.00011372403825896105,0.007147775447370523,-1.3978655343249713e-06,0.007148680224834431
13000,4000,14000,0.00011154963927376138,0.007061578434391108,-8.489372368414294e-07,0.007062459488575783
13000,4000,15000,0.00010961440510875997,0.006985285222813745,-3.7648387996025434e-07,0.0069861452249153485
13000,5000,500,0.0018880665267091146,0.026860134280180758,0.0007052761907572203,0.026935645959654836
13000,5000,1000,0.0006289784382365049,0.017040547831032635,5.16396531954344e-05,0.017052230086157635
13000,5000,2000,0.00027986229441759325,0.011950957699276222,-1.082119545947613e-05,0.011954238994264649
13000,5000,3000,0.0002039633462309065,0.010180966611190466,-1.1792184114733928e-05,0.01018301631346955
13000,5000,4000,0.000172588439015825,0.009258486056665488,-9.52237950990753e-06,0.009260099432860465
13000,5000,5000,0.0001553340513671675,0.0086813695169024,-7.427531191872561e-06,0.008682762263515912
13000,5000,6000,0.0001442032995518927,0.008280560876763394,-5.7736330409952075e-06,0.008281818421109262
13000,5000,7000,0.00013627645118949316,0.007982852115523483,-4.48755279758295e-06,0.007984016489687173
13000,5000,8000,0.00013025038921371523,0.007751201264108394,-3.476736369911748e-06,0.007752296323561276
13000,5000,9000,0.0001254575453938922,0.007564747964605118,-2.66935009551883e-06,0.007565788689166747
13000,5000,10000,0.00012151954872891002,0.007410784892092849,-2.0138065950359163e-06,0.007411781416974728
13000,5000,11000,0.00011820469792681032,0.007281091099163222,-1.4734020729045838e-06,0.007282050680669528
13000,5000,12000,0.00011536220154240162,0.007170088802217349,-1.0217660331157674e-06,0.007171016867448657
13000,5000,13000,0.00011288900552661185,0.0070738447645514735,-6.396743819081507e-07,0.007074745514131543
13000,5000,14000,0.00011071181225935645,0.00698949567767689,-3.128712536826228e-07,0.006990372452990334
13000,5000,15000,0.00010877673959419631,0.006914900707498708,-3.061474662668928e-08,0.0069157562257919514
13000,6000,500,0.0019093307973774287,0.026721937618475848,0.0007080737762639178,0.02679941907303517
13000,6000,1000,0.0006359122860029598,0.016918743508399503,6.843119606880776e-05,0.01693082836624054
13000,6000,2000,0.00028217975530991923,0.01184568148808062,-1.099577171315147e-06,0.01184904200939606
13000,6000,3000,0.00020481746509001808,0.010083534260586464,-5.55860570150557e-06,0.010085615711324929
13000,6000,4000,0.0001727743627707723,0.00916669706373507,-5.176204186940758e-06,0.009168326610227725
13000,6000,5000,0.00015516208301855072,0.008594133039177257,-4.241953146189026e-06,0.00859553465243735
13000,6000,6000,0.00014382151139302746,0.008197165532031838,-3.365393928866922e-06,0.00819842781956068
13000,6000,7000,0.0001357645314047362,0.007902774922448303,-2.6320377201072276e-06,0.007903941447815
13000,6000,8000,0.00012965481275040158,0.007674033980751527,-2.0319851504746467e-06,0.007675129447583417
13000,6000,9000,0.0001248070169638238,0.007490160665755766,-1.5404361362048036e-06,0.00749120056888492
13000,6000,10000,0.00012083257052797336,0.007338504820688134,-1.134410580139189e-06,0.007339499628738375
13000,6000,11000,0.00011749359118093383,0.007210889043571094,-7.955384683233646e-07,0.007211846239039189
13000,6000,12000,0.00011463538131531448,0.007101769699868671,-5.097096346107222e-07,0.007102694868880823
13000,6000,13000,0.0001121523327229923,0.007007240909906646,-2.661753523147681e-07,0.007008138368072783
13000,6000,14000,0.00010996943057123287,0.006924461645058636,-5.6719503427338225e-08,0.006925334818820344
13000,6000,15000,0.00010803161118511095,0.006851309458961121,1.249893446519934e-07,0.006852161129679286
13000,7000,500,0.0019270652272776467,0.026595868213661687,0.0006938624060143228,0.026674617737975605
13000,7000,1000,0.000642261011610662,0.016811052565755318,7.613468377598576e-05,0.016823489057436847
13000,7000,2000,0.00028432592588178984,0.01175211682102615,4.18698032045306e-06,0.011755556496311798
13000,7000,3000,0.00020562205417987145,0.009996664336672822,-2.0549000331326894e-06,0.009998779051058462
13000,7000,4000,0.00017296697900401337,0.009084674399602394,-2.7025042230732765e-06,0.009086321248236051
13000,7000,5000,0.00015502703813258245,0.008516033846872332,-2.418995595609985e-06,0.008517445140132517
13000,7000,6000,0.00014349416589770625,0.0081223811939274,-1.984734272486577e-06,0.008123648858381455
13000,7000,7000,0.00013531757154627844,0.007830854893247266,-1.5687459561375405e-06,0.007832024110357915
13000,7000,8000,0.00012913054986024575,0.007604625145620633,-1.2059882499304564e-06,0.00760572151467042
13000,7000,9000,0.0001242315472825828,0.007422977062161858,-8.976760160761543e-07,0.007424016618283094
13000,7000,10000,0.00012022270145101155,0.007273309841484943,-6.368607468054677e-07,0.007274303399898681
13000,7000,11000,0.00011686051457959756,0.007147483844163591,-4.155442377973273e-07,0.007148439120194307
13000,7000,12000,0.00011398674697174482,0.007039985130064824,-2.2659843390560042e-07,0.007040907871955568
13000,7000,13000,0.00011149347822167477,0.006946931643044157,-6.413250208670007e-08,0.006947826282581274
13000,7000,14000,0.00010930414095550178,0.006865501768731795,7.659434464457604e-08,0.0068663718176017905
13000,7000,15000,0.00010736260423011013,0.0067935890841484365,1.9936720119240192e-07,0.006794437387510105
13000,8000,500,0.001941982303809875,0.026480815177871837,0.0006742134453434634,0.026560486281745673
13000,8000,1000,0.0006479820420723093,0.016714842955559667,7.944851444685597e-05,0.016727587029285444
13000,8000,2000,0.00028626893975530754,0.011668243000757996,7.223845908344018e-06,0.01167175637230988
13000,8000,3000,0.00020635145322653314,0.009918622179524321,4.51625350450513e-08,0.009920768461386453
13000,8000,4000,0.0001731433971977614,0.009010868363486649,-1.19663712450091e-06,0.009012531760388872
13000,8000,5000,0.0001549077979943747,0.008445661291601882,-1.3017735841502898e-06,0.008447081908739627
13000,8000,6000,0.00014320155277852686,0.008054909610050197,-1.1364756239418128e-06,0.008056182520423307
13000,8000,7000,0.00013491710039012506,0.007765888283721264,-9.156027128698341e-07,0.00776706020947084
13000,8000,8000,0.0001286602654269331,0.007541852403857532,-6.997916225381928e-07,0.007542949796676343
13000,8000,9000,0.0001237148591052839,0.007362146006733192,-5.055255121177993e-07,0.0073631854143690395
13000,8000,10000,0.00011967465415196887,0.007214211812012726,-3.35420944574949e-07,0.007215204377142587
13000,8000,11000,0.0001162911079799489,0.007089943581750321,-1.8774051158132465e-07,0.007090897238674686
13000,8000,12000,0.0001134028066398507,0.0069838536867660546,-5.960742432975508e-08,0.006984774335528862
13000,8000,13000,0.00011089976270767243,0.006892081196543674,5.189151064399766e-08,0.006892973377274297
13000,8000,14000,0.00010870402416995883,0.0068118217142934066,1.4935560999074227e-07,0.006812689017891321
13000,8000,15000,0.00010675851033675743,0.006740983022240698,2.3499431933693415e-07,0.006741828352968428
13000,9000,500,0.00195470351722396,0.026375767258326282,0.0006534368494637288,0.026456170244800768
13000,9000,1000,0.0006531238088867963,0.016628246399941697,8.050372742740564e-05,0.016641262869657412
13000,9000,2000,0.0002880177167414455,0.011592555525656863,9.021689805766009e-06,0.011596136391552204
13000,9000,3000,0.00020700472864065844,0.009848082189866967,1.3597620449612435e-06,0.009850257642569932
13000,9000,4000,0.00017329815604869014,0.008944074989200329,-2.355877473103618e-07,0.008945753725585695
13000,9000,5000,0.00015479654053898728,0.008381906225582119,-5.827767323163258e-07,0.0083833355105855
13000,9000,6000,0.00014293458638781065,0.007993720285100519,-5.887959177997004e-07,0.007994998101256435
13000,9000,7000,0.00013455338660889327,0.007706912016091014,-4.938586174452197e-07,0.007708086512326669
13000,9000,8000,0.00012823395208483301,0.007484811606778177,-3.7371472538794137e-07,0.007485910023176294
13000,9000,9000,0.000123246897937912,0.007306815528854085,-2.541420542900852e-07,0.007307854886021117
13000,9000,10000,0.00011917847116563185,0.007160405390235221,-1.4370522016804443e-07,0.0071613971319254574
13000,9000,11000,0.0001157756018713707,0.007037504878262265,-4.461743718930933e-08,0.00703845713942655
13000,9000,12000,0.00011287403524457007,0.006932649972698001,4.3286766282513156e-08,0.006933568792018706
13000,9000,13000,0.00011036193927743687,0.006841998712662599,1.210061553180708e-07,0.006842888728918528
13000,9000,14000,0.00010816012998191016,0.00676276216348883,1.897545108819898e-07,0.006763627039513681
13000,9000,15000,0.000106210684172936,0.006692860860059832,2.5071668630083366e-07,0.0066937035536698344
13000,10000,500,0.0019656973755791673,0.02627973075057105,0.0006332390139968114,0.026360751243917846
13000,10000,1000,0.0006577534644272298,0.01654983505699353,8.034390369848765e-05,0.016563095579526177
13000,10000,2000,0.0002895917460148112,0.011523876748084468,1.0094605575106108e-05,0.011527519272829844
13000,10000,3000,0.0002075881519687517,0.009783991142954689,2.2064323389470175e-06,0.009786193355671921
13000,10000,4000,0.0001734314460094255,0.008883328189652965,3.986556820212428e-07,0.008885021010131281
13000,10000,5000,0.00015469017973049337,0.008323871954378023,-1.033290825125377e-07,0.008325309205985263
13000,10000,6000,0.00014268828581140425,0.007937974964431984,-2.2206515504219482e-07,0.00793925730356245
13000,10000,7000,0.0001342203230441652,0.007653138498322172,-2.1133496530545415e-07,0.007654315385080595
13000,10000,8000,0.00012784483738031982,0.0074327598452892975,-1.558221673914062e-07,0.007433859242982095
13000,10000,9000,0.00012282051634479596,0.007256282579426546,-8.706919285561554e-08,0.007257321941274579
13000,10000,10000,0.00011872681893590475,0.007111223376880813,-1.7435779930963236e-08,0.007112214421242852
13000,10000,11000,0.00011530660200625986,0.006989532981075796,4.82965001324942e-08,0.0069904840253265065
13000,10000,12000,0.00011239306209887001,0.006885768751830934,1.0850693255015642e-07,0.006886685960305803
13000,10000,13000,0.00010987271755227845,0.006796105922135296,1.629205435005332e-07,0.006796994022763877
13000,10000,14000,0.00010766528630926087,0.006717769576437808,2.1182227472049675e-07,0.00671863229689333
13000,10000,15000,0.0001057120969259473,0.00664869181080337,2.5570592243617796e-07,0.006649532157066825
13000,11000,500,0.0019753109046134754,0.0261917632066796,0.0006142651605128835,0.02627332553621791
13000,11000,1000,0.0006619361688686987,0.01647847337613049,7.95151093768709e-05,0.016491954612844324
13000,11000,2000,0.0002910118222916591,0.011461258163893786,1.0723837765014288e-05,0.011464957112036307
13000,11000,3000,0.00020810964910561447,0.0097254928335948,2.7606912259559024e-06,0.009727719573660145
13000,11000,4000,0.00017354525411128474,0.008827837461140332,8.270471739679763e-07,0.008829543186345722
13000,11000,5000,0.00015458747205490675,0.008270820939514662,2.2472383243155036e-07,0.008272265490815157
13000,11000,6000,0.0001424595014869745,0.007886981106832692,3.0188564981159516e-08,0.007888267597515382
13000,11000,7000,0.0001339135884330378,0.007603914461557501,-1.6847235939643213e-08,0.007605093555514893
13000,11000,8000,0.0001274878692529846,0.007385078680752008,-6.224008530786307e-09,0.007386179003906095
13000,11000,9000,0.0001224302107578623,0.007209959941524379,2.693556211408321e-08,0.007210999342367045
13000,11000,10000,0.00011831392599978563,0.007066106758688352,6.78199532089252e-08,0.007067097205703784
13000,11000,11000,0.00011487819288569234,0.006945494506291901,1.0994700849753514e-07,0.006946444482483107
13000,11000,12000,0.0001119539126786806,0.006842700042976124,1.5049323254245905e-07,0.006843615826400378
13000,11000,13000,0.00010942612293404763,0.00675391430044496,1.8831545389730309e-07,0.006754800699472785
13000,11000,14000,0.0001072135595274748,0.006676375170772872,2.2305952096512982e-07,0.0066772359714192065
13000,11000,15000,0.00010525688444879,0.006608025313907522,2.5474040998840763e-07,0.006608863565383927
13000,12000,500,0.001983802643953786,0.026110999024095624,0.0005967102006307901,0.026193048811278492
13000,12000,1000,0.0006657298619087704,0.016413238013420726,7.832569534338418e-05,0.016426920382371958
13000,12000,2000,0.0002922971704261701,0.011403921562461037,1.1072485058161163e-05,0.011407672297122156
13000,12000,3000,0.00020857695122505904,0.009671880354746882,3.1252903831546774e-06,0.009674129609869872
13000,12000,4000,0.00017364199368663513,0.008776947092265739,1.1206845648148445e-06,0.008778664651206206
13000,12000,5000,0.0001544879245722608,0.008222139021011026,4.532809770863011e-07,0.008223590262478696
13000,12000,6000,0.0001422460094434863,0.007840160027010651,2.0710896819764457e-07,0.00784145032626187
13000,12000,7000,0.00013362987815926375,0.00755869230437844,1.1972701663420793e-07,0.0075598734322038265
13000,12000,8000,0.00012715905312316034,0.007341248175591367,9.852341509297702e-08,0.007342349365844806
13000,12000,9000,0.0001220715448760623,0.0071673525555521495,1.0619511403575643e-07,0.0071683920183626786
13000,12000,10000,0.0001179350784555333,0.00702458301868682,1.2634825474755473e-07,0.007025572950665122
13000,12000,11000,0.00011448549463996538,0.006904937483239633,1.5136567799167722e-07,0.006905886517952797
13000,12000,12000,0.00011155161861819973,0.006803010691195605,1.7760334569683067e-07,0.006803925209735995
13000,12000,13000,0.00010901715306993465,0.0067150079923984285,2.0331658823202758e-07,0.006715892875781736
13000,12000,14000,0.00010679995194856629,0.006638179052167945,2.2770348928613515e-07,0.0066390381389344645
13000,12000,15000,0.00010484008121575128,0.006570476245685515,2.504405063330495e-07,0.006571312623857382
13000,13000,500,0.0019913687119515744,0.02603666198248192,0.0005805762863999586,0.02611915743972782
13000,13000,1000,0.0006691842419251082,0.01635336434151787,7.694719428252839e-05,0.01636723109468358
13000,13000,2000,0.0002934647058793205,0.011351219864224322,1.1239212060032422e-05,0.011355018285297712
13000,13000,3000,0.00020899701540316729,0.009622563230722006,3.363211639628716e-06,0.009624833203379844
13000,13000,4000,0.00017372400746107353,0.00873010742202099,1.3233464196682476e-06,0.008731835854048109
13000,13000,5000,0.00015439135145109417,0.00817730977908196,6.143571295025296e-07,0.008178767161981506
13000,13000,6000,0.00014204610932339046,0.007797023757479537,3.3285157297058277e-07,0.007798317554618073
13000,13000,7000,0.00013336653761805706,0.007517009044399278,2.1696569840745639e-07,0.007518192046896042
13000,13000,8000,0.00012685511671273186,0.007300827630354079,1.728592470273682e-07,0.007301929631176822
13000,13000,9000,0.00012174084299707011,0.007128039803929133,1.6197039565124527e-07,0.007129079344872388
13000,13000,10000,0.00011758633933878215,0.00698624977614524,1.669019600303301e-07,0.006987239262380012
13000,13000,11000,0.00011412440626915044,0.006867476190547076,1.7928147888479629e-07,0.006868424392826867
13000,13000,12000,0.00011118198285620107,0.0067663302662294604,1.9490255753762398e-07,0.006767243659200671
13000,13000,13000,0.00010864156310674833,0.006679030659161766,2.116000042962085e-07,0.006679914189570978
13000,13000,14000,0.00010642020556622667,0.006602837912383076,2.2825437673290594e-07,0.006603695466135315
13000,13000,15000,0.00010445744106474253,0.006535713384033274,2.4429950173932014e-07,0.006536548084035466
13000,14000,500,0.0019981603929039027,0.02596806388615873,0.0005657828233412987,0.026050971136496605
13000,14000,1000,0.0006723417760982064,0.016298213640070596,7.54862158534042e-05,0.016312250288971597
13000,14000,2000,0.0002945290231537445,0.011302609362178407,1.1285972559726964e-05,0.01130645183568477
13000,14000,3000,0.00020937590418651508,0.009577043578304847,3.514535894755255e-06,0.00957933266579497
13000,14000,4000,0.00017379340058323867,0.008686853664985462,1.4630359262968184e-06,0.008688592111696335
13000,14000,5000,0.00015429768586180947,0.008135895423480241,7.284731188272886e-07,0.008137358456424427
13000,14000,6000,0.00014185842849853691,0.007757157637675465,4.229076409068e-07,0.00775845465336582
13000,14000,7000,0.00013312136621973503,0.007478470352287367,2.867770305670092e-07,0.007479655084990645
13000,14000,8000,0.00012657331840876251,0.007263440868900368,2.2602632498980313e-07,0.007264543627237228
13000,14000,9000,0.00012143500533179363,0.007091661892707783,2.0145388857084612e-07,0.007092701523509031
13000,14000,10000,0.00011726437231826536,0.0069507621371722025,1.9505350656867648e-07,0.006951751236818514
13000,14000,11000,0.00011379143841999673,0.006832779368659335,1.9795843286818382e-07,0.0068337268332456695
13000,14000,12000,0.00011084142172607114,0.0067323400457653,2.0557861934999977e-07,0.00673325243510504
13000,14000,13000,0.00010829571704401575,0.006645675153884796,2.1545432604686e-07,0.006646557474340558
13000,14000,14000,0.00010607066243573104,0.006570055329323033,2.2623953654932194e-07,0.006570911509598944
13000,14000,15000,0.00010410530626664416,0.006503450273715785,2.3719268160693474e-07,0.006504283468126767
13000,15000,500,0.0020042967009143986,0.025904600072285087,0.000552221479434456,0.025987890617221662
13000,15000,1000,0.0006752385617875001,0.01624724642740131,7.400662716117168e-05,0.016261440298106847
13000,15000,2000,0.0002955026246247716,0.011257629234154076,1.1252881710777096e-05,0.011261512527284575
13000,15000,3000,0.00020971883001671965,0.00953489822486666,3.6055744898622066e-06,0.009537204996559337
13000,15000,4000,0.00017385200258310252,0.008646789852104701,1.5582422709936594e-06,0.008648537546509351
13000,15000,5000,0.00015420689903389295,0.008097522176508092,8.092101996259871e-07,0.008098990419896245
13000,15000,6000,0.0001416818180810797,0.007720206903604771,4.875366211853915e-07,0.007721506887242508
13000,15000,7000,0.00013289250149184362,0.00744273817980447,3.37044083309479e-07,0.0074439245122227445
13000,15000,8000,0.0001263113260998594,0.007228764774571546,2.6413501930111494e-07,0.007229868241327419
13000,15000,9000,0.00012115138565504946,0.0070579091901623505,2.2938971344643733e-07,0.007058948919452806
13000,15000,10000,0.00011696632070057333,0.006917822747496067,2.1446602238572865e-07,0.006918811511520454
13000,15000,11000,0.00011348359531310193,0.006800560911839356,2.1018575691034158e-07,0.006801507721543847
13000,15000,12000,0.0001105268507551882,0.006700764282188191,2.1170140085402522e-07,0.006701675775132991
13000,15000,13000,0.00010797647795768306,0.006614675307280297,2.163480988803812e-07,0.006615556544036363
13000,15000,14000,0.00010574815958666606,0.006539574022624378,2.2261824439429034e-07,0.006540428970656163
13000,15000,15000,0.00010378050723128251,0.006473437909118404,2.2964293977523198e-07,0.006474269751070642
14000,500,500,0.0632410975829783,0.10337289910217617,-0.054200477865300245,0.1327519660612052
14000,500,1000,0.004522780784131097,0.022189747226526117,-0.01671073426239822,0.028144076953897756
14000,500,2000,0.0011573832656860128,0.01321130810400827,-0.005150549173694174,0.014226958727478138
14000,500,3000,0.0006549110820557313,0.010887341465764208,-0.002907251139457112,0.011287835129262954
14000,500,4000,0.00045679850774141273,0.009734263382352644,-0.0019372533566966998,0.009935668021915735
14000,500,5000,0.0003523405717053285,0.009026977924747976,-0.001399956186476925,0.009141682102130434
14000,500,6000,0.0002883611970215527,0.008540608803614892,-0.0010612866861527959,0.008611125382116851
14000,500,7000,0.00024536948440834205,0.008181270113475737,-0.0008298539523956538,0.008226909774382894
14000,500,8000,0.00021459056045669556,0.00790245010735148,-0.0006626122336562679,0.007933084001824731
14000,500,9000,0.00019151951687418345,0.0076783183794730155,-0.0005367182659806735,0.007699436301375194
14000,500,10000,0.00017358404027092988,0.0074932937151106,-0.0004387236364533642,0.007508132960272857
14000,500,11000,0.00015926485518114042,0.0073373716292866615,-0.0003606077025434251,0.0073479538400489635
14000,500,12000,0.00014757198840145702,0.00720380173716365,-0.0002970217820343901,0.0072114325136636796
14000,500,13000,0.00013785275432648403,0.007087845233848272,-0.0002444148256438572,0.007093397778769747
14000,500,14000,0.00012967707935457318,0.006986064744434049,-0.0002004740589680587,0.006990143532621732
14000,500,15000,0.0001226897462924259,0.006895896245937321,-0.00016316540534389024,0.006898917361302335
14000,1000,500,0.010251295296545865,0.04380596890614939,-0.023998251681583316,0.05098988184763843
14000,1000,1000,0.0008691922598872415,0.017766657503038262,-0.002693485329768208,0.01799067750910427
14000,1000,2000,0.00034392362224522355,0.012232878502264729,-0.0010852445041201753,0.012285737891670645
14000,1000,3000,0.00023377681537423145,0.010346643434920276,-0.0006468543160720319,0.01036947937338256
14000,1000,4000,0.0001884944371871311,0.00936427256307137,-0.00044091388628775263,0.009376541784872667
14000,1000,5000,0.0001638932975285834,0.008747917306719272,-0.00032216440478050057,0.008755381666259953
14000,1000,6000,0.0001482966616158099,0.008318093430092863,-0.00024550427643366124,0.008323036859304881
14000,1000,7000,0.0001373967824107869,0.00799737106960146,-0.00019218938525189522,0.008000859870071387
14000,1000,8000,0.00012926622850140124,0.007746641078137366,-0.00015318087909521605,0.007749233648112348
14000,1000,9000,0.0001229139483296393,0.007543891614301042,-0.00012353357087557804,0.007545904125427836
14000,1000,10000,0.00011777671594256911,0.00737571165324914,-0.00010029475101269725,0.007377333717799004
14000,1000,11000,0.00011351222650507475,0.007233418869087276,-8.162954343315931e-05,0.007234769999356932
14000,1000,12000,0.00010990237735025721,0.007111116152401103,-6.63792520052553e-05,0.00711227514024759
14000,1000,13000,0.00010679446616151944,0.007004639123751744,-5.367597575212102e-05,0.007005658814299285
14000,1000,14000,0.00010408767291830712,0.0069109515411245005,-4.301094327618937e-05,0.006911869167502099
14000,1000,15000,0.00010169488013286876,0.006827778966923493,-3.3801159993074315e-05,0.006828619918272283
14000,2000,500,0.0018465495990879766,0.02703821836977424,-0.00048745915352421676,0.02710558271758502
14000,2000,1000,0.0006039789282756003,0.01709505893849472,-0.0004263661648172823,0.0171110379218477
14000,2000,2000,0.0002595180334723779,0.011909901289186179,-0.0002227241576623351,0.011914810295521385
14000,2000,3000,0.0001867704532424186,0.010106804145055381,-0.00014061545363008854,0.010109507699908668
14000,2000,4000,0.00015730184900947242,0.00916473496029115,-9.796898862102221e-05,0.009166608352428723
14000,2000,5000,0.00014130249779809034,0.008573312135370641,-7.220508672878267e-05,0.008574780518527982
14000,2000,6000,0.00013105557318837668,0.008160969155780412,-5.513508833376868e-05,0.008162207605962285
14000,2000,7000,0.0001237808665306428,0.007853457933303332,-4.306208309901027e-05,0.00785455139114163
14000,2000,8000,0.0001182534498415655,0.007613214114124546,-3.4126110747378924e-05,0.00761420892918886
14000,2000,9000,0.00011385248501358247,0.007419077275192279,-2.728393767492676e-05,0.007420000971487356
14000,2000,10000,0.0001102290310684706,0.007258149873684116,-2.1900233163507643e-05,0.007259019882075242
14000,2000,11000,0.00010716729478807419,0.00712208105629164,-1.7457410106502813e-05,0.007122908686950021
14000,2000,12000,0.00010453573511409742,0.00700519913160265,-1.3859852831088482e-05,0.007005992769682457
14000,2000,13000,0.00010223914315191096,0.0069034999283318875,-1.086612840051071e-05,0.006904265505875135
14000,2000,14000,0.00010021069017157602,0.006814064694480965,-8.324910878321212e-06,0.006814806611132686
14000,2000,15000,9.840213199385772e-05,0.006734708082142246,-6.149891277784647e-06,0.006735429737768463
14000,3000,500,0.0018100794087090588,0.02674039819704228,0.00040760878403411915,0.02680469041274374
14000,3000,1000,0.0005913179173384631,0.01688126336067083,-9.062358616429567e-05,0.0168918596420306
14000,3000,2000,0.0002546936161145763,0.011749025693454082,-7.890635041840621e-05,0.011752050876152215
14000,3000,3000,0.00018354172239204436,0.009965712895933135,-5.398174360893293e-05,0.00996754910279702
14000,3000,4000,0.0001547358064772908,0.009035753002091942,-3.8764734976659554e-05,0.009037160958470174
14000,3000,5000,0.00013911056380916387,0.008453184942025762,-2.8977129445939553e-05,0.008454379166271484
14000,3000,6000,0.00012911227961898142,0.00804787579910919,-2.2264725177523204e-05,0.008048942202340816
14000,3000,7000,0.00012202084386583878,0.007746211011215665,-1.7421327362154848e-05,0.00774719159562119
14000,3000,8000,0.00011663708284670449,0.0075109642485211335,-1.3785203236693633e-05,0.007511882466032459
14000,3000,9000,0.00011235330633829754,0.007321179621128556,-1.0969194263577009e-05,0.007322049892857601
14000,3000,10000,0.0001088282182539202,0.007164094699836374,-8.73097559117575e-06,0.007164926564818841
14000,3000,11000,0.00010585452408140572,0.007031453722582444,-6.917195035760493e-06,0.007032253869185482
14000,3000,12000,0.00010329807804054791,0.00691765511628906,-5.420525506671936e-06,0.006918428447483131
14000,3000,13000,0.00010106763345091307,0.006818748271846529,-4.165360022234665e-06,0.0068194985161348564
14000,3000,14000,9.909857000509059e-05,0.006731856482487624,-3.0994307371745577e-06,0.006732586563413693
14000,3000,15000,9.734351630852345e-05,0.006654828122288943,-2.184816221939556e-06,0.006655540389089154
14000,4000,500,0.0018309531787582822,0.026580622791238462,0.0006391699856350685,0.026651274562081405
14000,4000,1000,0.00059555282369117,0.01672894942278651,9.446699883008947e-06,0.016739549611506706
14000,4000,2000,0.00025595470561731726,0.011622011292012631,-3.214345432767107e-05,0.011624873869623398
14000,4000,3000,0.00018378829195542234,0.009850045198803479,-2.5243146590248067e-05,0.009851792008116143
14000,4000,4000,0.00015450438390790522,0.008927802630222807,-1.8965062095310792e-05,0.00892915959552971
14000,4000,5000,0.0001386232925598696,0.008351270456830925,-1.4465296400811845e-05,0.008352433412196538
14000,4000,6000,0.00012847858160375258,0.0079509720655658,-1.1220073581785783e-05,0.007952017946621459
14000,4000,7000,0.00012130060595516579,0.007653599663248413,-8.809830225997572e-06,0.007654565909010773
14000,4000,8000,0.00011586547844127937,0.007422101583656412,-6.966641581951372e-06,0.007423009178312012
14000,4000,9000,0.00011155201133564163,0.007235634566559515,-5.520560278693409e-06,0.007236496521702316
14000,4000,10000,0.00010801110263580771,0.007081514954754033,-4.361020693788298e-06,0.007082339971450051
14000,4000,11000,0.00010503059584746066,0.006951545187718514,-3.4137014207624716e-06,0.006952339431897288
14000,4000,12000,0.00010247334701438127,0.0068401683865579035,-2.627681521261138e-06,0.0068409364306375965
14000,4000,13000,0.00010024615411147186,0.006743469244651634,-1.96610872427172e-06,0.006744214602943781
14000,4000,14000,9.828305392781123e-05,0.006658599541375708,-1.4026691186330709e-06,0.006659324994215165
14000,4000,15000,9.653574671689147e-05,0.006583431024495922,-9.177219025824357e-07,0.006584138823483531
14000,5000,500,0.0018544790147901336,0.026445623816928127,0.0006971696978406161,0.026519731466784508
14000,5000,1000,0.0006020447514455407,0.016601875977705325,4.8525232074769775e-05,0.016612859433583375
14000,5000,2000,0.0002581429813221514,0.011513015524168942,-1.2069277458337524e-05,0.011515915505335185
14000,5000,3000,0.00018461277560519185,0.009749543107960376,-1.2641391951784264e-05,0.00975129901580732
14000,5000,4000,0.00015469777647589278,0.008833314696200578,-1.0207547957108432e-05,0.008834675099752961
14000,5000,5000,0.00013847506114220143,0.008261604206996894,-8.021820847581296e-06,0.008262768529084958
14000,5000,6000,0.00012812850816773524,0.007865370161427871,-6.308979868085984e-06,0.007866416242108739
14000,5000,7000,0.00012082473513511105,0.00757151400431041,-4.980980180424588e-06,0.00757247962983412
14000,5000,8000,0.00011530859188299547,0.0073431075666513254,-3.938571763173471e-06,0.007344013910602398
14000,5000,9000,0.0001109420065749378,0.007159389944601368,-3.1064320610285634e-06,0.00716025014630091
14000,5000,10000,0.00010736609583794632,0.007007736701285489,-2.4309457600235618e-06,0.007008559556897295
14000,5000,11000,0.00010436272905556265,0.00687999499425194,-1.874138866320152e-06,0.006880786743719367
14000,5000,12000,0.00010179094943321698,0.006770642863349379,-1.4087978399413004e-06,0.006771408137538436
14000,5000,13000,9.95550551041724e-05,0.0066757929381883515,-1.0151030604976796e-06,0.006676535298565902
14000,5000,14000,9.758738352602658e-05,0.006592619763088481,-6.783752448669134e-07,0.006593342028006832
14000,5000,15000,9.583846037888866e-05,0.006519013908165059,-3.875547630594056e-07,0.006519718360139185
14000,6000,500,0.0018747026334251793,0.026322070403658988,0.0007027361697697909,0.026398101038204516
14000,6000,1000,0.0006085079271516414,0.01649103077751013,6.600638010778592e-05,0.016502385731899726
14000,6000,2000,0.0002603850618822512,0.011416950723518077,-2.0427512131826475e-06,0.011419919806046095
14000,6000,3000,0.0001855124586542245,0.009660460624307681,-6.18606960789414e-06,0.009662243663537589
14000,6000,4000,0.00015497780787307458,0.008749256463705966,-5.676230548590233e-06,0.008750630777734083
14000,6000,5000,0.00013841908380302081,0.008181613838750124,-4.672711724995615e-06,0.008182785997655278
14000,6000,6000,0.00012787290596438794,0.007788828177031457,-3.7518747337816905e-06,0.007789878685060696
14000,6000,7000,0.00012044352774348566,0.007497965307546431,-2.9873464143514994e-06,0.007498933212183165
14000,6000,8000,0.00011484533464314883,0.007272196025598768,-2.3639555405408075e-06,0.0072731031942293795
14000,6000,9000,0.00011042385139264921,0.007090826607796541,-1.854191770123137e-06,0.007091686601001126
14000,6000,10000,0.00010681071330329028,0.0069412815972021745,-1.4335238986973309e-06,0.006942103484904608
14000,6000,11000,0.00010378200543109672,0.006815445512116926,-1.0826201354285914e-06,0.006816235721081865
14000,6000,12000,0.00010119308910316871,0.006707825776071045,-7.867362620261886e-07,0.006708589069421327
14000,6000,13000,9.894583724917583e-05,0.00661455864499373,-5.34684853281675e-07,0.006615298680532733
14000,6000,14000,9.69709443543465e-05,0.0065328379831525295,-3.1793503074695195e-07,0.006533557651023833
14000,6000,15000,9.521779685034426e-05,0.006460570372804479,-1.2992233888731164e-07,0.006461272010036093
14000,7000,500,0.0018916225737353465,0.026208157341708126,0.0006905061729511885,0.02628540557008924
14000,7000,1000,0.0006144850761075349,0.016392559656575812,7.421259471518393e-05,0.01640424065637816
14000,7000,2000,0.0002624839562050951,0.011331171582303897,3.4470888912174757e-06,0.01133421188867132
14000,7000,3000,0.00018636801645838252,0.009580657921372231,-2.539826311376281e-06,0.009582470751044785
14000,7000,4000,0.0001552599685582523,0.00867378487284478,-3.0855868361490124e-06,0.008675174880028285
14000,7000,5000,0.00013839041314939182,0.008109663607303544,-2.7473914978592973e-06,0.008110844794362375
14000,7000,6000,0.0001276593853981045,0.007719869071525005,-2.2785201564401447e-06,0.007720924853398243
14000,7000,7000,0.00012011339471162952,0.007431604688683787,-1.8383391167109409e-06,0.0074325755196934734
14000,7000,8000,0.00011443867568713961,0.007208125114333134,-1.4575531549487764e-06,0.007209033638348089
14000,7000,9000,0.00010996562629977946,0.007028794164228433,-1.1352098508998765e-06,0.007029654410478554
14000,7000,10000,0.0001063171558234044,0.006881078665613616,-8.631314724061312e-07,0.006881900005447709
14000,7000,11000,0.00010326403564137054,0.006756895565825181,-6.325639749782397e-07,0.006757684629269268
14000,7000,12000,0.00010065825031485565,0.006650777883561028,-4.358846782404058e-07,0.006651539575903943
14000,7000,13000,9.839945163050978e-05,0.0065588824994004345,-2.66862888675945e-07,0.006559620580813975
14000,7000,14000,9.641683100175547e-05,0.006478420163228318,-1.2051499664877952e-07,0.0064791375993373925
14000,7000,15000,9.465873332148433e-05,0.006407311459300151,7.123015510757114e-09,0.006408010643899071
14000,8000,500,0.0019058831674908516,0.026103277913839033,0.0006723361533959027,0.026181396914572854
14000,8000,1000,0.0006199091926215872,0.01630417413714865,7.790590404799236e-05,0.01631614081305531
14000,8000,2000,0.00026439960683161123,0.011253931554033193,6.629552690928797e-06,0.011257038976832475
14000,8000,3000,0.00018715076910841288,0.009508643646902112,-3.4119903835616583e-07,0.009510485241593435
14000,8000,4000,0.00015552067716156914,0.008605571130322082,-1.5002208000325368e-06,0.008606976438373706
14000,8000,5000,0.00013836845208087256,0.008044545520955779,-1.561217400469772e-06,0.008045735572628564
14000,8000,6000,0.00012746943119165688,0.007657381773124074,-1.3681570132373366e-06,0.007658442788655845
14000,8000,7000,0.00011981744162598007,0.007371402212055224,-1.1279656221274692e-06,0.007372376012081647
14000,8000,8000,0.00011407306930116823,0.0071499346015742775,-8.978004496507097e-07,0.007150844584940618
14000,8000,9000,0.00010955295337286564,0.0069723932973751995,-6.923807759351419e-07,0.006973253947926066
14000,8000,10000,0.00010587208127357806,0.00682628246934459,-5.133285065905824e-07,0.006827103449661549
14000,8000,11000,0.00010279641010979557,0.006703547806823813,-3.5829807354392784e-07,0.00670433594240931
14000,8000,12000,0.00010017487126401381,0.006598745063104837,-2.2401675703331847e-07,0.0065995053953206775
14000,8000,13000,9.790511223373155e-05,0.006508049459654051,-1.0730051613894176e-07,0.00650878584620959
14000,8000,14000,9.591497069577626e-05,0.00642868676882539,-5.3572742908514215e-09,0.00642940224696689
14000,8000,15000,9.41518551318965e-05,0.006358590031027348,8.416407382139113e-08,0.006359287048214504
14000,9000,500,0.0019180653703736172,0.02600681962585309,0.0006527044037227814,0.026085621803118342
14000,9000,1000,0.0006248114709246355,0.01622427116454085,7.926536076541257e-05,0.01623649122169467
14000,9000,2000,0.00026613541898007353,0.011183938848602519,8.53664445865654e-06,0.011187108165420363
14000,9000,3000,0.00018785802923620976,0.009443281769374354,1.0452687321249599e-06,0.009445150200369143
14000,9000,4000,0.00015575441012183333,0.008543584096143577,-4.821287550305087e-07,0.008545003737658517
14000,9000,5000,0.0001383461912897177,0.007985309649507048,-7.931868638566542e-07,0.007986508028938565
14000,9000,6000,0.0001272952528898197,0.0076004834733080645,-7.765495457778826e-07,0.007601549428403824
14000,9000,7000,0.00011954750312370699,0.0073165325173291836,-6.658816452675964e-07,0.007317509147656516
14000,9000,8000,0.00011374022232452097,0.007096849330475515,-5.340643741691409e-07,0.007097760741450077
14000,9000,9000,0.00010917756632158881,0.0069208933247006,-4.0542516199781886e-07,0.006921754424800319
14000,9000,10000,0.00010546734810942815,0.006776202106184652,-2.877134384071667e-07,0.006777022829248664
14000,9000,11000,0.00010237117365960446,0.006654747174024763,-1.8264570056381046e-07,0.0066555345270493844
14000,9000,12000,9.973522100148458e-05,0.006551104732479697,-8.973413856416812e-08,0.006551863882764836
14000,9000,13000,9.745533434646347e-05,0.00646146651659566,-7.760108222676365e-09,0.00646220141185182
14000,9000,14000,9.5458136268739e-05,0.006383071828467331,6.464628576896558e-08,0.006383785571847814
14000,9000,15000,9.369019671454093e-05,0.006313864925202978,1.2878440902586163e-07,0.006314560013433577
14000,10000,500,0.0019286103049707959,0.025918094182708303,0.0006334126432677722,0.025997468248828173
14000,10000,1000,0.0006292465006974557,0.01615162799367894,7.935090137078937e-05,0.01616407543196893
14000,10000,2000,0.00026770699552286503,0.01112018222090751,9.694666338599944e-06,0.011123408364714243
14000,10000,3000,0.0001884949984563844,0.009383667966291113,1.9464857033968386e-06,0.009385561179537837
14000,10000,4000,0.00015596154741212565,0.00848699394082204,1.947663839096947e-07,0.00848842683856998
14000,10000,5000,0.00013832138339772704,0.007931185302482161,-2.7738910046704035e-07,0.00793239139127406
14000,10000,6000,0.0001271330651382574,0.0075484532432332435,-3.7742398173445935e-07,0.00754952378127116
14000,10000,7000,0.00011929886734834971,0.007266317834078488,-3.5371064821543285e-07,0.007267297104887684
14000,10000,8000,0.00011343486643236589,0.007048229637865585,-2.88560477401667e-07,0.007049142400340378
14000,10000,9000,0.00010883387552307333,0.006873688626511895,-2.12317079029134e-07,0.006874550181050313
14000,10000,10000,0.00010509719981266485,0.006730262623509138,-1.366672337521635e-07,0.006731083153660376
14000,10000,11000,0.00010198250641343942,0.00660994651538976,-6.598309287841886e-08,0.006610733194758457
14000,10000,12000,9.933348656332441e-05,0.006507335069535287,-1.6201018304684567e-09,0.006508093180706562
14000,10000,13000,9.704435981602866e-05,0.006418635024592722,5.6327496444907865e-08,0.006419368597445804
14000,10000,14000,9.504065689666663e-05,0.006341097980201164,1.0827275676028592e-07,0.006341810177914317
14000,10000,15000,9.326819634497552e-05,0.006272678388430155,1.5480343129592455e-07,0.006273371752502179
14000,11000,500,0.0019378457176306152,0.025836396231962676,0.0006151685033783938,0.025916269958616022
14000,11000,1000,0.0006332700941605596,0.016085270503535733,7.87251843243908e-05,0.016097923960521173
14000,11000,2000,0.00026913233010075754,0.011061844639695539,1.0392217975385698e-05,0.011065123001668842
14000,11000,3000,0.00018906894177694866,0.009329064090177053,2.5434497537002443e-06,0.009330980137826482
14000,11000,4000,0.00015614436923810926,0.008435118552744945,6.560984013859184e-07,0.0084365636661719
14000,11000,5000,0.00013829356847999685,0.007881535518523561,7.851130423564001e-08,0.007882748711394738
14000,11000,6000,0.0001269807712878379,0.007500692516172119,-1.0047755061304287e-07,0.007501767281683232
14000,11000,7000,0.00011906841670647483,0.0072201931611923795,-1.3669943532690354e-07,0.007221174876117661
14000,11000,8000,0.00011315323543298339,0.007003540349358978,-1.1803438115798315e-07,0.00700445437516159
14000,11000,9000,0.0001085177038342433,0.0068302708183256775,-7.861297524058841e-08,0.0068311328160047344
14000,11000,10000,0.0001047572057928936,0.0066879798840750355,-3.268949977375257e-08,0.006688800266342722
14000,11000,11000,0.00010162583152067972,0.006568683768273701,1.3592961978226015e-08,0.006569469861214026
14000,11000,12000,9.89650191315361e-05,0.0064669942030088304,5.7630608174541464e-08,0.006467751394424712
14000,11000,13000,9.666751995984768e-05,0.006379131654138636,9.842990877917401e-08,0.006379864048703323
14000,11000,14000,9.465788079235371e-05,0.006302358979540233,1.3574287416329156e-07,0.006303069794934341
14000,11000,15000,9.288124508016748e-05,0.006234639966536537,1.6966226423775765e-07,0.006235331784821689
14000,12000,500,0.0019460160240970248,0.02576104571166781,0.0005982099849219935,0.02584136818573547
14000,12000,1000,0.0006369330764861014,0.016024403126083112,7.770627453196344e-05,0.01603724469964357
14000,12000,2000,0.0002704285964578168,0.011008252773704603,1.0796770084087193e-05,0.011011579238501691
14000,12000,3000,0.00018958718773381955,0.0092788577099824,2.9423214885637705e-06,0.009280794813005425
14000,12000,4000,0.00015630561927792996,0.008387389220386282,9.758468184628555e-07,0.008388845590016953
14000,12000,5000,0.00013826295962024449,0.007835827113196815,3.2897640334095257e-07,0.007837046848280209
14000,12000,6000,0.00012683705957217128,0.007456698504869116,9.57760390996043e-08,0.007457777164904518
14000,12000,7000,0.00011885387435528472,0.007177682411837623,1.7453280598545007e-08,0.00717866638373431
14000,12000,8000,0.00011289242575113212,0.006962329198983869,3.009487103966535e-09,0.0069632444000497645
14000,12000,9000,0.00010822573736268826,0.006790209105624382,1.5960686328142515e-08,0.006791071528749105
14000,12000,10000,0.0001044437859373526,0.006648942590614405,4.037418455116182e-08,0.006649762858879796
14000,12000,11000,0.0001012974014218404,0.006530565440452336,6.891394610519797e-08,0.0065313510195299075
14000,12000,12000,9.862597284707175e-05,0.006429704974667467,9.811835610662456e-08,0.006430461348411233
14000,12000,13000,9.632091974631773e-05,0.0063425942887823175,1.2636717239278283e-07,0.006343325629954962
14000,12000,14000,9.430589899733777e-05,0.006266506607546158,1.5294684052591379e-07,0.006267216183314415
14000,12000,15000,9.252544544796626e-05,0.006199414318313219,1.7759867931843587e-07,0.0062001047474783515
14000,13000,500,0.0019533068181513125,0.0256914132594617,0.0005825699334903733,0.02577214602088246
14000,13000,1000,0.0006402797164596352,0.015968363840700033,7.647419216827434e-05,0.01598137823112743
14000,13000,2000,0.0002716111862330062,0.010958843978352532,1.1010045711246086e-05,0.01096221488566371
14000,13000,3000,0.00019005645896666423,0.009232534627674174,3.2083058554288613e-06,0.009234491182627449
14000,13000,4000,0.00015644797561981116,0.008343326711589267,1.199652141958829e-06,0.008344793468058977
14000,13000,5000,0.00013822999746437858,0.007793609400857379,5.076689028049586e-07,0.007794835167151339
14000,13000,6000,0.00012670101574932535,0.007416045031220649,2.369945177882471e-07,0.007417127281410963
14000,13000,7000,0.00011865346144779298,0.007138380993813253,1.287202963107248e-07,0.007139367049908327
14000,13000,8000,0.00011265009014888028,0.006924210899608126,9.032238934558734e-08,0.00692512719256626
14000,13000,9000,0.00010795525016454866,0.00675313564304142,8.391111316896627e-08,0.006753998471749577
14000,13000,10000,0.00010415396225785245,0.006612798772333364,9.246938692530904e-08,0.006613618953324893
14000,13000,11000,0.0001009940733084913,0.006495254091140203,1.0785730264473159e-07,0.006496039218088987
14000,13000,12000,9.831310152466632e-05,0.006395143303646689,1.2601981624893455e-07,0.006395898948231553
14000,13000,13000,9.600125362049794e-05,0.006308711178447403,1.4489531063865968e-07,0.00630944157550877
14000,13000,14000,9.398137848043442e-05,0.006233240532286083,1.6343803443952254e-07,0.006233948993980234
14000,13000,15000,9.219746022695596e-05,0.006166711715281094,1.8113605715353032e-07,0.006167400893720763
14000,14000,500,0.0019598610580848774,0.025626927088893765,0.0005681899573625193,0.025708039349863345
14000,14000,1000,0.000643348183880732,0.01591659636983781,7.513942861425704e-05,0.01592977033167049
14000,14000,2000,0.00027269355243431104,0.01091314311506569,1.1096150124290105e-05,0.010916555205191447
14000,14000,3000,0.0001904826948714855,0.00918965905874427,3.3829927024164874e-06,0.009191633626164923
14000,14000,4000,0.00015657386785050686,0.008302523714688977,1.3567691078408828e-06,0.008304000075258245
14000,14000,5000,0.0001381951674294113,0.007754498368632887,6.362119555625156e-07,0.007755729705075893
14000,14000,6000,0.00012657194421855644,0.007378368117573259,3.3967111612298595e-07,0.007379453682411815
14000,14000,7000,0.00011846572461227112,0.007101942601000316,2.099385707499124e-07,0.007102930583912899
14000,14000,8000,0.00011242427302499136,0.006888854971597017,1.5401971542594595e-07,0.006889772279298077
14000,14000,9000,0.00010770394814829665,0.006718734271257875,1.3325880787729005e-07,0.006719597485413819
14000,14000,10000,0.00010388521172360887,0.006579245324464785,1.2996042797475127e-07,0.006580065439917472
14000,14000,11000,0.0001007131708903597,0.006462458584820183,1.3544907184748212e-07,0.006463243312892786
14000,14000,12000,9.80236291644454e-05,0.006363029079448115,1.452598049622722e-07,0.006363784072301424
14000,14000,13000,9.570568445871341e-05,0.006277212407063388,1.5701884603647187e-07,0.006277941956253114
14000,14000,14000,9.368144915822274e-05,0.006202300295186536,1.6944162661847173e-07,0.006203007753847954
14000,14000,15000,9.189440711832031e-05,0.006136280498010259,1.8183193462029124e-07,0.00613696854850858
14000,15000,500,0.001965791394601929,0.025567076294537576,0.0005549762408125769,0.02564854235011539
14000,15000,1000,0.0006461711048129093,0.01586862791229055,7.376711296436245e-05,0.01588194983314004
14000,15000,2000,0.0002736873360938974,0.010870745487964368,1.1096644443653325e-05,0.010874195848776762
14000,15000,3000,0.00019087105884330047,0.009149858779365402,3.4937535215995297e-06,0.009151850067049163
14000,15000,4000,0.00015668543133490198,0.008264631515249327,1.466556772466987e-06,0.008266116776215648
14000,15000,5000,0.00013815892640262062,0.007718164554751701,7.289489278861083e-07,0.007719401046359542
14000,15000,6000,0.00012644928007682354,0.007343354866181701,4.147559365952347e-07,0.007344443497170422
14000,15000,7000,0.0001182894407466828,0.00706806895269751,2.6963020272052773e-07,0.007069058719842344
14000,15000,8000,0.00011221331241578758,0.006855976233734602,2.0081148877082455e-07,0.006856894485504518
14000,15000,9000,0.00010746987105406114,0.006686731672198238,1.6931642787820778e-07,0.006687595252243625
14000,15000,10000,0.00010363536994195677,0.006548019755128289,1.570537606632172e-07,0.006548839823061733
14000,15000,11000,0.00010045239084943702,0.006431926368181608,1.5500102190646459e-07,0.006432710743734909
14000,15000,12000,9.77551598316806e-05,0.006333118916021212,1.584133099141738e-07,0.006333873325291103
14000,15000,13000,9.543175721926644e-05,0.006247863077862954,1.6469673735919343e-07,0.006248591864343047
14000,15000,14000,9.340362148305137e-05,0.006173458887416808,1.7239470706531534e-07,0.006174165441648909
14000,15000,15000,9.161378032002121e-05,0.006107901008328105,1.8067619544925861e-07,0.006108588040204046
15000,500,500,0.06322215896439806,0.1031793735096046,-0.05434212725713017,0.13265025931668675
15000,500,1000,0.00455224000357754,0.021796389548729412,-0.0169073625207935,0.027958261638014355
15000,500,2000,0.001155148678433554,0.012783413423074957,-0.005232303265242599,0.01386098931079626
15000,500,3000,0.000649407478390096,0.010465728163159549,-0.0029689969344449674,0.010898079594813186
15000,500,4000,0.0004500849545473473,0.009320168707082547,-0.0019891299587374567,0.00954068965995318
15000,500,5000,0.00034504821273076414,0.008619810185893601,-0.0014456412929906293,0.008747003181544146
15000,500,6000,0.0002807624842343648,0.00813953625414042,-0.0011026073535451708,0.008218675135392053
15000,500,7000,0.0002376143985660939,0.007785496790207023,-0.0008679610130216675,0.007837332275261486
15000,500,8000,0.00020676202621117135,0.007511270819473696,-0.0006982445772308887,0.007546488279232423
15000,500,9000,0.00018366580527537368,0.007291124216429811,-0.0005703805252911254,0.007315706350795394
15000,500,10000,0.00016574315597650546,0.007109563394956421,-0.00047084731207347463,0.007127065290282119
15000,500,11000,0.0001514442280390882,0.006956658650480134,-0.000391388029907791,0.006969305526626131
15000,500,12000,0.00013978046266086008,0.006825723774435474,-0.0003266535307614449,0.006834964970780337
15000,500,13000,0.0001301015366674818,0.0067120739176854145,-0.0002730995428363858,0.006718887262531908
15000,500,14000,0.00012195459719399615,0.00661231644935878,-0.0002282274816697294,0.006617377844254231
15000,500,15000,0.0001149967820463782,0.006523925769218856,-0.00019008779198237402,0.006527707489679635
15000,1000,500,0.010723939054083531,0.044374117658046025,-0.02481321483152754,0.051959222637000146
15000,1000,1000,0.0008524366138323025,0.01732460249106691,-0.002723527308003959,0.017558077931582573
15000,1000,2000,0.000328119131819099,0.011800030774994143,-0.001102670455513377,0.0118559803723242
15000,1000,3000,0.00021890166294977198,0.009923931452550525,-0.000660808233650112,0.009948316487457741
15000,1000,4000,0.00017434258034917938,0.008950370339085403,-0.0004529623412831141,0.008963520481636846
15000,1000,5000,0.00015033253319737816,0.008341504832361799,-0.0003330184089996857,0.00834950321873017
15000,1000,6000,0.0001352240119165682,0.007918036741292756,-0.000255443390024257,0.007923310084514421
15000,1000,7000,0.00012474047600619098,0.007602725541898727,-0.00020146621207961513,0.00760641732265613
15000,1000,8000,0.0001169669624318248,0.0073566218204773656,-0.00016192686694227465,0.007359333270756392
15000,1000,9000,0.0001109238633195675,0.0071578449347906295,-0.00013183845181374831,0.007159918267085054
15000,1000,10000,0.00010606023851980617,0.0069930904061399285,-0.00010827900871368534,0.0069947327716196
15000,1000,11000,0.00010203586550727728,0.006853762163551228,-8.932886230328396e-05,0.006855103701477946
15000,1000,12000,9.863755628902737e-05,0.006734033504164781,-7.381342314749517e-05,0.006735160356232153
15000,1000,13000,9.57201513632766e-05,0.0066297979703363215,-6.0908977241758144e-05,0.006630768686838749
15000,1000,14000,9.31806425965298e-05,0.006538066878294033,-5.0015277132220426e-05,0.00653892213328365
15000,1000,15000,9.09456596374647e-05,0.006456605668765086,-4.071609736122639e-05,0.006457374518759204
15000,2000,500,0.0018248968060386173,0.02661870709552662,-0.000518361421585678,0.026686223306296407
15000,2000,1000,0.000584111141497784,0.016669017301544416,-0.0004356470208042307,0.016684936678080155
15000,2000,2000,0.00024227005206767238,0.011491555226369805,-0.000227478118784874,0.011496359536538598
15000,2000,3000,0.00017094174959231268,0.009697414397734954,-0.00014429551025307852,0.009699994241102933
15000,2000,4000,0.0001424422991990193,0.00876320112519616,-0.0001010979493760722,0.008764941789002846
15000,2000,5000,0.00012717708832171715,0.008178459083512016,-7.500862571041544e-05,0.008179791763022158
15000,2000,6000,0.00011751517777217058,0.007771776174200219,-5.770209777633539e-05,0.00777287876214217
15000,2000,7000,0.00011072175869639156,0.007469071312216399,-4.5450399583701895e-05,0.007470030208348902
15000,2000,8000,0.00010559902463413984,0.0072329246066663005,-3.6380373263478205e-05,0.007233786909446623
15000,2000,9000,0.00010154293707237416,0.007042294446419061,-2.9413607302908318e-05,0.007043087902222192
15000,2000,10000,9.821812558563625e-05,0.006884379773642584,-2.3947415489278256e-05,0.006885122013925483
15000,2000,11000,9.541836585333363e-05,0.006750908054793103,-1.948026972087291e-05,0.00675161045304903
15000,2000,12000,9.301457036670069e-05,0.006636271430483528,-1.5782776170758517e-05,0.006636942014616072
15000,2000,13000,9.092059790724583e-05,0.006536518056573486,-1.2730197128330012e-05,0.0065371627574165505
15000,2000,14000,8.907294843252256e-05,0.0064487723501061725,-1.014696927092995e-05,0.006449395458073705
15000,2000,15000,8.742628577523837e-05,0.00637088480635715,-7.934649187135712e-06,0.006371489584859616
15000,3000,500,0.001785253063699782,0.026341473612272456,0.0003906646886040477,0.026404790843072734
15000,3000,1000,0.0005703888927447442,0.016471383396468257,-9.603233670985034e-05,0.016481536235803708
15000,3000,2000,0.00023711662034073266,0.01134415551399837,-8.13508401635854e-05,0.011346924983299077
15000,3000,3000,0.00016760896171391648,0.009568512965451591,-5.5769775866409965e-05,0.00957014333236249
15000,3000,4000,0.00013987257774222828,0.008645472378748707,-4.026005135071564e-05,0.008646697511850744
15000,3000,5000,0.00012503245532577423,0.008068832356333894,-3.029835648504786e-05,0.00806985791076344
15000,3000,6000,0.00011564776199277094,0.007668555915275455,-2.3467761367745865e-05,0.007669463799144222
15000,3000,7000,0.00010905418364548503,0.007371164402931652,-1.8537060050283216e-05,0.00737199437687066
15000,3000,8000,0.00010408463338743013,0.007139555864433431,-1.483408636882011e-05,0.007140329936521952
15000,3000,9000,0.0001001517353960979,0.006952878925156302,-1.1964689657473215e-05,0.0069536104918081305
15000,3000,10000,9.692802008887114e-05,0.006798456931211093,-9.683885093147993e-06,0.0067991547610155925
15000,3000,11000,9.421593343558743e-05,0.006668104160903961,-7.831331661378726e-06,0.006668774330604797
15000,3000,12000,9.188877994978362e-05,0.006556276337178619,-6.305822916274906e-06,0.006556923266344636
15000,3000,13000,8.986074365410768e-05,0.006459069935980747,-5.02570541216496e-06,0.006459696947137327
15000,3000,14000,8.807151875844799e-05,0.0063736471629663866,-3.938033835915178e-06,0.006374256839704247
15000,3000,15000,8.64771549395904e-05,0.0062978887425754375,-3.004431110453787e-06,0.006298483145868628
15000,4000,500,0.0018043349222997551,0.026200070769025065,0.0006280558989678608,0.026269636217998535
15000,4000,1000,0.0005738877990403013,0.01633265218349635,5.675457057763289e-06,0.01634273253662827
15000,4000,2000,0.0002381864778223386,0.011228475524472432,-3.3712984851441696e-05,0.011231052130911042
15000,4000,3000,0.00016783451991395082,0.009463111606515577,-2.6340835613147817e-05,0.009464636471786192
15000,4000,4000,0.0001396931161404269,0.008547015321793056,-1.9863403314168693e-05,0.008548179901736598
15000,4000,5000,0.00012463313552141253,0.007975794514103638,-1.5250336218963767e-05,0.00797678281780508
15000,4000,6000,0.00011512097526183984,0.007580018387725243,-1.193017124934137e-05,0.007580901920364362
15000,4000,7000,0.000108451069051968,0.007286488147659114,-9.465879249326292e-06,0.0072873013361068875
15000,4000,8000,0.00010343550909117094,0.007058259113007622,-7.581476507700913e-06,0.0070590210432950355
15000,4000,9000,9.947547639538312e-05,0.006874580236538099,-6.102900035442893e-06,0.0068753026147503615
15000,4000,10000,9.623679923267958e-05,0.00672284448980314,-4.917026788509027e-06,0.006723535062209123
15000,4000,11000,9.35178222659927e-05,0.0065949173389127855,-3.94809541515162e-06,0.006595581542034885
15000,4000,12000,9.118907114707975e-05,0.006485293705536724,-3.1437272619561085e-06,0.0064859355359725875
15000,4000,13000,8.916313538887e-05,0.00639010099141186,-2.466710547155415e-06,0.006390723498150748
15000,4000,14000,8.737851554591058e-05,0.006306526356552526,-1.8900243337061085e-06,0.006307131936392536
15000,4000,15000,8.57904291459155e-05,0.0062324710175246855,-1.393636394175779e-06,0.006233061601190913
15000,5000,500,0.0018266155147085017,0.026080500771587613,0.0006896961657205658,0.02615348400378744
15000,5000,1000,0.000579818178089414,0.016216938910015976,4.567967182034227e-05,0.016227365262520305
15000,5000,2000,0.00024024464456590122,0.011129002667100468,-1.3192804428574512e-05,0.011131603294389385
15000,5000,3000,0.00016866434193210655,0.009371251486408421,-1.3400566676757819e-05,0.009372778758561342
15000,5000,4000,0.00013994892407037662,0.008460532509769886,-1.0817816552988191e-05,0.008461696820105087
15000,5000,5000,0.00012457479362623647,0.007893627762299318,-8.549968013138454e-06,0.007894615331408021
15000,5000,6000,0.0001148748253375631,0.007501499763019395,-6.783984643377039e-06,0.0075023823511284745
15000,5000,7000,0.00010808635265163735,0.007211136137810065,-5.418218606556557e-06,0.007211948170553687
15000,5000,8000,0.00010299331917767995,0.006985700869719673,-4.347335652465922e-06,0.006986461419368513
15000,5000,9000,9.898161746502154e-05,0.00680451477324162,-3.4928571115422358e-06,0.006805235547716938
15000,5000,10000,9.570816983844876e-05,0.006655022260478639,-2.7993458433517304e-06,0.006655711019686566
15000,5000,11000,9.296584595738788e-05,0.006529127575282895,-2.227686073164037e-06,0.006529789774978924
15000,5000,12000,9.062166316753384e-05,0.006421355925955866,-1.749911372028734e-06,0.006421995583604335
15000,5000,13000,8.858588616006413e-05,0.006327858979413446,-1.345668792840371e-06,0.0063284791643328205
15000,5000,14000,8.679543146028479e-05,0.006245843712445595,-9.998995081916817e-07,0.006246446840165822
15000,5000,15000,8.520441228554443e-05,0.006173227769612174,-7.01261342883619e-07,0.006173815787594516
15000,6000,500,0.0018458988935107223,0.02596981398352136,0.0006977187581446165,0.0260446806954747
15000,6000,1000,0.0005858385778043929,0.01611565596845304,6.377291493586679e-05,0.016126426793231643
15000,6000,2000,0.0002423951037107963,0.011040992481002434,-2.8977399336715948e-06,0.011043653324364721
15000,6000,3000,0.00016958236019282147,0.009289490608047731,-6.749377747361507e-06,0.009291040818336531
15000,6000,4000,0.00014029288528391581,0.00838326601872367,-6.122702619903997e-06,0.008384442063836787
15000,6000,5000,0.00012460420797524852,0.007820010226636939,-5.056063854813608e-06,0.007821004520976392
15000,6000,6000,0.0001147152551564945,0.007430987651116469,-4.0950412893980825e-06,0.007431874180189963
15000,6000,7000,0.0001078064255999045,0.007143330873753323,-3.302284727779714e-06,0.007144145092479748
15000,6000,8000,0.00010263372088378797,0.006920290110372836,-2.6577783729386795e-06,0.006921051651026194
15000,6000,9000,9.8567909331021e-05,0.006741244327848683,-2.131534315052974e-06,0.006741965237520916
15000,6000,10000,9.525712234509376e-05,0.006593680231423414,-1.697610175988018e-06,0.006594368491030942
15000,6000,11000,9.248883512832928e-05,0.006469534332878334,-1.335802615853865e-06,0.006470195549848824
15000,6000,12000,9.012661053253712e-05,0.00636335726651323,-1.0307947670984419e-06,0.006363995566446496
15000,6000,13000,8.807842386435172e-05,0.006271321201124979,-7.710043468112104e-07,0.006271939732720475
15000,6000,14000,8.62796307664615e-05,0.006190649934452591,-5.476167871387716e-07,0.006191251172865402
15000,6000,15000,8.468325509106145e-05,0.006119275101992008,-3.5385859764591743e-07,0.006119861040315215
15000,7000,500,0.0018620749025317074,0.02586667774676802,0.0006872532403601195,0.02594271877838111
15000,7000,1000,0.0005914603678148778,0.01602529809272183,7.241983063555057e-05,0.01603637268708728
15000,7000,2000,0.00024442933552015766,0.01096207794833381,2.771804853085591e-06,0.010964803068377988
15000,7000,3000,0.00017046371511852954,0.009215936079685908,-2.9770856529998113e-06,0.009217512927361017
15000,7000,4000,0.00014063772017941512,0.008313596780673803,-3.428558511764379e-06,0.00831478695788296
15000,7000,5000,0.00012465515506701608,0.007753511269948074,-3.040111333563189e-06,0.007754513857307465
15000,7000,6000,0.00011458946950473892,0.007367193970972958,-2.5396121299259278e-06,0.007368085518103834
15000,7000,7000,0.00010756781947221516,0.007081898392484853,-2.0774036741944e-06,0.007082715580402165
15000,7000,8000,0.00010232012700497894,0.006860947590012191,-1.6802384977809837e-06,0.006861710724337322
15000,7000,9000,9.820307155539165e-05,0.006683770226129993,-1.3451611663439778e-06,0.006684491759918868
15000,7000,10000,9.485661042776816e-05,0.006537889477463443,-1.0628639496301773e-06,0.006538577653109951
15000,7000,11000,9.206321130222905e-05,0.0064152698629509446,-8.239013202793188e-07,0.006415930464724138
15000,7000,12000,8.968323507707598e-05,0.006310484183542882,-6.201999487309706e-07,0.00631112146120218
15000,7000,13000,8.762253752331306e-05,0.0062197225338933865,-4.45220507794275e-07,0.006220339725925305
15000,7000,14000,8.581503067495166e-05,0.006140223445967971,-2.937595338092791e-07,0.006140823094032199
15000,7000,15000,8.42127314081842e-05,0.006069930823415274,-1.616912135293802e-07,0.00607051497085067
15000,8000,500,0.0018757297519030047,0.025770889776112745,0.0006704106333014215,0.025847757588850336
15000,8000,1000,0.0005965958016145856,0.01594385076395465,7.645383493426472e-05,0.015955191911181686
15000,8000,2000,0.00024630002395847894,0.010890731360835338,6.0830658646926494e-06,0.010893517810118759
15000,8000,3000,0.00017127671158348456,0.009149291417175465,-6.911666230458025e-07,0.00915089447136414
15000,8000,4000,0.0001409587760620168,0.008250373451132977,-1.7727849206394808e-06,0.008251577703837923
15000,8000,5000,0.00012470700025588033,0.007693086072520187,-1.7928733607730507e-06,0.007694096982070852
15000,8000,6000,0.00011447950608456381,0.00730915863878642,-1.5742625597559012e-06,0.0073100552694601514
15000,8000,7000,0.00010735454075352924,0.00702594915641071,-1.316381217253415e-06,0.007026769405548205
15000,8000,8000,0.00010203809796960339,0.006806844173123922,-1.0731164340471722e-06,0.0068076090165495855
15000,8000,9000,9.78739496587111e-05,0.006631316015592806,-8.575395624710325e-07,0.00663203830990545
15000,8000,10000,9.449457677909723e-05,0.006486920098498838,-6.703486971071371e-07,0.00648760834504644
15000,8000,11000,9.167787485003798e-05,0.006365645799840785,-5.086365326700815e-07,0.006366305957184179
15000,8000,12000,8.928128627422316e-05,0.006262085648121582,-3.6876642450778263e-07,0.006262722087756869
15000,8000,13000,8.72087381812714e-05,0.006172445716536735,-2.473064201202746e-07,0.006173061764535353
15000,8000,14000,8.539283110062246e-05,0.006093977681080914,-1.4128862346751703e-07,0.006094575943663199
15000,8000,15000,8.378466842118293e-05,0.006024636392094339,-4.823304433632103e-08,0.006025218961161193
15000,9000,500,0.0018874099209831852,0.025682162179169146,0.0006518112087150474,0.025759670577450683
15000,9000,1000,0.0006012613914400944,0.015869924469073864,7.808340635606648e-05,0.0158815022883005
15000,9000,2000,0.00024800557102855336,0.010825832905553149,8.08733746926471e-06,0.010828676293400124
15000,9000,3000,0.00017201679909115142,0.009088574329105559,7.590639379273512e-07,0.00909020207096763
15000,9000,4000,0.00014125009661547505,0.008192705400422736,-7.04128750639299e-07,0.008193922983754914
15000,9000,5000,0.0001247530568970756,0.007637914398221301,-9.81402064392789e-07,0.00763893321367005
15000,9000,6000,0.00011437832516564272,0.007256119319564322,-9.43758945881612e-07,0.007257020798626889
15000,9000,7000,0.00010715942447883653,0.006974770262813626,-8.185999066379068e-07,0.006975593453706265
15000,9000,8000,0.00010178048610134938,0.006757310110787677,-6.760784512227502e-07,0.006758076624142883
15000,9000,9000,9.757350360478645e-05,0.006583250171646708,-5.391517780006794e-07,0.006583973245827838
15000,9000,10000,9.416414606724932e-05,0.0064401747744725615,-4.1480418444539424e-07,0.006440863155216061
15000,9000,11000,9.1326150360449e-05,0.006320095664117403,-3.0428884256750166e-07,0.006320755473986235
15000,9000,12000,8.891430924035104e-05,0.006217623154429882,-2.0681897516805492e-07,0.006218258879112735
15000,9000,13000,8.68308022120845e-05,0.006128977740316638,-1.2097303014879657e-07,0.00612959278779138
15000,9000,14000,8.500704369621137e-05,0.006051422966976941,-4.523762808794629e-08,0.006052020003666579
15000,9000,15000,8.339331252535387e-05,0.005982923570007679,2.1791425108830254e-08,0.0059835047329806846
15000,10000,500,0.0018975329655807893,0.025600058965469578,0.0006333401477682798,0.02567809903660628
15000,10000,1000,0.0006055008779527749,0.015802464372704016,7.838845746155343e-05,0.015814254845361652
15000,10000,2000,0.0002495579894259692,0.010766507431443802,9.321383736882183e-06,0.010769403342321975
15000,10000,3000,0.00017268795863703557,0.009033002575851927,1.7087618968680829e-06,0.009034653263201249
15000,10000,4000,0.00014151191941577657,0.008139874747723716,1.0612982381807967e-08,0.008141104748870365
15000,10000,5000,0.0001247915025288926,0.007587329239866403,-4.3338421396033056e-07,0.007588355427960461
15000,10000,6000,0.00011428288670747855,0.007207451730571658,-5.159441012203558e-07,0.00720835773896613
15000,10000,7000,0.00010697869032083585,0.0069277744698917785,-4.801942050658425e-07,0.006928600419742326
15000,10000,8000,0.00010154306226484167,0.00671179088357191,-4.0616156038453255e-07,0.006712558977264954
15000,10000,9000,9.729724231768988e-05,0.006539047436821158,-3.230436665946357e-07,0.006539771268073311
15000,10000,10000,9.386068899758238e-05,0.006397154640588426,-2.418886033694889e-07,0.006397843182124052
15000,10000,11000,9.100335396600157e-05,0.006278144549265158,-1.6668266511477015e-07,0.006278804075593057
15000,10000,12000,8.857762278191572e-05,0.006176643655371613,-9.85329092761944e-08,0.006177278757706246
15000,10000,13000,8.64840904570563e-05,0.006088885586662348,-3.736540110654829e-08,0.006089499748482041
15000,10000,14000,8.465309832086931e-05,0.006012144702220995,1.735163457361466e-08,0.006012740645313115
15000,10000,15000,8.303418085797709e-05,0.005944394744706706,6.629254578616184e-08,0.0059449746475895215
15000,11000,500,0.00190640993715116,0.02552407286377658,0.0006157596210424332,0.02560257515006549
15000,11000,1000,0.0006093619272024564,0.0157406298037429,7.794664378513172e-05,0.015752613251650678
15000,11000,2000,0.0002509726289489367,0.010712046511706815,1.0079921052619234e-05,0.010714990869536947
15000,11000,3000,0.00017329663297765974,0.008981935750371345,2.343756404399322e-06,0.008983607685111496
15000,11000,4000,0.00014174652910384222,0.008091289277946312,5.012074044685733e-07,0.008092530785182767
15000,11000,5000,0.0001248223153276773,0.007540777151863556,-5.278574310985107e-08,0.007541810171786183
15000,11000,6000,0.00011419177666580071,0.007162635397374891,-2.1712404774110183e-07,0.007163545605684989
15000,11000,7000,0.00010681004528262372,0.006884470156699841,-2.4325148484383163e-07,0.006885298670605022
15000,11000,8000,0.00010132296691117704,0.0066698205477080785,-2.1713361209041437e-07,0.006670590118527714
15000,11000,9000,9.704194046539216e-05,0.006498264968476392,-1.719400373190183e-07,0.006498989519017564
15000,11000,10000,9.358074848594966e-05,0.006357437798472579,-1.213897152796406e-07,0.006358126511219365
15000,11000,11000,9.070588875326191e-05,0.006239389656487144,-7.130258616871998e-08,0.006240048946027374
15000,11000,12000,8.82675544076339e-05,0.0061387618504225375,-2.4074646942651157e-08,0.0061393964050176645
15000,11000,13000,8.616490032634094e-05,0.006051800048145784,1.944116601038104e-08,0.006052413420542546
15000,11000,14000,8.43272947189111e-05,0.005975788529211422,5.909597633468877e-08,0.005976383491877154
15000,11000,15000,8.270359868989274e-05,0.0059087093012296235,9.505481868288257e-08,0.005909288070547004
15000,12000,500,0.0019142730912957429,0.025453680913814555,0.0005993460785108651,0.025532597385541735
15000,12000,1000,0.0006128890499107476,0.015683731475207987,7.708253501048645e-05,0.01569589142709435
15000,12000,2000,0.0002522646803609918,0.010661864240048073,1.0534578046339504e-05,0.0106648533754341
15000,12000,3000,0.00017384959051058857,0.00893484033357386,2.773209754058925e-06,0.008936531942385216
15000,12000,4000,0.00014195675146333464,0.008046453054732018,8.441784342672065e-07,0.008047705212911906
15000,12000,5000,0.00012484612645638493,0.007497792747956041,2.171220540025942e-07,0.007498832088647895
15000,12000,6000,0.00011410429054653504,0.007121231109865275,-3.7393665941465315e-09,0.007122145204167641
15000,12000,7000,0.00010665192970232829,0.006844441150159341,-7.35420355724159e-08,0.006845272039700993
15000,12000,8000,0.00010111807725626809,0.006631003525350067,-8.16834555550372e-08,0.006631774470337875
15000,12000,9000,9.680510005849463e-05,0.0064605257909248525,-6.384228989908536e-08,0.006461251018702057
15000,12000,10000,9.332157725747137e-05,0.006320664197357753,-3.550212379632711e-08,0.006321353084095394
15000,12000,11000,9.043084507334709e-05,0.006203486419366816,-3.7277294584470155e-09,0.0062041455086919986
15000,12000,12000,8.79810933920866e-05,0.0061036474023533505,2.8193779089136228e-08,0.006104281471708539
15000,12000,13000,8.587016394331903e-05,0.006017403911538841,5.8760245447153636e-08,0.006018016577171532
15000,12000,14000,8.402653967212736e-05,0.005942049377749103,8.734138146060388e-08,0.005942643458479256
15000,12000,15000,8.239847065152905e-05,0.005875573436140091,1.137392386940661e-07,0.005876151182906836
15000,13000,500,0.0019212987697204975,0.025388378673540647,0.0005841587386686831,0.025467673668114765
15000,13000,1000,0.0006161215941338782,0.015631193212923715,7.598154814780766e-05,0.015643515598297252
15000,13000,2000,0.00025344803239715774,0.010615468947749854,1.0789739118832742e-05,0.010618499578765242
15000,13000,3000,0.0001743531721419278,0.008891266357398016,3.064283219389452e-06,0.008892976209158854
15000,13000,4000,0.00014214538745016547,0.008004946224703019,1.0868107125361348e-06,0.008006208250646369
15000,13000,5000,0.00012486376260514853,0.007457980800264084,4.114591667381262e-07,0.007459025991751085
15000,13000,6000,0.00011402004817839817,0.007082864831232267,1.511968386047613e-07,0.007083782521489066
15000,13000,7000,0.00010650318485427857,0.006807332125805945,5.014123272140125e-08,0.006808165215528184
15000,13000,8000,0.00010092671611150461,0.006595001268640125,1.7100893812127538e-08,0.006595773490325632
15000,13000,9000,9.658469289669513e-05,0.006425506548629877,1.4858684282970103e-08,0.0064262324117330336
15000,13000,10000,9.308090855802975e-05,0.00628652433811109,2.6773593786444394e-08,0.006287213397835156
15000,13000,11000,9.01757955343585e-05,0.006170138045788655,4.4933296527993605e-08,0.006170796964753249
15000,13000,12000,8.771570696394781e-05,0.006071015222958422,6.542942465603829e-08,0.0060716488606409125
15000,13000,13000,8.559728302631742e-05,0.0059854229078151544,8.629973891061127e-08,0.005986034938730942
15000,13000,14000,8.37481985277444e-05,0.005910663011313345,1.0656865734315346e-07,0.005911256296712338
15000,13000,15000,8.211614720082805e-05,0.005844732241426049,1.2577549157732903e-07,0.005845309063806271
15000,14000,500,0.0019276226775943872,0.025327694457774982,0.0005701582692498874,0.0254073398093066
15000,14000,1000,0.000619093863328174,0.01558252874732006,7.475902031950366e-05,0.015595001387745557
15000,14000,2000,0.00025453498647534656,0.01057244357436577,1.0911335475927153e-05,0.01057551276533341
15000,14000,3000,0.00017481305952454784,0.008850830720035978,3.2598961873242516e-06,0.008852557521272373
15000,14000,4000,0.00014231500934525076,0.007966410286199939,1.2594642093688435e-06,0.007967681469298783
15000,14000,5000,0.00012487606000899376,0.007421002987283274,5.528234064966497e-07,0.007422053602153811
15000,14000,6000,0.00011393882166824132,0.00704721564581688,2.650641444112978e-07,0.0070481366675163425
15000,14000,7000,0.00010636289306734104,0.006772837566350683,1.4145691296096885e-07,0.006773672695458702
15000,14000,8000,0.00010074750314545411,0.006561522089075783,9.010654111740735e-08,0.006562295497227984
15000,14000,9000,9.637902224238215e-05,0.006392928096849447,7.291534076525608e-08,0.006393654555317494
15000,14000,10000,9.285682760645786e-05,0.006254750536173072,7.250127531666095e-08,0.0062554397659514635
15000,14000,11000,8.993867563700242e-05,0.006139087379076607,8.037917997860689e-08,0.006139746152714608
15000,14000,12000,8.746922954272485e-05,0.006040617869631967,9.220716568059117e-08,0.006041251122204406
15000,14000,13000,8.534402618876058e-05,0.005955618590339533,1.0569502806312414e-07,0.005956230049920452
15000,14000,14000,8.349000003354812e-05,0.005881399340280192,1.196173731177197e-07,0.005881991907021141
15000,14000,15000,8.185433648738583e-05,0.005815963412134189,1.3332129256138359e-07,0.005816539397396008
15000,15000,500,0.0019333517033603143,0.025271198464123287,0.0005572658021059107,0.02535117089596041
15000,15000,1000,0.0006218354619062783,0.015537323068234809,7.348508010618371e-05,0.01554993529007063
15000,15000,2000,0.00025553629382218945,0.0105324313047417,1.0942258037993646e-05,0.01053553642296273
15000,15000,3000,0.00017523424567239543,0.008813204721596747,3.38835465352183e-06,0.008814947304810099
15000,15000,4000,0.00014246790274391463,0.007930536928301151,1.3822662485729609e-06,0.007931816625787593
15000,15000,5000,0.00012488379176228692,0.00738656774788068,6.562319642133829e-07,0.007387623399044945
15000,15000,6000,0.00011386045535646816,0.007014006453998563,3.4942369531165696e-07,0.00701493056716347
15000,15000,7000,0.00010623029463094347,0.0067406931765555565,2.0949239065704006e-07,0.0067415301986898405
15000,15000,8000,0.00010057927138965028,0.006530313200766837,1.4457377761623036e-07,0.006531087712689553
15000,15000,9000,9.6186640588386e-05,0.006362548100025437,1.1614280781557795e-07,0.006363275116514618
15000,15000,10000,9.264769165123754e-05,0.006225110014494697,1.0636727210133756e-07,0.006225799410408632
15000,15000,11000,8.971770674928714e-05,0.00611011043425753,1.0638287228914578e-07,0.00611076908392425
15000,15000,12000,8.723978900015972e-05,0.00601223948100419,1.115474355106727e-07,0.006012872389313876
15000,15000,13000,8.510845865603023e-05,0.00592778263176713,1.1933716725920362e-07,0.005928393576126353
15000,15000,14000,8.324996956138309e-05,0.005854057046781149,1.283452673028762e-07,0.005854648963078188
15000,15000,15000,8.161104106593764e-05,0.005789072169908523,1.377772828048407e-07,0.005789647395948722
