lateral_hori_stiffness,lateral_verti_stiffness,diagonal_stiffness,total_twist_deg,twist_0_1_deg,twist_1_2_deg
500,500,500,104.81502460125657,51.7351851480498,53.07983945320676
500,500,600,100.89650986154003,50.67188912106679,50.22462074047324
500,500,700,97.45696928421765,49.79002312219975,47.6669461620179
500,500,800,94.33925684945112,48.51270668738412,45.826550162066994
500,500,900,109.61472266744741,53.3120637838728,56.302658883574615
500,500,1000,109.00525174617329,53.1576322525966,55.84761949357669
500,500,1200,87.59534725397101,46.023286252604684,41.57206100136633
500,500,1400,78.14751145640624,39.7487439123361,38.398767544070125
500,500,1600,74.76227156786739,37.61728438810133,37.14498717976604
500,500,1800,62.824112990360646,30.77491252866154,32.049200461699094
500,500,2000,53.55825315137528,26.31272632571848,27.245526825656803
500,500,2200,47.07993885269211,23.15671138007655,23.923227472615558
500,500,2400,42.18626570889878,20.752713398020887,21.433552310877896
500,500,2600,38.31183352471682,18.8381480444613,19.47368548025552
500,500,2800,35.14475866054901,17.267244763783903,17.8775138967651
500,500,3000,32.495530977998534,15.949841876610625,16.54568910138791
500,500,4000,23.7613761714856,11.589614838339404,12.171761333146197
500,500,5000,18.826134533801085,9.116403771729304,9.709730762071782
500,500,6000,15.63433622767749,7.5135801325648135,8.120756095112677
500,500,7000,13.397258158534427,6.388571579115747,7.008686579418681
500,500,8000,11.741729485736276,5.555082220983462,6.186647264752814
500,500,9000,10.467168954066285,4.912790919940708,5.554378034125578
500,500,10000,9.455856172736313,4.402742412535365,5.053113760200949
500,600,500,101.21885516468059,50.37475932957426,50.84409583510634
500,600,600,97.86306211658525,49.52335865879513,48.33970345779014
500,600,700,94.95067721685454,48.783999454285535,46.16667776256901
500,600,800,92.25542373298939,47.57356017848147,44.68186355450791
500,600,900,90.25471923396864,46.631925628421115,43.622793605547535
500,600,1000,89.86599813395522,46.33087698881091,43.53512114514431
500,600,1200,83.58436578800283,44.49319068630918,39.09117510169366
500,600,1400,77.12197344526017,39.00170687373895,38.12026657152121
500,600,1600,74.10920382129902,37.05585273355634,37.05335108774267
500,600,1800,61.59545452954626,30.39154982311545,31.20390470643081
500,600,2000,52.80226514834117,26.113724564893563,26.688540583447605
500,600,2200,46.54719952130015,23.037714467839148,23.509485053461002
500,600,2400,41.774233526120405,20.675787765808835,21.09844576031157
500,600,2600,37.97085438470567,18.786756019250024,19.184098365455643
500,600,2800,34.848958606036526,17.232622879676537,17.61633572635999
500,600,3000,32.230003690350095,15.92682219399868,16.303181496351417
500,600,4000,23.556749376892093,11.592112917014106,11.964636459877987
500,600,5000,18.633543817902787,9.125911460200758,9.50763235770203
500,600,6000,15.441798064108193,7.5250519659981485,7.916746098110046
500,600,7000,13.201196043797548,6.4002555196420134,6.800940524155534
500,600,8000,11.541153721534915,5.566318324916037,5.974835396618879
500,600,9000,10.261997002927563,4.923340759166056,5.338656243761508
500,600,10000,9.246333836709145,4.412543525864129,4.833790310845015
500,700,500,98.50615484702719,49.31828901426348,49.18786583276372
500,700,600,95.58854017532003,48.58798103715371,47.000559138166324
500,700,700,93.02698883814162,47.945992038403425,45.080996799738195
500,700,800,90.64551580123914,46.78614757001191,43.85936823122722
500,700,900,90.2349952436336,46.60538070772243,43.62961453591118
500,700,1000,89.74451261396878,46.48067131709364,43.26384129687514
500,700,1200,79.62997284720849,41.21863935283331,38.4113334943752
500,700,1400,76.25467432413076,38.381357001454944,37.8733173226758
500,700,1600,73.04538916739048,36.328771446409625,36.71661772098085
500,700,1800,60.671593717392156,30.062522535306936,30.609071182085213
500,700,2000,52.255663565040145,25.93410337739492,26.321560187645225
500,700,2200,46.171801296695726,22.926136626497097,23.245664670198625
500,700,2400,41.49137394197806,20.601923789639763,20.889450152338295
500,700,2600,37.7439271959723,18.736275414840687,19.007651781131614
500,700,2800,34.658329035078616,17.197677483294214,17.460651551784398
500,700,3000,32.0641641594382,15.902735891302882,16.16142826813532
500,700,4000,23.443041163413408,11.592365733308533,11.850675430104873
500,700,5000,18.532196056920327,9.133263269568452,9.398932787351876
500,700,6000,15.342427332453951,7.534653801438284,7.807773531015666
500,700,7000,13.100402216898507,6.41035672209637,6.6900454948021375
500,700,8000,11.437789470943205,5.576220350943492,5.8615691199997135
500,700,9000,10.155758736319383,4.9327634552593,5.222995281060085
500,700,10000,9.137252825285586,4.421388191639559,4.715864633646028
500,800,500,96.40580656364347,48.44390802851431,47.961898535129166
500,800,600,93.79338809942114,47.80122499987646,45.99216309954468
500,800,700,91.4836661486937,47.22968622116285,44.25397992753086
500,800,800,90.55214795305116,46.71953200311369,43.83261594993747
500,800,900,90.25243609392996,46.57891959804925,43.67351649588071
500,800,1000,89.84077968144987,46.48783964797545,43.35294003347442
500,800,1200,77.65554963616657,39.588753872499076,38.066795763667486
500,800,1400,75.54660925202427,37.9121355216571,37.634473730367155
500,800,1600,72.0149357726055,35.69484334385262,36.32009242875287
500,800,1800,59.92621761638499,29.76449151062662,30.161726105758365
500,800,2000,51.811627867269635,25.76567836104162,26.045949506228013
500,800,2200,45.86949764040613,22.819541949966673,23.04995569043946
500,800,2400,41.26756468247386,20.530083387070235,20.737481295403622
500,800,2600,37.56835775904133,18.68612422958166,18.88223352945967
500,800,2800,34.51462014747996,17.162077757936245,17.352542389543718
500,800,3000,31.942578697414017,15.877403966764149,16.065174730649865
500,800,4000,23.369923453980796,11.590543395211144,11.77938005876965
500,800,5000,18.472140393873364,9.138664813501185,9.333475580372175
500,800,6000,15.285694809325559,7.542564917589231,7.743129891736331
500,800,7000,13.043579222259087,6.419014744618384,6.624564477640702
500,800,8000,11.379590640310294,5.584890261867468,5.794700378442825
500,800,9000,10.095727016662208,4.941128751733419,5.15459826492879
500,800,10000,9.075280801689534,4.429319301766797,4.645961499922736
500,900,500,94.71133073914322,47.70082823948406,47.010502499659175
500,900,600,92.32477090034266,47.124473769819645,45.20029713052301
500,900,700,90.71733344213216,46.79571669825281,43.92161674387934
500,900,800,90.45967015469373,46.65082697048968,43.80884318420405
500,900,900,90.25610183309105,46.53548910346671,43.72061272962434
500,900,1000,89.86855576815101,46.5172237552406,43.351332012910405
500,900,1200,76.47633242740126,38.74595173849632,37.73038068890493
500,900,1400,74.91799445345852,37.48748654216339,37.43050791129513
500,900,1600,70.74832682745965,35.11817252103482,35.630154306424814
500,900,1800,59.28405219200695,29.490573346672278,29.793478845334665
500,900,2000,51.42469975346142,25.606657762069567,25.818041991391855
500,900,2200,45.606675495572915,22.716816537712287,22.889858957860625
500,900,2400,41.07483892233832,20.459553080169847,20.61528584216848
500,900,2600,37.41938429043175,18.63594798937365,18.783436301058096
500,900,2800,34.39492390922477,17.12568617346008,17.269237735764687
500,900,3000,31.8434263396759,15.850804581103821,15.992621758572078
500,900,4000,23.317280614023392,11.58682848478544,11.73045212923795
500,900,5000,18.433242501678553,9.142313667816694,9.29092883386186
500,900,6000,15.251143197143389,7.5489620440092375,7.702181153134149
500,900,7000,13.009908693803984,6.42638357878292,6.583525115021066
500,900,8000,11.34538776911035,5.592461103210654,5.752926665899694
500,900,9000,10.060410557089677,4.948551571948781,5.111858985140896
500,900,10000,9.038637341149744,4.436436330079188,4.602201011070556
500,1000,500,93.303207645882,47.057082886522984,46.24612475935902
500,1000,600,91.09050845336712,46.53248626249856,44.55802219086856
500,1000,700,90.58346994639484,46.608618289923136,43.9748516564717
500,1000,800,90.37808848866314,46.60446920417806,43.77361928448507
500,1000,900,90.20787412699787,46.47597736848179,43.731896758516065
500,1000,1000,80.99367756042147,42.374506196221255,38.619171364200234
500,1000,1200,75.55290101478765,38.08947423151896,37.46342678326869
500,1000,1400,74.35157828436958,37.11282549209777,37.23875279227181
500,1000,1600,69.63143648896995,34.60982116801815,35.0216153209518
500,1000,1800,58.71191955019341,29.236662209648717,29.475257340544683
500,1000,2000,51.075391556581955,25.455432216638876,25.619959339943073
500,1000,2200,45.36854887116984,22.61728693230102,22.75126193886882
500,1000,2400,40.90062318518979,20.390066945812674,20.51055623937711
500,1000,2600,37.28558846603904,18.585656095509588,18.699932370529446
500,1000,2800,34.288450008027006,17.088497979468904,17.199952028558105
500,1000,3000,31.75635807053114,15.823010086158458,15.933347984372684
500,1000,4000,23.275277823555896,11.581372553906444,11.693905269649452
500,1000,5000,18.405465052007948,9.144334116450235,9.261130935557714
500,1000,6000,15.228459506079115,7.553936675807315,7.6745228302718
500,1000,7000,12.988819791434269,6.4325269640387335,6.556292827395534
500,1000,8000,11.324389828095539,5.598975356064712,5.725414472030827
500,1000,9000,10.038830008374852,4.955058026018462,5.08377198235639
500,1000,10000,9.016180973338386,4.442752769756565,4.5734282035818214
500,1200,500,91.07022307993174,45.987292566620944,45.0829305133108
500,1200,600,90.62444493559994,46.132831735772804,44.49161319982714
500,1200,700,90.41301638425593,46.315297674409585,44.097718709846355
500,1200,800,90.24021904371278,46.487174332212064,43.75304471150073
500,1200,900,77.37555812671667,39.77094473119089,37.60461339552578
500,1200,1000,75.47835495136039,38.263656986306216,37.214697965054164
500,1200,1200,74.1520280606918,37.1140843749718,37.03794368571999
500,1200,1400,73.37782719774503,36.499572452474816,36.878254745270226
500,1200,1600,67.77816794978897,33.74678152470267,34.031386425086296
500,1200,1800,57.71597657507631,28.778590970993626,28.937385604082685
500,1200,2000,50.45367282498382,25.173426532080764,25.28024629290305
500,1200,2200,44.940410156306704,22.427222882741088,22.51318727356561
500,1200,2400,40.58627083025507,20.254555702612112,20.331715127642948
500,1200,2600,37.0444355349319,18.48552970453768,18.55890583039422
500,1200,2800,34.09750190373949,17.012817888619132,17.084684015120363
500,1200,3000,31.60149061289025,15.76501741081296,15.836473202077284
500,1200,4000,23.206745175075735,11.566396947684186,11.640348227391549
500,1200,5000,18.36615351128202,9.144461504758773,9.221692006523245
500,1200,6000,15.200797911311765,7.560417728343697,7.640380182968068
500,1200,7000,12.965786023042135,6.4417982715059825,6.5239877515361515
500,1200,8000,11.302804103561781,5.609386002580994,5.693418100980788
500,1200,9000,10.017161766924065,4.965788325336849,5.0513734415872165
500,1200,10000,8.993681101493085,4.453382447283269,4.540298654209816
500,1400,500,90.71292834448613,45.66537912484663,45.04754921963949
500,1400,600,90.47300731058264,45.89034885496656,44.58265845561608
500,1400,700,90.0171812783553,46.65393741227217,43.36324386608313
500,1400,800,75.48592730492136,38.42693586805757,37.0589914368638
500,1400,900,74.38360859263078,37.55945733257386,36.82415126005692
500,1400,1000,73.80538914443171,37.07284662177969,36.732542522652025
500,1400,1200,73.11474437822035,36.43425786489062,36.680486513329726
500,1400,1400,72.47885822714548,36.099371815695605,36.379486411449875
500,1400,1600,66.27804241452841,33.03486892600553,33.243173488522885
500,1400,1800,56.863177152128294,28.375332093520175,28.487845058608123
500,1400,2000,49.905495757191275,24.915811191806768,24.989684565384504
500,1400,2200,44.556535706553404,22.24889401164874,22.307641694904664
500,1400,2400,40.301554894760905,20.124456612712812,20.17709828204809
500,1400,2600,36.824740186557214,18.38726291435825,18.43747727219897
500,1400,2800,33.92309935864837,16.936844381785363,16.986254976863005
500,1400,3000,31.460083834174828,15.705359406285845,15.754724427888984
500,1400,4000,23.146815440333214,11.547449901578098,11.599365538755116
500,1400,5000,18.335704771325496,9.1405618110069,9.195142960318599
500,1400,6000,15.183181665337129,7.563249547283091,7.619932118054036
500,1400,7000,12.954066765540851,6.447858788932768,6.506207976608083
500,1400,8000,11.2936881341719,5.6169910279552795,5.676697106216619
500,1400,9000,10.008966795364866,4.974064319524283,5.034902475840584
500,1400,10000,8.985514247820772,4.46185609430698,4.523658153513791
500,1600,500,90.51629589510732,45.450277600068254,45.06601829503907
500,1600,600,75.84928568540494,38.71149721785055,37.137788467554394
500,1600,700,74.12405629549121,37.37636240878236,36.74769388670885
500,1600,800,73.39511844620174,36.81606740351403,36.579051042687695
500,1600,900,72.9714157398668,36.50892286855024,36.462492871316556
500,1600,1000,72.70916472800974,36.33177437352702,36.37739035448272
500,1600,1200,72.27030347672823,35.98175383521718,36.28854964151106
500,1600,1400,71.81635074360727,35.80882481414957,36.0075259294577
500,1600,1600,65.02439514382738,32.43241770571495,32.59197743811243
500,1600,1800,56.11680410696136,28.016646406452125,28.100157700509236
500,1600,2000,49.412800271659,24.67972017822371,24.73308009343529
500,1600,2200,44.205650412404786,22.081911415964747,22.123738996440043
500,1600,2400,40.03820976124005,20.000402906379623,20.037806854860424
500,1600,2600,36.619690243767174,18.29192669469855,18.32776354906862
500,1600,2800,33.75915475527371,16.861834716288772,16.89732003898494
500,1600,3000,31.32642181947426,15.645380557461612,15.681041262012648
500,1600,4000,23.089814200656555,11.525809952828663,11.564004247827892
500,1600,5000,18.30782732380219,9.133687197119347,9.174140126682847
500,1600,6000,15.168722608877744,7.563286568758451,7.605436040119292
500,1600,7000,12.946277650381898,6.451408701360467,6.4948689490214315
500,1600,8000,11.289254749254686,5.622372244419604,5.666882504835084
500,1600,9000,10.006129976632819,4.98037647176386,5.025753504868958
500,1600,10000,8.983295349295515,4.468592804590022,4.514702544705491
500,1800,500,74.06707295661558,37.280795961914755,36.78627699470081
500,1800,600,73.0457431113622,36.532923336671004,36.51281977469119
500,1800,700,72.5300676587986,36.16846575334252,36.36160190545608
500,1800,800,72.22844569229999,35.979718035585265,36.24872765671472
500,1800,900,72.03642881465072,35.87975811418972,36.156670700461
500,1800,1000,71.92409676025618,35.83313860709914,36.09095815315703
500,1800,1200,71.6236691157399,35.70464308772965,35.91902602801025
500,1800,1400,71.3069108281779,35.5771561244055,35.7297547037724
500,1800,1600,63.95350347011396,31.91349595801997,32.04000751209399
500,1800,1800,55.45480992035869,27.69532714568893,27.75948277466976
500,1800,2000,48.9655227383532,24.46287008051985,24.502652657833348
500,1800,2200,43.88204088611147,21.925683462269404,21.95635742384207
500,1800,2400,39.79243488176501,19.882536450250175,19.909898431514836
500,1800,2600,36.426487982249284,18.200074126436014,18.22641385581327
500,1800,2800,33.60343926839946,16.788588699773648,16.814850568625815
500,1800,3000,31.198558706847532,15.585989927276888,15.612568779570642
500,1800,4000,23.033870425409994,11.502389744503326,11.53148068090667
500,1800,5000,18.280274171149294,9.124604083903904,9.155670087245392
500,1800,6000,15.154800917447242,7.561156785742023,7.593644131705218
500,1800,7000,12.939487172530697,6.452964274161686,6.48652289836901
500,1800,8000,11.28631992776831,5.625958436751942,5.660361491016369
500,1800,9000,10.005262793471603,4.985085146191863,5.02017764727974
500,1800,10000,8.983468790728399,4.473898976754325,4.509569813974073
500,2000,500,72.15036304180119,35.82517994350817,36.32518309829301
500,2000,600,71.77199717779756,35.61361752130969,36.15837965648786
500,2000,700,71.5802327728422,35.530121704564344,36.05011106827784
500,2000,800,71.45784799273463,35.49369675781363,35.964151234921005
500,2000,900,71.35607958808001,35.54212844306007,35.81395114501994
500,2000,1000,71.28585605173132,35.553135213849046,35.732720837882276
500,2000,1200,71.15851901674522,35.4979222878043,35.660596728940924
500,2000,1400,70.89486216137206,35.38524307565827,35.509619085713794
500,2000,1600,63.02396726197673,31.460543883375735,31.563423378600998
500,2000,1800,54.862121258695254,27.405803357541544,27.456317901153714
500,2000,2000,48.55692447417838,24.263304406140254,24.29362006803813
500,2000,2200,43.58218561948348,21.779620382255626,21.802565237227853
500,2000,2400,39.56217125005515,19.7708777607555,19.791293489299647
500,2000,2600,36.24379534682514,18.11201318937628,18.131782157448857
500,2000,2800,33.45498667347641,16.71755604680392,16.737430626672488
500,2000,3000,31.07575955293994,15.527741545298584,15.548018007641359
500,2000,4000,22.978448690554583,11.477848879244547,11.500599811310037
500,2000,5000,18.252287359805432,9.113883119129252,9.13840424067618
500,2000,6000,15.140417539760326,7.557335354792961,7.583082184967366
500,2000,7000,12.932489135434794,6.452919886047318,6.479569249387476
500,2000,8000,11.283507802322495,5.628079091671923,5.655428710650572
500,2000,9000,10.004851425523619,4.988468213342976,5.016383212180642
500,2000,10000,8.984408018705903,4.478011284136237,4.506396734569665
500,2200,500,71.02518067344153,35.1006228419374,35.924557831504124
500,2200,600,70.9802074674746,35.186334651963264,35.79387281551133
500,2200,700,70.9393902649378,35.25567957195189,35.68371069298591
500,2200,800,70.90048960877871,35.31395341120208,35.58653619757664
500,2200,900,70.87789316285667,35.37215371427036,35.5057394485863
500,2200,1000,70.85242666077896,35.359829797856435,35.492596862922525
500,2200,1200,70.80169066395133,35.33541301728203,35.46627764666931
500,2200,1400,70.54995302804915,35.22192867816898,35.32802434988015
500,2200,1600,62.20716836117237,31.060938865244015,31.14622949592836
500,2200,1800,54.32763564429882,27.14357166750872,27.184063976790103
500,2200,2000,48.18193965269864,24.07925196806749,24.102687684631146
500,2200,2200,43.30348506615823,21.643059229038627,21.660425837119607
500,2200,2400,39.345988999125005,19.66528524919367,19.680703749931332
500,2200,2600,36.07079969250329,18.02787720486739,18.042922487635906
500,2200,2800,33.31333333409793,16.649026615289706,16.664306718808223
500,2200,3000,30.957752522680945,15.471006960002052,15.486745562678893
500,2200,4000,22.923498827220474,11.45266903379491,11.470829793425564
500,2200,5000,18.22369195558006,9.101955546485796,9.121736409094265
500,2200,6000,15.12523926990093,7.552188438635918,7.573050831265013
500,2200,7000,12.92480785812649,6.451583137635529,6.473224720490961
500,2200,8000,11.280223552632608,5.62899330721321,5.651230245419399
500,2200,9000,10.004203136580593,4.990745433007634,5.013457703572958
500,2200,10000,8.985339826849149,4.481117648504613,4.504222178344537
500,2400,500,70.55305395891749,35.050952229915644,35.50210172900185
500,2400,600,70.52437669751713,35.121463869943994,35.402912827573125
500,2400,700,70.54373137099286,35.15580522768181,35.387926143311056
500,2400,800,70.53943884506809,35.198092292220124,35.34134655284797
500,2400,900,70.53255216392725,35.22244424049679,35.31010792343045
500,2400,1000,70.5357682750075,35.215666412572155,35.32010186243535
500,2400,1200,70.51630334161428,35.20315056132802,35.31315278028625
500,2400,1400,70.25421475460566,35.08022810870255,35.17398664590312
500,2400,1600,61.48234267907259,30.7052839048464,30.777058774226195
500,2400,1800,53.84278113457762,26.904949292616948,26.937831841960673
500,2400,2000,47.836516094567536,23.909123261997735,23.927392832569804
500,2400,2200,43.0438279238251,21.51530965694485,21.528518266880248
500,2400,2400,39.142737193847886,19.565515524183482,19.577221669664404
500,2400,2600,35.90687534756946,17.947667661580397,17.959207685989064
500,2400,2800,33.17815925961637,16.58314422598105,16.59501503363532
500,2400,3000,30.844403048152493,15.416016892021839,15.428386156130655
500,2400,4000,22.86912601695896,11.427194084881725,11.441931932077235
500,2400,5000,18.194542632546206,9.089151291513316,9.10539134103289
500,2400,6000,15.109216594755964,7.546002046666154,7.563214548089809
500,2400,7000,12.91629405929513,6.449197678434893,6.467096380860236
500,2400,8000,11.276231897676452,5.628908261181173,5.647323636495279
500,2400,9000,10.003010796909011,4.992093719920202,5.010917076988809
500,2400,10000,8.985897489816637,4.4833701321458514,4.502527357670786
500,2600,500,70.41352829010262,34.969851237111136,35.443677052991475
500,2600,600,70.35674587953561,35.05301805866246,35.30372782087314
500,2600,700,70.30559372192388,35.10677413843083,35.198819583493055
500,2600,800,70.28938587060729,35.120559453622995,35.1688264169843
500,2600,900,70.28068860843031,35.10527577519364,35.17541283323668
500,2600,1000,70.29350342212614,35.10376922533659,35.189734196789544
500,2600,1200,70.28108528398968,35.092700330919115,35.18838495307057
500,2600,1400,69.70878822285475,34.80713042824511,34.90165779460964
500,2600,1600,60.833880321996766,30.386383476292284,30.44749684570448
500,2600,1800,53.400729137152545,26.686890254542945,26.713838882609604
500,2600,2000,47.51729680564695,23.751505522665223,23.76579128298172
500,2600,2200,42.801416201451275,21.3956946759285,21.405721525522775
500,2600,2400,38.951414584387194,19.471269337928458,19.480145246458736
500,2600,2600,35.751470603889885,17.871299912761476,17.880170691128402
500,2600,2800,33.04918416283904,16.519954737353967,16.529229425485077
500,2600,3000,30.73560101440997,15.36289923811522,15.372701776294743
500,2600,4000,22.815482990891716,11.401680584790306,11.41380240610141
500,2600,5000,18.164976609369322,9.07572503037586,9.089251578993462
500,2600,6000,15.092419514818756,7.539002257745239,7.553417257073518
500,2600,7000,12.906946998565633,6.4459588124686755,6.46098818609696
500,2600,8000,11.271468927635771,5.627991719403752,5.643477208232018
500,2600,9000,10.001156631733227,4.992657417377745,5.008499214355482
500,2600,10000,8.985917981795808,4.484893521180175,4.501024460615633
500,2800,500,70.28528676197122,34.896204172239266,35.38908258973196
500,2800,600,70.22432749250308,34.97544383195255,35.248883660550526
500,2800,700,70.16911215727912,35.025825036400924,35.14328712087819
500,2800,800,70.11436701451899,35.03814392054163,35.076223093977354
500,2800,900,70.09223011205275,35.016915078719826,35.07531503333293
500,2800,1000,70.10220190768341,35.01449096305196,35.087710944631446
500,2800,1200,70.08265995746001,34.99857033178874,35.08408962567127
500,2800,1400,69.10046532434198,34.49933033539357,34.60113498894841
500,2800,1600,60.24972464079299,30.098603236149348,30.151121404643632
500,2800,1800,52.99592204373973,26.486851642674623,26.509070401065113
500,2800,2000,47.221440771746124,23.60514766565634,23.616293106089785
500,2800,2200,42.57467955948107,21.283570505903143,21.291109053577923
500,2800,2400,38.77112023872831,19.38222452979512,19.388895708933187
500,2800,2600,35.60407145221702,17.798638567679557,17.805432884537463
500,2800,2800,32.92613327327173,16.45943905863097,16.466694214640764
500,2800,3000,30.631226443115732,15.31171077087413,15.3195156722416
500,2800,4000,22.762717147067086,11.376318750439891,11.386398396627193
500,2800,5000,18.135148479446457,9.06187234186118,9.073276137585276
500,2800,6000,15.074963361683967,7.531369418982091,7.543593942701875
500,2800,7000,12.896831919301947,6.442024776658395,6.454807142643551
500,2800,8000,11.26595297063117,5.6263810583634495,5.639571912267721
500,2800,9000,9.998617952188022,4.992555649211517,5.006062302976505
500,2800,10000,8.98534359378476,4.48579139230734,4.499552201477421
500,3000,500,70.16704972176632,34.82893562182762,35.33811409993871
500,3000,600,70.10183260150212,34.904399813840904,35.197432787661214
500,3000,700,70.04248165024332,34.95149982605623,35.0909818241871
500,3000,800,69.98485400654837,34.975420128343764,35.00943387820461
500,3000,900,69.95185307873032,34.9498803976151,35.00197268111523
500,3000,1000,69.94754031075576,34.94175288352493,35.00578742723083
500,3000,1200,69.91186935727247,34.916878176613714,34.99499118065876
500,3000,1400,68.4734793595466,34.18348335544564,34.289996004100956
500,3000,1600,59.72036051417351,29.837449991587352,29.882910522586155
500,3000,1800,52.62376502209704,26.30269344951709,26.321071572579953
500,3000,2000,46.946512068944365,23.46894395532584,23.477568113618528
500,3000,2200,42.362228659227476,21.17833590740246,21.18389275182502
500,3000,2400,38.60103118127605,19.29805431374781,19.30297686752824
500,3000,2600,35.46418999849113,17.729520157203282,17.734669841287843
500,3000,2800,32.80873001028382,16.401537165003944,16.407192845279873
500,3000,3000,30.531142284025247,15.26246018518985,15.268682098835399
500,3000,4000,22.71095114435516,11.351247422018334,11.359703722336828
500,3000,5000,18.10520811833199,9.04774734733635,9.057460770995641
500,3000,6000,15.056974704657016,7.523248499835088,7.533726204821926
500,3000,7000,12.886040220492058,6.437524901934228,6.4485153185578294
500,3000,8000,11.259740346320381,5.624189758318595,5.635550588001785
500,3000,9000,9.99541954866097,4.991887633939917,5.003531914721053
500,3000,10000,8.984171724547283,4.486150583362911,4.498021141184372
500,4000,500,69.69168835068021,34.56498345328965,35.12670489739056
500,4000,600,69.60552302217518,34.62299793048323,34.98252509169195
500,4000,700,69.52585591854267,34.65470898444036,34.87114693410231
500,4000,800,69.45348612031336,34.67294976829297,34.780536352020384
500,4000,900,69.41878303532386,34.689357562180874,34.729425473142975
500,4000,1000,69.40097237794197,34.67430784860565,34.72666452933631
500,4000,1200,69.28729134748184,34.61174848301759,34.67554286446425
500,4000,1400,65.58014419296705,32.757893787413494,32.822250405553554
500,4000,1600,57.67116502991784,28.823854103635785,28.847310926282056
500,4000,1800,51.136715689247,25.564984924661445,25.571730764585553
500,4000,2000,45.820689168005714,22.909740408386774,22.910948759618943
500,4000,2200,41.47519920284884,20.737670841291255,20.737528361557594
500,4000,2400,37.87927514703542,18.93966123573752,18.939613911297894
500,4000,2600,34.86212819362914,17.430816139972286,17.431312053656857
500,4000,2800,32.29684227955134,16.147855286901752,16.14898699264959
500,4000,3000,30.089459840467775,15.043860733485893,15.04559910698188
500,4000,4000,22.46958341171517,11.232884151004772,11.236699260710397
500,4000,5000,17.957822314926027,8.976483163147059,8.98133915177897
500,4000,6000,14.962894052482985,7.478724004009863,7.484170048473122
500,4000,7000,12.825187319892882,6.409683448168034,6.415503871724847
500,4000,8000,11.220774415746412,5.607347831639114,5.613426584107296
500,4000,9000,9.971393126682418,4.982562407171611,4.988830719510807
500,4000,10000,8.97059139644526,4.4820886379869895,4.48850275845827
500,5000,500,69.34986016849066,34.38105034960248,34.96880981888818
500,5000,600,69.24476956655971,34.42456182536991,34.82020774118979
500,5000,700,69.14672059233413,34.44316648623589,34.703554106098245
500,5000,800,69.06118007825395,34.45153701792916,34.60964306032478
500,5000,900,69.02199203239162,34.471669027304536,34.5503230050871
500,5000,1000,68.99230384343295,34.473073549669465,34.51923029376349
500,5000,1200,68.8084770685444,34.374449228494775,34.43402784004962
500,5000,1400,63.683202288344404,31.821172766388482,31.86202952195592
500,5000,1600,56.26534100555237,28.12656711197059,28.138773893581774
500,5000,1800,50.07532096214867,25.037097490858695,25.03822347128998
500,5000,2000,44.9913852558449,22.49678003274249,22.494605223102404
500,5000,2200,40.80496934877459,20.40380285279028,20.401166495984313
500,5000,2400,37.322121209562425,18.662150482728862,18.659970726833564
500,5000,2600,34.3885432117571,17.195016575451884,17.19352663630522
500,5000,2800,31.887242581528426,15.94402148755005,15.943221093978377
500,5000,3000,29.730359587298523,14.865271472467823,14.865088114830701
500,5000,4000,22.25888918919741,11.128552929732866,11.130336259464547
500,5000,5000,17.82028217117243,8.908788351628186,8.911493819544246
500,5000,6000,14.868772717319189,7.432783297290763,7.435989420028423
500,5000,7000,12.759334721586322,6.377911116257225,6.381423605329097
500,5000,8000,11.174349841463695,5.585316396067365,5.589033445396329
500,5000,9000,9.938801039489165,4.967469093085201,4.971331946403966
500,5000,10000,8.948095601863702,4.472061751791232,4.476033850072471
500,6000,500,69.09221806657244,34.2454441424772,34.84677392409524
500,6000,600,68.97073666665037,34.276932783203996,34.69380388344638
500,6000,700,68.8567062838533,34.28451972501261,34.5721865588407
500,6000,800,68.76121558471212,34.28536188126776,34.47585370344436
500,6000,900,68.71499431310839,34.2998506031969,34.41514370991148
500,6000,1000,68.67323427959056,34.30973514702635,34.36349913256421
500,6000,1200,68.41562090489775,34.17934101081326,34.23627989408448
500,6000,1400,62.33748527852692,31.155218626034543,31.18226665249238
500,6000,1600,55.23841731640141,27.616283268357087,27.62213404804432
500,6000,1800,49.2794633937578,24.640689585944575,24.638773807813223
500,6000,2000,44.35601699113333,22.179971575058463,22.176045416074864
500,6000,2200,40.28223787256472,20.143056044678655,20.139181827886073
500,6000,2400,36.88089553259765,18.442054957100275,18.438840575497373
500,6000,2600,34.008386951959814,17.005420141409324,17.002966810550493
500,6000,2800,31.554364435964203,15.778056278135091,15.776308157829112
500,6000,3000,29.43514507386379,14.71814210004457,14.717002973819218
500,6000,4000,22.07663614486421,11.037951035735563,11.038685109128647
500,6000,5000,17.695663623691093,8.847042260425807,8.848621363265286
500,6000,6000,14.779486428199846,7.388730648647751,7.3907557795520935
500,6000,7000,12.693778419343188,6.345743409537838,6.348035009805349
500,6000,8000,11.125597285645416,5.561565856489464,5.564031429155952
500,6000,9000,9.902364540922491,4.949888759786337,4.952475781136155
500,6000,10000,8.920908289162421,4.4591160802829135,4.461792208879508
500,7000,500,68.89059203885775,34.15997853337997,34.73061350547777
500,7000,600,68.75551464602479,34.16274640424991,34.59276824177489
500,7000,700,68.62771662835074,34.1610670533885,34.46664957496225
500,7000,800,68.52467192803182,34.15609905690847,34.36857287112335
500,7000,900,68.4705014555554,34.16499570200065,34.30550575355474
500,7000,1000,68.41610374740247,34.167260397222634,34.24884335017984
500,7000,1200,68.08909964470928,34.01711427771373,34.07198536699555
500,7000,1400,61.330888433454035,30.656325950853454,30.674562482600578
500,7000,1600,54.45443151607077,27.22626366418655,27.228167851884223
500,7000,1800,48.66047767999542,24.33212976406939,24.328347915926027
500,7000,2000,43.85406743195166,21.92951004158387,21.924557390367784
500,7000,2200,39.86378827045911,19.934180621521335,19.92960764893778
500,7000,2400,36.52362920684122,18.263706040426932,18.259923166414282
500,7000,2600,33.69740655310652,16.850190115905807,16.84721643720071
500,7000,2800,31.279496006341066,15.640877895118619,15.63861811122245
500,7000,3000,29.189233868516503,14.595446087994896,14.593787780521605
500,7000,4000,21.91885168693995,10.959358085478112,10.959493601461839
500,7000,5000,17.583984735508587,8.79153098927428,8.792453746234305
500,7000,6000,14.696765456784295,7.347717096465053,7.349048360319239
500,7000,7000,12.630972015258875,6.314700352443564,6.316271662815311
500,7000,8000,11.077218233603457,5.537746346600376,5.539471887003081
500,7000,9000,9.864794471911047,4.931481453860731,4.933313018050316
500,7000,10000,8.891629634389716,4.444860691753761,4.4467689426359565
500,8000,500,68.7287225875027,34.094232938645874,34.63448964885684
500,8000,600,68.5820117466531,34.071753808318086,34.510257938335
500,8000,700,68.44233962197853,34.06223434525502,34.38010527672352
500,8000,800,68.3331687689693,34.052568692930635,34.280600076038674
500,8000,900,68.27113325768106,34.0562494129884,34.21488384469265
500,8000,1000,68.20493512849048,34.05158632963267,34.153348798857806
500,8000,1200,67.81535305839516,33.88098589855491,33.93436715984024
500,8000,1400,60.548978312082646,30.26814612000104,30.280832192081604
500,8000,1600,53.83598699567783,26.91826776230687,26.917719233370963
500,8000,1800,48.165309815659825,24.08510990883788,24.080199906821946
500,8000,2000,43.447697166461566,21.726623274783233,21.721073891678337
500,8000,2200,39.5215455266536,19.763255797334917,19.758289729318676
500,8000,2400,36.22881121256872,18.116457569799262,18.11235364276946
500,8000,2600,33.438722287871016,16.72099739007162,16.717724897799396
500,8000,2800,31.04916184662102,15.525858745422555,15.523303101198461
500,8000,3000,28.981740336095633,14.491850587761176,14.489889748334457
500,8000,4000,21.78160665369863,10.890917924414042,10.890688729284587
500,8000,5000,17.484183749319094,8.74183530745827,8.742348441860825
500,8000,6000,14.62092854383429,7.310018233662533,7.3109103101717565
500,8000,7000,12.57192551376456,6.2854063293918525,6.2865191843727075
500,8000,8000,11.030558691658243,5.514652764111453,5.5159059275467905
500,8000,9000,9.827578974057095,4.913115200947323,4.914463773109772
500,8000,10000,8.861781460218042,4.430182285043092,4.4315991751749495
500,9000,500,68.59595427653083,34.04039683858937,34.55555743794146
500,9000,600,68.43916274673158,33.99809461700682,34.441068129724755
500,9000,700,68.28920775888307,33.98132381263941,34.30788394624365
500,9000,800,68.17488869750521,33.96773285784406,34.20715583966114
500,9000,900,68.10542231416912,33.96665877991662,34.13876353425249
500,9000,1000,68.0283474325097,33.95571257046321,34.072634862046485
500,9000,1200,67.32528048737166,33.64116452626623,33.684115961105434
500,9000,1400,59.92314578092793,29.957286977886103,29.96585880304183
500,9000,1600,53.335377949928485,26.66881470860877,26.66656324131971
500,9000,1800,47.760156435861965,23.882904927674755,23.87725150818721
500,9000,2000,43.11206920523391,21.558991841531874,21.553077363702034
500,9000,2200,39.23658122831488,19.62088616564194,19.61569506267294
500,9000,2400,35.981574074398026,17.99292852071616,17.988645553681867
500,9000,2600,33.22038318865513,16.611912974455457,16.60847021419967
500,9000,2800,30.853592116610045,15.428161782226073,15.425430334383968
500,9000,3000,28.80457903781937,14.403362390047727,14.401216647771642
500,9000,4000,21.66149946234647,10.83098221264445,10.830517249702021
500,9000,5000,17.394915978830863,8.697336410508163,8.6975795683227
500,9000,6000,14.551691497613533,7.27554596224788,7.276145535365652
500,9000,7000,12.516937380263439,6.258066217843002,6.258871162420436
500,9000,8000,10.98624004885778,5.492652822197646,5.493587226660136
500,9000,9000,9.791512716354257,4.895245413980246,4.896267302374011
500,9000,10000,8.832242616486969,4.41557924010416,4.416663376382809
500,10000,500,68.48508551295043,33.99552134311179,34.48956416983865
500,10000,600,68.31925648726605,33.94802628650414,34.371230200761914
500,10000,700,68.16059139383081,33.91384017787466,34.24675121595616
500,10000,800,68.04184345387156,33.8969269551776,34.144916498693966
500,10000,900,67.9654925670649,33.89154825749272,34.07394430957217
500,10000,1000,67.87842866688509,33.874910906766566,34.00351776011852
500,10000,1200,66.71033307414696,33.34123924208251,33.36909383206445
500,10000,1400,59.40996373248528,29.702630993441023,29.70733273904425
500,10000,1600,52.921707713466226,26.462628915687713,26.459078797778517
500,10000,1800,47.42250553392483,23.71433860306314,23.708166930861683
500,10000,2000,42.830236489855174,21.41819417534637,21.412042314508806
500,10000,2200,38.99570771321401,19.500517393542427,19.495190319671583
500,10000,2400,35.77136345962179,17.887874464994876,17.883488994626912
500,10000,2600,33.03375395529787,16.51864678243459,16.51510717286328
500,10000,2800,30.685601398982758,15.344217290749711,15.341384108233047
500,10000,3000,28.651697050129165,14.326977815155416,14.324719234973749
500,10000,4000,21.55571190541532,10.778167660014812,10.777544245400506
500,10000,5000,17.314855691798755,8.65739951816286,8.657456173635893
500,10000,6000,14.488538567457086,7.244071482469282,7.244467084987805
500,10000,7000,12.46596113953353,6.232685701582776,6.233275437950754
500,10000,8000,10.944496118802443,5.471892757946555,5.472603360855887
500,10000,9000,9.756996639413002,4.878102449971708,4.878894189441294
500,10000,10000,8.803510839738278,4.4013309047712195,4.402179934967059
600,500,500,103.14608405829115,51.15382737208123,51.99225668620992
600,500,600,99.53908218981975,50.17097490597938,49.368107283840374
600,500,700,96.3739679148334,49.33545296457817,47.03851495025523
600,500,800,93.45311560356359,47.971098927989985,45.482016675573604
600,500,900,90.86668033808014,46.78976671290384,44.07691362517631
600,500,1000,89.69125892148227,46.31799228159742,43.37326663988485
600,500,1200,86.93685858784549,45.71090563254617,41.225952955299306
600,500,1400,77.50816492662275,39.11434085298051,38.393824073642236
600,500,1600,74.37356730834283,37.13402015827181,37.23954715007102
600,500,1800,62.41598214379789,30.736223523650306,31.679758620147584
600,500,2000,53.332665476858,26.334450181396257,26.998215295461744
600,500,2200,46.942198767059494,23.19901325096321,23.74318551609629
600,500,2400,42.09208454159131,20.80192631921919,21.290158222372124
600,500,2600,38.2393508468385,18.889536016646705,19.349814830191796
600,500,2800,35.08334999893132,17.318746059949703,17.76460393898161
600,500,3000,32.43952459152397,16.000468887967752,16.439055703556214
600,500,4000,23.703526496168706,11.632374755393048,12.07115174077566
600,500,5000,18.755872567072014,9.151812478948894,9.60406008812312
600,500,6000,15.552164081532801,7.543241680635479,8.008922400897324
600,500,7000,13.304990041413905,6.4137780107252995,6.891212030688607
600,500,8000,11.641084274341523,5.576787386173731,6.064296888167793
600,500,9000,10.359561274467696,4.931698111036815,5.427863163430881
600,500,10000,9.342415108839832,4.41937773333675,4.923037375503081
600,600,500,99.84475704778357,49.873190584502304,49.97156646328127
600,600,600,96.77227650743419,49.09006176172154,47.68221474571264
600,600,700,94.06991425324705,48.351166965062895,45.718747288184154
600,600,800,91.54094982162736,47.10973498181629,44.43121483981108
600,600,900,90.24329525887323,46.497134385251435,43.7461608736218
600,600,1000,89.71340876412526,46.33836484414296,43.37504391998232
600,600,1200,81.32091519721429,42.292068827201874,39.02884637001241
600,600,1400,76.59351323848767,38.46721175148009,38.12630148700758
600,600,1600,74.02080039111583,36.82664126077538,37.19415913034043
600,600,1800,61.340936741669886,30.37418272333051,30.966754018339373
600,600,2000,52.69201593368663,26.139067644259143,26.552948289427484
600,600,2200,46.49566325523639,23.077562361353635,23.418100893882748
600,600,2400,41.749556660495074,20.7210758534775,21.02848080701757
600,600,2600,37.95905839245934,18.833780794024978,19.12527759843436
600,600,2800,34.843125679040234,17.27965565960578,17.563470019434455
600,600,3000,32.22646256079188,15.973036439037973,16.253426121753908
600,600,4000,23.546449303806554,11.631215382283061,11.915233921523493
600,600,5000,18.611131601866898,9.15844357385621,9.452688028010689
600,600,6000,15.408642584644529,7.552441266747369,7.856201317897159
600,600,7000,13.159163406310618,6.423640700455506,6.735522705855112
600,600,8000,11.4918448810167,5.586542607666569,5.905302273350131
600,600,9000,10.206683847181633,4.941028389934359,5.265655457247274
600,600,10000,9.186013233183882,4.428163610905316,4.757849622278567
600,700,500,97.36153793892096,48.87809384147345,48.483444097447496
600,700,600,94.68217085635655,48.20883853158888,46.473332324767675
600,700,700,92.28744448943671,47.52695048019925,44.76049400923746
600,700,800,90.60253925981178,46.65550529023438,43.9470339695774
600,700,900,90.23877038040628,46.482280374863464,43.75649000554282
600,700,1000,89.7986568003646,46.355434012243165,43.44322278812143
600,700,1200,78.50607001854699,40.05827780881911,38.447792209727886
600,700,1400,75.83554415030767,37.981219377844184,37.85432477246349
600,700,1600,73.09484236060764,36.231856437120854,36.8629859234868
600,700,1800,60.51373289594906,30.052904335115862,30.4608285608332
600,700,2000,52.20058796924107,25.958671877076696,26.241916092164377
600,700,2200,46.158897345448686,22.963187337301516,23.195710008147174
600,700,2400,41.497487844207775,20.643638272217277,20.853849571990498
600,700,2600,37.758740796159024,18.77939319760312,18.97934759855591
600,700,2800,34.67680345165432,17.240730826815206,17.436072624839117
600,700,3000,32.08362508219155,15.945019441211796,16.13860564097976
600,700,4000,23.45452025367527,11.628245573671583,11.826274680003689
600,700,5000,18.532491395457107,9.163246779206936,9.369244616250171
600,700,6000,15.333079588580397,7.560004984278125,7.77307460430227
600,700,7000,13.083163565653576,6.4320843675404396,6.651079198113136
600,700,8000,11.414114333194503,5.595074590040656,5.819039743153847
600,700,9000,10.126787800221386,4.94930229986967,5.177485500351716
600,700,10000,9.103874528379682,4.436032907185698,4.667841621193985
600,800,500,95.42888872447614,48.05457828922017,47.37431043525597
600,800,600,93.02321446581553,47.46680672689113,45.556407738924406
600,800,700,90.85075878282768,46.82784065542676,44.022918127400914
600,800,800,90.51252779736022,46.60061151224079,43.91191628511943
600,800,900,90.25667529351585,46.46199153717407,43.794683756341776
600,800,1000,89.8878068363022,46.37083753625972,43.516969300042476
600,800,1200,77.02915781750865,39.014568228896316,38.01458958861234
600,800,1400,75.16379568246138,37.540819133622854,37.62297654883852
600,800,1600,71.72273415468064,35.59673098602142,36.126003168659224
600,800,1800,59.81844501141804,29.759340945012347,30.059104066405695
600,800,2000,51.784077652385655,25.789466929633118,25.994610722752537
600,800,2200,45.87537552715564,22.853922851911566,23.021452675244074
600,800,2400,41.28838215754213,20.56843714924429,20.71994500829784
600,800,2600,37.59581688286477,18.725667899437255,18.87014898342751
600,800,2800,34.54465311275805,17.201531915666806,17.34312119709124
600,800,3000,31.97302373809201,15.916145504710656,16.056878233381354
600,800,4000,23.392364608382472,11.623524750126878,11.768839858255594
600,800,5000,18.484425269864705,9.166342624723036,9.318082645141669
600,800,6000,15.28933879517928,7.5660588266144995,7.723279968564778
600,800,7000,13.040179363739286,6.439220763907447,6.600958599831839
600,800,8000,11.370445743837452,5.602476731785588,5.767969012051865
600,800,9000,10.081853469258897,4.95659555349243,5.125257915766468
600,800,10000,9.05747033403433,4.443045586018727,4.614424748015604
600,900,500,93.86313228557297,47.35444431044857,46.5086879751244
600,900,600,91.65947559537997,46.82769824475664,44.83177735062333
600,900,700,90.6503410945215,46.71035948737943,43.93998160714206
600,900,800,90.42049619538953,46.54636323720443,43.87413295818509
600,900,900,90.24356374221297,46.424092306114176,43.8194714360988
600,900,1000,89.80482447574329,46.43028016624465,43.37454430949864
600,900,1200,75.96293018224519,38.271535252952795,37.69139492929239
600,900,1400,74.56335615630739,37.15405392827808,37.409302228029325
600,900,1600,70.4970773106671,35.04082926632235,35.45624804434476
600,900,1800,59.20651358941197,29.48853166838681,29.71798192102516
600,900,2000,51.41316742845951,25.62925790185529,25.78390952660422
600,900,2200,45.622704582638015,22.74862146883995,22.87408311379806
600,900,2400,41.10309081273979,20.4948341543195,20.608256658420295
600,900,2600,37.452949186521174,18.67226472761138,18.780684458909793
600,900,2800,34.430384294666894,17.161904668472715,17.268479626194175
600,900,3000,31.87901297373775,15.886382007932463,15.992630965805288
600,900,4000,23.345179570646465,11.61720873788606,11.727970832760407
600,900,5000,18.451935417443618,9.167907145071977,9.28402827237164
600,900,6000,15.26206819957774,7.570765979351537,7.691302220226201
600,900,7000,13.014512887078341,6.445197393591173,6.569315493487167
600,900,8000,11.344836995668471,5.608883198957331,5.73595379671114
600,900,9000,10.055610940385908,4.963030621818501,5.092580318567407
600,900,10000,9.03029519895695,4.4493141675620045,4.580981031394945
600,1000,500,92.55692827657072,46.747348095943494,45.80958018062722
600,1000,600,90.79830418080724,46.38028874929812,44.41801543150912
600,1000,700,90.52895701834804,46.53857390950567,43.990383108842366
600,1000,800,90.34246896865162,46.51257433891763,43.82989462973398
600,1000,900,90.17781846672064,46.38375650763535,43.7940619590853
600,1000,1000,78.30891248557339,40.210903424430505,38.09800906114288
600,1000,1200,75.11289812064216,37.68448742246278,37.428410698179384
600,1000,1400,74.02277944486825,36.817205462096894,37.20557398277136
600,1000,1600,69.43201243662196,34.548194973108956,34.883817463513
600,1000,1800,58.65500361123445,29.236954849063128,29.418048762171317
600,1000,2000,51.07391927453574,25.476909653907864,25.597009620627873
600,1000,2200,45.390420269518636,22.646849905629974,22.74357036388866
600,1000,2400,40.932788514879675,20.422704303463732,20.510084211415936
600,1000,2600,37.322137168813185,18.619208615305823,18.702928553507363
600,1000,2800,34.32646144168277,17.121952508144876,17.204508933537895
600,1000,3000,31.794301816432196,15.855871724635989,15.938430091796203
600,1000,4000,23.305928827400407,11.609503564958935,11.69642526244147
600,1000,5000,18.427722333766866,9.168113148735445,9.25960918503142
600,1000,6000,15.243671903203898,7.574261207390737,7.66941069581316
600,1000,7000,12.998300756409028,6.450115713331173,6.548185043077856
600,1000,8000,11.329189939862392,5.614367276197,5.714822663665391
600,1000,9000,10.039766130584631,4.968658820831886,5.071107309752744
600,1000,10000,9.013889985717455,4.454872561608455,4.559017424109
600,1200,500,90.8458221731921,45.88404537599013,44.96177679720198
600,1200,600,90.55988429282286,46.08433831340115,44.47554597942171
600,1200,700,90.36989802778375,46.26756827897656,44.102329748807186
600,1200,800,90.19302449912972,46.45541427208451,43.73761022704522
600,1200,900,76.36991655909567,38.96310765367552,37.40680890542015
600,1200,1000,74.97653137175932,37.823862139401704,37.152669232357624
600,1200,1200,73.80859338313097,36.80977094404835,36.9988224390826
600,1200,1400,73.02212697823956,36.313894937017395,36.70823204122217
600,1200,1600,67.64727330674806,33.707192496848336,33.94008080989971
600,1200,1800,57.68512725966847,28.782285669184333,28.902841590484133
600,1200,2000,50.4636516555578,25.193175898525737,25.270475757032056
600,1200,2200,44.96782648009616,22.453292626226574,22.514533853869587
600,1200,2400,40.62129827702823,20.283036007368796,20.338262269659435
600,1200,2600,37.082557162274554,18.51469026541064,18.567866896863915
600,1200,2800,34.13648338466116,17.041841270018192,17.094642114642973
600,1200,3000,31.64017261905909,15.793506182913788,15.8466664361453
600,1200,4000,23.238855609162975,11.590837906086492,11.648017703076484
600,1200,5000,18.391167337182484,9.165230305547984,9.225937031634501
600,1200,6000,15.219916846026667,7.578271434212596,7.641645411814073
600,1200,7000,12.980112047056787,6.457333278452508,6.522778768604278
600,1200,8000,11.3132061605813,5.623048333969349,5.69015782661195
600,1200,9000,10.024313523310537,4.977914599703433,5.046398923607105
600,1200,10000,8.998108439991375,4.4642311912808665,4.533877248710509
600,1400,500,90.63101591421879,45.63103201911319,44.99998389510561
600,1400,600,90.41793933328275,45.86026036338868,44.55767896989406
600,1400,700,78.35030207630126,40.63250451014203,37.71779756615924
600,1400,800,74.88359017424567,37.945568564671355,36.93802160957432
600,1400,900,73.98129180935396,37.24489573693508,36.736396072418884
600,1400,1000,73.46453620330783,36.77186677874105,36.69266942456679
600,1400,1200,72.841476369665,36.20516640113705,36.636309968527954
600,1400,1400,72.22917564344044,35.98364869774084,36.2455269456996
600,1400,1600,66.18959203747323,33.009309362411315,33.18028267506193
600,1400,1800,56.84802241635793,28.38141227776103,28.4666101385969
600,1400,2000,49.9214592137471,24.93436849047766,24.987090723269443
600,1400,2200,44.585952342602226,22.272466445947178,22.313485896655045
600,1400,2400,40.33675200555011,20.149904833092823,20.186847172457284
600,1400,2600,36.86213287463685,18.413165751094006,18.448967123542843
600,1400,2800,33.96092644775548,16.96254051100752,16.99838593674796
600,1400,3000,31.49744568506803,15.73053444131565,15.766911243752382
600,1400,4000,23.178114322058978,11.569011538558815,11.609102783500166
600,1400,5000,18.360848361673405,9.158939427602299,9.201908934071106
600,1400,6000,15.203278271105669,7.579115994852048,7.624162276253621
600,1400,7000,12.970070555298665,6.461727017216631,6.508343538082035
600,1400,8000,11.306337097889287,5.629240270336493,5.677096827552794
600,1400,9000,10.01882935785841,4.984979918015536,5.033849439842873
600,1400,10000,8.99303369536799,4.471657427687059,4.52137626768093
600,1600,500,90.30683261166647,45.63121528224971,44.67561732941676
600,1600,600,74.98732576644576,38.04149230386496,36.9458334625808
600,1600,700,73.69447399885297,37.04248360643178,36.65199039242118
600,1600,800,73.07340597290833,36.577579247231505,36.49582672567683
600,1600,900,72.69951091314545,36.3227580214235,36.376752891721935
600,1600,1000,72.45212063349909,36.114284339731,36.337836293768106
600,1600,1200,72.01620726798001,35.86667735720613,36.149529910773886
600,1600,1400,71.64128939716893,35.725247795249565,35.91604160191937
600,1600,1600,64.96418206532478,32.41649839237543,32.54768367294934
600,1600,1800,56.1121282607077,28.024612667871835,28.087515592835864
600,1600,2000,49.432387710996586,24.69749575634924,24.73489195464735
600,1600,2200,44.235749042803796,22.10364032544056,22.132108717363238
600,1600,2400,40.072703524932066,20.02355472308897,20.0491488018431
600,1600,2600,36.655708946223626,18.315351494949873,18.340357451273757
600,1600,2800,33.795286505622364,16.884991066703368,16.910295438918997
600,1600,3000,31.361942997340567,15.668003654807324,15.693939342533247
600,1600,4000,23.119581247611123,11.545087149641102,11.574494097970021
600,1600,5000,18.33211982437675,9.15013298818582,9.181986836190932
600,1600,6000,15.188601859221459,7.577526555706215,7.611075303515242
600,1600,7000,12.962597272680844,6.463899338601927,6.498697934078917
600,1600,8000,11.302658394251626,5.633444582262263,5.669213811989363
600,1600,9000,10.017108058501,4.990277542353133,5.026830516147867
600,1600,10000,8.99222879498333,4.477512042903592,4.514716752079738
600,1800,500,73.59661346162842,36.92222503512261,36.67438842650582
600,1800,600,72.72128317126364,36.29622206783863,36.42506110342501
600,1800,700,72.27555231405701,35.99825499574102,36.27729731831597
600,1800,800,72.01399690225797,35.84988894497043,36.164107957287534
600,1800,900,71.84634816594642,35.77130046072891,36.075047705217514
600,1800,1000,71.67791581496641,35.7145376773876,35.963378137578815
600,1800,1200,71.45525008225064,35.62568087628308,35.829569205967566
600,1800,1400,71.1772869853374,35.514117586989606,35.6631693983478
600,1800,1600,63.9130388248106,31.904538759198815,32.008500065611784
600,1800,1800,55.457586440551474,27.704845280258024,27.752741160293446
600,1800,2000,48.987554153202254,24.480171195919826,24.507382957282427
600,1800,2200,43.912352091190506,21.94608394120083,21.966268149989677
600,1800,2400,39.82605154499887,19.903967454686263,19.922084090312612
600,1800,2600,36.46106850058614,18.221591877945546,18.239476622640595
600,1800,2800,33.637844270463425,16.809755234083674,16.828089036379755
600,1800,3000,31.232227685096724,15.606606322631617,15.625621362465106
600,1800,4000,23.061957291919985,11.519829012808428,11.542128279111559
600,1800,5000,18.30337986837481,9.139468299805177,9.163911568569636
600,1800,6000,15.173972864138747,7.574048261563437,7.59992460257531
600,1800,7000,12.95551213871284,6.464301609681282,6.491210529031555
600,1800,8000,11.299773657443971,5.636037868576053,5.66373578886792
600,1800,9000,10.016577451998826,4.994124916961193,5.022452535037632
600,1800,10000,8.99297769507318,4.4820654534999225,4.510912241573258
600,2000,500,71.88997210388094,35.65565478510238,36.23431731877855
600,2000,600,71.57773329300385,35.501666677614,36.07606661538985
600,2000,700,71.41902035066296,35.44422779784617,35.974792552816794
600,2000,800,71.29218689128083,35.47623912511387,35.815947766166964
600,2000,900,71.20579411494357,35.51946008232014,35.68633403262343
600,2000,1000,71.13228163698622,35.47892558031792,35.6533560566683
600,2000,1200,71.03893162168532,35.440587438064554,35.59834418362076
600,2000,1400,70.79542121565905,35.33627123062964,35.459149985029406
600,2000,1600,62.99785814172071,31.45673900673143,31.541119134989287
600,2000,1800,54.87042034479168,27.41657791280717,27.45384243198452
600,2000,2000,48.580711316810934,24.280306628186533,24.300404688624404
600,2000,2200,43.61251958869459,21.79903715554879,21.813482433145804
600,2000,2400,39.59494038855161,19.79099534508064,19.803945043470975
600,2000,2600,36.27706633205167,18.132052066725766,18.1450142653259
600,2000,2800,33.487834253764206,16.737162755655817,16.750671498108392
600,2000,3000,31.107744780716253,15.546764219611935,15.560980561104312
600,2000,4000,23.00492271538191,11.493791168263076,11.511131547118833
600,2000,5000,18.274138829238094,9.127437734133418,9.146701095104676
600,2000,6000,15.158701749965928,7.569096603376056,7.5896051465898715
600,2000,7000,12.947949765785719,6.463281477790607,6.4846682879951105
600,2000,8000,11.296671845577176,5.637312138031739,5.6593597075454385
600,2000,9000,10.016107357441712,4.996769248683323,5.019338108758388
600,2000,10000,8.994052461578372,4.485528767027218,4.508523694551155
600,2200,500,70.86390431603866,35.109186514814084,35.75471780122457
600,2200,600,70.86064299380067,35.19117238798194,35.66947060581873
600,2200,700,70.83621214897113,35.25886849127088,35.577343657700254
600,2200,800,70.80503265956861,35.31558574340102,35.48944691616758
600,2200,900,70.76669378772935,35.323658189307494,35.443035598421865
600,2200,1000,70.74993142819805,35.308988686907995,35.44094274129005
600,2200,1200,70.7132619293178,35.29231868532498,35.420943243992824
600,2200,1400,70.47179731720483,35.18307476798924,35.2887225492156
600,2200,1600,62.191766848152724,31.061009996429874,31.130756851722854
600,2200,1800,54.34012806420099,27.1553502628333,27.184777801367694
600,2200,2000,48.207031364101155,24.09605178499307,24.110979579108083
600,2200,2200,43.33375770212778,21.6617230324741,21.672034669653673
600,2200,2400,39.37799504811022,19.68437698100588,19.69361806710434
600,2200,2600,36.102925386616086,18.046747550416132,18.056177836199954
600,2200,2800,33.344823042758,16.66739012972728,16.677432913030724
600,2200,3000,30.988264786845182,15.488750356663022,15.499514430182156
600,2200,4000,22.94850039434362,11.467376391807907,11.481124002535713
600,2200,5000,18.24433446742989,9.114414822477924,9.129919644951968
600,2200,6000,15.14259712108702,7.562993470992149,7.579603650094869
600,2200,7000,12.93959825310735,6.461111780628484,6.478486472478867
600,2200,8000,11.292938612103974,5.637498559393819,5.655440052710157
600,2200,9000,10.015198455807258,4.998407409567623,5.016791046239635
600,2200,10000,8.994883615427993,4.48807087009297,4.506812745335024
600,2400,500,70.53445049455088,35.06068730098769,35.47376319356321
600,2400,600,70.47981016774301,35.1471480509633,35.332662116779716
600,2400,700,70.48952937105668,35.171420580250334,35.31810879080634
600,2400,800,70.47914580182236,35.2067191129332,35.272426688889155
600,2400,900,70.45901465511406,35.1836922546481,35.27532240046596
600,2400,1000,70.464728204593,35.17970327144046,35.285024933152535
600,2400,1200,70.4492293580203,35.170033950327394,35.27919540769291
600,2400,1400,70.19173900150304,35.048924698479354,35.14281430302368
600,2400,1600,61.47506613917581,30.70829877003128,30.766767369144524
600,2400,1800,53.85849854035101,26.917516702578606,26.94098183777241
600,2400,2000,47.86258910532864,23.92576984734762,23.936819257981018
600,2400,2200,43.07399524965157,21.533377557212745,21.54061769243882
600,2400,2400,39.17406858293734,19.583786228793866,19.59028235414348
600,2400,2600,35.93801012572746,17.965596286374105,17.972413839353354
600,2400,2800,33.20847737256508,16.60050023735245,16.607977135212625
600,2400,3000,30.873641550627827,15.432718320155251,15.44092323047257
600,2400,4000,22.892814777685103,11.440873215852118,11.451941561832989
600,2400,5000,18.214065820144896,9.100686065384506,9.11337975476039
600,2400,6000,15.125674885237514,7.555991397843506,7.569683487394005
600,2400,7000,12.93038945367092,6.458009657649721,6.4723797960211975
600,2400,8000,11.288431856103706,5.636782955154044,5.651648900949662
600,2400,9000,10.013646120871618,4.999198793903736,5.014447326967882
600,2400,10000,8.995214289007292,4.489829220180734,4.505385068826558
600,2600,500,70.39855674687358,34.979226029870304,35.419330717003284
600,2600,600,70.33916276567126,35.06248776600347,35.27667499966779
600,2600,700,70.28519710196512,35.116564619152115,35.16863248281301
600,2600,800,70.2461821293024,35.096874156878535,35.14930797242387
600,2600,900,70.23278492121298,35.07946577568937,35.15331914552362
600,2600,1000,70.24332588318012,35.07791213649741,35.1654137466827
600,2600,1200,70.22937926166884,35.06687457873494,35.16250468293389
600,2600,1400,69.77369995508005,34.841518080588905,34.93218187449113
600,2600,1600,60.832838152924445,30.3916430692568,30.441195083667647
600,2600,1800,53.41893826316602,26.70006405714922,26.7188742060168
600,2600,2000,47.544102296513614,23.76801908750203,23.77608320901159
600,2600,2200,42.83144790119796,21.413274337154967,21.418173564042988
600,2600,2400,38.982148218451414,19.4888676477583,19.493280570693113
600,2600,2600,35.78174649749433,17.888455183328425,17.893291314165904
600,2600,2800,33.07849102084071,16.536480803653706,16.542010217187002
600,2600,3000,30.76373942243351,15.378739692109216,15.384999730324292
600,2600,4000,22.83801432606072,11.414496929759721,11.423517396300996
600,2600,5000,18.183483327693917,9.086472821352018,9.097010506341901
600,2600,6000,15.108033889693976,7.548290747134874,7.559743142559104
600,2600,7000,12.920363046307367,6.454149936352489,6.466213109954878
600,2600,8000,11.28313692485818,5.635316482856739,5.647820442001441
600,2600,9000,10.01138872413777,4.999274074828994,5.012114649308777
600,2600,10000,8.994943017367012,4.490917164250903,4.504025853116109
600,2800,500,70.27338455906482,34.90510087526011,35.36828368380471
600,2800,600,70.21003237138203,34.98460256008856,35.22542981129346
600,2800,700,70.15218414733164,35.03532610976684,35.1168580375648
600,2800,800,70.09407225948347,35.02447923636374,35.06959302311973
600,2800,900,70.06141273183378,34.99995758680829,35.06145514502549
600,2800,1000,70.06652824787322,34.99577808401396,35.07075016385926
600,2800,1200,70.04241376178885,34.97823951160013,35.06417425018873
600,2800,1400,69.17754133643272,34.539560899311574,34.63798043712114
600,2800,1600,60.25349635025183,30.105572724633962,30.147923625617867
600,2800,1800,53.01605211380879,26.50047732555162,26.51557478825717
600,2800,2000,47.24877918412287,23.621531346984117,23.62724783713875
600,2800,2200,42.60454930853856,21.30073613111515,21.3038131774234
600,2800,2400,38.80131746580218,19.399259354523895,19.402058111278286
600,2800,2600,35.633596617337176,17.815147181619988,17.818449435717188
600,2800,2800,32.95456226796556,16.475270864256906,16.479291403708654
600,2800,3000,30.658411056118155,15.326829977110366,15.331581079007785
600,2800,4000,22.784231015448718,11.38840435095518,11.395826664493537
600,2800,5000,18.152741344534363,9.071945503033682,9.080795841500683
600,2800,6000,15.08979992950618,7.540051496123326,7.549748433382857
600,2800,7000,12.909603678461893,6.449674733742313,6.4599289447195805
600,2800,8000,11.277098225793337,5.633223388097717,5.643874837695618
600,2800,9000,10.008434870098737,4.998741531487695,5.009693338611042
600,2800,10000,8.994047526333528,4.491429215116555,4.502618311216973
600,3000,500,70.15773135000558,34.83737882870102,35.32035252130456
600,3000,600,70.09034254346592,34.913206781683236,35.1771357617827
600,3000,700,70.02853665181524,34.960675514807846,35.06786113700739
600,3000,800,69.96772147219774,34.96324576715722,35.00447570504052
600,3000,900,69.93181700392174,34.937459125493376,34.99435787842836
600,3000,1000,69.92228782900315,34.92823952492713,34.994048304076024
600,3000,1200,69.88044326045826,34.90080864458707,34.979634615871205
600,3000,1400,68.45564511325502,34.18103715844452,34.2746079548105
600,3000,1600,59.72785727545558,29.84571354391302,29.882143731542563
600,3000,1800,52.64536320486309,26.31664096794036,26.32872223692273
600,3000,2000,46.974219274279584,23.485191535161373,23.48902773911821
600,3000,2200,42.39191122735172,21.19513917920447,21.19677204814725
600,3000,2400,38.630739189445116,19.31460676495169,19.316132424493432
600,3000,2600,35.49305132357645,17.745478734353096,17.747572589223353
600,3000,2800,32.83639024167617,16.416779593936422,16.419610647739752
600,3000,3000,30.557494390615915,15.276967264227604,15.280527126388307
600,3000,4000,22.731570036559482,11.362708586061187,11.368861450498295
600,3000,5000,18.12198333772469,9.05723856377541,9.06474477394928
600,3000,6000,15.071101208599751,7.531402578662194,7.539698629937558
600,3000,7000,12.898210961578426,6.444700420594653,6.453510540983773
600,3000,8000,11.270385515241617,5.630606627540875,5.639778887700744
600,3000,9000,10.004826794899982,4.997691649340981,5.007135145559001
600,3000,10000,8.992545848288243,4.491444877075295,4.5011009712129475
600,4000,500,69.69054760862672,34.57090809606128,35.11963951256543
600,4000,600,69.60313844149194,34.62978666019123,34.97335178130072
600,4000,700,69.52178363058546,34.66220297058802,34.85958065999744
600,4000,800,69.44754859393852,34.68095227199137,34.76659632194714
600,4000,900,69.41022090011111,34.68247194165421,34.7277489584569
600,4000,1000,69.390648774991,34.667335315535254,34.723313459455746
600,4000,1200,69.27549159335182,34.60498797496631,34.6705036183855
600,4000,1400,65.58158141548864,32.76281305469905,32.81876836078959
600,4000,1600,57.687559068956475,28.83481968733144,28.852739381625046
600,4000,1800,51.16135367383083,25.579201214236406,25.582152459594422
600,4000,2000,45.84855125735465,22.925099169629505,22.923452087725146
600,4000,2200,41.50358267378436,20.753019909258292,20.750562764526066
600,4000,2400,37.906899880067364,18.954464740248238,18.95243513981913
600,4000,2600,34.88845467389684,17.444862111797836,17.44359256209901
600,4000,2800,32.32169530780656,16.161090702558933,16.160604605247627
600,4000,3000,30.11283679006752,15.056305861938597,15.056530928128923
600,4000,4000,22.487041038826053,11.242252340957299,11.244788697868755
600,4000,5000,17.97162964795929,8.983992356509393,8.9876372914499
600,4000,6000,14.97434951966422,7.485046404422067,7.489303115242154
600,4000,7000,12.835005500760941,6.415184475004302,6.419821025756638
600,4000,8000,11.22937501850823,5.612240740450458,5.617134278057772
600,4000,9000,9.979040779949132,4.986980953310758,4.992059826638375
600,4000,10000,8.977464099601862,4.486122425635773,4.491341673966088
600,5000,500,69.35242906676206,34.384715256914276,34.96771380984778
600,5000,600,69.24678116061831,34.42939050594409,34.81739065467423
600,5000,700,69.1476482324598,34.4489572975062,34.69869093495361
600,5000,800,69.06084788404482,34.45811223199097,34.60273565205385
600,5000,900,69.0200760385966,34.478591834236596,34.541484204359996
600,5000,1000,68.98866791497885,34.469381730525875,34.519286184452966
600,5000,1200,68.80378048352401,34.37121337236766,34.43256711115634
600,5000,1400,63.68903075104892,31.827009574294156,31.862021176754762
600,5000,1600,56.28288776021743,28.137205214621396,28.145682545596035
600,5000,1800,50.09931048384283,25.050362090608143,25.048948393234685
600,5000,2000,45.017809770067515,22.510943260198808,22.506866509868708
600,5000,2200,40.83159101750278,20.417879479630074,20.413711537872707
600,5000,2400,37.347854741997764,18.67566838679655,18.672186355201212
600,5000,2600,34.41293121047681,17.20778798084415,17.205143229632665
600,5000,2800,31.910143839838305,15.955998810288666,15.954145029549636
600,5000,3000,29.751785666626517,14.876474468504187,14.875311198122334
600,5000,4000,22.274461442743345,11.136746059381954,11.137715383361394
600,5000,5000,17.832306639676485,8.915182873250846,8.917123766425638
600,5000,6000,14.878571452808014,7.438056343487644,7.440515109320371
600,5000,7000,12.767634176801096,6.382431672450537,6.385202504350559
600,5000,8000,11.181571779390627,5.589297815540189,5.5922739638504355
600,5000,9000,9.945206010119524,4.971042770254804,4.974163239864719
600,5000,10000,8.953854136503676,4.475313470248904,4.478540666254772
600,6000,500,69.09640240539206,34.24720196957835,34.849200435813714
600,6000,600,68.97486773203788,34.280030559609195,34.69483717242869
600,6000,700,68.86020773910101,34.28878859759036,34.57141914151065
600,6000,800,68.76396903953253,34.29061837234573,34.47335066718679
600,6000,900,68.7167172584301,34.30568151175955,34.411035746670535
600,6000,1000,68.67369936259122,34.31421362787958,34.35948573471164
600,6000,1200,68.415293227038,34.17836632294688,34.236926904091135
600,6000,1400,62.342443195371885,31.159862240532156,31.182580954839725
600,6000,1600,55.254158023178505,27.625541138539223,27.628616884639282
600,6000,1800,49.30131601536609,24.6525662177754,24.648749797590693
600,6000,2000,44.38032561346693,22.19282871096624,22.187496902500687
600,6000,2200,40.30687329955419,20.155932559642796,20.150940739911395
600,6000,2400,36.90478773587255,18.454470338279304,18.450317397593246
600,6000,2600,34.03106225309375,17.017168892862326,17.013893360231425
600,6000,2800,31.575659815630367,15.789075617001952,15.786584198628418
600,6000,3000,29.455052196593154,14.72843931589203,14.726612880701126
600,6000,4000,22.090931493612207,11.04538003443921,11.045551459172993
600,6000,5000,17.70652238083863,8.852734432755247,8.853787948083385
600,6000,6000,14.7881998951044,7.393343467820797,7.394856427283605
600,6000,7000,12.701067105495383,6.349641412310022,6.35142569318536
600,6000,8000,11.131881667253522,5.564961084724601,5.56692058252892
600,6000,9000,9.90790387138802,4.952911711913279,4.95499215947474
600,6000,10000,8.925870705009714,4.461851200822468,4.464019504187245
600,7000,500,68.89549323836899,34.15450988187636,34.74098335649262
600,7000,600,68.76058034001257,34.16436077453482,34.59621956547774
600,7000,700,68.63249954015372,34.163992665276226,34.46850687487749
600,7000,800,68.52920938276974,34.16021233992189,34.36899704284784
600,7000,900,68.47437694096851,34.16983908590098,34.30453785506754
600,7000,1000,68.4192723901299,34.172662287778955,34.24661010235095
600,7000,1200,68.09101063493756,34.017227090360656,34.07378354457691
600,7000,1400,61.332913127286986,30.659049338293727,30.673863788993263
600,7000,1600,54.46728231895934,27.233779358321915,27.233502960637427
600,7000,1800,48.679677366627075,24.342467741580965,24.337209625046107
600,7000,2000,43.87603514802309,21.941035017257484,21.93500013076561
600,7000,2200,39.88638269570557,19.94590420787136,19.94047848783421
600,7000,2400,36.54573386762086,18.27511510560747,18.27061876201339
600,7000,2600,33.71849777006283,16.86104656087847,16.857451209184365
600,7000,2800,31.299367288910943,15.651092166416664,15.648275122494281
600,7000,3000,29.207842931339187,14.60500657912002,14.602836352219171
600,7000,4000,21.93218604682327,10.96623085315456,10.965955193668709
600,7000,5000,17.594014947900856,8.796737337104284,8.797277610796572
600,7000,6000,14.704721780678112,7.351881306650588,7.352840474027522
600,7000,7000,12.637555412529235,6.318176140913321,6.3193792716159125
600,7000,8000,11.082842551823004,5.540741988164346,5.542100563658659
600,7000,9000,9.869716305335952,4.934125910438954,4.935590394896998
600,7000,10000,8.896015513638684,4.447237523869618,4.448777989769067
600,8000,500,68.73364563980782,34.08787510283946,34.64577053696836
600,8000,600,68.58736500641362,34.072120226198706,34.515244780214914
600,8000,700,68.44767894297387,34.063988320296176,34.38369062267769
600,8000,800,68.33871238250269,34.05568160275858,34.2830307797441
600,8000,900,68.2762759936844,34.06020385097825,34.216072142706146
600,8000,1000,68.20953092284283,34.056166860561646,34.15336406228119
600,8000,1200,67.81852452046618,33.88173281090427,33.93679170956191
600,8000,1400,60.54716384938802,30.268755757579953,30.278408091808075
600,8000,1600,53.8455541211959,26.923989151049838,26.92156497014606
600,8000,1800,48.1817190949645,24.093927187882546,24.087791907081954
600,8000,2000,43.467306429172574,21.73686734579923,21.73043908337334
600,8000,2200,39.542142926119325,19.773895109373427,19.768247816745898
600,8000,2400,36.2492078953118,18.126936637659245,18.122271257652557
600,8000,2600,33.45833298213168,16.73104550082151,16.72728748131017
600,8000,2800,31.06773184278296,15.535361125978609,15.532370716804353
600,8000,3000,28.99918887241606,14.500773613351168,14.498415259064894
600,8000,4000,21.794161888794726,10.897353074423751,10.896808814370974
600,8000,5000,17.493581804717458,8.746679645299192,8.746902159418266
600,8000,6000,14.628324399737151,7.313857100401653,7.314467299335497
600,8000,7000,12.577992736929652,6.2885793459552755,6.289413390974378
600,8000,8000,11.035700123678824,5.517362353022654,5.518337770656169
600,8000,9000,9.832046618754784,4.915487896377112,4.916558722377672
600,8000,10000,8.865739673416591,4.43230050823417,4.433439165182421
600,9000,500,68.60060000216662,34.03332272087916,34.56727728128746
600,9000,600,68.44445168910015,33.99685138416344,34.4476003049367
600,9000,700,68.29468523444143,33.98204976251711,34.31263547192434
600,9000,800,68.18095940170193,33.96997252129454,34.2109868804074
600,9000,900,68.11128380305473,33.96981454713949,34.14146925591525
600,9000,1000,68.03376471732909,33.95953672157261,34.07422799575648
600,9000,1200,67.27246608697321,33.61512248237954,33.65734360459368
600,9000,1400,59.9169658343498,29.955827248401143,29.96113858594866
600,9000,1600,53.34164933694118,26.67280646669807,26.668842870243104
600,9000,1800,47.77383369626216,23.890278953417777,23.883554742844385
600,9000,2000,43.1294052549501,21.568035516608766,21.561369738341334
600,9000,2200,39.25527660622172,19.630520211221405,19.62475639500032
600,9000,2400,36.00036150519365,18.002554162358877,17.99780734283478
600,9000,2600,33.23861314202463,16.621224801016158,16.61738834100848
600,9000,2800,30.870960450853378,15.437019655481123,15.433940795372251
600,9000,3000,28.82096854210945,14.411715469972208,14.40925307213724
600,9000,4000,21.67338827392601,10.837050932460492,10.83633734146552
600,9000,5000,17.403803581309383,8.701894528961509,8.701909052347876
600,9000,6000,14.558650824091815,7.279136119971041,7.279514704120777
600,9000,7000,12.522609966337843,6.261011661285404,6.261598305052437
600,9000,8000,10.991014970598403,5.495148904732209,5.495866065866195
600,9000,9000,9.795635777547467,4.897415511366863,4.898220266180604
600,9000,10000,8.835875255124572,4.417504329727354,4.418370925397219
600,10000,500,68.48929692680423,33.987852483548494,34.501444443255735
600,10000,600,68.32436475191746,33.94222214213102,34.38214260978644
600,10000,700,68.16595802849623,33.91368361162457,34.252274416871664
600,10000,800,68.04814174479952,33.89839774765068,34.14974399714885
600,10000,900,67.97172398279203,33.89398788613604,34.077736096656
600,10000,1000,67.88427688075056,33.87803921218457,34.00623766856601
600,10000,1200,66.65539596946464,33.31444852617735,33.34094744328728
600,10000,1400,59.3996950047299,29.699260861195576,29.70043414353432
600,10000,1600,52.92479937805371,26.46500654764875,26.45979283040496
600,10000,1800,47.433591538199245,23.720370264395314,23.71322127380393
600,10000,2000,42.84543177536784,21.42612266921779,21.41930910615005
600,10000,2200,39.012618768870226,19.509220231409518,19.503398537460704
600,10000,2400,35.78864683621251,17.89671365158527,17.89193318462724
600,10000,2600,33.05069979593652,16.527285489262592,16.523414306673924
600,10000,2800,30.701858718403837,15.3524905503704,15.349368168033436
600,10000,3000,28.667112457597995,14.3348151576037,14.332297299994295
600,10000,4000,21.567011906918147,10.783917959707864,10.783093947210284
600,10000,5000,17.323312206011195,8.66171985505439,8.661592350956807
600,10000,6000,14.49514235130765,7.247462186297498,7.247680165010152
600,10000,7000,12.471319999426322,6.235452993132528,6.235867006293794
600,10000,8000,10.948983403958009,5.474223764833488,5.474759639124522
600,10000,9000,9.760850686397891,4.880116714204146,4.880733972193745
600,10000,10000,8.80688935107227,4.4031075019452866,4.4037818491269825
700,500,500,101.7673548092968,50.63374730130901,51.1336075079878
700,500,600,98.40434554555259,49.718157632376304,48.686187913176276
700,500,700,95.41661784855012,48.76800142238629,46.64861642616383
700,500,800,92.68805127887983,47.496274613868756,45.19177666501107
700,500,900,90.2823644652852,46.38351071286717,43.89885375241803
700,500,1000,89.71171598592618,46.19070042738456,43.52101555854163
700,500,1200,86.6160797396878,45.46124483801512,41.15483490167268
700,500,1400,76.99841316135077,38.6144385748643,38.38397458648647
700,500,1600,74.06370005162348,36.78129354395387,37.282406507669606
700,500,1800,62.12507585699313,30.705548831393834,31.41952702559929
700,500,2000,53.201217305988365,26.353839600996075,26.84737770499229
700,500,2200,46.874704244924956,23.234944786648523,23.639759458276433
700,500,2400,42.05441440291267,20.844229472668363,21.210184930244306
700,500,2600,38.21636336142256,18.934150941629174,19.282212419793385
700,500,2800,35.067543745882354,17.363760092264563,17.70378365361779
700,500,3000,32.42689497500671,16.04494337736,16.381951597646708
700,500,4000,23.68639501562867,11.67050063642086,12.015894379207811
700,500,5000,18.72749477645822,9.183684451698213,9.543810324760004
700,500,6000,15.513460614670826,7.570135192574636,7.9433254220961915
700,500,7000,13.257653218655618,6.436764462585198,6.82088875607042
700,500,8000,11.586628279142682,5.596675651984746,5.989952627157936
700,500,9000,10.299210376186693,4.9490930494838095,5.350117326702883
700,500,10000,9.27713918577533,4.434736741869607,4.842402443905722
700,600,500,98.71198743557632,49.42381992416958,49.28816751140673
700,600,600,95.85185026379976,48.69833006191238,47.15352020188738
700,600,700,93.29310076387694,47.86434368191598,45.42875708196096
700,600,800,90.91811092027966,46.701591797371336,44.216519122908316
700,600,900,90.2385010746578,46.375864568325326,43.86263650633248
700,600,1000,89.75847850110102,46.218940224721166,43.53953827637986
700,600,1200,79.82032104364981,40.84690972134577,38.97341132230404
700,600,1400,76.1728611407749,38.08780227098116,38.085058869793734
700,600,1600,73.76070185985185,36.55465790514636,37.20604395470549
700,600,1800,61.17033689742343,30.357040052665788,30.81329684475764
700,600,2000,52.631269699030156,26.159382722099078,26.471886976931078
700,600,2200,46.478724094844345,23.111407493325927,23.36731660151842
700,600,2400,41.75241382694446,20.760187047624882,20.99222677931958
700,600,2600,37.971225720855934,18.874736526670556,19.096489194185374
700,600,2800,34.85943336035404,17.32087128046694,17.538562079887097
700,600,3000,32.244151589461836,16.01372773352765,16.23042385593419
700,600,4000,23.557404629564584,11.666178425681675,11.89122620388291
700,600,5000,18.611531668783513,9.187802362359344,9.42372930642417
700,600,6000,15.399768241529028,7.57731967451156,7.822448567017469
700,600,7000,13.14265206674141,6.444987586451558,6.697664480289854
700,600,8000,11.469082190149384,5.60507618367968,5.8640060064697055
700,600,9000,10.17876822307599,4.957288463275737,5.221479759800252
700,600,10000,9.153804305102838,4.442560194535929,4.711244110566909
700,700,500,96.41026739539288,48.48423228243481,47.92603511295807
700,700,600,93.91132644229673,47.86563667904862,46.0456897632481
700,700,700,91.63935061978289,47.107331334237024,44.53201928554585
700,700,800,90.56529180917964,46.534753838965486,44.030537970214155
700,700,900,90.24641485804582,46.371222804701645,43.87519205334418
700,700,1000,89.8478567602425,46.24430080038553,43.603555959856955
700,700,1200,77.75749990574538,39.39564463010739,38.361855275637986
700,700,1400,75.4484589686299,37.627227862344014,37.821231106285886
700,700,1600,72.8147350727221,36.116216768140035,36.69851830458207
700,700,1800,60.401990182088745,30.041508340781547,30.360481841307195
700,700,2000,52.17206440082403,25.97882230550179,26.19324209532224
700,700,2200,46.16420067773563,22.994861596054964,23.16933908168066
700,700,2400,41.51793544209912,20.679792129213936,20.83814331288519
700,700,2600,37.78605816953576,18.817081256188803,18.968976913346946
700,700,2800,34.706926155364705,17.27858477991869,17.42834137544602
700,700,3000,32.114400276507546,15.982363675921253,16.13203660058629
700,700,4000,23.4781656618852,11.66039989142058,11.81776577046462
700,700,5000,18.54651580988302,9.190357909582879,9.356157900300138
700,700,6000,15.338810923877112,7.583072850955714,7.755738072921399
700,700,7000,13.082097830860027,6.451949872687654,6.630147958172374
700,700,8000,11.407490599573524,5.612377308936998,5.795113290636525
700,700,9000,10.115580978324218,4.964525182094409,5.151055796229809
700,700,10000,9.088848098484258,4.449544575707385,4.639303522776872
700,800,500,94.61159788072966,47.70627170050129,46.90532618022837
700,800,600,92.36366118044134,47.16355101534267,45.20011016509867
700,800,700,90.74013189871185,46.6808197563432,44.05931214236866
700,800,800,90.47830681518934,46.488763553548864,43.98954326164048
700,800,900,90.25802879532216,46.35524106391473,43.90278773140743
700,800,1000,89.92295693512935,46.26796297373803,43.65499396139132
700,800,1200,76.47351364276474,38.52226472493367,37.95124891783107
700,800,1400,74.80654717185706,37.22490341061809,37.58164376123897
700,800,1600,71.45355869723362,35.50517156840875,35.94838712882488
700,800,1800,59.739492991628595,29.75216493478828,29.987328056840315
700,800,2000,51.77275361192857,25.808880369773856,25.963873242154715
700,800,2200,45.89178494138242,22.883325105018663,23.008459836363755
700,800,2400,41.31712707764939,20.60175917305892,20.71536790459047
700,800,2600,37.63003749680629,18.76033074966316,18.869706747143127
700,800,2800,34.580952936386325,17.2363252856406,17.344627650745725
700,800,3000,32.00962629764995,15.950471780530178,16.059154517119772
700,800,4000,23.42203472722839,11.653169826647314,11.768864900581077
700,800,5000,18.505378788937595,9.19144126065023,9.313937528287367
700,800,6000,15.302842774902992,7.587497849024335,7.715344925878657
700,800,7000,13.047587472802471,6.457748301973617,6.589839170828853
700,800,8000,11.372868650692538,5.618664234284465,5.754204416408076
700,800,9000,10.08016029970854,4.970876065229898,5.1092842344786416
700,800,10000,9.052340926309647,4.455751070645292,4.596589855664355
700,900,500,93.14944415717922,47.044369291265205,46.10507486591402
700,900,600,91.08628191628469,46.55803433006479,44.52824758621989
700,900,700,90.594238837538,46.622588336850036,43.97165050068796
700,900,800,90.38714331839715,46.44732454870016,43.93981876969699
700,900,900,90.22440696497465,46.318115606146705,43.90629135882794
700,900,1000,88.90471893308383,46.18082517470722,42.7238937583766
700,900,1200,75.49986616172971,37.86254287888078,37.63732328284893
700,900,1400,74.23398036493865,36.874763279501295,37.35921708543734
700,900,1600,70.28619610917247,34.96828541079613,35.31791069837634
700,900,1800,59.148992269503644,29.484380473186643,29.664611796317004
700,900,2000,51.4120429315633,25.64787284802482,25.76417008353848
700,900,2200,45.64499546738483,22.775978239757567,22.869017227627264
700,900,2400,41.135766666950055,20.52565429838413,20.61011236856592
700,900,2600,37.490147220256276,18.704267811604737,18.785879408651546
700,900,2800,34.46920615100519,17.19401203493861,17.27519411606658
700,900,3000,31.917932476794373,15.91805748822591,15.99987498856846
700,900,4000,23.377526102785428,11.64463930786401,11.732886794921418
700,900,5000,18.476344836775453,9.191212677476589,9.285132159298865
700,900,6000,15.27973351169771,7.590741351367492,7.68899216033022
700,900,7000,13.026658974294278,6.462512635943691,6.564146338350588
700,900,8000,11.352460551105747,5.624051287242514,5.728409263863234
700,900,9000,10.05949498650366,4.976442435823749,5.083052550679911
700,900,10000,9.031053014585115,4.4612705429317066,4.569782471653408
700,1000,500,91.92591239618298,46.46982847187576,45.45608392430722
700,1000,600,90.72439349452661,46.30942385755241,44.4149696369742
700,1000,700,90.48483146084081,46.472491074692726,44.01234038614808
700,1000,800,90.3100220892157,46.42308168642622,43.886940402789484
700,1000,900,90.14656886115156,46.30483641110864,43.84173245004292
700,1000,1000,77.15189356689679,39.28825466746986,37.86363889942693
700,1000,1200,74.71500661179596,37.336344396411064,37.37866221538491
700,1000,1400,73.72330196335697,36.571022098949776,37.15227986440719
700,1000,1600,69.26349822969605,34.49018610637422,34.77331212332183
700,1000,1800,58.612587518174536,29.23518764860629,29.377399869568254
700,1000,2000,51.07941371903568,25.494818168642293,25.584595550393384
700,1000,2200,45.41602500982234,22.67246582364817,22.74355918617417
700,1000,2400,40.96728175932041,20.451387062477593,20.515894696842807
700,1000,2600,37.360435333767036,18.64893027443123,18.711505059335806
700,1000,2800,34.36605031166558,17.151750387564327,17.21429992410125
700,1000,3000,31.833860215756694,15.885265364945285,15.948594850811412
700,1000,4000,23.339264618415115,11.635002031043769,11.704262587371346
700,1000,5000,18.453796735869382,9.189844264411942,9.26395247145744
700,1000,6000,15.263604060904937,7.59294641743748,7.67065764346746
700,1000,7000,13.013204557138042,6.466360254373916,6.546844302764127
700,1000,8000,11.33996686838026,5.628634951465005,5.711331916915255
700,1000,9000,10.047123391568585,4.981303824115913,5.065819567452672
700,1000,10000,9.018382745928626,4.466168517269269,4.5522142286593565
700,1200,500,90.75786842048234,45.829532235973375,44.928336184508964
700,1200,600,90.50840932949588,46.03796311510537,44.4704462143905
700,1200,700,90.3315098079127,46.22036940809321,44.11114039981948
700,1200,800,90.07646588982367,46.51075702206751,43.56570886775616
700,1200,900,75.6444011961686,38.38033824331448,37.264062952854125
700,1200,1000,74.53260392919964,37.4474092818156,37.08519464738405
700,1200,1200,73.49490173173409,36.555243719511246,36.93965801222284
700,1200,1400,72.7294820955213,36.184318197431296,36.54516389809002
700,1200,1600,67.53559836698491,33.66938271780061,33.866215649184305
700,1200,1800,57.6625089188325,28.78416478797338,28.878344130859116
700,1200,2000,50.4768534698841,25.21004424951368,25.266809220370412
700,1200,2200,44.996341389932105,22.476202376904872,22.520139013027237
700,1200,2400,40.656536133699525,20.308351516131072,20.348184617568453
700,1200,2600,37.12055127896113,18.54077869770718,18.579772581253952
700,1200,2800,34.17527532939999,17.067928042551742,17.10734728684825
700,1200,3000,31.67873873484534,15.81920413266592,15.85953460217942
700,1200,4000,23.271769578465527,11.613141034464556,11.658628544000972
700,1200,5000,18.41788511678666,9.184323322055896,9.233561794730766
700,1200,6000,15.241447055540782,7.594775485568796,7.646671569971988
700,1200,7000,12.997397991474706,6.471756421451994,6.525641570022711
700,1200,8000,11.326999758354654,5.635777566609552,5.691222191745102
700,1200,9000,10.035202503975329,4.989245658014729,5.045956845960601
700,1200,10000,9.00655477250976,4.47439341448282,4.532161358026943
700,1400,500,90.5670317103628,45.59861114775418,44.96842056260862
700,1400,600,90.36793231256061,45.83068525471157,44.53724705784903
700,1400,700,76.32536224198857,39.04732578633507,37.278036455653506
700,1400,800,74.38762075042621,37.5555132689749,36.832107481451324
700,1400,900,73.61897893082978,36.952050207809684,36.6669287230201
700,1400,1000,73.15407193750502,36.51520462708794,36.63886731041709
700,1400,1200,72.52493110745021,36.06692718292479,36.45800392452542
700,1400,1400,72.02927864806509,35.89117298967663,36.13810565838844
700,1400,1600,66.11404645279282,32.98464811345454,33.12939833933827
700,1400,1800,56.837962799692804,28.385927701356525,28.452035098336275
700,1400,2000,49.93893993207436,24.95055973557051,24.988380196503854
700,1400,2200,44.615356646895975,22.29344443755188,22.3219122093441
700,1400,2400,40.37131062845262,20.172755004934473,20.19855562351814
700,1400,2600,36.89867812317719,18.4365563487464,18.462121774430795
700,1400,2800,33.997886189918624,16.985832863883203,17.012053326035428
700,1400,3000,31.534017534139036,15.753421321782229,15.780596212356805
700,1400,4000,23.20938759243263,11.588805088238466,11.620582504194164
700,1400,5000,18.386689711573325,9.175920742384958,9.210768969188367
700,1400,6000,15.224637718140208,7.5938506256398615,7.630787092500348
700,1400,7000,12.987775515348453,6.474657870532026,6.513117644816426
700,1400,8000,11.32103234002829,5.640699378785,5.68033296124329
700,1400,9000,10.031014855793472,4.9952196925662,5.035795163227272
700,1400,10000,9.003101735388261,4.480873567140336,4.522228168247924
700,1600,500,81.04238942613881,42.507880009500965,38.53450941663784
700,1600,600,74.37596737200612,37.566042224644605,36.8099251473615
700,1600,700,73.32381187668395,36.76300508261734,36.56080679406661
700,1600,800,72.78755110288336,36.375611717901194,36.41193938498216
700,1600,900,72.4563001442709,36.167553509087526,36.28874663518337
700,1600,1000,72.21741024429339,35.92913132308121,36.28827892121219
700,1600,1200,71.81715638125054,35.776793506396125,36.04036287485442
700,1600,1400,71.49540857460674,35.65597639584515,35.8394321787616
700,1600,1600,64.91310536082005,32.40103593304514,32.51206942777492
700,1600,1800,56.11080337035145,28.031254158055642,28.079549212295806
700,1600,2000,49.452648438281166,24.713322093080127,24.739326345201032
700,1600,2200,44.2653697330497,22.123235153748915,22.142134579300787
700,1600,2400,40.106247273869684,20.04455995284906,20.061687321020624
700,1600,2600,36.690618294253284,18.336685199932454,18.353933094320833
700,1600,2800,33.83030157194797,16.9061388105706,16.924162761377367
700,1600,3000,31.39642614600313,15.688718351178332,15.7077077948248
700,1600,4000,23.14894608846296,11.56287998200241,11.586066106460548
700,1600,5000,18.35659968791166,9.165398700324552,9.19120098758711
700,1600,6000,15.209128275228567,7.590804312256434,7.6183239629721315
700,1600,7000,12.979921232379343,6.475588973592527,6.504332258786817
700,1600,8000,11.317348167361775,5.6438387834963795,5.673509383865396
700,1600,9000,10.02959862940906,4.999596425701378,5.030002203707682
700,1600,10000,9.002859688636253,4.48592557613903,4.516934112497223
700,1800,500,73.19526865756166,36.62357100029974,36.57169765726193
700,1800,600,72.4381355273921,36.09738230310694,36.34075322428515
700,1800,700,72.05189870543975,35.85783155094505,36.194067154494704
700,1800,800,71.82589422231169,35.7416076608826,36.08428656142908
700,1800,900,71.6441263083348,35.700779864664945,35.94334644366985
700,1800,1000,71.48684168658276,35.626586545710765,35.86025514087199
700,1800,1200,71.31736370813108,35.561511133717886,35.7558525744132
700,1800,1400,71.06634462202187,35.46055359723373,35.605791024788154
700,1800,1600,63.87936463457804,31.89577267605553,31.983591958522513
700,1800,1800,55.46267455878219,27.71321076294636,27.74946379583583
700,1800,2000,49.0098055051581,24.495825265370648,24.51398023978745
700,1800,2200,43.94198066387355,21.964688828297422,21.97729183557613
700,1800,2400,39.85861887737003,19.923593093065634,19.935025784304386
700,1800,2600,36.49448114359866,18.241350324569073,18.253130819029593
700,1800,2800,33.67108365456924,16.829230990266694,16.841852664302547
700,1800,3000,31.264793214100752,15.625607681515225,15.639185532585532
700,1800,4000,23.08947594753716,11.536006047050462,11.5534699004867
700,1800,5000,18.326404874210773,9.15332305718883,9.173081817021945
700,1800,6000,15.193444281665784,7.586112217376446,7.607332064289337
700,1800,7000,12.972132467011718,6.474946821753134,6.497185645258584
700,1800,8000,11.314056771294798,5.645528917154101,5.668527854140698
700,1800,9000,10.028909981502517,5.002657765047391,5.026252216455124
700,1800,10000,9.003658774958557,4.4897902234666365,4.513868551491921
700,2000,500,71.66313475939032,35.5164174653524,36.14671729403791
700,2000,600,71.41019622217637,35.409678927330155,36.000517294846226
700,2000,700,71.26093906663088,35.409132280208155,35.851806786422735
700,2000,800,71.15669571664554,35.46117908671315,35.69551662993239
700,2000,900,71.06168432406582,35.44947790871606,35.61220641534975
700,2000,1000,71.00873625193901,35.42021264484845,35.588523607090565
700,2000,1200,70.93825241573659,35.39279938051735,35.54545303521923
700,2000,1400,70.70868891286592,35.29391652894506,35.41477238392087
700,2000,1600,62.976978303916795,31.45295954004041,31.524018763876377
700,2000,1800,54.880367369434055,27.4263323959546,27.454034973479462
700,2000,2000,48.604463263630564,24.295891001567256,24.3085722620633
700,2000,2200,43.642089790478444,21.816915307356208,21.825174483122236
700,2000,2400,39.62665229258386,19.80956817953844,19.81708411304542
700,2000,2600,36.30918920656121,18.150586399766556,18.158602806794647
700,2000,2800,33.51954111263955,16.75532351200261,16.76421760063694
700,2000,3000,31.138645012750686,15.564405200513477,15.57423981223721
700,2000,4000,23.030764701789764,11.508647398633816,11.522117303155946
700,2000,5000,18.295767600118577,9.140119574147711,9.155648025970866
700,2000,6000,15.17708225390965,7.580139077790819,7.596943176118829
700,2000,7000,12.963755313558522,6.473039317843076,6.490715995715445
700,2000,8000,11.310377922851352,5.646029962266076,5.6643479605852765
700,2000,9000,10.02806448266945,5.004624893040785,5.023439589628666
700,2000,10000,9.004528713081418,4.492657015585005,4.5118716974964155
700,2200,500,70.74703261817503,35.12619397565316,35.620838642521875
700,2200,600,70.76623564939244,35.19788081004147,35.56835483935098
700,2200,700,70.75102219425197,35.26157808047286,35.48944411377911
700,2200,800,70.72139856499987,35.31338041789183,35.40801814710805
700,2200,900,70.6749030957854,35.277792840969774,35.39711025481562
700,2200,1000,70.66520790530444,35.26782700161405,35.39738090369039
700,2200,1200,70.6373375880043,35.25575550352997,35.38158208447432
700,2200,1400,70.4026742145982,35.149032323386805,35.2536418912114
700,2200,1600,62.18050330014315,31.061001307867702,31.119501992275445
700,2200,1800,54.35382185488543,27.16621431096879,27.18760754391664
700,2200,2000,48.23193911243323,24.111612202961798,24.120326909471434
700,2200,2200,43.363245233884335,21.679048808667357,21.684196425216975
700,2200,2400,39.40897580500345,19.702127386523216,19.70684841848023
700,2200,2600,36.133954832413444,18.06431279219579,18.069642040217655
700,2200,2800,33.375227199125256,16.68450001687916,16.690727182246096
700,2200,3000,31.017742155645617,15.505296180352083,15.512445975293533
700,2200,4000,22.972856813838835,11.481139181148524,11.49171763269031
700,2200,5000,18.26468115197425,9.126112524997152,9.138568626977095
700,2200,6000,15.15993017179677,7.573168707955566,7.586761463841203
700,2200,7000,12.954575360139764,6.470109369872758,6.484465990267006
700,2200,8000,11.30600844057591,5.645549043863372,5.660459396712537
700,2200,9000,10.026684545064835,5.005675013712649,5.0210095313521865
700,2200,10000,9.005030043600732,4.494678474641452,4.51035156895928
700,2400,500,70.51685789893328,35.06744799335826,35.449409905575024
700,2400,600,70.45849426905069,35.154317327139594,35.30417694191109
700,2400,700,70.44399120115395,35.18504351961527,35.25894768153868
700,2400,800,70.41839858150898,35.173706509929936,35.24469207157904
700,2400,900,70.39863276775125,35.152880667483174,35.24575210026808
700,2400,1000,70.40483787757807,35.15010183595764,35.254736041620426
700,2400,1200,70.39078650205239,35.14156455448171,35.24922194757068
700,2400,1400,70.13589993622018,35.0212346293799,35.11466530684028
700,2400,1600,61.471136014915025,30.711166382552566,30.759969632362463
700,2400,1800,53.87510429874679,26.929255978378308,26.94584832036848
700,2400,2000,47.88838860567694,23.94131885803306,23.94706974764388
700,2400,2200,43.10338506224498,21.550267075614496,21.553117986630483
700,2400,2400,39.204423091418846,19.60087811056794,19.603544980850902
700,2400,2600,35.968111892974825,17.982379143650082,17.985732749324736
700,2400,2800,33.23777541165667,16.616756482460186,16.621018929196488
700,2400,3000,30.90190655739562,15.448369794701854,15.453536762693771
700,2400,4000,22.915872186530663,11.45372423011199,11.462147956418672
700,2400,5000,18.233258572132286,9.111550715919202,9.12170785621308
700,2400,6000,15.142035827221822,7.565424664326682,7.576611162895138
700,2400,7000,12.94456941697096,6.466351114944561,6.4782183020263995
700,2400,8000,11.300861152438578,5.644253410367548,5.656607742071031
700,2400,9000,10.0246282060706,5.005952297793781,5.018675908276819
700,2400,10000,9.004974626349984,4.495979381110771,4.5089952452392135
700,2600,500,70.3844056302263,34.98599239957226,35.398413230654036
700,2600,600,70.32244597499044,35.06912073881924,35.25332523617121
700,2600,700,70.26547814185183,35.11744299171681,35.148035150135016
700,2600,800,70.21207595820337,35.07800722661647,35.13406873158691
700,2600,900,70.19279745897559,35.058706951318975,35.134090507656616
700,2600,1000,70.20035452442256,35.05635536830502,35.14399915611754
700,2600,1200,70.18380177557202,35.0444488663434,35.13935290922862
700,2600,1400,69.82409107059584,34.86851336432719,34.95557770626866
700,2600,1600,60.83455101508523,30.39671256352671,30.43783845155853
700,2600,1800,53.437809330779345,26.712481719837857,26.725327610941488
700,2600,2000,47.57058035725238,23.783550412947946,23.787029944304436
700,2600,2200,42.86072369880006,21.429805183019408,21.43091851578065
700,2600,2400,39.01195841368112,19.50541908658844,19.506539327092682
700,2600,2600,35.81105432309618,17.90459417718904,17.90646014590714
700,2600,2800,33.106844393769286,16.55203224695398,16.5548121468153
700,2600,3000,30.790967594021268,15.393650352170724,15.39731724185055
700,2600,4000,22.859939813524527,11.42658071869403,11.433359094830495
700,2600,5000,18.20164678099283,9.096626327232594,9.105020453760238
700,2600,6000,15.12350773563931,7.557084683914489,7.566423051724822
700,2600,7000,12.933796727264964,6.461921430777112,6.471875296487852
700,2600,8000,11.294948452377,5.642279681751646,5.652668770625355
700,2600,9000,10.021866644863412,5.005575435177164,5.016291209686249
700,2600,10000,9.004298353008657,4.496663076473001,4.507635276535657
700,2800,500,70.26214299197284,34.911758962297405,35.350384029675425
700,2800,600,70.19643348162,34.991244560119995,35.2051889215
700,2800,700,70.13604753837576,35.042057764967275,35.093989773408495
700,2800,800,70.0747980162199,35.012219170028416,35.06257884619148
700,2800,900,70.03601652594229,34.9863187541113,35.049697771830985
700,2800,1000,70.03556136793782,34.9800145238205,35.05554684411731
700,2800,1200,70.0066038333506,34.9604507088268,35.046153124523784
700,2800,1400,69.20302539491321,34.55431961985331,34.6487057750599
700,2800,1600,60.259571207563276,30.112325647847697,30.147245559715582
700,2800,1800,53.03667670626292,26.513408678467073,26.523268027795844
700,2800,2000,47.275758275378024,23.6370282829959,23.63872999238212
700,2800,2200,42.63369109372004,21.31695980178558,21.31673129193446
700,2800,2400,38.83064464829497,19.415356273369497,19.415288374925474
700,2800,2600,35.66221628795975,17.830746539226496,17.83146974873325
700,2800,2800,32.982101482592356,16.49023141571112,16.491870066881233
700,2800,3000,30.684746293256097,15.341118592106572,15.343627701149524
700,2800,4000,22.805169494889203,11.399836722246805,11.4053327726424
700,2800,5000,18.169990980454326,9.081488225688743,9.088502754765583
700,2800,6000,15.104471321776263,7.5482911208478525,7.556180200928411
700,2800,7000,12.922348855476137,6.4569482194280265,6.465400636048112
700,2800,8000,11.28832732992652,5.639740503582448,5.648586826344073
700,2800,9000,10.018425475974254,5.004643118115837,5.013782357858417
700,2800,10000,9.002999457143384,4.496816049883871,4.506183407259512
700,3000,500,70.14895972867085,34.84384169727985,35.30511803139099
700,3000,600,70.07941208565555,34.91977480370508,35.159637281950474
700,3000,700,70.01523494759859,34.96737041684332,35.04786453075528
700,3000,800,69.95139721287903,34.952355424655096,34.99904178822393
700,3000,900,69.91288202103858,34.92622752090577,34.986654500132815
700,3000,1000,69.90114320299605,34.9166673970761,34.98447580591994
700,3000,1200,69.85225681947028,34.88666678127937,34.965590038190925
700,3000,1400,68.44225959242051,34.17913488418056,34.26312470823994
700,3000,1600,59.73730494525253,29.853745967083402,29.883558978169123
700,3000,1800,52.66732960898608,26.32994715439094,26.33738245459514
700,3000,2000,47.00154891862767,23.500631953574985,23.50091696505268
700,3000,2200,42.42089564708634,21.21108922324246,21.209806423843883
700,3000,2400,38.65962756313016,19.330311853473642,19.329315709656516
700,3000,2600,35.52106523860715,17.760617345835076,17.760447892772074
700,3000,2800,32.863219927841804,16.431237358732794,16.431982569109003
700,3000,3000,30.58305401344779,15.29072691088321,15.292327102564581
700,3000,4000,22.751645398444147,11.373583111926758,11.378062286517387
700,3000,5000,18.138422444210605,9.066253317740937,9.072169126469669
700,3000,6000,15.08504927434053,7.539158379302463,7.54589089503807
700,3000,7000,12.910325903299054,6.451536367478074,6.45878953582098
700,3000,8000,11.281072508752253,5.63672948955861,5.644343019193642
700,3000,9000,10.014355336037285,5.003238070464827,5.011117265572457
700,3000,10000,9.001107094646477,4.496511280500343,4.504595814146134
700,4000,500,69.68964764391214,34.5758118259697,35.11383581794245
700,4000,600,69.60093376300802,34.63530006391326,34.96563369909475
700,4000,700,69.51790884958749,34.66825371969133,34.84965512989616
700,4000,800,69.44186234769046,34.68736774358841,34.75449460410205
700,4000,900,69.40209756720401,34.67641420813248,34.72568335907153
700,4000,1000,69.38094100160642,34.661132995509426,34.71980800609698
700,4000,1200,69.26432703884724,34.59883102205849,34.66549601678875
700,4000,1400,65.58558069564204,32.767930078034176,32.81765061760785
700,4000,1600,57.704950744150516,28.845562329590337,28.85938841456018
700,4000,1800,51.186049640002715,25.5929652802567,25.59308435974602
700,4000,2000,45.87603713724706,22.93991102635206,22.936126110895003
700,4000,2200,41.5314076432171,20.767800310180217,20.76360733303688
700,4000,2400,37.933903096539076,18.968708769164756,18.96519432737432
700,4000,2600,34.9141530054322,17.458371198678638,17.455781806753556
700,4000,2800,32.34593943156397,16.17381577467048,16.172123656893493
700,4000,3000,30.135635741182124,15.068267710387262,15.067368030794865
700,4000,4000,22.504094046610213,11.251247544065391,11.252846502544822
700,4000,5000,17.985165278865118,8.991200086762191,8.993965192102927
700,4000,6000,14.985630152356352,7.491116243255913,7.49451390910044
700,4000,7000,12.844722486764109,6.420468855761264,6.424253631002845
700,4000,8000,11.237932433882113,5.616944588239549,5.620987845642564
700,4000,9000,9.986692373645827,4.991232486266241,4.995459887379586
700,4000,10000,8.984379862545618,4.490007267716732,4.494372594828887
700,5000,500,69.35515779792829,34.38784490545273,34.96731289247555
700,5000,600,69.24883960098839,34.43347294121266,34.81536665977573
700,5000,700,69.1485999592587,34.45387043242128,34.69472952683743
700,5000,800,69.06056497439559,34.463664441246785,34.596900533148805
700,5000,900,69.01824281630952,34.484449677839734,34.53379313846979
700,5000,1000,68.98532009327229,34.466263784393746,34.51905630887853
700,5000,1200,68.79946506250764,34.36846595547195,34.430999107035696
700,5000,1400,63.69661351876895,31.832970796592463,31.863642722176486
700,5000,1600,56.301042285395745,28.14767522203362,28.153367063362126
700,5000,1800,50.12326300100935,25.063301120484528,25.05996188052482
700,5000,2000,45.04390551078793,22.52471381246298,22.51919169832495
700,5000,2200,40.857762709800504,20.431546247171635,20.426216462628872
700,5000,2400,37.37309914902835,18.688783093271812,18.684316055756536
700,5000,2600,34.43682854858178,17.22017039365367,17.216658154928105
700,5000,2800,31.932571663019083,15.967606623877002,15.964965039142083
700,5000,3000,29.772764762824202,14.887329999956485,14.885434762867717
700,5000,4000,22.289721590013315,11.144676248942016,11.145045341071302
700,5000,5000,17.844116413846134,8.921367029418,8.922749384428137
700,5000,6000,14.88822381339728,7.443153860953668,7.445069952443611
700,5000,7000,12.775837788073302,6.386801657513275,6.3890361305600285
700,5000,8000,11.188736989957476,5.5931475300176405,5.595589459939836
700,5000,9000,9.951585655226559,4.974499623043378,4.977086032183183
700,5000,10000,8.959613265453097,4.478460491020109,4.481152774432989
700,6000,500,69.10073742850135,34.24872025590008,34.852017172601265
700,6000,600,68.97900333330881,34.28270324820111,34.696300085107694
700,6000,700,68.86366866813229,34.29249024822852,34.571178419903774
700,6000,800,68.76668199830917,34.29518110124495,34.47150089706422
700,6000,900,68.7184174869382,34.310752750307294,34.4076647366309
700,6000,1000,68.67413878500749,34.31298139760054,34.361157387406955
700,6000,1200,68.41494805201408,34.177596109547,34.237351942467086
700,6000,1400,62.34860287521754,31.16462445741065,31.183978417806884
700,6000,1600,55.27032668226681,27.63468684783715,27.635639834429664
700,6000,1800,49.3231273447939,24.66419791353048,24.658929431263424
700,6000,2000,44.404364718010484,22.205383685044644,22.19898103296584
700,6000,2200,40.33114305513223,20.168493264969733,20.162649790162497
700,6000,2400,36.92828392032335,18.466575699372186,18.461708220951166
700,6000,2600,34.05334186654479,17.028620204156603,17.02472166238819
700,6000,2800,31.59657410453221,15.799812946180646,15.79676115835156
700,6000,3000,29.47459929595408,14.738470998428634,14.736128297525447
700,6000,4000,22.104975755869674,11.052610438626237,11.052365317243435
700,6000,5000,17.71720709370791,8.858269562782947,8.858937530924965
700,6000,6000,14.79679185470563,7.397826151742979,7.398965702962651
700,6000,7000,12.708272148324749,6.353428080345098,6.354844067979651
700,6000,8000,11.138111214332982,5.568259000221147,5.569852214111835
700,6000,9000,9.913411137403152,4.9558482262894,4.95756291111375
700,6000,10000,8.930819702568911,4.464508698815866,4.466311003753046
700,7000,500,68.90053570013008,34.14953668960469,34.750999010525376
700,7000,600,68.76564556667842,34.165742569518926,34.59990299715948
700,7000,700,68.63722034022634,34.16654177507006,34.47067856515627
700,7000,800,68.53366460316609,34.163835257285555,34.36982934588053
700,7000,900,68.47816379644242,34.174127546232725,34.3040362502097
700,7000,1000,68.42233170315555,34.177452132852025,34.24487957030353
700,7000,1200,68.09282019202178,34.01749368514953,34.075326506872244
700,7000,1400,61.33590213415279,30.66190362352113,30.673998510631655
700,7000,1600,54.48048846495059,27.241231442546596,27.239257022403994
700,7000,1800,48.69885329824094,24.352621437226464,24.346231861014477
700,7000,2000,43.89778595684483,21.952322635824387,21.94546332102044
700,7000,2200,39.90867699670236,19.957375891232157,19.951301105470208
700,7000,2400,36.56751079436125,18.286273922455376,18.281236871905865
700,7000,2600,33.7392607580702,16.871663375507616,16.867597382562586
700,7000,2800,31.318922481643416,15.661080512707073,15.657841968936346
700,7000,3000,29.226152946816082,14.614354384434169,14.611798562381908
700,7000,4000,21.94531221593932,10.972946932276107,10.972365283663216
700,7000,5000,17.603900020983495,8.801820607187388,8.802079413796108
700,7000,6000,14.712575573340004,7.35594426785141,7.356631305488592
700,7000,7000,12.644066463952113,6.321565726990585,6.322500736961529
700,7000,8000,11.08841709147136,5.543662463088231,5.544754628383129
700,7000,9000,9.874605951048512,4.936703650936768,4.9379023001117455
700,7000,10000,8.900383459808968,4.4495544261300655,4.450829033678903
700,8000,500,68.73873287489778,34.0820587537252,34.65667412117258
700,8000,600,68.59273011958187,34.07234369905994,34.52038642052193
700,8000,700,68.45295288268815,34.06549061355988,34.38746226912827
700,8000,800,68.34415364720866,34.0584401012574,34.28571354595125
700,8000,900,68.28129325238825,34.063738126570314,34.21755512581793
700,8000,1000,68.21396888054875,34.06027003068681,34.15369884986195
700,8000,1200,67.82155458990658,33.88261348800592,33.93894110190066
700,8000,1400,60.5460875237028,30.269533041509234,30.276554482193564
700,8000,1600,53.855470085301086,26.929687451192443,26.925782634108643
700,8000,1800,48.19813289461355,24.102609931558575,24.095522963054975
700,8000,2000,43.486746053679745,21.746926826971823,21.73981922670793
700,8000,2200,39.56249445856171,19.784333728072955,19.778160730488754
700,8000,2400,36.26933196172681,18.137214293187625,18.132117668539188
700,8000,2600,33.47766792911329,16.74089781539894,16.736770113714343
700,8000,2800,31.086034056803413,15.544676176389514,15.541357880413903
700,8000,3000,29.016383719482146,14.509520765355553,14.506862954126595
700,8000,4000,21.806539280800255,10.903659014560088,10.902880266240166
700,8000,5000,17.502855932776225,8.75142395205434,8.751431980721886
700,8000,6000,14.635632096972389,7.317614281575857,7.31801781539653
700,8000,7000,12.58399684961349,6.291683180133285,6.292313669480205
700,8000,8000,11.040796957719747,5.520011856036095,5.520785101683653
700,8000,9000,9.83648389256499,4.9178073627557035,4.918676529809286
700,8000,10000,8.869678910411348,4.434370939929725,4.435307970481623
700,9000,500,68.60543433989315,34.02680609319126,34.578628246701896
700,9000,600,68.44976014485516,33.996066983088795,34.453693161766374
700,9000,700,68.30010237714478,33.9826054983481,34.31749687879668
700,9000,800,68.18692078308877,33.971945562430435,34.21497522065833
700,9000,900,68.11699935027323,33.9726412207996,34.14435812947362
700,9000,1000,68.03899248127723,33.96297493605081,34.07601754522643
700,9000,1200,67.22471571207524,33.591757340208936,33.632958371866295
700,9000,1400,59.91168521613904,29.954581734487157,29.957103481651885
700,9000,1600,53.348296797380485,26.67680544392751,26.671491353452975
700,9000,1800,47.787553781712475,23.89755136494244,23.890002416770034
700,9000,2000,43.14661552695335,21.57692866578736,21.56968686116599
700,9000,2200,39.273770933614735,19.639986834368408,19.633784099246334
700,9000,2400,36.01891974893863,18.012011078359105,18.00690867057952
700,9000,2600,33.25660916544381,16.630373994427487,16.626235171016326
700,9000,2800,30.888100828168742,15.44572277455049,15.442378053618253
700,9000,3000,28.837140410286427,14.419921363407973,14.417219046878452
700,9000,4000,21.6851226867533,10.843010692826903,10.842111993926396
700,9000,5000,17.412583099527293,8.706368733870944,8.706214365656347
700,9000,6000,14.565532938622978,7.28265832497322,7.282874613649759
700,9000,7000,12.528226692649236,6.263899821655036,6.264326870994199
700,9000,8000,10.995749796203155,5.497595540466524,5.49815425573663
700,9000,9000,9.7997307160978,4.899541988347065,4.900188727750735
700,9000,10000,8.83948918396947,4.419390280141254,4.420098903828215
700,10000,500,68.49371982530118,33.98074005918816,34.512979766113034
700,10000,600,68.32950077992193,33.93677164019868,34.392729139723244
700,10000,700,68.17127461034706,33.91339887149023,34.257875738856825
700,10000,800,68.05432971628993,33.89966188359451,34.154667832695424
700,10000,900,67.9777974268419,33.8961593106777,34.0816381161642
700,10000,1000,67.8899141237302,33.88084434105781,34.00906978267239
700,10000,1200,66.60549754030914,33.290280672829546,33.31521686747959
700,10000,1400,59.39079344731858,29.69611426177526,29.694679185543315
700,10000,1600,52.928278381923846,26.46744146736592,26.46083691455792
700,10000,1800,47.444738937492495,23.726350233974,23.718388703518492
700,10000,2000,42.86053549488763,21.433943861255184,21.42659163363244
700,10000,2200,39.0293666369502,19.51778792913926,19.511578707810934
700,10000,2400,35.80573657752268,17.905409381958343,17.900327195564333
700,10000,2600,33.067444288700166,16.535783743502208,16.53166054519796
700,10000,2800,30.717918366158738,15.360630423457447,15.357287942701292
700,10000,3000,28.682339003543916,14.342527178979207,14.339811824564709
700,10000,4000,21.578176209235163,10.789574852076086,10.788601357159079
700,10000,5000,17.331673193746983,8.665968425627042,8.66570476811994
700,10000,6000,14.501677675405533,7.250795213181237,7.250882462224295
700,10000,7000,12.476628775880533,6.238171663446736,6.238457112433796
700,10000,8000,10.953434216076811,5.476512919599324,5.476921296477488
700,10000,9000,9.764678657028272,4.882094272207031,4.882584384821241
700,10000,10000,8.81024982895966,4.404851249350215,4.405398579609446
800,500,500,100.6044582795001,50.1665925022887,50.43786577721139
800,500,600,97.43678952134132,49.30697750401929,48.129812017322045
800,500,700,94.59544486286646,48.272329599238354,46.323115263628104
800,500,800,92.01828364085004,47.07683920725677,44.94144443359328
800,500,900,90.26820386520711,46.26480307846862,44.00340078673848
800,500,1000,89.73806655661366,46.079008469498156,43.65905808711551
800,500,1200,83.5654513004033,43.457257859786544,40.10819344061675
800,500,1400,76.56439127602144,38.22730069333529,38.33709058268616
800,500,1600,73.80790769274518,36.518172067089274,37.2897356256559
800,500,1800,61.91646671772776,30.677386793728,31.23907992399976
800,500,2000,53.117886215015986,26.36859804817951,26.74928816683648
800,500,2200,46.84099492825135,23.265045725173433,23.575949203077915
800,500,2400,42.04326813022147,20.880512339179518,21.162755791041953
800,500,2600,38.216209403407326,18.972845383386073,19.243364020021254
800,500,2800,35.07266947475364,17.403101323977204,17.66956815077644
800,500,3000,32.43423577178141,16.084047633727497,16.35018813805391
800,500,4000,23.689055325276517,11.704614543004228,11.984440782272289
800,500,5000,18.72037393911974,9.21249530765877,9.507878631460969
800,500,6000,15.4974293611274,7.594620245003284,7.902809116124118
800,500,7000,13.234169422029414,6.457805910273408,6.776363511756006
800,500,8000,11.55699075509297,5.614958592989742,5.942032162103228
800,500,9000,10.264470956123967,4.965139141961101,5.299331814162866
800,500,10000,9.238133245202173,4.448945231950372,4.789188013251801
800,600,500,97.75706112008828,49.01806530887037,48.738995811217904
800,600,600,95.06079112677003,48.34216905221301,46.718622074557025
800,600,700,92.62065389241148,47.43624473617518,45.184409156236306
800,600,800,90.62887577135217,46.4595911526662,44.16928461868597
800,600,900,90.24043678971708,46.26608708482084,43.97434970489624
800,600,1000,89.80234278621435,46.11293047136306,43.68941231485128
800,600,1200,78.80280040535212,39.97217218486402,38.83062822048809
800,600,1400,75.77797208309434,37.74334748898487,38.03462459410947
800,600,1600,73.36027121674378,36.324575268255025,37.03569594848875
800,600,1800,61.04103313503999,30.337497828550514,30.70353530648947
800,600,2000,52.592680763032384,26.175077015713594,26.417603747318783
800,600,2200,46.47655337020991,23.140002935749262,23.33655043446065
800,600,2400,41.7666822042407,20.793968142497505,20.972714061743194
800,600,2600,37.993209898034955,18.91049675248929,19.08271314554566
800,600,2800,34.88484046346959,17.357110828312294,17.527729635157293
800,600,3000,32.27068879291724,16.04969146133906,16.22099733157819
800,600,4000,23.578144457101438,11.697585684488196,11.880558772613242
800,600,5000,18.623236224108716,9.214434230994298,9.408801993114418
800,600,6000,15.403482632083001,7.600047462413514,7.803435169669488
800,600,7000,13.139747598623982,6.464593647029574,6.6751539515944085
800,600,8000,11.460730317121502,5.62217054640475,5.838559770716753
800,600,9000,10.165906282292367,4.9723373537842015,5.193568928508165
800,600,10000,9.137174551266298,4.455922272414543,4.681252278851756
800,700,500,95.60327695124337,48.128686397195374,47.47459055404799
800,700,600,93.2444741543664,47.55307879208063,45.691395362285775
800,700,700,91.07382255680247,46.73578670144561,44.33803585535686
800,700,800,90.53472015882336,46.42400317799638,44.11071698082698
800,700,900,90.2559163620481,46.26774709747186,43.98816926457624
800,700,1000,89.89204642524531,46.14417476360176,43.74787166164355
800,700,1200,77.12835199833145,38.86126214295111,38.267089855380334
800,700,1400,75.08683251470273,37.32145356046804,37.76537895423469
800,700,1600,72.51005515567887,36.0058526201697,36.504202535509165
800,700,1800,60.31268388108717,30.02791926360335,30.284764617483823
800,700,2000,52.15493781341413,25.994520938112444,26.16041687530169
800,700,2200,46.17641343315493,23.021613050025376,23.154800383129547
800,700,2400,41.543339847271945,20.711036924023446,20.8323029232485
800,700,2600,37.81750074507312,18.850034972159506,18.967465772913613
800,700,2800,34.7408782307427,17.31193431108497,17.428943919657737
800,700,3000,32.14899616692532,16.015447529480003,16.13354863744532
800,700,4000,23.506855988070303,11.689362838650387,11.817493149419917
800,700,5000,18.566983872109805,9.215016871209707,9.351967000900098
800,700,6000,15.352103570770435,7.60419865605745,7.747904914712987
800,700,7000,13.089461559836336,6.470237508281673,6.619224051554662
800,700,8000,11.409978509388514,5.628370717767415,5.7816077916211
800,700,9000,10.114031036827873,4.9786424352676875,5.1353886015601855
800,700,10000,9.083921548715873,4.462108797903448,4.621812750812424
800,800,500,93.91440400726273,47.391672933390716,46.52273107387201
800,800,600,91.78975747543501,46.88681023052817,44.902947244906834
800,800,700,90.68157193439767,46.561995685816875,44.119576248580785
800,800,800,90.44691539051604,46.38167337316149,44.06524201735455
800,800,900,90.25471399502406,46.25511797306798,43.99959602195607
800,800,1000,89.9401668707633,46.17709880549422,43.763068065269096
800,800,1200,75.97476607573341,38.097812116627324,37.87695395910609
800,800,1400,74.47465585549635,36.955508658848174,37.51914719664818
800,800,1600,71.21875132480982,35.41850421826169,35.80024710654812
800,800,1800,59.67483396575912,29.7426257541384,29.93220821162073
800,800,2000,51.7676496073625,25.82424789765436,25.943401709708144
800,800,2200,45.911205375818476,22.90830488903151,23.002900486786963
800,800,2400,41.34755802756548,20.630687051463283,20.716870976102197
800,800,2600,37.66544393929367,18.79076457030343,18.874679368990236
800,800,2800,34.61834797815357,17.267101892991064,17.351246085162504
800,800,3000,32.0474187526672,15.981000881114358,16.066417871552837
800,800,4000,23.454175477600398,11.679965753412986,11.77420972418741
800,800,5000,18.530050562882842,9.214341529048882,9.315709033833961
800,800,6000,15.321038189646128,7.607188804239546,7.713849385406583
800,800,7000,13.060434100971484,6.474850258715197,6.585583842256288
800,800,8000,11.381309830773096,5.633664419786896,5.747645410986201
800,800,9000,10.084946840837647,4.984150634594681,5.100796206242965
800,800,10000,9.054067140612611,4.46759218538333,4.586474955229281
800,900,500,92.5376409878165,46.764028798084375,45.77361218973213
800,900,600,90.81638557970004,46.40164586228892,44.414739717411116
800,900,700,90.54741623499712,46.51770145029487,44.02971478470225
800,900,800,90.35719856459416,46.35248478594103,44.004713778653134
800,900,900,90.1984510661818,46.216235988127714,43.98221507805409
800,900,1000,80.14783224270228,41.34004498080945,38.80778726189282
800,900,1200,75.08086585241534,37.509384908027194,37.571480944388156
800,900,1400,73.93228398919857,36.63936579800447,37.29291819119409
800,900,1600,70.1003286997369,34.89917349880575,35.201155200931154
800,900,1800,59.101073725424534,29.477975737030185,29.623097988394342
800,900,2000,51.41439437947709,25.66286230661144,25.75153207286565
800,900,2200,45.6683217177419,22.799409753951917,22.868911963789973
800,900,2400,41.16850610886076,20.552581235206453,20.615924873654304
800,900,2600,37.52708022022713,18.73252365140016,18.794556568826973
800,900,2800,34.50774101421036,17.222557328017142,17.285183686193214
800,900,3000,31.95669840712423,15.946364855251876,16.010333551872353
800,900,4000,23.410915651975763,11.66953110228106,11.741384549694704
800,900,5000,18.502907144251843,9.212553502995666,9.290353641256177
800,900,6000,15.300406816782521,7.6091513905671695,7.691255426215352
800,900,7000,13.042466382769247,6.478550082121105,6.563916300648142
800,900,8000,11.364253474816891,5.638155403819627,5.726098070997265
800,900,9000,10.067950647154975,4.988953443477966,5.078997203677009
800,900,10000,9.036707656266731,4.472453618164372,4.564254038102359
800,1000,500,91.3827215305163,46.218648155959166,45.16407337455715
800,1000,600,90.66251197570628,46.2418697352984,44.42064224040788
800,1000,700,90.44857109789501,46.4097923350324,44.03877876286261
800,1000,800,90.28022386837664,46.33572021639479,43.94450365198185
800,1000,900,90.1064434021851,46.25968720307769,43.84675619910741
800,1000,1000,76.34782049164845,38.651443881752755,37.696376609895694
800,1000,1200,74.35115709056555,37.037548849256176,37.31360824130937
800,1000,1400,73.36437224327747,36.418188657278186,36.946183585999286
800,1000,1600,69.11385560345313,34.43445630417737,34.67939929927577
800,1000,1800,58.57678901366979,29.231303368772824,29.34548564489696
800,1000,2000,51.08667889112862,25.509481572660732,25.57719731846789
800,1000,2200,45.44149619592522,22.694584345589657,22.74691185033556
800,1000,2400,41.000911884027104,20.476602090036852,20.52430979399025
800,1000,2600,37.39765197686267,18.675313626783154,18.722338350079518
800,1000,2800,34.40457609902321,17.178370432191407,17.2262056668318
800,1000,3000,31.87249209949267,15.911648773211086,15.960843326281584
800,1000,4000,23.372777254924618,11.658221699930493,11.714555554994122
800,1000,5000,18.481034583415724,9.209804760850774,9.27122982256495
800,1000,6000,15.285454248142422,7.610216492568376,7.675237755574044
800,1000,7000,13.030602059729791,6.481446974778043,6.549155084951748
800,1000,8000,11.35368469636793,5.641936995919449,5.7117477004484805
800,1000,9000,10.057775843596366,4.993130528953727,5.064645314642639
800,1000,10000,9.026456678756528,4.476761642268232,4.549695036488295
800,1200,500,90.6865665424702,45.777995023803065,44.908571518667145
800,1200,600,90.46586784052045,45.99294059004527,44.472927250475166
800,1200,700,90.29665860321062,46.1740936341261,44.122564969084515
800,1200,800,79.27708504244531,41.030570053666416,38.24651498877889
800,1200,900,75.07231518442336,37.919783561713146,37.152531622710214
800,1200,1000,74.13759529829224,37.124149884668356,37.013445413623884
800,1200,1200,73.21275288383985,36.34129643628353,36.87145644755632
800,1200,1400,72.49319833117326,36.07908026559484,36.414118065578414
800,1200,1600,67.43553716654834,33.6325604578777,33.80297670867065
800,1200,1800,57.64332716559181,28.78418742791952,28.859139737672297
800,1200,2000,50.49017675417463,25.224270690159706,25.265906064014917
800,1200,2200,45.02369157705091,22.496296658809253,22.527394918241658
800,1200,2400,40.69012746035997,20.330870478583243,20.35925698177672
800,1200,2600,37.15678896703837,18.564174356658853,18.592614610379524
800,1200,2800,34.212360008863016,17.09144518769518,17.120914821167837
800,1200,3000,31.71572780465653,15.842462736742089,15.873265067914444
800,1200,4000,23.30401575398109,11.633579776667958,11.67043597731313
800,1200,5000,18.444720093272142,9.201955711173559,9.242764382098585
800,1200,6000,15.26369105525266,7.610104034623113,7.653587020629549
800,1200,7000,13.01585292687693,6.4852123866292155,6.530640540247713
800,1200,8000,11.342316146545855,5.647696454715955,5.6946196918298995
800,1200,9000,10.04789486847453,4.999887479523903,5.048007388950627
800,1200,10000,9.017031114622727,4.483961910619978,4.53306920400275
800,1400,500,90.5149343724365,45.56696135112958,44.94797302130693
800,1400,600,90.3137907604777,45.80942965083719,44.504361109640506
800,1400,700,75.35747564802358,38.306733551138485,37.05074209688508
800,1400,800,73.96374520080127,37.230572360414065,36.733172840387205
800,1400,900,73.29307125804398,36.68602201373535,36.60704924430862
800,1400,1000,72.87343487459145,36.29775327953216,36.5756815950593
800,1400,1200,72.27704791789175,35.95974841612491,36.31729950176684
800,1400,1400,71.86093291076425,35.81325388627828,36.047679024485966
800,1400,1600,66.04611883595061,32.96038437854038,33.08573445741023
800,1400,1800,56.829784422577106,28.38889720511453,28.440887217462578
800,1400,2000,49.95589642586406,24.9645912740438,24.991305151820264
800,1400,2200,44.64328110331858,22.31210547730048,22.331175626018098
800,1400,2400,40.404045719563555,20.193300136825737,20.210745582737815
800,1400,2600,36.933334501691455,18.45772373511396,18.475610766577493
800,1400,2800,34.0330191307562,17.007007220827365,17.026011909928837
800,1400,3000,31.568875921412708,15.77429450012084,15.794581421291872
800,1400,4000,23.239694728546187,11.607047649986024,11.632647078560165
800,1400,5000,18.41219838283613,9.191677729120425,9.220520653715706
800,1400,6000,15.246145638289995,7.607593436008944,7.6385522022810495
800,1400,7000,13.005996810149824,6.486768091581851,6.519228718567973
800,1400,8000,11.336530570137773,5.651467647103567,5.685062923034206
800,1400,9000,10.044231190618973,5.004869486628134,5.039361703990841
800,1400,10000,9.014385051703542,4.4895797450178,4.524805306685742
800,1600,500,76.6244937048444,39.23373808469129,37.390755620153115
800,1600,600,73.88619961071181,37.18978297209036,36.69641663862144
800,1600,700,73.00149104907854,36.527639518006666,36.47385153107187
800,1600,800,72.53270915826518,36.20594711855815,36.32676203970703
800,1600,900,72.2280270818858,35.99485583618615,36.233171245699644
800,1600,1000,71.96252528163522,35.81767433836608,36.14485094326915
800,1600,1200,71.65303766340774,35.70270470792317,35.95033295548459
800,1600,1400,71.36917013318907,35.596164036329476,35.77300609685959
800,1600,1600,64.86731633102912,32.385661104804996,32.48165522622412
800,1600,1800,56.110522798936415,28.0365730185208,28.07394978041562
800,1600,2000,49.47212988371186,24.727349457115235,24.744780426596627
800,1600,2200,44.29348138532184,22.140904949878102,22.152576435443738
800,1600,2400,40.138023088877034,20.06364813745086,20.07437495142618
800,1600,2600,36.72371151877576,18.356161784637287,18.367549734138468
800,1600,2800,33.86355172894946,16.925509374806733,16.938042354142723
800,1600,3000,31.429242547019435,15.707741493480125,15.72150105353931
800,1600,4000,23.177266894554386,11.579363899159057,11.597902995395328
800,1600,5000,18.380555245874405,9.17962457266246,9.200930673211944
800,1600,6000,15.22952512297967,7.603234681064246,7.626290441915422
800,1600,7000,12.997418255646997,6.486573814901916,6.510844440745079
800,1600,8000,11.332447599789063,5.6536369782011455,5.6788106215879175
800,1600,9000,10.042687493880786,5.0084043287769795,5.034283165103808
800,1600,10000,9.014241933422316,4.493895919276378,4.520346014145937
800,1800,500,72.84856332890385,36.37198200017284,36.476581328731015
800,1800,600,72.18961342392167,35.9314998847301,36.25811353919157
800,1800,700,71.85603646919442,35.741240545359254,36.11479592383516
800,1800,800,71.65510843048158,35.65234974201011,36.002758688471474
800,1800,900,71.45242745340786,35.6122674176063,35.84016003580157
800,1800,1000,71.33245188700664,35.55601806869113,35.77643381831551
800,1800,1200,71.20009974936596,35.50714084197935,35.692958907386604
800,1800,1400,70.96850289510151,35.41348995483227,35.555012940269236
800,1800,1600,63.84952207637213,31.88691161338856,31.962610462983566
800,1800,1800,55.468322138916044,27.720419964692958,27.74790217422309
800,1800,2000,49.031185173635365,24.509948809776876,24.521236363858485
800,1800,2200,43.97016168536763,21.9816626040093,21.988499081358327
800,1800,2400,39.88953715158488,19.941594984815534,19.947942166769348
800,1800,2600,36.52621282458874,18.25953563706563,18.266677187523115
800,1800,2800,33.702688995021056,16.847200016656693,16.85548897836436
800,1800,3000,31.29580859374132,15.643173081362564,15.652635512378755
800,1800,4000,23.115965272533597,11.551064544101775,11.564900728431821
800,1800,5000,18.34883366887868,9.166284487174943,9.182549181703736
800,1800,6000,15.212648408004126,7.597444404430421,7.615204003573707
800,1800,7000,12.988738244092968,6.484980503347689,6.503757740745279
800,1800,8000,11.328523574338684,5.654500658958517,5.674022915380167
800,1800,9000,10.041584731380127,5.0107437379877835,5.030840993392341
800,1800,10000,9.014811086591976,4.497126148455427,4.517684938136548
800,2000,500,71.46675282758783,35.40217004425276,36.064582783335055
800,2000,600,71.26046448445906,35.333882302788616,35.92658218167044
800,2000,700,71.12757908229227,35.39264758284421,35.73493149944807
800,2000,800,71.04175203218242,35.44807181247497,35.59368021970744
800,2000,900,70.94455241432114,35.393449152313394,35.55110326200774
800,2000,1000,70.90556991533789,35.371739481769794,35.5338304335681
800,2000,1200,70.85085473123317,35.35154756386675,35.49930716736642
800,2000,1400,70.63112921065392,35.25621902923428,35.374910181419644
800,2000,1600,62.9589618194368,31.448976234167645,31.50998558526915
800,2000,1800,54.89057576054599,27.43505985984289,27.455515900703105
800,2000,2000,48.627323056674854,24.310149013604782,24.31717404307007
800,2000,2200,43.670302522265885,21.83338711307299,21.836915409192894
800,2000,2400,39.65684700754193,19.826743338149875,19.830103669392052
800,2000,2600,36.33977419848847,18.167767379703953,18.172006818784514
800,2000,2800,33.54975408910481,16.772188382061522,16.77756570704329
800,2000,3000,31.16812511085365,15.580810991284627,15.587314119569028
800,2000,4000,23.05562940522813,11.522536674926366,11.533092730301764
800,2000,5000,18.316786121133482,9.152026297430982,9.1647598237025
800,2000,6000,15.195130255563871,7.590543674044341,7.604586581519531
800,2000,7000,12.979442251906262,6.482261837208094,6.4971804146981675
800,2000,8000,11.32413359585141,5.654291436245691,5.66984215960572
800,2000,9000,10.040206120221407,5.012086483265612,5.028119636955795
800,2000,10000,9.015299570507631,4.499441322855074,4.515858247652558
800,2200,500,70.66579523305825,35.14889417645838,35.51690105659986
800,2200,600,70.69026372637987,35.206070985983665,35.484192740396196
800,2200,700,70.67935799944107,35.26419167479139,35.41516632464967
800,2200,800,70.63794162164815,35.27050314710043,35.36743847454771
800,2200,900,70.598513441121,35.24037739433318,35.35813604678782
800,2200,1000,70.59296208503278,35.233221273030615,35.35974081200216
800,2200,1200,70.57043696016144,35.22376297458928,35.34667398557217
800,2200,1400,70.34020772830631,35.1184368137462,35.2217709145601
800,2200,1600,62.17142945876517,31.060722722331914,31.110706736433254
800,2200,1800,54.367584684420116,27.176154376456253,27.191430307963866
800,2200,2000,48.25596708992669,24.12600593483857,24.12996115508812
800,2200,2200,43.39147028303731,21.69514438395034,21.696325899086972
800,2200,2400,39.43856570299508,19.718657841073913,19.719907861921165
800,2200,2600,36.16358113270809,18.080698062028496,18.08288307067959
800,2200,2800,33.40426980691361,16.7004808016066,16.703789005307016
800,2200,3000,31.04592412088341,15.520766287593533,15.525157833289875
800,2200,4000,22.996302462450203,11.494058644660779,11.502243817789422
800,2200,5000,18.284431189725304,9.137131359342252,9.147299830383051
800,2200,6000,15.176904422516815,7.582783315178633,7.594121107338182
800,2200,7000,12.969376756704486,6.478634673904507,6.490742082799979
800,2200,8000,11.319046868800806,5.6531955004466825,5.665851368354124
800,2200,9000,10.038255296054011,5.0125926388034765,5.0256626572505345
800,2200,10000,9.01535607838698,4.500979728479673,4.514376349907307
800,2400,500,70.50019022726329,35.072089885683155,35.42810034158014
800,2400,600,70.4391489395035,35.1584115808823,35.280737358621195
800,2400,700,70.39955742030895,35.177464960971804,35.222092459337155
800,2400,800,70.36889680623747,35.14767881661987,35.221217989617585
800,2400,900,70.34754145952535,35.127423011077674,35.22011844844767
800,2400,1000,70.35296678061955,35.12488235706497,35.22808442355458
800,2400,1200,70.3386938712241,35.116395673467935,35.22229819775616
800,2400,1400,70.08501810156189,34.99615968751248,35.08885841404941
800,2400,1600,61.46891052383314,30.713725234506203,30.75518528932693
800,2400,1800,53.89165120496459,26.940155717400206,26.951495487564383
800,2400,2000,47.913335609934684,23.95582936176857,23.957506248166116
800,2400,2200,43.131603111856904,21.5660676143285,21.565535497528405
800,2400,2400,39.23350165376685,19.616892671078592,19.616608982688255
800,2400,2600,35.99693183970553,17.998121333116313,17.99881050658922
800,2400,2800,33.26583128157493,16.632017814783996,16.63381346679094
800,2400,3000,30.928989526447484,15.4630740452329,15.465915481214584
800,2400,4000,22.938087386122422,11.465833181620537,11.472254204501883
800,2400,5000,18.251881536881967,9.121816114817038,9.130065422064927
800,2400,6000,15.15803290345254,7.5743615572311285,7.5836713462214105
800,2400,7000,12.958543872134623,6.474273011092014,6.484270861042609
800,2400,8000,11.313209969276707,5.651363808064248,5.661846161212461
800,2400,9000,10.035630572127902,5.012392989965674,5.023237582162228
800,2400,10000,9.014837871266987,4.501854992321027,4.512982878945961
800,2600,500,70.3709997112745,34.990891605519714,35.38010810575478
800,2600,600,70.306544977421,35.073637170896895,35.232907806524096
800,2600,700,70.24661704568034,35.10478476172571,35.14183228395463
800,2600,800,70.18573068811456,35.06367992351085,35.122050764603706
800,2600,900,70.15849958167745,35.04138281585766,35.11711676581978
800,2600,1000,70.16266279253597,35.037794086896746,35.12486870563922
800,2600,1200,70.14280158953555,35.024464065126395,35.11833752440915
800,2600,1400,69.85843969090081,34.886629656357094,34.97181003454373
800,2600,1600,60.837611334681576,30.401451750898648,30.436159583782924
800,2600,1800,53.45653484061637,26.72413089726592,26.73240394335045
800,2600,2000,47.59623901104407,23.798147662749052,23.798091348295017
800,2600,2200,42.88891055160358,21.445361904456608,21.443548647146972
800,2600,2400,39.04059471890586,19.521009448076267,19.51958527082959
800,2600,2600,35.839187678984544,17.919806393279107,17.919381285705438
800,2600,2800,33.13406141433852,16.56669863910163,16.567362775236887
800,2600,3000,30.817114620148534,15.407718975479291,15.40939564466924
800,2600,4000,22.881088335053473,11.438005938818295,11.443082396235178
800,2600,5000,18.21927282155302,9.106247164078786,9.113025657474234
800,2600,6000,15.138624110852316,7.5654361275695425,7.5731879832827715
800,2600,7000,12.947011307248424,6.469317884755433,6.477693422492991
800,2600,8000,11.306650141486825,5.648920104689481,5.6577300367973455
800,2600,9000,10.032322935912521,5.011595618058838,5.020727317853685
800,2600,10000,9.013704542221154,4.50216159205138,4.511542950169775
800,2800,500,70.25150076892187,34.916788508872614,35.33471226004925
800,2800,600,70.18348546053674,34.99601180854523,35.187473651991525
800,2800,700,70.12040156026264,35.04447161956174,35.07592994070089
800,2800,800,70.05646118969644,35.000985047303836,35.05547614239259
800,2800,900,70.01514990463912,34.974597747356434,35.04055215728269
800,2800,1000,70.00809866583404,34.9663226888126,35.041775977021445
800,2800,1200,69.97414183568918,34.944497035288315,35.02964480040087
800,2800,1400,69.18571076112765,34.54973635653477,34.63597440459288
800,2800,1600,60.26672511200605,30.118738698711727,30.14798641329432
800,2800,1800,53.0570962621252,26.52563163790745,26.531464624217744
800,2800,2000,47.3019526950848,23.651677496545535,23.650275198539262
800,2800,2200,42.661818185140994,21.332304040845244,21.32951414429575
800,2800,2400,38.85888755416887,19.43058794138653,19.428299612782332
800,2800,2600,35.68975539299625,17.845513132679397,17.844242260316854
800,2800,2800,33.00859719945222,16.50439788864429,16.504199310807923
800,2800,3000,30.710089437224536,15.354652532978182,15.355436904246353
800,2800,4000,22.825391102188217,11.410680116897494,11.414710985290721
800,2800,5000,18.186736980191704,9.090554405268742,9.096182574922958
800,2800,6000,15.11879766600771,7.556133797461965,7.562663868545746
800,2800,7000,12.934871002093665,6.463884524079856,6.470986478013809
800,2800,8000,11.299429694848698,5.645966714508017,5.65346298034068
800,2800,9000,10.028367145427532,5.010290670633877,5.018076474793655
800,2800,10000,9.011966489185143,4.501978855957637,4.5099876332275075
800,3000,500,70.14067577852066,34.84886729705932,35.291808481461345
800,3000,600,70.06900379543423,34.924662778018686,35.14434101741555
800,3000,700,70.00251648353834,34.972256508069805,35.03025997546854
800,3000,800,69.9358620933317,34.94245728405047,34.99340480928124
800,3000,900,69.89491205160084,34.915888116015466,34.97902393558537
800,3000,1000,69.88143873734333,34.905962589142305,34.97547614820103
800,3000,1200,69.82652646505713,34.87391484713915,34.952611617917974
800,3000,1400,68.43164874958747,34.17751122638773,34.254137523199745
800,3000,1600,59.74762644724268,29.861436700295553,29.88618974694712
800,3000,1800,52.68905050953039,26.342597007057446,26.346453502472944
800,3000,2000,47.02812852092395,23.515297323738828,23.512831197185125
800,3000,2200,42.44893177952069,21.22623919060792,21.22269258891277
800,3000,2400,38.6875103827416,19.34523185475344,19.34227852798816
800,3000,2600,35.548080718336195,17.775001825701995,17.7730788926342
800,3000,2800,32.88908722862109,16.44497704168021,16.444110186940875
800,3000,3000,30.607699591527858,15.303804981910881,15.303894609616972
800,3000,4000,22.771058385141114,11.383927296001758,11.387131089139356
800,3000,5000,18.15439076328037,9.074838998618144,9.079551764662227
800,3000,6000,15.098667969257422,7.546556346458653,7.55211162279877
800,3000,7000,12.922219739115826,6.458067637785713,6.464152101330115
800,3000,8000,11.29162383877535,5.642588884903956,5.649034953871394
800,3000,9000,10.02381731697359,5.008553914029978,5.015263402943612
800,3000,10000,9.0096587245136,4.501373910714408,4.508284813799191
800,4000,500,69.68893739702511,34.57996689770994,35.108970499315184
800,4000,600,69.59887779466841,34.639884685709596,34.95899310895882
800,4000,700,69.51421616396605,34.67318391431293,34.84103224965312
800,4000,800,69.4363957700428,34.692569949486696,34.7438258205561
800,4000,900,69.39437706091138,34.67097174562145,34.723405315289924
800,4000,1000,69.37174044876308,34.655488327697405,34.71625212106568
800,4000,1200,69.25365172917743,34.59310060865412,34.66055112052332
800,4000,1400,65.59110175875348,32.77308580407135,32.81801595468212
800,4000,1600,57.72269498797644,28.856009346425576,28.866685641550863
800,4000,1800,51.21044155323802,25.60625908323087,25.60418247000715
800,4000,2000,45.90292712114769,22.954189458115394,22.948737663032297
800,4000,2200,41.558528176579856,20.782038684131837,20.77648949244802
800,4000,2400,37.960178729200784,18.982426679738822,18.977752049461962
800,4000,2600,34.93913887803412,17.47137890411924,17.467759973914877
800,4000,2800,32.3695027615552,16.18606669964688,16.183436061908314
800,4000,3000,30.157791765086387,15.079782202127982,15.078009562958405
800,4000,4000,22.520683256790882,11.259901735193477,11.260781521597407
800,4000,5000,17.998363103331542,8.998133900254464,9.000229203077078
800,4000,6000,14.996661777478366,7.496957397759062,7.499704379719305
800,4000,7000,12.854256695304082,6.425557464242019,6.4286992310620645
800,4000,8000,11.24635873102492,5.6214779175705365,5.624880813454383
800,4000,9000,9.994254437009555,4.995333570961794,4.998920866047761
800,4000,10000,8.991240424190522,4.493758082846432,4.4974823413440905
800,5000,500,69.35798948858051,34.39060065488878,34.967388833691736
800,5000,600,69.25091983317652,34.437007945901286,34.81391188727524
800,5000,700,69.14957024452077,34.45807392686163,34.69149631765913
800,5000,800,69.06032077480208,34.468407346193366,34.59191342860871
800,5000,900,69.01628944525568,34.4860717002368,34.53021774501889
800,5000,1000,68.98220256156051,34.463557478818025,34.518645082742495
800,5000,1200,68.79534114609875,34.36599045484901,34.42935069124973
800,5000,1400,63.705216120185014,31.838941499072448,31.866274621112574
800,5000,1600,56.31936544289102,28.157925194873144,28.161440248017882
800,5000,1800,50.14694037461257,25.075894923222453,25.07104545139012
800,5000,2000,45.06952603446276,22.538092331034836,22.53143370342793
800,5000,2200,40.883386321280376,20.44481539698224,20.43857092429814
800,5000,2400,37.39778315008317,18.701512257981992,18.69627089210118
800,5000,2600,34.46018069466157,17.23218667283041,17.227994021831158
800,5000,2800,31.954480932501568,15.978869200470385,15.975611732031183
800,5000,3000,29.793255667546113,14.89786040631214,14.895395261233977
800,5000,4000,22.30463423095745,11.15236385606145,11.152270374895998
800,5000,5000,17.855672677556072,8.927358669993165,8.928314007562903
800,5000,6000,14.897686396887078,7.448091511464036,7.449594885423041
800,5000,7000,12.783897767143806,6.391034884797561,6.392862882346245
800,5000,8000,11.195793837649767,5.596877874902724,5.598915962747043
800,5000,9000,9.957885008574186,4.977850790219525,4.98003421835466
800,5000,10000,8.965315090448952,4.481512922036264,4.483802168412687
800,6000,500,69.10516592077624,34.25003883100219,34.85512708977405
800,6000,600,68.98312168009777,34.2850440690925,34.69807761100525
800,6000,700,68.86708371221042,34.295727493082985,34.57135621912743
800,6000,800,68.76934765950146,34.29919394383411,34.470153715667344
800,6000,900,68.72009011200697,34.31521030405639,34.40487980795059
800,6000,1000,68.674656422186,34.31206762699736,34.36258879518865
800,6000,1200,68.41454696714376,34.17693278275744,34.237614184386324
800,6000,1400,62.35551664783064,31.16941430845646,31.186102339374173
800,6000,1600,55.286636916922,27.643672081585997,27.642964835336
800,6000,1800,49.34472801723931,24.67556108148117,24.669166935758145
800,6000,2000,44.428025714405976,22.21763191752067,22.210393796885306
800,6000,2200,40.35497390181745,20.1807419202376,20.174231981579847
800,6000,2400,36.951331120943316,18.478379756641583,18.47295136430173
800,6000,2600,34.07518522568204,17.039786597451783,17.035398628230254
800,6000,2800,31.617074265447098,15.810282763385779,15.806791502061317
800,6000,3000,29.493757478764792,14.748251892361377,14.74550558640342
800,6000,4000,22.118745412247247,11.05965622934133,11.059089182905916
800,6000,5000,17.727692456192848,8.863660112753458,8.864032343439392
800,6000,6000,14.805234085702626,7.4021897006355575,7.403044385067071
800,6000,7000,12.7153625208679,6.35711323598495,6.358249284882951
800,6000,8000,11.144252338186558,5.571468406832413,5.5727839313541425
800,6000,9000,9.918850557202845,4.958706323741764,4.960144233461082
800,6000,10000,8.935717517312746,4.467095872839229,4.468621644473518
800,7000,500,68.90566114885532,34.14499037684418,34.760670772011146
800,7000,600,68.77068812049694,34.16692967939674,34.603758441100204
800,7000,700,68.6418721840932,34.16878508210106,34.47308710199215
800,7000,800,68.53803293257484,34.16707053123469,34.37096240134015
800,7000,900,68.48186231971579,34.17796672483806,34.30389559487774
800,7000,1000,68.42528879344233,34.181740623231384,34.24354817021096
800,7000,1200,68.09452383457253,34.01784964298037,34.076674191592154
800,7000,1400,61.33950574749825,30.664819724041216,30.674686023457035
800,7000,1600,54.493837506271156,27.24857890210245,27.245258604168697
800,7000,1800,48.71786977351042,24.36257570961769,24.355294063892735
800,7000,2000,43.919234935523534,21.963373100497602,21.955861835025935
800,7000,2200,39.93061545232145,19.968601730823895,19.962013721497556
800,7000,2400,36.588920635107414,18.297192270909786,18.29172836419763
800,7000,2600,33.75966478286607,16.88205000640116,16.87761477646491
800,7000,2800,31.338136279094392,15.670852547693954,15.667283731400433
800,7000,3000,29.244142622836996,14.623500276128478,14.62064234670852
800,7000,4000,21.958213298186674,10.979516167786707,10.978697130399965
800,7000,5000,17.613622227632927,8.806789894509816,8.80683233312311
800,7000,6000,14.720307231168954,7.359914165722151,7.3603930654468
800,7000,7000,12.650483559375965,6.324876411614413,6.325607147761551
800,7000,8000,11.093918449108497,5.546514363554267,5.54740408555423
800,7000,9000,9.879438448338586,4.939220708868557,4.94021773947003
800,7000,10000,8.904707089476073,4.451816905549087,4.452890183926984
800,8000,500,68.74392438952079,34.07667454943054,34.667249840090236
800,8000,600,68.59807824219625,34.07248958993787,34.52558865225838
800,8000,700,68.45815420926668,34.06678726485499,34.39136694441168
800,8000,800,68.34949124343771,34.06091577723261,34.2885754662051
800,8000,900,68.28618966822262,34.06693145033528,34.21925821788733
800,8000,1000,68.21826230293748,34.06398098105008,34.1542813218874
800,8000,1200,67.82443632125815,33.88356264325838,33.94087367799976
800,8000,1400,60.54568309466896,30.27040851214159,30.27527458252737
800,8000,1600,53.86556872526158,26.93532414866129,26.93024457660029
800,8000,1800,48.21444626804958,24.111137607770743,24.103308660278838
800,8000,2000,43.50594837803949,21.756794011482285,21.749154366557207
800,8000,2200,39.582554582296765,19.79457024801778,19.78798433427898
800,8000,2400,36.289150886865045,18.147293607403576,18.14185727946147
800,8000,2600,33.49670306981646,16.750561283509406,16.74614178630706
800,8000,2800,31.104050112736143,15.553813552581305,15.550236560154836
800,8000,3000,29.033308864993792,14.51810089452367,14.51520797047012
800,8000,4000,21.818726604590267,10.90984366439256,10.908882940197708
800,8000,5000,17.511993212572605,8.756075248873975,8.755917963698632
800,8000,6000,14.642837385551159,7.321296143456794,7.321541242094367
800,8000,7000,12.589922072433168,6.294723487230411,6.295198585202757
800,8000,8000,11.045832045743483,5.522606361160683,5.5232256845828
800,8000,9000,9.840872495026417,4.920078283277196,4.9207942117492225
800,8000,10000,8.873579816363542,4.436397882863099,4.437181933500443
800,9000,500,68.61039468748618,34.02072753305388,34.5896671544323
800,9000,600,68.45506479886618,33.995264636346405,34.45980016251976
800,9000,700,68.30544973183889,33.983034116753984,34.322415615084914
800,9000,800,68.19277221464431,33.97370822838191,34.2190639862624
800,9000,900,68.12257593808212,33.97520117700874,34.14737476107338
800,9000,1000,68.04404893413059,33.96609651344981,34.07795242068077
800,9000,1200,67.18162319753469,33.57079921699026,33.61082398054444
800,9000,1400,59.90730089346791,29.953472639467854,29.953828254000047
800,9000,1600,53.355143254856415,26.680791926436576,26.674351328419842
800,9000,1800,47.8012105638327,23.904724672085923,23.896485891746774
800,9000,2000,43.16364046259204,21.585677699682194,21.57796276290985
800,9000,2200,39.2920267472792,19.649290775288296,19.642735971990906
800,9000,2400,36.037222044224144,18.021302487026844,18.0159195571973
800,9000,2600,33.274350314113455,16.639362979773768,16.634987334339687
800,9000,2800,30.904996444518243,15.454274737581216,15.450721706937026
800,9000,3000,28.853081417318677,14.42798609353547,14.42509532378321
800,9000,4000,21.696693510496964,10.848867963963714,10.84782554653325
800,9000,5000,17.421244897995372,8.71076477055885,8.710480127436522
800,9000,6000,14.572327182729392,7.286117767792052,7.286209414937343
800,9000,7000,12.533775764601534,6.2667353792214895,6.267040385380047
800,9000,8000,11.000431545906425,5.49999682665281,5.500434719253614
800,9000,9000,9.803783604869905,4.901628569888414,4.902155034981488
800,9000,10000,8.843069687355497,4.421240558681156,4.42182912867434
800,10000,500,68.4982892042158,33.974062344918245,34.52422685929755
800,10000,600,68.33463362722442,33.93169775791692,34.40293586930749
800,10000,700,68.17653923535781,33.91303904928556,34.26350018607225
800,10000,800,68.06040743527471,33.90076490469849,34.15964253057622
800,10000,900,67.98372228354697,33.89811662161463,34.08560566193234
800,10000,1000,67.89536228896888,33.883385555125976,34.01197673384291
800,10000,1200,66.55967411792912,33.26820595968952,33.291468158239596
800,10000,1400,59.38285426860181,29.69312262262973,29.689731645972078
800,10000,1600,52.932078914363075,26.469870299768385,26.462208614594687
800,10000,1800,47.45589074476448,23.732243187871358,23.723647556893123
800,10000,2000,42.87550305414156,21.44164002776829,21.433863026373274
800,10000,2200,39.045919202598974,19.52621962822684,19.519699574372133
800,10000,2400,35.822611525042234,17.913968789569747,17.90864273547249
800,10000,2600,33.08397175948156,16.544147863189394,16.539823896292166
800,10000,2800,30.733767092694727,15.36864118534367,15.365125907351059
800,10000,3000,28.697365482166738,14.350117929079143,14.347247553087595
800,10000,4000,21.5891975507752,10.795143506518711,10.794054044256487
800,10000,5000,17.33993124239234,8.670149982270653,8.669781260121686
800,10000,6000,14.508136198866481,7.254074712258421,7.25406148660806
800,10000,7000,12.481878423987098,6.240845687161045,6.241032736826052
800,10000,8000,10.957838586399657,5.478763754198687,5.479074832200969
800,10000,9000,9.768469711834806,4.884038231022226,4.884431480812581
800,10000,10000,8.813580825148208,4.406565072949315,4.407015752198894
900,500,500,99.60715451765226,49.74557643156592,49.86157808608635
900,500,600,96.599451174507,48.93243029949366,47.66702087501333
900,500,700,93.88019792941842,47.835213139233794,46.044984790184614
900,500,800,91.42485180311759,46.703788079188875,44.72106372392872
900,500,900,90.25843887418054,46.15728751184764,44.10115136233291
900,500,1000,89.76974341203449,45.975263160245326,43.79448025178916
900,500,1200,80.76084026591332,41.15793300602349,39.602907259889825
900,500,1400,76.15936635604926,37.885168651458635,38.27419770459063
900,500,1600,73.56733788357728,36.31472420347899,37.2526136800983
900,500,1800,61.75333373098759,30.6474060725474,31.105927658440194
900,500,2000,53.05871493300741,26.378716928528092,26.679998004479316
900,500,2200,46.82304713073791,23.28996197006616,23.533085160671746
900,500,2400,42.04426535114426,20.91156624981898,21.132699101325283
900,500,2600,38.2264760575915,19.006456121205957,19.220019936385544
900,500,2800,35.0874199844633,17.43758382037609,17.649836164087215
900,500,3000,32.45088036196635,16.118539828531514,16.332340533434838
900,500,4000,23.701824810061396,11.735280317553032,11.966544492508362
900,500,5000,18.724790495364907,9.238675025342992,9.486115470021915
900,500,6000,15.494149568545462,7.617039350810331,7.8771102177351295
900,500,7000,13.224402997767982,6.477184651497041,6.747218346270941
900,500,8000,11.541839548107346,5.631875304761798,5.909964243345547
900,500,9000,10.244838517355767,4.980042877026266,5.264795640329501
900,500,10000,9.214743890633756,4.462184551818207,4.752559338815549
900,600,500,96.93790024733445,48.64968946604743,48.28821078128702
900,600,600,94.37128892942755,48.01702622691453,46.35426270251302
900,600,700,92.02967968124952,47.05589052524167,44.97378915600786
900,600,800,90.59799858211345,46.35008715599044,44.24791142612301
900,600,900,90.24770166781069,46.166894985414665,44.08080668239602
900,600,1000,89.84436180470955,46.017394857373276,43.82696694733627
900,600,1200,78.01361248442848,39.33490261370679,38.67870987072169
900,600,1400,75.409321890039,37.441620187759746,37.96770170227926
900,600,1600,72.88111580663852,36.12463603795226,36.756479768686255
900,600,1800,60.932928898247724,30.316019708435974,30.616909189811746
900,600,2000,52.56419780584045,26.18644748865027,26.377750317190188
900,600,2200,46.48024737523352,23.163799949430594,23.31644742580292
900,600,2400,41.785054016715335,20.82297045107556,20.96208356563978
900,600,2600,38.01853447937345,18.941649120830768,19.076885358542686
900,600,2800,34.913339674047,17.38896842163757,17.52437125240943
900,600,3000,32.300345399937704,16.08151416575924,16.21883123417847
900,600,4000,23.603270723082222,11.725897429691868,11.877373293390352
900,600,5000,18.64068819506598,9.238693983791173,9.40199421127481
900,600,6000,15.4140235749549,7.620902067045217,7.793121507909684
900,600,7000,13.144499609350373,6.482683322604968,6.661816286745404
900,600,8000,11.460687521285069,5.638011225558372,5.822676295726696
900,600,9000,10.16187363360381,4.986331775092131,5.175541858511679
900,600,10000,9.12979526397609,4.468384385631043,4.6614108783450465
900,700,500,94.90723498345784,47.805602611834274,47.10163237162356
900,700,600,92.65974609601179,47.26708259170338,45.3926635043084
900,700,700,90.80045014969205,46.50960759488489,44.29084255480716
900,700,800,90.50925438304196,46.31868428291761,44.190570100124354
900,700,900,90.2634022294916,46.17366866308931,44.0897335664023
900,700,1000,89.93120310704124,46.05297676305916,43.87822634398208
900,700,1200,76.57119239165557,38.404301559697444,38.16689083195812
900,700,1400,74.74921565345466,37.05703152007375,37.69218413338091
900,700,1600,72.23779280616428,35.900821837348886,36.336970968815386
900,700,1800,60.235469408813856,30.012007216069748,30.22346219274411
900,700,2000,52.14235435104012,26.00624227922967,26.136112071810448
900,700,2200,46.19029132640568,23.0440278485426,23.14626347786308
900,700,2400,41.569287427820775,20.737981299154967,20.83130612866581
900,700,2600,37.849130039206194,18.878858125672256,18.970271913533942
900,700,2800,34.775010070104145,17.34136465442824,17.433645415675905
900,700,3000,32.183921858857424,16.044830163304262,16.13909169555316
900,700,4000,23.537229723677843,11.715555671628236,11.821674052049605
900,700,5000,18.59035169385368,9.237544749034168,9.352806944819513
900,700,6000,15.369238688946838,7.623636207838579,7.745602481108262
900,700,7000,13.101388720971514,6.4871542318040785,6.614234489167435
900,700,8000,11.417587630811875,5.6432280493779015,5.774359581433973
900,700,9000,10.11804331694589,4.991802141084436,5.126241175861453
900,700,10000,9.084912924952985,4.4738543309113545,4.611058594041628
900,800,500,93.3102893132888,47.10548408266752,46.20480523062129
900,800,600,91.28400384919657,46.633033808131756,44.6509700410648
900,800,700,90.6316735486839,46.44923384462465,44.18243970405926
900,800,800,90.41720986498882,46.2794839984937,44.13772586649512
900,800,900,90.2460004732236,46.15842569833792,44.08757477488568
900,800,1000,89.89893978847365,46.09262942595062,43.80631036252305
900,800,1200,75.52412112829596,37.7305092289247,37.79361189937126
900,800,1400,74.16872525269905,36.72516909790882,37.44355615479023
900,800,1600,71.00713191785148,35.33571952740417,35.671412390447315
900,800,1800,59.61755412031194,29.730878917129214,29.886675203182733
900,800,2000,51.764385487704914,25.836034489390105,25.928350998314816
900,800,2200,45.93038640895527,22.929423255148947,23.000963153806328
900,800,2400,41.37698545453171,20.65579692391135,20.721188530620363
900,800,2600,37.699633762862895,18.817530040554082,18.88210372230881
900,800,2800,34.65456663853587,17.29439337736861,17.36017326116726
900,800,3000,32.084204781587,16.008235358267648,16.07596942331935
900,800,4000,23.486557377870582,11.704284724223934,11.78227265364665
900,800,5000,18.556051050112213,9.23532770151422,9.320723348597994
900,800,6000,15.341390025441159,7.625357863919523,7.716032161521636
900,800,7000,13.076063701770561,6.490712611378579,6.585351090391982
900,800,8000,11.393017515181635,5.647634729211127,5.745382785970509
900,800,9000,10.09338103852668,4.996555348837172,5.096825689689508
900,800,10000,9.059746041809912,4.478688140572912,4.581057901237
900,900,500,92.00529633567005,46.50867065489767,45.49662568077239
900,900,600,90.75528790725387,46.32576958230125,44.42951832495263
900,900,700,90.50897219498431,46.41699781049489,44.091974384489426
900,900,800,90.32988015823874,46.26115819836207,44.068721959876676
900,900,900,90.17356928240682,46.129841778324874,44.04372750408196
900,900,1000,77.8227607104621,39.59933451856074,38.22342619190137
900,900,1200,74.69903052994121,37.203900091874985,37.49513043806622
900,900,1400,73.58554229819242,36.480701403303584,37.10484089488883
900,900,1600,69.93131932951526,34.832650396840194,35.09866893267507
900,900,1800,59.05777874254655,29.46946855883729,29.58831018370926
900,900,2000,51.41706053446108,25.67464170354981,25.742418830911273
900,900,2200,45.690387128296905,22.81940277528712,22.87098435300978
900,900,2400,41.199433470706566,20.576108442799992,20.623325027906574
900,900,2600,37.56208404720461,18.75751077207591,18.8045732751287
900,900,2800,34.544428264280825,17.247995726670766,17.29643253761006
900,900,3000,31.993789613233947,15.971732110432058,16.022057502801893
900,900,4000,23.443772378905518,11.692200792235857,11.751571586669662
900,900,5000,18.5299071057309,9.23217120615329,9.29773589957761
900,900,6000,15.322247365032782,7.626187135131012,7.69606022990177
900,900,7000,13.059992712473496,6.493465701281897,6.5665270111915985
900,900,8000,11.378190768647496,5.651326105206346,5.726864663441149
900,900,9000,10.078885725489608,5.000675347855318,5.07821037763429
900,900,10000,9.045110341802447,4.482960506379897,4.56214983542255
900,1000,500,90.9085577898306,45.989603092991246,44.918954696839336
900,1000,600,90.6119366792838,46.17800567417037,44.43393100511342
900,1000,700,90.41695870242708,46.34953831427132,44.06742038815575
900,1000,800,90.25260843604755,46.25069204694426,44.00191638910328
900,1000,900,89.26422368886364,45.996002107941656,43.268221580921974
900,1000,1000,75.72433543309582,38.158273777412774,37.56606165568304
900,1000,1200,74.01624509279415,36.78168912590798,37.23455596688617
900,1000,1400,73.07317117938548,36.29516240138934,36.77800877799613
900,1000,1600,68.97676051103085,34.380419270285756,34.59634124074509
900,1000,1800,58.54395942586401,29.225459655817243,29.31849977004676
900,1000,2000,51.09343959980889,25.521258280233262,25.572181319575627
900,1000,2200,45.465189796783775,22.71362121744098,22.75156857934279
900,1000,2400,41.03234742158836,20.49877727509327,20.533570146495084
900,1000,2600,37.43260673705208,18.69877173506854,18.733835001983547
900,1000,2800,34.44093260527661,17.202205640364806,17.238726964911802
900,1000,3000,31.909123211379747,15.935394474604667,15.973728736775076
900,1000,4000,23.405325184940903,11.67943783070358,11.72588735423732
900,1000,5000,18.50817079242262,9.228204817618845,9.279965974803776
900,1000,6000,15.307849720282931,7.626237640263827,7.681612080019104
900,1000,7000,13.049033892225035,6.495511326886996,6.553522565338038
900,1000,8000,11.36881403882801,5.654386457854807,5.7144275809732035
900,1000,9000,10.07013687695957,5.004235174801767,5.0659017021578014
900,1000,10000,9.036477608812257,4.486735207297742,4.549742401514516
900,1200,500,90.62960380116286,45.72953435778338,44.90006944337949
900,1200,600,90.42884695467544,45.94851957574819,44.48032737892725
900,1200,700,90.26449218346184,46.12948878204479,44.13500340141704
900,1200,800,76.66174163493055,39.15455080431174,37.507190830618796
900,1200,900,74.58838063342012,37.53666375067969,37.05171688274041
900,1200,1000,73.78500640260111,36.8460418610657,36.93896454153542
900,1200,1200,72.90191189227797,36.19116351709261,36.71074837518536
900,1200,1400,72.2936505618573,35.98966880142915,36.303981760428165
900,1200,1600,67.34307125298953,33.59640060386612,33.74667064912341
900,1200,1800,57.62533549584815,28.78252031179641,28.842815184051737
900,1200,2000,50.50227656794441,25.236140921886754,25.266135646057663
900,1200,2200,45.04893027279371,22.513882892271923,22.53504738052179
900,1200,2400,40.72134020721706,20.350918884544726,20.370421322672335
900,1200,2600,37.19062558013992,18.585189210213088,18.605436369926828
900,1200,2800,34.247136213616805,17.11269252606339,17.13444368755342
900,1200,3000,31.750556906342656,15.863568999514847,15.886987906827809
900,1200,4000,23.334945751649432,11.652367671260274,11.68257808038916
900,1200,5000,18.470928569124354,9.218291583919358,9.252636985204997
900,1200,6000,15.285825094133155,7.624387551541089,7.661437542592065
900,1200,7000,13.034589029049647,6.497807802634654,6.536781226414994
900,1200,8000,11.358216154417084,5.658894153253181,5.699322001163903
900,1200,9000,10.061409526405969,5.009915973532881,5.0514935528730875
900,1200,10000,9.02852169824683,4.493002317379744,4.535519380867086
900,1400,500,90.4702973644879,45.53516626681249,44.935131097675416
900,1400,600,90.19598185444985,46.031866481171775,44.16411537327808
900,1400,700,74.71058942650734,37.808361292700766,36.90222813380659
900,1400,800,73.59582879899838,36.95642831256025,36.63940048643813
900,1400,900,72.99860602085039,36.45691975574622,36.541686265104175
900,1400,1000,72.6229498809944,36.113025859651714,36.50992402134268
900,1400,1200,72.07352699256226,35.87121952432632,36.20230746823595
900,1400,1400,71.71453815720575,35.745369299091394,35.969168858114365
900,1400,1600,65.98305568066935,32.936317807102114,33.046737873567224
900,1400,1800,56.821972911613614,28.39043394922969,28.431538962383925
900,1400,2000,49.971449466104936,24.976683740336334,24.994765725768602
900,1400,2200,44.669143013009275,22.328704396777997,22.34043861623127
900,1400,2400,40.43451312271488,20.211799092286817,20.22271403042807
900,1400,2600,36.96571591637717,18.4769140790319,18.488801837345274
900,1400,2800,34.06596404938326,17.026296331041642,17.03966771834162
900,1400,3000,31.60167477946424,15.793379715442862,15.808295064021376
900,1400,4000,23.26863438283254,11.623908612138717,11.644725770693826
900,1400,5000,18.43689987971785,9.206341742161982,9.230558137555866
900,1400,6000,15.267266418204578,7.62044951520678,7.646816902997797
900,1400,7000,13.024150061727367,6.498143976478625,6.526006085248742
900,1400,8000,11.352208400627191,5.661617502057928,5.690590898569262
900,1400,9000,10.05782323927701,5.013991169356113,5.043832069920897
900,1400,10000,9.026202191381191,4.497829554092651,4.52837263728854
900,1600,500,75.3850498462048,38.301505908635775,37.08354393756903
900,1600,600,73.47631282650251,36.88153411519489,36.59477871130762
900,1600,700,72.71838598394547,36.32835068915908,36.390035294786394
900,1600,800,72.30634001971846,36.063325644478226,36.243014375240236
900,1600,900,72.01513620774332,35.83837089192882,36.1767653158145
900,1600,1000,71.75897410270862,35.72853052803966,36.030443574668965
900,1600,1200,71.51299197606727,35.63938961831201,35.87360235775525
900,1600,1400,71.25720712704185,35.543134529126235,35.71407259791562
900,1600,1600,64.82480245088878,32.37023039907967,32.454572051809116
900,1600,1800,56.110190413389155,28.04065226743764,28.069538145951515
900,1600,2000,49.49020699747661,24.739745817977884,24.750461179498725
900,1600,2200,44.319680363401346,22.15684553036594,22.162834833035404
900,1600,2400,40.167731990668656,20.081020099964725,20.08671189070393
900,1600,2600,36.75474007973032,18.37397912874308,18.38076095098724
900,1600,2800,33.894808992708924,16.943292603301458,16.951516389407466
900,1600,3000,31.46016961206157,15.725253478421147,15.734916133640422
900,1600,4000,23.204279112711173,11.594676354914,11.609602757797175
900,1600,5000,18.40366425786986,9.192917643253177,9.210746614616683
900,1600,6000,15.249422611319067,7.614903874551404,7.634518736767663
900,1600,7000,13.014680535319027,6.496925023821808,6.51775551149722
900,1600,8000,11.347518430124456,5.66289913740047,5.684619292723985
900,1600,9000,10.055911600777854,5.016752652271621,5.039158948506235
900,1600,10000,9.025891936354336,4.501467733781238,4.5244242025730985
900,1800,500,72.54664149929873,36.158536806212034,36.388104693086696
900,1800,600,71.97209774400471,35.793580720817744,36.17851702318696
900,1800,700,71.68453134515198,35.643105228202884,36.0414261169491
900,1800,800,71.48634239005914,35.61836331365608,35.86797907640305
900,1800,900,71.29699082124547,35.5409529500391,35.75603787120638
900,1800,1000,71.20330328501056,35.49724904123112,35.70605424377945
900,1800,1200,71.09774820453352,35.45975118965411,35.6379970148794
900,1800,1400,70.88048229238562,35.37121953016561,35.50926276222001
900,1800,1600,63.82195668751035,31.877847338542807,31.94410934896755
900,1800,1800,55.473690683538635,27.726536042226584,27.74715464131205
900,1800,2000,49.051220873065276,24.522672231435905,24.528548641629367
900,1800,2200,43.996596719216406,21.997159233263616,21.99943748595279
900,1800,2400,39.9185913256624,19.958132652831665,19.960458672830732
900,1800,2600,36.55608806630183,18.2763051674827,18.279782898819132
900,1800,2800,33.7325024388024,16.863814670706546,16.868687768095846
900,1800,3000,31.325121191618987,15.659448288423159,15.665672903195825
900,1800,4000,23.141240533213857,11.565117082197979,11.576123451015878
900,1800,5000,18.370436453714824,9.17844114792726,9.191995305787563
900,1800,6000,15.231317799944346,7.608116618968353,7.623201180975992
900,1800,7000,13.005031807594426,6.494462230861679,6.510569576732748
900,1800,8000,11.342852103791218,5.663003505453623,5.679848598337594
900,1800,9000,10.054259928668436,5.018426192524401,5.035833736144036
900,1800,10000,9.026076416871302,4.50411100559153,4.52196541127977
900,2000,500,71.29533822742252,35.30670415648627,35.98863407093626
900,2000,600,71.11868003232685,35.315246645081494,35.80343338724537
900,2000,700,71.01627156163308,35.37934103874511,35.636930522887965
900,2000,800,70.92722843549518,35.39590839945426,35.53132003604093
900,2000,900,70.84648158666114,35.347077482511615,35.499404104149534
900,2000,1000,70.81710795327749,35.330494701918504,35.486613251358975
900,2000,1200,70.77334807489197,35.31506792602352,35.458280148868454
900,2000,1400,70.56060231244378,35.22202425682946,35.33857805561431
900,2000,1600,62.9425584691049,31.444703376653447,31.497855092451452
900,2000,1800,54.90037684289078,27.442809273825844,27.45756756906494
900,2000,2000,48.64891759165973,24.32318467943529,24.325732912224442
900,2000,2200,43.696926055276414,21.84857657468779,21.848349480588627
900,2000,2400,39.6853612071393,19.8426500303477,19.842711176791603
900,2000,2600,36.36869095265166,18.18372311115846,18.1849678414932
900,2000,2800,33.578357360171076,16.787881430340757,16.79047592983032
900,2000,3000,31.196074273740976,15.59610082061427,15.599973453126706
900,2000,4000,23.079381948546292,11.535552436956413,11.543829511589879
900,2000,5000,18.337023872309572,9.163232085493926,9.173791786815647
900,2000,6000,15.212645052536189,7.600370970664485,7.612274081871703
900,2000,7000,12.99478541937295,6.490999538629223,6.5037858807437265
900,2000,8000,11.33769399666683,5.66213948260714,5.675554514059693
900,2000,9000,10.052271267060707,5.019191054499525,5.033080212561182
900,2000,10000,9.026090636623666,4.505914060258241,4.520176576365426
900,2200,500,70.62081093212649,35.16376718154499,35.457043750581505
900,2200,600,70.6284881179322,35.215445913427885,35.413042204504315
900,2200,700,70.61731178136588,35.26770359547142,35.34960818589448
900,2200,800,70.5688770724525,35.23575327918466,35.33312379326784
900,2200,900,70.53334092205483,35.20893576045018,35.32440516160466
900,2200,1000,70.52996534016913,35.20333992980354,35.32662541036559
900,2200,1200,70.51040964790634,35.195171711585814,35.31523793632053
900,2200,1400,70.28293025972914,35.09047018729063,35.192460072438514
900,2200,1600,62.163510038098515,31.060104037903873,31.103406000194642
900,2200,1800,54.38086646211315,27.18520907164285,27.1956573904703
900,2200,2000,48.27881032155786,24.139317805338372,24.139492516219494
900,2200,2200,43.41824589630076,21.71011164564793,21.70813425065283
900,2200,2400,39.46663542349848,19.734075006208737,19.732560417289736
900,2200,2600,36.191703000476146,18.0960093893976,18.09569361107854
900,2200,2800,33.43186227459873,16.71543544109507,16.716426833503654
900,2200,3000,31.072726546678375,15.535259630226411,15.53746691645196
900,2200,4000,23.018735611607966,11.506213579256409,11.512522032351558
900,2200,5000,18.303454220233416,9.147534489552084,9.155919730681331
900,2200,6000,15.193364659333245,7.591888998817091,7.601475660516152
900,2200,7000,12.983827147319428,6.4867309947496095,6.497096152569818
900,2200,8000,11.331862356874863,5.66047487226943,5.671387484605432
900,2200,9000,10.04970582234722,5.019192257474188,5.030513564873034
900,2200,10000,9.025645740973053,4.507002659274015,4.518643081699037
900,2400,500,70.48438220958556,35.07514746428458,35.40923474530097
900,2400,600,70.42073663495188,35.16078688676773,35.25994974818415
900,2400,700,70.362796336922,35.15707539786757,35.20572093905443
900,2400,800,70.32763371066024,35.12659394470855,35.201039765951684
900,2400,900,70.30336118709705,35.10580162588422,35.19755956121285
900,2400,1000,70.3071604488094,35.10286530553207,35.204295143277335
900,2400,1200,70.29151797083026,35.09371462449786,35.19780334633239
900,2400,1400,70.03805208115297,34.973100502456674,35.0649515786963
900,2400,1600,61.46751607160488,30.715915461994214,30.751600609610662
900,2400,1800,53.9076755107912,26.95024661018944,26.95742890060177
900,2400,2000,47.93717346857182,23.96937080063798,23.967802667933842
900,2400,2200,43.158493390881006,21.5808635968509,21.577629794030102
900,2400,2400,39.26119798350756,19.631918951382193,19.629279032125368
900,2400,2600,36.024388315505014,18.012911889016042,18.011476426488972
900,2400,2800,33.29257476536301,16.646371007454604,16.646203757908403
900,2400,3000,30.954824434297414,15.476914571335037,15.47790986296238
900,2400,4000,22.95938079921352,11.47726683052238,11.482113968691138
900,2400,5000,18.269831907606388,9.131536212831817,9.13829569477457
900,2400,6000,15.173542869132213,7.582846505593032,7.59069636353918
900,2400,7000,12.972173030538821,6.481812822194382,6.4903602083444385
900,2400,8000,11.3253249542901,5.658146234454686,5.667178719835412
900,2400,9000,10.046488699540431,5.018548733935014,5.027939965605417
900,2400,10000,9.024630191918039,4.507480545193151,4.517149646724887
900,2600,500,70.35827888956655,34.99440335628662,35.36387553327993
900,2600,600,70.2913935615491,35.07660195962179,35.2147916019273
900,2600,700,70.2286088675122,35.09314293978594,35.13546592772625
900,2600,800,70.16526210757056,35.05187237247158,35.113389735098984
900,2600,900,70.1285006087159,35.02653988631654,35.10196072239934
900,2600,1000,70.12903046056914,35.02144661829338,35.10758384227576
900,2600,1200,70.10538869064831,35.00633461789677,35.099054072751535
900,2600,1400,69.81968473310815,34.86750942142515,34.95217531168301
900,2600,1600,60.841268427517036,30.405808548280103,30.43545987923694
900,2600,1800,53.474716162561954,26.73503543585757,26.739680726704393
900,2600,2000,47.62085776716796,23.81186832738864,23.808989439779324
900,2600,2200,42.91587512272996,21.460015280340237,21.455859842389717
900,2600,2400,39.06796717670326,19.535713774120715,19.53225340258255
900,2600,2600,35.86607839669596,17.934167140782,17.931911255913963
900,2600,2800,33.160084382874444,16.580553683574642,16.579530699299802
900,2600,3000,30.842127065883858,15.421016841396533,15.421110224487329
900,2600,4000,22.901396094001402,11.448829835274903,11.452566258726499
900,2600,5000,18.236278739514503,9.115382050300369,9.120896689214137
900,2600,6000,15.153283267607542,7.573383779350393,7.579899488257151
900,2600,7000,12.959893035074574,6.476371995438526,6.483521039636048
900,2600,8000,11.318116802505006,5.655265851189517,5.66285095131549
900,2600,9000,10.042622956228588,5.017359102483769,5.025263853744819
900,2600,10000,9.02301903776068,4.5074342836836205,4.515584754077061
900,2800,500,70.24141088127237,34.920578654978925,35.32083222629344
900,2800,600,70.17113611913895,34.999389098331335,35.171747020807615
900,2800,700,70.10540967264997,35.03423037241265,35.07117930023732
900,2800,800,70.03900402689268,34.99059569483848,35.04840833205421
900,2800,900,69.99530066778304,34.96366357434637,35.03163709343667
900,2800,1000,69.98336557185159,34.954171803822234,35.029193768029366
900,2800,1200,69.94432680824286,34.92994449872899,35.014382309513884
900,2800,1400,69.17055832165241,34.54538520612326,34.625173115529165
900,2800,1600,60.27430242597304,30.124765466848537,30.14953695912451
900,2800,1800,53.07696303906891,26.537165022782155,26.53979801628675
900,2800,2000,47.32717005640789,23.665527324345593,23.6616427320623
900,2800,2200,42.68881463296243,21.346828988327232,21.341985644635198
900,2800,2400,38.88596856107215,19.44501845987746,19.440950101194687
900,2800,2600,35.7161557514834,17.85951145556374,17.856644295919654
900,2800,2800,33.03400067459396,16.51783342977019,16.516167244823777
900,2800,3000,30.734395845147176,15.367492995424435,15.36690284972274
900,2800,4000,22.84484360377233,11.420984131478555,11.423859472293776
900,2800,5000,18.20291126800777,9.099184613496176,9.103726654511593
900,2800,6000,15.132696708508732,7.563613447365336,7.569083261143397
900,2800,7000,12.947075964073242,6.470512398646785,6.4765635654264555
900,2800,8000,11.310301424578732,5.651926816289449,5.658374608289284
900,2800,9000,10.038147896690454,5.015705848981436,5.022442047709018
900,2800,10000,9.020829864022037,4.506936771465098,4.513893092556938
900,3000,500,70.13283350722566,34.85280928838652,35.28002421883914
900,3000,600,70.05907062541762,34.92831175476468,35.13075887065293
900,3000,700,69.99029400666078,34.9758999734702,35.01439403319057
900,3000,800,69.92104300201413,34.933312215884676,34.98773078612946
900,3000,900,69.87779975921812,34.90625820533855,34.97154155387957
900,3000,1000,69.86266470272191,34.89592611730976,34.96673858541216
900,3000,1200,69.80275013037938,34.86222535078699,34.94052477959238
900,3000,1400,68.42284735966489,34.17602337987773,34.24682397978716
900,3000,1600,59.758242868588205,29.868743740587092,29.889499128001106
900,3000,1800,52.71021877127087,26.354605317456425,26.355613453814442
900,3000,2000,47.05378800700272,23.529228682761595,23.52455932424113
900,3000,2200,42.47591729957413,21.240640680984612,21.235276618589513
900,3000,2400,38.71431958689123,19.35942212475347,19.354897462137764
900,3000,2600,35.57404712215492,17.78868790223813,17.785359219916792
900,3000,2800,32.91395024996296,16.458053404997226,16.455896844965732
900,3000,3000,30.63139307599838,15.31625455555056,15.31513852044782
900,3000,4000,22.789765415284002,11.393784461139504,11.3959809541445
900,3000,5000,18.169831463283305,9.08303125043926,9.086800212844047
900,3000,6000,15.111888325202909,7.553626329548624,7.558261995654284
900,3000,7000,12.933813392915246,6.4643196928708315,6.469493700044415
900,3000,8000,11.301952037496005,5.648206827850589,5.6537452096454155
900,3000,9000,10.033118303886239,5.0136584704754,5.0194598334108385
900,3000,10000,9.01810044279028,4.506049853040543,4.5120505897497365
900,4000,500,69.68838105371051,34.583539588074565,35.10484146563594
900,4000,600,69.59695536000712,34.64372868859894,34.953226671408174
900,4000,700,69.51068319491839,34.677261498723254,34.83342169619514
900,4000,800,69.43093306025132,34.69562063152496,34.73531242872635
900,4000,900,69.38701727505564,34.666002710170254,34.72101456488538
900,4000,1000,69.36297351607715,34.65027361255786,34.71269990351928
900,4000,1200,69.2433834745906,34.587696225661716,34.65568724892888
900,4000,1400,65.59752834794597,32.778193339309844,32.81933500863612
900,4000,1600,57.74044165856317,28.866130731240926,28.87431092732225
900,4000,1800,51.23434240794822,25.619086529497313,25.615255878450903
900,4000,2000,45.929116215711694,22.96795354263802,22.961162673073673
900,4000,2200,41.58488057750223,20.79576095322642,20.78911962427581
900,4000,2400,37.98568483533003,18.99564739379508,18.99003744153495
900,4000,2600,34.96338192748268,17.483915035265834,17.47946689221685
900,4000,2800,32.39236111620405,16.197873168573288,16.194487947630765
900,4000,3000,30.17928384436602,15.09087843545472,15.088405408911296
900,4000,4000,22.536787094171952,11.268239187812553,11.268547906359396
900,4000,5000,18.01119534837509,9.004814085540051,9.006381262835038
900,4000,6000,15.007410656086984,7.502587196899955,7.504823459187028
900,4000,7000,12.863569212608708,6.430465301020698,6.4331039115880095
900,4000,8000,11.254610621846082,5.6258538748979925,5.628756746948089
900,4000,9000,10.001680006497768,4.999295877236655,5.002384129261113
900,4000,10000,8.997995672910816,4.497385309386796,4.500610363524022
900,5000,500,69.36088674841429,34.39305336686871,34.967833381545574
900,5000,600,69.25300755063056,34.44010475397699,34.812902796653574
900,5000,700,69.15054589456572,34.46173561105048,34.688810283515245
900,5000,800,69.06010640903479,34.47250334443841,34.58760306459638
900,5000,900,69.01452127406766,34.48381560878246,34.5307056652852
900,5000,1000,68.97926888528643,34.461153879732514,34.51811500555392
900,5000,1200,68.79132122277092,34.363674803110456,34.42764641966046
900,5000,1400,63.71437693152564,31.844858747416637,31.86951818410901
900,5000,1600,56.33762732743109,28.167928202343763,28.169699125087334
900,5000,1800,50.17021634627134,25.08813951480902,25.08207683146232
900,5000,2000,45.094598307516826,22.55108727386278,22.543511033654045
900,5000,2200,40.90841702565496,20.457700999672365,20.450716025982604
900,5000,2400,37.42187713584891,18.71387272872787,18.70800440712104
900,5000,2600,34.48296647066879,17.243854756055313,17.23911171461348
900,5000,2800,31.975855374978725,15.989805082934668,15.986050292044057
900,5000,3000,29.81324515877889,14.908084747157632,14.905160411621258
900,5000,4000,22.319186259690735,11.159824163670923,11.159362096019812
900,5000,5000,17.866959051901684,8.933170779109696,8.933788272791988
900,5000,6000,14.906939386848725,7.452880491927753,7.454058894920974
900,5000,7000,12.791791290683227,6.395141178340245,6.39665011234298
900,5000,8000,11.202716888815099,5.600497541199063,5.602219347616036
900,5000,9000,9.964076389904871,4.981104021383265,4.9829723685216045
900,5000,10000,8.970930027493948,4.484477759846201,4.4864522676477465
900,6000,500,69.1096398961531,34.251253363068074,34.858386533085024
900,6000,600,68.98720677394824,34.28712099272223,34.700085781226015
900,6000,700,68.870442712282,34.298613897719974,34.57182881456202
900,6000,800,68.77196353090523,34.30275947921843,34.46920405168679
900,6000,900,68.72173221500084,34.31916517590126,34.40256703909959
900,6000,1000,68.67522544843673,34.31138411420701,34.363841334229726
900,6000,1200,68.41410239675899,34.17634600753171,34.237756389227286
900,6000,1400,62.36290581499246,31.174181529766294,31.18872428522617
900,6000,1600,55.30291803432614,27.652474239362828,27.650443794963316
900,6000,1800,49.36601607207353,24.686655563383642,24.679360508689886
900,6000,2000,44.45125175969338,22.229581200081217,22.221670559612164
900,6000,2200,40.378331801886404,20.192690054944407,20.185641746941997
900,6000,2400,36.97390659260095,18.489893851792157,18.484012740808787
900,6000,2600,34.09657598686065,17.050679660521187,17.045896326339456
900,6000,2800,31.63714782386079,15.820497071970207,15.816650751890588
900,6000,3000,29.512516609665397,14.75779428799088,14.75472232167452
900,6000,4000,22.132231957045096,11.066528207526765,11.065703749518333
900,6000,5000,17.737967646671834,8.868914984967512,8.869052661704321
900,6000,6000,14.813513640325823,7.406441906084003,7.407071734241819
900,6000,7000,12.722323329288338,6.360703766550492,6.361619562737846
900,6000,8000,11.15028843923879,5.5745954432823055,5.5756929959564845
900,6000,9000,9.924204030619848,4.961491495024777,4.962712535595071
900,6000,10000,8.940544792944268,4.469617716008112,4.470927076936156
900,7000,500,68.91080601497212,34.14167187960728,34.769134135364844
900,7000,600,68.77568843371239,34.16798314886772,34.60770528484466
900,7000,700,68.64644669291816,34.17079898297845,34.47564770993971
900,7000,800,68.5423131187228,34.16999131488541,34.3723218038374
900,7000,900,68.48547381765333,34.1814364729039,34.30403734474943
900,7000,1000,68.42814772963916,34.18561474349213,34.242532986147026
900,7000,1200,68.09612701871433,34.01825891984248,34.07786809887185
900,7000,1400,61.3435384189306,30.667756185992268,30.675782232938328
900,7000,1600,54.50719888935609,27.255800979534975,27.251397909821115
900,7000,1800,48.73665170626774,24.372322909925725,24.36432879634202
900,7000,2000,43.940337652739345,21.974186085983103,21.966151566756245
900,7000,2200,39.95217031880735,19.979586250618212,19.972584068189136
900,7000,2400,36.60994509282467,18.30787713361485,18.30206795920981
900,7000,2600,33.77969771744291,16.892216050504945,16.88748166693796
900,7000,2800,31.356999268475715,15.680417462766936,15.676581805708778
900,7000,3000,29.261803952508817,14.632452813826372,14.629351138682445
900,7000,4000,21.97088280098483,10.985945931684961,10.984936869299867
900,7000,5000,17.623174176838493,8.811651922432617,8.811522254405876
900,7000,6000,14.727907681963352,7.363796702835854,7.3641109791274975
900,7000,7000,12.656796304738219,6.328113298029773,6.328683006708445
900,7000,8000,11.099335015677928,5.549302244634538,5.550032771043388
900,7000,9000,9.884201135255795,4.9416811856712615,4.942519949584535
900,7000,10000,8.908972833142272,4.454028690741902,4.45494414240037
900,8000,500,68.7491751700754,34.07163756226001,34.67753760781538
900,8000,600,68.60339182172945,34.07256467562798,34.53082714610147
900,8000,700,68.46327479206919,34.06793419169211,34.39534060037707
900,8000,800,68.35472430947749,34.063164859845045,34.291559449632445
900,8000,900,68.29096904550602,34.06984555320179,34.22112349230423
900,8000,1000,68.22242299637394,34.06736542960331,34.15505756677062
900,8000,1200,67.82717251675565,33.88454054585329,33.94263197090237
900,8000,1400,60.54575288364287,30.271348862695138,30.27440402094772
900,8000,1600,53.875754636227796,26.94087068620318,26.934883950024616
900,8000,1800,48.230589618112305,24.11951031201318,24.11107930609913
900,8000,2000,43.52487556218349,21.766474802431862,21.758400759751627
900,8000,2200,39.60230076057046,19.80461095121273,19.797689809357728
900,8000,2400,36.30864931774225,18.157179618753787,18.151469698988464
900,8000,2600,33.515427063211035,16.760040605946152,16.755386457264883
900,8000,2800,31.121771248438332,15.562778234767448,15.558993013670882
900,8000,3000,29.049957713541918,14.526520102030151,14.523437611511763
900,8000,4000,21.830719159420084,10.915912808378684,10.9148063510414
900,8000,5000,17.520988096800327,8.760638521794041,8.760349575006288
900,8000,6000,14.649933631168539,7.324907057900276,7.325026573268265
900,8000,7000,12.59576079932223,6.29770420065436,6.298056598667869
900,8000,8000,11.050796888913851,5.52514940271336,5.525647486200489
900,8000,9000,9.845203133606297,4.92230384276158,4.922899290844717
900,8000,10000,8.877432411326229,4.438384232175792,4.439048179150437
900,9000,500,68.615433656617,34.01499366539843,34.60043999121857
900,9000,600,68.46034777566669,33.99442572603594,34.46592204963075
900,9000,700,68.31072195399858,33.98335844890339,34.32736350509519
900,9000,800,68.19851426314865,33.97530231751543,34.22321194563321
900,9000,900,68.12802032688226,33.9775425286846,34.15047779819767
900,9000,1000,68.04894907933054,33.96895509467022,34.07999398466031
900,9000,1200,67.14214739976438,33.55169756508376,33.59044983468064
900,9000,1400,59.90357524124072,29.952455504444664,29.951119736796056
900,9000,1600,53.36212550722691,26.68473680773379,26.677388699493115
900,9000,1800,47.81476315446936,23.9117770498887,23.902986104580666
900,9000,2000,43.18044985166392,21.59427151915749,21.586178332506428
900,9000,2200,39.31002367969147,19.658430955602277,19.651592724089195
900,9000,2400,36.05525618270855,18.03043381416025,18.024822368548293
900,9000,2600,33.291828673223534,16.648198408493073,16.64363026473046
900,9000,2800,30.92164094890449,15.462680995418445,15.458959953486048
900,9000,3000,28.868786168778286,14.435914396021012,14.432871772757272
900,9000,4000,21.70809711544994,10.854627278890367,10.853469836559576
900,9000,5000,17.429784792095294,8.71508660025263,8.714698191842666
900,9000,6000,14.579028489791167,7.289517861354498,7.289510628436669
900,9000,7000,12.539251404640918,6.269521444874099,6.2697299597668215
900,9000,8000,11.00505377307532,5.5023555880180774,5.502698185057242
900,9000,9000,9.807787369927741,4.903677796481683,4.904109573446058
900,9000,10000,8.846609162843002,4.423057486669106,4.423551676173897
900,10000,500,68.50295567083259,33.96772303642889,34.53523263440369
900,10000,600,68.33969749867973,33.929281026436215,34.410416472243504
900,10000,700,68.18175605872217,33.91262541990947,34.2691306388127
900,10000,800,68.06637563212638,33.901741416469,34.16463421565738
900,10000,900,67.98950671204082,33.89989856529296,34.08960814674788
900,10000,1000,67.90063937378632,33.88570843937403,34.014930934412305
900,10000,1200,66.51744611659711,33.247956542616315,33.26948957398079
900,10000,1400,59.375590318565415,29.690248235767392,29.685342082798027
900,10000,1600,52.936075283196175,26.472277173185944,26.463798110010227
900,10000,1800,47.466990223442565,23.738037634528034,23.728952588914535
900,10000,2000,42.89030263413783,21.449205020342625,21.441097613795204
900,10000,2200,39.06225703799333,19.534510987283962,19.527746050709368
900,10000,2400,35.83925831730555,17.922389138140403,17.91686917916515
900,10000,2600,33.100273576538946,16.552379474077,16.54789410246195
900,10000,2800,30.749399889030006,15.37652772650757,15.372872162522432
900,10000,3000,28.712187421413493,14.357591279443131,14.354596141970362
900,10000,4000,21.600073458871943,10.800628028629994,10.79944543024195
900,10000,5000,17.348083140517456,8.674267775308916,8.673815365208542
900,10000,6000,14.514514039019241,7.257303515589206,7.257210523430037
900,10000,7000,12.48706449122511,6.243477649973019,6.243586841252091
900,10000,8000,10.962191567745583,5.480978666584993,5.481212901160591
900,10000,9000,9.772218348883435,4.885950704563122,4.886267644320312
900,10000,10000,8.816876399267528,4.4082508932470805,4.408625506020448
1000,500,500,98.74094797327349,49.36525625548694,49.375691717786545
1000,500,600,95.86085603383718,48.56082017734874,47.30003585648843
1000,500,700,93.24895161133873,47.44623217521278,45.802719436125955
1000,500,800,90.89395106836757,46.36935855709385,44.52459251127372
1000,500,900,90.2551879432028,46.05836011262006,44.19682783058274
1000,500,1000,89.80386801557476,45.88220893091213,43.92165908466262
1000,500,1200,79.41963961884211,40.115311675052226,39.304327943789886
1000,500,1400,75.78102398792663,37.582140022041315,38.19888396588531
1000,500,1600,73.0954285124792,36.12714548051778,36.96828303196143
1000,500,1800,61.615152123074616,30.61588540730138,30.99926671577324
1000,500,2000,53.01136408078817,26.38481589381029,26.626548186977878
1000,500,2200,46.81235132042499,23.310318835452357,23.502032484972627
1000,500,2400,42.05051930464188,20.938044697034893,21.112474607606988
1000,500,2600,38.241131440670905,19.035636547803996,19.205494892866916
1000,500,2800,35.10625106330153,17.467841471103682,17.638409592197842
1000,500,3000,32.471587749434754,16.149030352523145,16.32255739691161
1000,500,4000,23.719737742522657,11.762939073106933,11.956798669415722
1000,500,5000,18.735653211009744,9.262551235666157,9.473101975343589
1000,500,6000,15.498365672492014,7.637643477547762,7.860722194944253
1000,500,7000,13.222950294146465,6.495097915964647,6.727852378181817
1000,500,8000,11.535641031978685,5.647584930729732,5.888056101248953
1000,500,9000,10.234665959486128,4.993935450802526,5.240730508683603
1000,500,10000,9.201220826669793,4.474564618525603,4.72665620814419
1000,600,500,96.22578431376847,48.31404212340961,47.91174219035888
1000,600,600,93.76304136070031,47.71903695501513,46.044004405685186
1000,600,700,91.50453799521074,46.71531500403092,44.78922299117983
1000,600,800,90.57200207913205,46.24728083256175,44.3247212465703
1000,600,900,90.25873505080618,46.076471518310775,44.18226353249541
1000,600,1000,89.88462364338238,45.9296506645847,43.95497297879769
1000,600,1200,77.35307011355034,38.81102885078548,38.542041262764855
1000,600,1400,75.06415946512502,37.17734217871333,37.88681728641168
1000,600,1600,72.47455758363952,35.951758542894375,36.52279904074514
1000,600,1800,60.83715543431019,30.292489720344506,30.544665713965685
1000,600,2000,52.54026589043495,26.19400593554217,26.346259954892783
1000,600,2200,46.48559084569696,23.183391728343555,23.302199117353407
1000,600,2400,41.8039869159933,20.847791912257726,20.95619500373557
1000,600,2600,38.04413085348565,18.968783852238086,19.075347001247557
1000,600,2800,34.94209890140571,17.417007333743665,17.525091567662038
1000,600,3000,32.33037258168219,16.109724234344743,16.22064834733745
1000,600,4000,23.63001744106569,11.751498241784702,11.878519199280987
1000,600,5000,18.660957553671864,9.260869367862078,9.400088185809787
1000,600,6000,15.42830578728036,7.640107468546605,7.7881983187337545
1000,600,7000,13.153699045730082,6.499435962252184,6.6542630834778995
1000,600,8000,11.465636303545002,5.652746242138137,5.812890061406866
1000,600,9000,10.16326382165724,4.999396261555694,5.163867560101546
1000,600,10000,9.128185080639932,4.4800532469286365,4.648131833711295
1000,700,500,94.29900124146907,47.51060184141766,46.78839940005141
1000,700,600,92.14123477946127,47.00431179747753,45.136922981983744
1000,700,700,90.74884371473628,46.391578128335325,44.357265586400956
1000,700,800,90.48701355796071,46.217579641671385,44.269433916289316
1000,700,900,90.26762155146574,46.083927975083704,44.18369357638204
1000,700,1000,89.96271856907998,45.97004077902053,43.99267779005945
1000,700,1200,76.07256201682956,38.00974163503759,38.06282038179197
1000,700,1400,74.43701995531437,36.82765228049546,37.60936767481892
1000,700,1600,71.8819590297296,35.74389489059587,36.13806413913373
1000,700,1800,60.16509232650623,29.994104428213195,30.17098789829303
1000,700,2000,52.131114225710704,26.014496918464527,26.116617307246177
1000,700,2200,46.203534070457,23.06267633804045,23.140857732416553
1000,700,2400,41.59389621668543,20.761193741137664,20.832702475547762
1000,700,2600,37.87923512168117,18.904091929579756,18.975143192101413
1000,700,2800,34.807674345897624,17.36738291790246,17.44029142799516
1000,700,3000,32.217553915652886,16.070984971588242,16.14656894406464
1000,700,4000,23.567565952262143,11.739318840885433,11.82824711137671
1000,700,5000,18.614768872862424,9.258196956001322,9.3565719168611
1000,700,6000,15.38822878933216,7.6415841667942,7.746644622537963
1000,700,7000,13.115782167610867,6.5028598642840585,6.612922303326808
1000,700,8000,11.428134195538046,5.657081294382453,5.771052901155593
1000,700,9000,10.125363429156236,5.004115681526155,5.121247747630082
1000,700,10000,9.08950869223878,4.484876875577855,4.604631816660925
1000,800,500,92.78007718541127,46.843680500897754,45.936396684513525
1000,800,600,90.88120754708183,46.417750847654226,44.4634566994276
1000,800,700,90.59005314928562,46.34191846173077,44.24813468755485
1000,800,800,90.39137507161298,46.186045224273464,44.205329847339506
1000,800,900,90.23139309003578,46.06434698953575,44.16704610050002
1000,800,1000,89.23109272856044,45.867234664030086,43.363858064530355
1000,800,1200,75.11483884524388,37.411123826153556,37.70371501909033
1000,800,1400,73.84736522931676,36.548254265707854,37.29911096360892
1000,800,1600,70.81245662631603,35.25627364127142,35.55618298504462
1000,800,1800,59.564147336216685,29.717167114992122,29.846980221224563
1000,800,2000,51.76082983186689,25.84469659287284,25.916133238994053
1000,800,2200,45.94782766751771,22.94718063118592,23.000647036331788
1000,800,2400,41.404197769303785,20.677581137291327,20.726616632012462
1000,800,2600,37.731533450170645,18.841095481920046,18.890437968250602
1000,800,2800,34.6885963923719,17.318640775972256,17.36995561639965
1000,800,3000,32.11898493038033,16.03258763454797,16.08639729583236
1000,800,4000,23.518078720903,11.726423287048853,11.791655433854144
1000,800,5000,18.582143297549344,9.25462289689288,9.327520400656464
1000,800,6000,15.36254688491759,7.64217915072593,7.720367734191658
1000,800,7000,13.093035009608217,6.5054758396587316,6.587559169949484
1000,800,8000,11.406479638446667,5.660691546861271,5.745788091585396
1000,800,9000,10.103893606618394,5.008188706595092,5.095704900023303
1000,800,10000,9.067762627560219,4.489123972348424,4.578638655211795
1000,900,500,91.53639834090464,46.27470309565469,45.26169524524995
1000,900,600,90.70292860735238,46.253509150199235,44.44941945715314
1000,900,700,90.47717817519302,46.31994447047602,44.157233704717015
1000,900,800,90.30463223929566,46.17294114080662,44.13169109848904
1000,900,900,90.14855850487335,46.052449384658,44.09610912021535
1000,900,1000,76.77193881094662,38.81675724175081,37.95518156919582
1000,900,1200,74.34752271838538,36.93943286592079,37.408089852464585
1000,900,1400,73.28489981252932,36.357059644887485,36.92784016764182
1000,900,1600,69.77444456579997,34.76826159780644,35.00618296799353
1000,900,1800,59.016667326945466,29.459104755979713,29.557562570965757
1000,900,2000,51.418633290819024,25.683610129176476,25.735023161642555
1000,900,2200,45.710211220003835,22.83638305920175,22.873828160802084
1000,900,2400,41.22776716357946,20.59665792656028,20.63110923701918
1000,900,2600,37.594469369899414,18.77963389837293,18.814835471526482
1000,900,2800,34.578613228396904,17.27070698254681,17.307906245850095
1000,900,3000,32.028557630093516,15.994514755639711,16.034042874453807
1000,900,4000,23.475347193038168,11.712905525233388,11.76244166780478
1000,900,5000,18.55647328251298,9.250258518179145,9.306214764333838
1000,900,6000,15.344286334137314,7.641998954814837,7.7022873793224775
1000,900,7000,13.078193241529478,6.507380495673927,6.570812745855552
1000,900,8000,11.393168023326785,5.6636632512175895,5.729504772109194
1000,900,9000,10.091147855403314,5.011692257685389,5.079455597717925
1000,900,10000,9.055069834536658,4.492863334923714,4.562206499612944
1000,1000,500,90.84444515563861,45.92275924812803,44.921685907510565
1000,1000,600,90.57085173749918,46.11760161103446,44.45325012646473
1000,1000,700,90.38871639325255,46.29154826941058,44.09716812384196
1000,1000,800,90.22681098578327,46.16808716094968,44.058723824833585
1000,1000,900,78.51131785093483,40.19862424294181,38.31269360799302
1000,1000,1000,75.19945206861206,37.7511428369887,37.448309231623355
1000,1000,1200,73.71025537646493,36.562491104781685,37.14776427168324
1000,1000,1400,72.82826376994669,36.19037301331943,36.63789075662727
1000,1000,1600,68.84874412041103,34.327763575094785,34.52098054531625
1000,1000,1800,58.51230873739302,29.217884886814907,29.294423850578116
1000,1000,2000,51.0987048722601,25.5305096574728,25.5681952147873
1000,1000,2200,45.48645654328759,22.72995794443868,22.756498598848907
1000,1000,2400,41.06107391257491,20.518276488687388,20.542797423887524
1000,1000,2600,37.46484608969186,18.71965215155168,18.745193938140183
1000,1000,2800,34.474693614509206,17.22358786161075,17.251105752898457
1000,1000,3000,31.943325647755834,15.956812234935045,15.98651341282079
1000,1000,4000,23.43638403557791,11.698874997176,11.73750903840191
1000,1000,5000,18.534574653836128,9.245213416309218,9.289361237526913
1000,1000,6000,15.33007602205775,7.641141921527057,7.688934100530694
1000,1000,7000,13.067720749233272,6.5086596562212256,6.559061093012047
1000,1000,8000,11.384524845239289,5.666071105979641,5.718453739259649
1000,1000,9000,10.083335852089549,5.014691649811068,5.068644202278481
1000,1000,10000,9.047541820211839,4.496152460977124,4.551389359234715
1000,1200,500,90.58402375991373,45.68370266807184,44.90032109184191
1000,1200,600,90.39603960896996,45.9046652412886,44.49137436768135
1000,1200,700,90.23464018864516,46.08916584448159,44.14547434416357
1000,1200,800,75.66969724580139,38.43079383994556,37.23890340585583
1000,1200,900,74.17017769048627,37.21239034441101,36.95778734607524
1000,1200,1000,73.46557441827913,36.60677249926858,36.85880191901057
1000,1200,1200,72.63293648643541,36.08016085272302,36.55277563371239
1000,1200,1400,72.12011862618414,35.91145657902326,36.20866204716087
1000,1200,1600,67.25596198123044,33.560776481251786,33.695185499978656
1000,1200,1800,57.60744689860131,28.779357701592833,28.828089197008474
1000,1200,2000,50.51259623375266,25.24593417314069,25.266662060611967
1000,1200,2200,45.071727892995014,22.529256268660646,22.542471624334375
1000,1200,2400,40.749925335882146,20.36877255792714,20.381152777955005
1000,1200,2600,37.221855768093555,18.604089820104413,18.61776594798914
1000,1200,2800,34.279416448391416,17.13192621796222,17.1474902304292
1000,1200,3000,31.783027320253808,15.88275920991295,15.900268110340857
1000,1200,4000,23.364284740209445,11.669679832803837,11.69460490740561
1000,1200,5000,18.49615453762779,9.233463746485508,9.262690791142282
1000,1200,6000,15.307430046129364,7.6377304253422285,7.669699620787138
1000,1200,7000,13.053138716565373,6.509627111169551,6.543511605395822
1000,1200,8000,11.374194339106664,5.66944055958079,5.704753779525874
1000,1200,9000,10.075210919733767,5.0193901225860476,5.055820797147719
1000,1200,10000,9.040466425698844,4.501565181427434,4.53890124427141
1000,1400,500,90.43128179008947,45.50309771041372,44.92818407967575
1000,1400,600,78.93288934236523,40.93085180158676,38.00203754077847
1000,1400,700,74.20309100584593,37.42092444479547,36.78216656105047
1000,1400,800,73.27353018457478,36.723351863559444,36.55017832101534
1000,1400,900,72.73354760178518,36.26023104760128,36.473316554183896
1000,1400,1000,72.37315415156971,35.96394406786479,36.40921008370492
1000,1400,1200,71.90067973851468,35.79559030802254,36.10508943049215
1000,1400,1400,71.58446459677413,35.68490164519171,35.89956295158241
1000,1400,1600,65.92333052088443,32.91237911572169,33.01095140516274
1000,1400,1800,56.813801181514926,28.39068306097301,28.42311812054191
1000,1400,2000,49.985247142797945,24.987047896411976,24.998199246385973
1000,1400,2200,44.69275397851701,22.34346722979223,22.349286748724783
1000,1400,2400,40.462595674338246,20.228475980651567,20.234119693686683
1000,1400,2600,36.99573263959463,18.494342305403162,18.501390334191473
1000,1400,2800,34.09663273619727,17.043899980474176,17.0527327557231
1000,1400,3000,31.632317202147963,15.810861697068427,15.821455505079538
1000,1400,4000,23.296051774639043,11.639527454871107,11.656524319767938
1000,1400,5000,18.460576787294098,9.220019416853367,9.240557370440733
1000,1400,6000,15.287734073612201,7.6325032299752555,7.655230843636946
1000,1400,7000,13.041932025401904,6.508854137731246,6.533077887670657
1000,1400,8000,11.367733482146033,5.671205983246561,5.69652749889947
1000,1400,9000,10.071435483177186,5.022633034446402,5.048802448730783
1000,1400,10000,9.038178794740052,4.505664503323277,4.532514291416775
1000,1600,500,74.6346001117755,37.743761737879176,36.89083837389633
1000,1600,600,73.12605711902714,36.62434694094047,36.501710178086675
1000,1600,700,72.46787770995087,36.16024614337967,36.30763156657119
1000,1600,800,72.10566261087061,35.94242418333785,36.16323842753275
1000,1600,900,71.79278605347994,35.741176800956566,36.05160925252338
1000,1600,1000,71.59018327142367,35.65448416892667,35.935699102497
1000,1600,1200,71.39063045038569,35.58394764738912,35.80668280299656
1000,1600,1400,71.15620960886567,35.49526537503196,35.6609442338337
1000,1600,1600,64.78444593282401,32.35470078032415,32.42974515249986
1000,1600,1800,56.10928038548871,28.04360248094714,28.06567790454157
1000,1600,2000,49.50663517237726,24.75067322983271,24.755961942544545
1000,1600,2200,44.34384658178102,22.17123256942546,22.172614012355563
1000,1600,2400,40.195308800838625,20.096851393342536,20.098457407496085
1000,1600,2600,36.78365951035535,18.390305930830177,18.393353579525176
1000,1600,2800,33.9240347595146,16.95964948580023,16.96438527371437
1000,1600,3000,31.489165406236136,15.741406352813202,15.747759053422937
1000,1600,4000,23.22988928147453,11.608929437106955,11.620959844367576
1000,1600,5000,18.42578548532721,9.205364908369416,9.220420576957796
1000,1600,6000,15.268641555033375,7.625881233877771,7.642760321155602
1000,1600,7000,13.031499592123176,6.506699296513014,6.524800295610161
1000,1600,8000,11.3623292500476,5.671672602848454,5.690656647199145
1000,1600,9000,10.069021237540385,5.024681615846965,5.04433962169342
1000,1600,10000,9.03754510792721,4.508675696320035,4.528869411607174
1000,1800,500,72.28203224635294,35.97696197747641,36.30507026887655
1000,1800,600,71.7820046859369,35.67857097893094,36.103433707005955
1000,1800,700,71.5316186113849,35.55699201509533,35.97462659628956
1000,1800,800,71.33103254505359,35.56689385923661,35.76413868581698
1000,1800,900,71.16724805985058,35.48172774293927,35.68552031691131
1000,1800,1000,71.09255980876235,35.44699600864881,35.645563800113536
1000,1800,1200,71.00675283943399,35.41762111172419,35.58913172770979
1000,1800,1400,70.8001972131398,35.33267963212431,35.467517581015485
1000,1800,1600,63.795800783880594,31.86855132309676,31.927249460783838
1000,1800,1800,55.47837680327514,27.731645828105666,27.746730975169477
1000,1800,2000,49.06972994375991,24.534123498265657,24.53560644549425
1000,1800,2200,44.02120208564735,22.011318288277913,22.00988379736944
1000,1800,2400,39.94574175098939,19.973346185510902,19.972395565478486
1000,1800,2600,36.58408485288551,18.291794585972088,18.29229026691342
1000,1800,2800,33.76050636429503,16.879204215050827,16.88130214924421
1000,1800,3000,31.352711811555018,15.674556257073489,15.678155554481531
1000,1800,4000,23.165243364942278,11.578255886260342,11.586987478681936
1000,1800,5000,18.391117085584316,9.18986521212792,9.201251873456396
1000,1800,6000,15.249325882643387,7.61818663313544,7.631139249507948
1000,1800,7000,13.020863175675066,6.503439512935994,6.517423662739072
1000,1800,8000,11.356873953088074,5.671077295130124,5.685796657957948
1000,1800,9000,10.066752435929057,5.02573910409629,5.041013331832767
1000,1800,10000,9.037259624821925,4.510774179604285,4.52648544521764
1000,2000,500,71.14098005646875,35.22622558521783,35.91475447125091
1000,2000,600,71.00226594107387,35.30227125212776,35.69999468894612
1000,2000,700,70.92156346758792,35.36864923184289,35.552914235745035
1000,2000,800,70.83111422159196,35.34940171240275,35.48171250918921
1000,2000,900,70.7625410475681,35.307740080560706,35.4548009670074
1000,2000,1000,70.73975134720618,35.294614040777404,35.44513730642877
1000,2000,1200,70.70355889931326,35.28226009726261,35.42129880205066
1000,2000,1400,70.49571738650577,35.19060019569855,35.30511719080723
1000,2000,1600,62.92707561435106,31.440119138846445,31.486956475504616
1000,2000,1800,54.909447056503225,27.449649960959835,27.459797095543383
1000,2000,2000,48.66910277225861,24.335101268945408,24.334001503313207
1000,2000,2200,43.72189755628862,21.862596896336704,21.85930065995191
1000,2000,2400,39.71216860551647,19.857402217629694,19.854766387886773
1000,2000,2600,36.39592813483803,18.19856422756045,18.197363907277584
1000,2000,2800,33.6053440582313,16.80250866398904,16.802835394242262
1000,2000,3000,31.222484404728647,15.61037543799677,15.612108966731878
1000,2000,4000,23.101985293871564,11.547772278580629,11.554213015290935
1000,2000,5000,18.35641231320139,9.173797273642805,9.182615039558586
1000,2000,6000,15.229533758950064,7.609669709748468,7.619864049201595
1000,2000,7000,13.009672899272225,6.499292702695462,6.5103801965767625
1000,2000,8000,11.35093217064463,5.669608019025112,5.681324151619517
1000,2000,9000,10.064120924433142,5.025967648071321,5.038153276361823
1000,2000,10000,9.036753054964814,4.512100418259959,4.524652636704856
1000,2200,500,70.60235569452914,35.16483933580362,35.43751635872552
1000,2200,600,70.57774316752307,35.22603603953041,35.35170712799266
1000,2200,700,70.55522563543605,35.243699091808125,35.31152654362792
1000,2200,800,70.51062218717158,35.20697703143728,35.303645155734294
1000,2200,900,70.47669893071492,35.18192701432428,35.294771916390644
1000,2200,1000,70.47412070866015,35.177030879968775,35.29708982869137
1000,2200,1200,70.45584384139148,35.16923825628932,35.28660558510218
1000,2200,1400,70.22987323592412,35.06460739550942,35.16526584041471
1000,2200,1600,62.156179509650144,31.059126997238526,31.09705251241162
1000,2200,1800,54.39339916629283,27.193434733991044,27.199964432301787
1000,2200,2000,48.30034981280386,24.151632140342276,24.148717672461583
1000,2200,2200,43.4435215788889,21.7240437250359,21.719477853852997
1000,2200,2400,39.49316564311262,19.748472974188125,19.744692668924493
1000,2200,2600,36.218314389897834,18.110338532012083,18.107975857885755
1000,2200,2800,33.458002800455176,16.72945202740044,16.72855077305474
1000,2200,3000,31.098147196681165,15.548860224831982,15.549286971849183
1000,2200,4000,23.040130902851978,11.517668912249562,11.522461990602416
1000,2200,5000,18.321699710635787,9.15737300310106,9.164326707534729
1000,2200,6000,15.209240434097808,7.600527265224921,7.608713168872889
1000,2200,7000,12.997840472692815,6.494432840040194,6.503407632652622
1000,2200,8000,11.344356414924986,5.667416340392156,5.676940074532831
1000,2200,9000,10.060927631430605,5.025498938846812,5.035428692583793
1000,2200,10000,9.035782336594263,4.512769078923258,4.523013257671005
1000,2400,500,70.46936491623158,35.0770304905072,35.392334425724385
1000,2400,600,70.40319398825051,35.161862517206636,35.241331471043864
1000,2400,700,70.34021222915987,35.14403836821331,35.19617386094657
1000,2400,800,70.29260820421986,35.10913399773672,35.18347420648315
1000,2400,900,70.26452835888026,35.08705991430639,35.17746844457386
1000,2400,1000,70.26612829834968,35.083303278308016,35.18282502004167
1000,2400,1200,70.24830443921803,35.07299992719192,35.1753045120261
1000,2400,1400,69.99430214302099,34.951666323551244,35.04263581946975
1000,2400,1600,61.466475442127376,30.717721462849653,30.74875397927772
1000,2400,1800,53.9229495132285,26.959574758629756,26.963374754598743
1000,2400,2000,47.959801061896265,23.982013266103518,23.977787795792743
1000,2400,2200,43.18401349330551,21.594732850037683,21.589280643267827
1000,2400,2400,39.287496698120755,19.6460357949041,19.641460903216657
1000,2400,2600,36.05047772733277,18.026827875350207,18.023649851982558
1000,2400,2800,33.31800627243338,16.65989014105129,16.658116131382094
1000,2400,3000,30.979411762030107,15.489962197197137,15.489449564832972
1000,2400,4000,22.979734579930373,11.488080289489023,11.491654290441348
1000,2400,5000,18.287071540830368,9.140754948195124,9.146316592635243
1000,2400,6000,15.188510919242885,7.59091528109222,7.5975956381506675
1000,2400,7000,12.985389034727882,6.489000386779593,6.496388647948289
1000,2400,8000,11.337127842320436,5.664626016659723,5.6725018256607145
1000,2400,9000,10.057115921254587,5.024441360022358,5.032674561232229
1000,2400,10000,9.034258015407683,4.512875091148471,4.521382924259212
1000,2600,500,70.34618976341737,34.99686437398326,35.34932538943411
1000,2600,600,70.27694121344821,35.07838411754993,35.19855709589829
1000,2600,700,70.21142163075788,35.08236185415941,35.12905977659849
1000,2600,800,70.14575404077196,35.040832481666925,35.104921559105044
1000,2600,900,70.10188472139346,35.013581327780116,35.088303393613344
1000,2600,1000,70.09863667790688,35.00681087393109,35.09182580397579
1000,2600,1200,70.07089592812468,34.98968135959425,35.08121456853042
1000,2600,1400,69.78339496669552,34.84965361089968,34.93374135579583
1000,2600,1600,60.845109914649164,30.40976931778428,30.43534059686488
1000,2600,1800,53.49215614535027,26.74523364528887,26.746922500061405
1000,2600,2000,47.6443486648944,23.824771418576812,23.819577246317593
1000,2600,2200,42.94158051651532,21.473831131946227,21.467749384569103
1000,2600,2400,39.09406271804558,19.54959899680373,19.544463721241847
1000,2600,2600,35.89172397903787,17.94774194916961,17.943982029868256
1000,2600,2800,33.18491462083396,16.59366047116823,16.59125414966573
1000,2600,3000,30.866006566744783,15.43360428592051,15.432402280824274
1000,2600,4000,22.920850103525694,11.459099666466932,11.461750437058761
1000,2600,5000,18.252634669988,9.124068811554327,9.128565858433678
1000,2600,6000,15.167441412817766,7.58095858497296,7.586482827844805
1000,2600,7000,12.97238720132442,6.483109733158997,6.489277468165422
1000,2600,8000,11.32928497008199,5.661339079517819,5.66794589056417
1000,2600,9000,10.052696108595727,5.022885046575392,5.029811062020336
1000,2600,10000,9.032165365290737,4.512497917368554,4.519667447922184
1000,2800,500,70.23182526065943,34.92343250627923,35.308392754380215
1000,2800,600,70.15934972307333,35.00168209053111,35.157667632542214
1000,2800,700,70.09107028907944,35.02477890886018,35.066291380219276
1000,2800,800,70.02235716494538,34.98090914164035,35.04144802330502
1000,2800,900,69.97636659656253,34.95338608334068,35.02298051322183
1000,2800,1000,69.96084390012848,34.94322689193007,35.01761700819842
1000,2800,1200,69.91668383109409,34.91651163903865,35.00017219205543
1000,2800,1400,69.15691022088261,34.54117379099515,34.615736429887455
1000,2800,1600,60.28194225013132,30.130393500658908,30.151548749472408
1000,2800,1800,53.09610375323746,26.548041014752467,26.548062738484997
1000,2800,2000,47.35133246414426,23.678627887557763,23.672704576586494
1000,2800,2200,42.714647546145606,21.36059097307764,21.35405657306796
1000,2800,2400,38.91187597227745,19.458705243550973,19.453170728726477
1000,2800,2600,35.74141520640449,17.872797775118325,17.86861743128616
1000,2800,2800,33.05831343179668,16.530592327087216,16.527721104709464
1000,2800,3000,30.75766754679659,15.379691924928276,15.37797562186832
1000,2800,4000,22.863517280361926,11.430789698597097,11.432727581764828
1000,2800,5000,18.218490000570778,9.107411783290662,9.111078217280115
1000,2800,6000,15.146132973699288,7.570757266412285,7.575375707287002
1000,2800,7000,12.958918872743622,6.476854668713586,6.482064204030036
1000,2800,8000,11.320890144150674,5.657640322644454,5.66324982150622
1000,2800,9000,10.047709254636406,5.020905581487954,5.026803673148452
1000,2800,10000,9.029526058247507,4.511704649451346,4.517821408796161
1000,3000,500,70.12539364649719,34.855916987809046,35.269476658688156
1000,3000,600,70.04957933129565,34.93100316994868,35.118576161346965
1000,3000,700,69.97836100146563,34.97092767489541,35.00743332657023
1000,3000,800,69.90689649622108,34.924806521552924,34.982089974668156
1000,3000,900,69.86146585473034,34.89722429566074,34.964241559069606
1000,3000,1000,69.84471474371142,34.88644338120564,34.95827136250579
1000,3000,1200,69.78058978788886,34.85138771643868,34.929202071450185
1000,3000,1400,68.41526656790549,34.17459126081864,34.24067530708687
1000,3000,1600,59.76883306918786,29.875655811076022,29.89317725811185
1000,3000,1800,52.73068021373899,26.36599934525939,26.364680868479603
1000,3000,2000,47.078457495415684,23.54246909218119,23.53598840323449
1000,3000,2200,42.50182232602308,21.254342343888187,21.247479982134895
1000,3000,2400,38.740044270327736,19.372932297718577,19.36711197260916
1000,3000,2600,35.5989623441281,17.80172439916832,17.797237944959775
1000,3000,2800,32.93781033454628,16.470513555122437,16.46729677942384
1000,3000,3000,30.654136485678,15.32812075833805,15.326015727339948
1000,3000,4000,22.807758978895066,11.403190338629942,11.404568640265126
1000,3000,5000,18.1847250409727,9.090858894654934,9.093866146317767
1000,3000,6000,15.124680973672575,7.560392263897573,7.564288709775003
1000,3000,7000,12.94506939576085,6.470312649446453,6.474756746314397
1000,3000,8000,11.312013244361859,5.653600627758645,5.658412616603213
1000,3000,9000,10.042209166350503,5.018566796309586,5.023642370040916
1000,3000,10000,9.026378742807598,4.510552347078147,4.51582639572945
1000,4000,500,69.68794970613678,34.586655461147366,35.10129424498941
1000,4000,600,69.59515048499243,34.6469884458506,34.948162039141835
1000,4000,700,69.50729999700856,34.68064955077173,34.82665044623683
1000,4000,800,69.42561728121332,34.691302735930634,34.73431454528269
1000,4000,900,69.37998111696297,34.6614116646093,34.71856945235366
1000,4000,1000,69.35458362239899,34.64540181998223,34.70918180241676
1000,4000,1200,69.23345778554113,34.582545542390314,34.65091224315082
1000,4000,1400,65.60448631444326,32.78320421880613,32.82128209563714
1000,4000,1600,57.757989052046426,28.875917748012498,28.88207130403392
1000,4000,1800,51.25765456830394,25.631460409109366,25.626194159194576
1000,4000,2000,45.95455810766912,22.98122599200576,22.97333211566336
1000,4000,2200,41.61044364792417,20.808993555359308,20.801450092564856
1000,4000,2400,38.01041195648022,19.008397333699175,19.002014622781036
1000,4000,2600,34.98687866532856,17.49600573375779,17.49087293157077
1000,4000,2800,32.41451386688061,16.20926069725224,16.205253169628374
1000,4000,3000,30.200112449389955,15.10158108882691,15.098531360563046
1000,4000,4000,22.55240238625835,11.276279755495896,11.276122630762453
1000,4000,5000,18.02365306610302,9.01125694136987,9.01239612473315
1000,4000,6000,15.017862855658775,7.508019358447518,7.509843497211258
1000,4000,7000,12.872642035960034,6.435204150202914,6.43743788575712
1000,4000,8000,11.262666727479603,5.630082700486296,5.632584026993306
1000,4000,9000,10.008944923234106,5.003128429840642,5.005816493393464
1000,4000,10000,9.004619098321967,4.500896963681571,4.5037221346403955
1000,5000,500,69.36381905934745,34.39527676694452,34.96854229240294
1000,5000,600,69.25509108931135,34.442850670235735,34.812240419075614
1000,5000,700,69.1515243593251,34.464944667640395,34.6865796916847
1000,5000,800,69.05991652478122,34.47607205380838,34.58384447097284
1000,5000,900,69.01285594384787,34.48182500064782,34.53103094320005
1000,5000,1000,68.97648620235007,34.458981627846015,34.517504574504066
1000,5000,1200,68.78739136694314,34.361481644523664,34.42590972241947
1000,5000,1400,63.72384844149996,31.850685437210824,31.87316300428914
1000,5000,1600,56.35569637172663,28.17767232318383,28.1780240485428
1000,5000,1800,50.193021984860145,25.100039381345876,25.092982603514265
1000,5000,2000,45.119087749181546,22.563710382529024,22.555377366652518
1000,5000,2200,40.932837623707776,20.47021772855297,20.4626198951548
1000,5000,2400,37.44537268444916,18.725880127597918,18.71949255685124
1000,5000,2600,34.50518225293201,17.25519073676801,17.24999151616399
1000,5000,2800,31.996693483777236,16.000429929048334,15.996263554728905
1000,5000,3000,29.83273263800606,14.918018140661017,14.914714497345043
1000,5000,4000,22.33337558647525,11.167069518685437,11.166306067789812
1000,5000,5000,17.877970296357702,8.938813673601683,8.93915662275602
1000,5000,6000,14.915974676434967,7.457529597942569,7.458445078492395
1000,5000,7000,12.799507832594436,6.399128142837907,6.400379689756531
1000,5000,8000,11.209493632752798,5.604013220511806,5.605480412240992
1000,5000,9000,9.970145628596917,4.984265274263327,4.985880354333592
1000,5000,10000,8.976442468885695,4.487360326653107,4.489082142232588
1000,6000,500,69.11412715630786,34.25239654188258,34.86173061442527
1000,6000,600,68.99124442555714,34.28900698398306,34.70223744157408
1000,6000,700,68.873743875684,34.301204240974876,34.57253963470912
1000,6000,800,68.77452638199857,34.30596070105743,34.46856568094113
1000,6000,900,68.72334167654526,34.32270377328224,34.40063790326302
1000,6000,1000,68.67582695958671,34.310871873405745,34.36495508618098
1000,6000,1200,68.41362224828485,34.175814983805914,34.23780726447894
1000,6000,1400,62.370593801606866,31.17889669177576,31.19169710983111
1000,6000,1600,55.31905947146947,27.661085559935383,27.65797391153409
1000,6000,1800,49.38693658224176,24.69748433680439,24.689452245437366
1000,6000,2000,44.47401517698967,22.24123943288198,22.23277574410769
1000,6000,2200,40.401202446623756,20.204347394114254,20.196855052509505
1000,6000,2400,36.99600347534033,18.501129548133086,18.494873927207244
1000,6000,2600,34.11751069629252,17.06131056550486,17.05620013078766
1000,6000,2800,31.656792960262333,15.830466470150075,15.826326490112262
1000,6000,3000,29.53087576050479,14.767108455957146,14.763767304547644
1000,6000,4000,22.14543381500184,11.073234677128974,11.072199137872866
1000,6000,5000,17.748029178401968,8.87404123377968,8.873987944622288
1000,6000,6000,14.82162519849304,7.41058882752267,7.411036370970371
1000,6000,7000,12.729147695590765,6.364204957946977,6.364942737643787
1000,6000,8000,11.156211344740925,5.577644792378749,5.578566552362175
1000,6000,9000,9.929462304944826,4.964207945858556,4.96525435908627
1000,6000,10000,8.94529132007777,4.472078000986284,4.473213319091485
1000,7000,500,68.91590306413036,34.14167023885417,34.7742328252762
1000,7000,600,68.78063427296426,34.1689264866747,34.611707786289564
1000,7000,700,68.65094164067212,34.17261906756615,34.47832257310596
1000,7000,800,68.54650515264119,34.172653135040335,34.373852017600846
1000,7000,900,68.48899990233538,34.18459929440267,34.30440060793271
1000,7000,1000,68.43087103134877,34.18918252709028,34.24168850425849
1000,7000,1200,68.09763291210012,34.01869469067059,34.078938221429524
1000,7000,1400,61.34787477908528,30.67068688433242,30.67718789475287
1000,7000,1600,54.52049458168432,27.262884463794457,27.25761011788986
1000,7000,1800,48.75515410274232,24.38186178588713,24.37329231685519
1000,7000,2000,43.96107058662476,21.984766738605696,21.97630384801906
1000,7000,2200,39.973328834601936,19.990335271036425,19.982993563565508
1000,7000,2400,36.63057696053307,18.31833488995623,18.312242070576843
1000,7000,2600,33.79935543585385,16.90216816305772,16.897187272796128
1000,7000,2800,31.375509509584283,15.689782766135167,15.685726743449118
1000,7000,3000,29.279136024615838,14.641219577169743,14.637916447446093
1000,7000,4000,21.983319597413505,10.992242304326714,10.99107729308679
1000,7000,5000,17.632553308243498,8.81641170329516,8.816141604948339
1000,7000,6000,14.735373174783733,7.367596284184682,7.3677768905990515
1000,7000,7000,12.662999872077426,6.331280256647376,6.331719615430049
1000,7000,8000,11.104661065533962,5.55202956075563,5.552631504778334
1000,7000,9000,9.888887517362386,4.94408818755484,4.944799329807545
1000,7000,10000,8.913173533803771,4.456192593113526,4.456980940690246
1000,8000,500,68.75444846009438,34.06694450403523,34.68750395605916
1000,8000,600,68.60865762141559,34.07257405786165,34.53608356355395
1000,8000,700,68.46831169642338,34.06895579763188,34.39935589879151
1000,8000,800,68.35985368685027,34.0652282682561,34.29462541859418
1000,8000,900,68.29563614828547,34.07252644561027,34.22310970267521
1000,8000,1000,68.22646133613534,34.07047481253779,34.15598652359755
1000,8000,1200,67.82978830295237,33.88554321968204,33.94424508327033
1000,8000,1400,60.5462134559781,30.27232897109609,30.273884484882
1000,8000,1600,53.88590230901764,26.94634431653175,26.939557992485895
1000,8000,1800,48.24652516655333,24.12772892411529,24.118796242438044
1000,8000,2000,43.54350743364201,21.775968310246526,21.767539123395487
1000,8000,2200,39.62172181977403,19.814459319833972,19.807262499940055
1000,8000,2400,36.327822276922774,18.166879588348444,18.16094268857433
1000,8000,2600,33.533837311126874,16.769342671049845,16.76449464007703
1000,8000,2800,31.139195965971442,15.571576464755887,15.567619501215555
1000,8000,3000,29.066329159119842,14.534783930944297,14.531545228175549
1000,8000,4000,21.842516094871684,10.92187107248335,10.920645022388332
1000,8000,5000,17.529838710278028,8.765117589546335,8.764721120731693
1000,8000,6000,14.656918022486346,7.328450315524829,7.328467706961518
1000,8000,7000,12.601509471341739,6.300628266114054,6.300881205227684
1000,8000,8000,11.055687264504414,5.527643617731131,5.528043646773282
1000,8000,9000,9.849471019185861,4.924486422827655,4.9249845963582075
1000,8000,10000,8.881231418746385,4.440332154648782,4.440899264097602
1000,9000,500,68.62051258224022,34.00960779246764,34.61090478977259
1000,9000,600,68.46559123312184,33.99359514431643,34.47199608880542
1000,9000,700,68.31591349942127,33.98361011915605,34.33230338026524
1000,9000,800,68.20414753910849,33.97676162900629,34.2273859101022
1000,9000,900,68.13333830436848,33.979703263254606,34.153635041113866
1000,9000,1000,68.05370588407338,33.97159253406463,34.08211335000874
1000,9000,1200,67.10593027269249,33.5342485621697,33.57168171052279
1000,9000,1400,59.90032992334209,29.951504381024904,29.94882554231719
1000,9000,1600,53.369177682910625,26.68862375314694,26.680553929763683
1000,9000,1800,47.828174879889026,23.918702105147368,23.909472774741662
1000,9000,2000,43.19702362652159,21.602710005226562,21.594313621295026
1000,9000,2200,39.32775091581651,19.667409510405378,19.66034140541113
1000,9000,2400,36.073015042872704,18.039405936155276,18.033609106717428
1000,9000,2600,33.30904032541739,16.656883134727217,16.652157190690183
1000,9000,2800,30.938032934390787,15.470946413750717,15.467086520640068
1000,9000,3000,28.88425356487442,14.443710541916014,14.440543022958403
1000,9000,4000,21.71933309810041,10.860292553831593,10.859040544268817
1000,9000,5000,17.438201431183327,8.719337300214441,8.718864130968885
1000,9000,6000,14.585634759332518,7.292861231158909,7.292773528173609
1000,9000,7000,12.54465092344074,6.272260359759977,6.272390563680763
1000,9000,8000,11.009613259875387,5.5046739095268356,5.504939350348552
1000,9000,9000,9.811738356401284,4.905691556114601,4.906046800286684
1000,9000,10000,8.850103576340855,4.424842783099399,4.425260793241456
1000,10000,500,68.50767922443353,33.961729777690465,34.54594944674307
1000,10000,600,68.34472241778182,33.92766730753128,34.41705511025056
1000,10000,700,68.18691884122401,33.912170744334176,34.27474809688984
1000,10000,800,68.07223595131484,33.902616868672936,34.1696190826419
1000,10000,900,67.99515817537623,33.90153573553159,34.09362243984464
1000,10000,1000,67.90576017168382,33.88784862161772,34.0179115500661
1000,10000,1200,66.47835503931648,33.22928662885036,33.24906841046612
1000,10000,1400,59.36881634693953,29.687469621921352,29.681346725018173
1000,10000,1600,52.94018835006395,26.474652308365847,26.4655360416981
1000,10000,1800,47.47799779418321,23.743731787398815,23.7342660067844
1000,10000,2000,42.904914014247225,21.456640078446494,21.44827393580073
1000,10000,2200,39.0783692647167,19.54266400510145,19.535705259615252
1000,10000,2400,35.85567093535492,17.930673159441394,17.924997775913532
1000,10000,2600,33.11634613862575,16.56048117326082,16.555864965364936
1000,10000,2800,30.76481401959905,15.384291932514959,15.380522087084094
1000,10000,3000,28.726803955239593,14.36495087575058,14.361853079489013
1000,10000,4000,21.610803342710593,10.806031226524832,10.804772116185761
1000,10000,5000,17.356127880251545,8.678324322383261,8.677803557868287
1000,10000,6000,14.52080958403081,7.260483763772537,7.260325820258272
1000,10000,7000,12.492184882475032,6.246069450216399,6.246115432258632
1000,10000,8000,10.966490625756355,5.48315932912663,5.483331296629727
1000,10000,9000,9.775921738916587,4.887833266618101,4.888088472298486
1000,10000,10000,8.820133381335216,4.409910107784663,4.410223273550553
1200,500,500,97.30451919242323,48.70659438432038,48.597924808102846
1200,500,600,94.61383933025873,47.77119382890822,46.84264550135051
1200,500,700,92.18012415719568,46.78234870438749,45.3977754528082
1200,500,800,90.62701132218021,46.079029901519206,44.54798142066102
1200,500,900,90.26629873923498,45.88848619117896,44.377812548056006
1200,500,1000,89.87233715219121,45.72111686085818,44.15122029133302
1200,500,1200,77.74440226155131,38.851093037659744,38.89330922389158
1200,500,1400,75.09299459471845,37.07563439449292,38.01736020022554
1200,500,1600,72.33033360070833,35.81210855757455,36.518225043133796
1200,500,1800,61.37959445209224,30.548875158039618,30.830719294052628
1200,500,2000,52.93271511274851,26.38695021143421,26.545764901314303
1200,500,2200,46.79778912817503,23.339517783017293,23.45827134515774
1200,500,2400,42.06655353528133,20.9794395552122,21.08711398006913
1200,500,2600,38.272805359912915,19.08281915222275,19.18998620769017
1200,500,2800,35.145996177123685,17.517686862873976,17.62830931424971
1200,500,3000,32.51529320747515,16.19988994559738,16.315403261877773
1200,500,4000,23.761199442718976,11.810601665615438,11.950597777103535
1200,500,5000,18.766327971429995,9.304397713291682,9.461930258138313
1200,500,6000,15.518330845560062,7.674172721655894,7.84415812390417
1200,500,7000,13.233556969992293,6.527131063238137,6.706425906754156
1200,500,8000,11.53829500935688,5.6758681886421325,5.862426820714747
1200,500,9000,10.230587996002148,5.019085696111258,5.211502299890891
1200,500,10000,9.19142498146845,4.497080080532643,4.694344900935806
1200,600,500,95.0422844433984,47.725293888153345,47.31699055524506
1200,600,600,92.72019981982787,47.04850461547289,45.67169520435497
1200,600,700,90.84634709126485,46.23445807812795,44.611889013136896
1200,600,800,90.53418112099895,46.05555108803547,44.478630032963466
1200,600,900,90.27929792334032,45.912253366244464,44.36704455709585
1200,600,1000,89.95774553487546,45.77812665867322,44.17961887620224
1200,600,1200,76.2649950952077,37.984517163797946,38.280477931409756
1200,600,1400,74.44321650716101,36.741328013192366,37.701888493968646
1200,600,1600,71.80270087986386,35.65849016943904,36.144210710424815
1200,600,1800,60.66624704492727,30.240874703709547,30.425372341217724
1200,600,2000,52.49635056266029,26.199735655004027,26.296614907656263
1200,600,2200,46.494379665528946,23.21214611683848,23.282233548690463
1200,600,2400,41.83786190633348,20.88701565150968,20.950846254823794
1200,600,2600,38.09074963307828,19.012990354783504,19.077759278294785
1200,600,2800,34.995215395292576,17.46349522349949,17.531720171793086
1200,600,3000,32.38654722284115,16.157054627710483,16.229492595130672
1200,600,4000,23.68313240118458,11.795808509233721,11.887323891950855
1200,600,5000,18.704106563675946,9.29988397331699,9.404222590358957
1200,600,6000,15.461765592364562,7.674275508672683,7.787490083691881
1200,600,7000,13.178725008352549,6.529490619530469,6.64923438882208
1200,600,8000,11.483497846511826,5.679356069366082,5.804141777145743
1200,600,9000,10.175056572806664,5.023116612508458,5.151939960298204
1200,600,10000,9.134818357978599,4.501334881203781,4.633483476774818
1200,700,500,93.28195040246713,46.99114765273888,46.29080274972825
1200,700,600,91.2496411340558,46.45675638950543,44.79288474455038
1200,700,700,90.6635023904473,46.1727385379079,44.490763852539395
1200,700,800,90.44533954050397,46.02630309237406,44.419036448129894
1200,700,900,90.26384737485891,45.912101725535436,44.35174564932347
1200,700,1000,89.96826131633463,45.81359997745595,44.15466133887868
1200,700,1200,75.21573357256679,37.36699728133124,37.84873629123555
1200,700,1400,73.82072723139231,36.48950066661666,37.33122656477566
1200,700,1600,71.27927273669378,35.47185675887613,35.807415977817655
1200,700,1800,60.034933052229384,29.953438785895457,30.081494266333927
1200,700,2000,52.10708118142827,26.022445578973713,26.08463560245456
1200,700,2200,46.22433640210252,23.090605423010096,23.13373097909243
1200,700,2400,41.636091558349,20.79828991573438,20.83780164261462
1200,700,2600,37.932227782479146,18.94555709974095,18.986670682738193
1200,700,2800,34.86608449395029,17.41083631357017,17.455248180380114
1200,700,3000,32.278425006175645,16.11515103802782,16.16327396814783
1200,700,4000,23.625048970326752,11.780644474870325,11.844404495456425
1200,700,5000,18.663106427451105,9.294678302311693,9.368428125139413
1200,700,6000,15.427748675553913,7.67363108539885,7.754117590155061
1200,700,7000,13.14762953608157,6.531131124199955,6.616498411881615
1200,700,8000,11.453456158566643,5.682178663668906,5.7712774948977374
1200,700,9000,10.145147746240848,5.026540989237515,5.118606757003334
1200,700,10000,9.104575153241008,4.505039330318612,4.599535822922396
1200,800,500,91.8887564131595,46.38113322869351,45.50762318446599
1200,800,600,90.78271625616938,46.26325338050602,44.519462875663365
1200,800,700,90.5269624542259,46.14204601118648,44.384916443039415
1200,800,800,90.34579515708333,46.01032573736515,44.33546941971818
1200,800,900,90.18768421826198,45.88945292649302,44.298231291768964
1200,800,1000,77.68533496599314,39.297939035912265,38.38739593008087
1200,800,1200,74.39726390292373,36.889336453484695,37.50792744943904
1200,800,1400,73.26021359388363,36.31245194221193,36.94776165167171
1200,800,1600,70.45965959393797,35.105703988888,35.35395560504997
1200,800,1800,59.46259119707626,29.68498840818454,29.777602788891727
1200,800,2000,51.749616567808836,25.854278892273573,25.895337675535266
1200,800,2200,45.97544536950457,22.974284480021744,23.001160889482822
1200,800,2400,41.450401406860756,20.712782034052363,20.73761937280839
1200,800,2600,37.78706072477633,18.880150490705272,18.906910234071063
1200,800,2800,34.748735493975104,17.359432370383068,17.389303123592033
1200,800,3000,32.181143956432344,16.073978360832417,16.107165595599934
1200,800,4000,23.57666682248673,11.765104967937068,11.81156185454966
1200,800,5000,18.632269900578958,9.288842737880685,9.343427162698271
1200,800,6000,15.404586858996868,7.672320943787568,7.7322659152092985
1200,800,7000,13.128048435171861,6.532137774177596,6.595910660994266
1200,800,8000,11.43550803062093,5.684419054662962,5.751088975957966
1200,800,9000,10.127832854217486,5.029437654718927,5.098395199498558
1200,800,10000,9.087357193058255,4.5082673763410614,4.579089816717194
1200,900,500,90.9187521942027,45.929842651131686,44.988909543071
1200,900,600,90.62348057918227,46.12082240938301,44.502658169799254
1200,900,700,90.42506039315457,46.13449615845772,44.290564234696845
1200,900,800,90.25888230268501,46.00579021712145,44.253092085563566
1200,900,900,89.96538298439194,45.909278735346085,44.056104249045866
1200,900,1000,75.47726722290416,37.84898600326862,37.628281219635525
1200,900,1200,73.73011603459275,36.51225933307274,37.21785670152001
1200,900,1400,72.80688737508275,36.15622396856553,36.65066340651723
1200,900,1600,69.4871422150509,34.64499673115119,34.84214548389969
1200,900,1800,58.93668196728609,29.43385255550573,29.502829411780365
1200,900,2000,51.41647112200755,25.69455001978157,25.72192110222598
1200,900,2200,45.74203202844739,22.862780844832937,22.879251183614446
1200,900,2400,41.27589129422992,20.630231863895826,20.645659430334092
1200,900,2600,37.650717364619226,18.816608514572522,18.834108850046704
1200,900,2800,34.638807182837354,17.309188244250713,17.329618938586638
1200,900,3000,32.090406377527145,16.033484796182172,16.056921581344973
1200,900,4000,23.53348190797245,11.749246170781214,11.784235737191237
1200,900,5000,18.606728336940797,9.282456397062074,9.324271939878724
1200,900,6000,15.387079423695031,7.670425990278851,7.716653433416179
1200,900,7000,13.114509082221797,6.532586698906661,6.581922383315137
1200,900,8000,11.423959957511334,5.6861469438853405,5.737813013625994
1200,900,9000,10.11723360105931,5.031869957168398,5.085363643890911
1200,900,10000,9.077129228142743,4.511076589277561,4.566052638865183
1200,1000,500,90.74133160129605,45.79681825684656,44.94451334444949
1200,1000,600,90.50965475803734,46.005688170975816,44.50396658706152
1200,1000,700,90.3385535770309,46.13876312781535,44.19979044921555
1200,1000,800,90.17886441945106,46.013399575599536,44.165464843851524
1200,1000,900,75.85182746790638,38.289059740030076,37.562767727876306
1200,1000,1000,74.34663076180775,37.11351922701494,37.233111534792805
1200,1000,1200,73.13542064953589,36.2332599608065,36.902160688729396
1200,1000,1400,72.42919930354893,36.01696381915584,36.41223548439309
1200,1000,1600,68.61225222507338,34.22609455280912,34.38615767226425
1200,1000,1800,58.44937225131841,29.198450932279385,29.25092131903902
1200,1000,2000,51.10339500815532,25.54265591246002,25.56073909569529
1200,1000,2200,45.52107629989595,22.75579075424965,22.765285545646304
1200,1000,2400,41.110062063448616,20.550474920111856,20.55958714333676
1200,1000,2600,37.52093412313061,18.754843713562614,18.766090409567994
1200,1000,2800,34.53415327957089,17.260071057919017,17.274082221651874
1200,1000,3000,32.00411833616105,15.99367546265535,16.010442873505696
1200,1000,4000,23.493301625405483,11.733138739328718,11.760162886076767
1200,1000,5000,18.584097312049977,9.275598371911581,9.308498940138394
1200,1000,6000,15.372669923551042,7.668020266127921,7.70464965742312
1200,1000,7000,13.10431190104857,6.5325442161604075,6.5717676848881625
1200,1000,8000,11.415992869242311,5.687421046701285,5.728571822541025
1200,1000,9000,10.110431739984692,5.033889851216798,5.076541888767895
1200,1000,10000,9.070889828284423,4.513513138226766,4.557376690057656
1200,1200,500,90.516182564291,45.59745756130385,44.91872500298716
1200,1200,600,90.34002017892986,45.819552096535375,44.52046808239448
1200,1200,700,88.0111287081863,45.090354634941924,42.92077407324439
1200,1200,800,74.50231467125514,37.55859155827325,36.943723112981885
1200,1200,900,73.47841116102205,36.69555546353216,36.7828556974899
1200,1200,1000,72.91686209902272,36.22394516477,36.692916934252715
1200,1200,1200,72.21511205373878,35.90486392208657,36.31024813165221
1200,1200,1400,71.82734956797388,35.77837681441063,36.048972753563255
1200,1200,1600,67.09306859003848,33.49102454841745,33.60204404162103
1200,1200,1800,57.57020198184597,28.769305840861552,28.800896140984417
1200,1200,2000,50.52733732358586,25.260263626484306,25.267073697101555
1200,1200,2200,45.10992084921705,22.554364073217727,22.555556775999325
1200,1200,2400,40.79930974675581,20.39886264174531,20.4004471050105
1200,1200,2600,37.27661374225545,18.63644727306295,18.640166469192497
1200,1200,2800,34.336564565133465,17.165181246392944,17.17138331874052
1200,1200,3000,31.840945067959346,15.916182099397966,15.924762968561382
1200,1200,4000,23.417913256654465,11.7004472028788,11.717466053775665
1200,1200,5000,18.54311184250864,9.2607464200815,9.28236542242714
1200,1200,6000,15.348305240715366,7.661929446082404,7.686375794632964
1200,1200,7000,13.088782040405334,6.531206637806087,6.557575402599248
1200,1200,8000,11.405374380975637,5.688800807894532,5.716573573081106
1200,1200,9000,10.10257385815055,5.036860801203068,5.065713056947481
1200,1200,10000,9.064546857314648,4.51741609452997,4.547130762784677
1200,1400,500,90.36563820532295,45.44115671009457,44.924481495228385
1200,1400,600,75.10215662249425,38.103132045403996,36.999024577090246
1200,1400,700,73.42274784895055,36.843160310842634,36.57958753810791
1200,1400,800,72.7303234181829,36.35072409555205,36.379599322630845
1200,1400,900,72.28475884537397,35.943419790512365,36.34133905486161
1200,1400,1000,71.93410233042171,35.78008532803879,36.15401700238292
1200,1400,1200,71.61740821940461,35.67065204428501,35.94675617511959
1200,1400,1400,71.35994536502747,35.580059023975735,35.779886341051736
1200,1400,1600,65.810699069744,32.864880023707514,32.9458190460365
1200,1400,1800,56.795234164868866,28.387900071626138,28.40733409324273
1200,1400,2000,50.00730789849618,25.003336264399774,25.00397163409641
1200,1400,2200,44.733303648561865,22.36825543117751,22.36504821738436
1200,1400,2400,40.51181420275217,20.25711301395842,20.25470118879375
1200,1400,2600,37.04891055508674,18.52462577738785,18.524284777698885
1200,1400,2800,34.15136297453727,17.074722533790663,17.07664044074661
1200,1400,3000,31.68731107526381,15.841642766252916,15.845668309010899
1200,1400,4000,23.34624172516363,11.667495037634174,11.678746687529456
1200,1400,5000,18.504568757553386,9.244762196961974,9.259806560591409
1200,1400,6000,15.326266672374139,7.654475931012056,7.671790741362083
1200,1400,7000,13.07582250603757,6.528497262248817,6.5473252437887535
1200,1400,8000,11.397676914186238,5.688880464938344,5.708796449247895
1200,1400,9000,10.098002365133256,5.038630022989252,5.059372342144004
1200,1400,10000,9.061836504007893,4.5202202174889745,4.541616286518918
1200,1600,500,73.64672874904217,37.00717026333641,36.63955848570576
1200,1600,600,72.55842261095208,36.22316146562967,36.33526114532239
1200,1600,700,72.05052602826866,35.89798081186839,36.15254521640026
1200,1600,800,71.7425118304494,35.72828463725246,36.014227193196945
1200,1600,900,71.45710283966866,35.594105932527775,35.86299690714088
1200,1600,1000,71.3217420039455,35.53638656011289,35.78535544383262
1200,1600,1200,71.18402545047388,35.489980160798744,35.69404528967514
1200,1600,1400,70.9790079007866,35.41109604545804,35.56791185532855
1200,1600,1600,64.70787182912127,32.32337869853998,32.3844931305813
1200,1600,1800,56.104920814590486,28.04657152123578,28.058349293354706
1200,1600,2000,49.53440167315262,24.768704363685206,24.765697309467424
1200,1600,2200,44.38620764981308,22.19595295116357,22.190254698649508
1200,1600,2400,40.244292885936936,20.124484800609803,20.119808085327136
1200,1600,2600,36.83542321936852,18.419054996988702,18.416368222379816
1200,1600,2800,33.9766312243435,16.98861950276361,16.988011721579895
1200,1600,3000,31.541574815940947,15.770139673697482,15.771435142243465
1200,1600,4000,23.276915166414057,11.634629023195354,11.642286143218701
1200,1600,5000,18.46691064244883,9.22800615044451,9.238904492004318
1200,1600,6000,15.304766698358119,7.645985065602712,7.658781632755406
1200,1600,7000,13.063438779810937,6.524699484134509,6.538739295676429
1200,1600,8000,11.390730806505506,5.6879047913124055,5.7028260151931
1200,1600,9000,10.094401434041108,5.039409195096059,5.054992238945049
1200,1600,10000,9.06032072295414,4.522109472617221,4.538211250336918
1200,1800,500,71.84405259163411,35.69333899906774,36.15071359256637
1200,1800,600,71.46890641443574,35.498578351029366,35.97032806340637
1200,1800,700,71.25044445103678,35.49427250228836,35.75617194874842
1200,1800,800,71.07680449405295,35.44899412248682,35.627810371566135
1200,1800,900,70.96047719113044,35.38785479499714,35.5726223961333
1200,1800,1000,70.91010755439675,35.364357832824865,35.54574972157189
1200,1800,1200,70.85009050597137,35.34499095980377,35.50509954616758
1200,1800,1400,70.65755113372728,35.264149932184836,35.39340120154245
1200,1800,1600,63.74594832337678,31.849311989492854,31.896636333883933
1200,1800,1800,55.485090646924355,27.739211422224695,27.74587922469966
1200,1800,2000,49.102082510384484,24.553676515976623,24.548405994407865
1200,1800,2200,44.06505508424728,22.036111421174294,22.028943663072983
1200,1800,2400,39.99454453416449,20.000278815086375,19.99426571907812
1200,1800,2600,36.63467788322011,18.319391201474144,18.315286681745963
1200,1800,2800,33.81131312990684,16.906742703914666,16.90457042599218
1200,1800,3000,31.402932194932127,15.70168046911211,15.701251725820018
1200,1800,4000,23.209481842201875,11.602098337198486,11.607383505003389
1200,1800,5000,18.429629622002757,9.210750969564865,9.218878652437892
1200,1800,6000,15.2831778084618,7.6367077907909025,7.6464700176708975
1200,1800,7000,13.050884581374993,6.520033969027206,6.530850612347785
1200,1800,8000,11.383685594639283,5.686065403907554,5.69762019073173
1200,1800,9000,10.09083218194563,5.039364486930691,5.05146769501494
1200,1800,10000,9.058986166935282,4.523228441187226,4.535757725748056
1200,2000,500,70.88956399129796,35.208678043455876,35.680885947842086
1200,2000,600,70.82330300341954,35.28896876218254,35.534334241237005
1200,2000,700,70.75745340006824,35.32939110946844,35.4280622905998
1200,2000,800,70.67953041447913,35.27719345533119,35.40233695914794
1200,2000,900,70.62505377440638,35.243929453066656,35.38112432133973
1200,2000,1000,70.60946746075936,35.2344591820351,35.37500827872426
1200,2000,1200,70.58165289268281,35.22495979620771,35.3566930964751
1200,2000,1400,70.37929353186475,35.134225207878295,35.24506832398646
1200,2000,1600,62.89745227486339,31.430069465766092,31.467382809097305
1200,2000,1800,54.92490660907921,27.46090251789853,27.464004091180676
1200,2000,2000,48.70518471176732,24.35595757422742,24.349227137539902
1200,2000,2200,43.76700431496151,21.887529078339828,21.87947523662168
1200,2000,2400,39.76085255267936,19.883835337903697,19.877017214775666
1200,2000,2600,36.44557282921172,18.225279232066665,18.22029359714505
1200,2000,2800,33.65467200596291,16.82892347108599,16.82574853487692
1200,2000,3000,31.270875288747,15.636217497271087,15.634657791475911
1200,2000,4000,23.14380997109179,11.57007975720202,11.573730213889771
1200,2000,5000,18.39260037188132,9.193204196344398,9.199396175536922
1200,2000,6000,15.261311577843497,7.626840185778585,7.63447139206491
1200,2000,7000,13.037898599030992,6.514675579472085,6.523223019558907
1200,2000,8000,11.376212557143315,5.683515479243327,5.692697077899989
1200,2000,9000,10.08690724365112,5.038629514371129,5.048277729279992
1200,2000,10000,9.05739541344521,4.523693832848143,4.533701580597067
1200,2200,500,70.568130299365,35.16427981575658,35.40385048360842
1200,2200,600,70.49894578194858,35.233189009197844,35.26575677275073
1200,2200,700,70.45975571889961,35.19462003964123,35.265135679258385
1200,2200,800,70.41735700580072,35.16192628026561,35.25543072553511
1200,2200,900,70.38227162665733,35.137466952911986,35.24480467374536
1200,2200,1000,70.37857358698028,35.132308319228486,35.2462652677518
1200,2200,1200,70.35944911562875,35.12348083667328,35.23596827895547
1200,2200,1400,70.133891149015,35.0178597505865,35.11603139842849
1200,2200,1600,62.14209411963076,31.056151147653733,31.08594297197703
1200,2200,1800,54.415811264092724,27.207644328303097,27.208166935789635
1200,2200,2000,48.339468895201115,24.17358310317485,24.165885792026266
1200,2200,2200,43.48967721799394,21.749133680176975,21.740543537816976
1200,2200,2400,39.541772218411246,19.774538101984064,19.767234116427183
1200,2200,2600,36.26718811998461,18.136364361292674,18.130823758691935
1200,2200,2800,33.506107726799115,16.754969844570375,16.75113788222874
1200,2200,3000,31.14500994681585,15.57366602098695,15.5713439258289
1200,2200,4000,23.079876709875837,11.538695957483641,11.541180752392195
1200,2200,5000,18.355839836436527,9.175524220953779,9.180315615482744
1200,2200,6000,15.239154458942862,7.616536888172295,7.622617570770567
1200,2200,7000,13.024421510950196,6.508764723074465,6.515656787875732
1200,2200,8000,11.36820667124365,5.680379346544314,5.6878273246993345
1200,2200,9000,10.082480466562528,5.037313530997664,5.045166935564864
1200,2200,10000,9.055366561462046,4.523601587484878,4.531764973977167
1200,2400,500,70.44147278616816,35.07833037355096,35.363142412617194
1200,2400,600,70.37047089613347,35.16131169327799,35.20915920285548
1200,2400,700,70.30211949164193,35.12179549795134,35.1803239936906
1200,2400,800,70.2362568610939,35.08189881750764,35.154358043586264
1200,2400,900,70.19890196182054,35.05586045578937,35.14304150603116
1200,2400,1000,70.19504060321073,35.04968165235545,35.145358950855275
1200,2400,1200,70.17125281595854,35.03614225466781,35.13511056129073
1200,2400,1400,69.9146130440652,34.912679122010566,35.00193392205464
1200,2400,1600,61.46444027812189,30.720230933184684,30.744209344937214
1200,2400,1800,53.95089923941112,26.976148356344474,26.974750883066648
1200,2400,2000,48.00138178764132,24.004865475453176,23.99651631218815
1200,2400,2200,43.23103118291222,21.61997004290056,21.611061140011657
1200,2400,2400,39.336042556237295,19.67181678065802,19.66422577557928
1200,2400,2600,36.098713091521304,18.05230135964422,18.046411731877086
1200,2400,2800,33.36509001727938,16.68467887420813,16.680411143071247
1200,2400,3000,31.02499030169637,15.513918122036962,15.511072179659408
1200,2400,4000,23.01769005315236,11.508029741871358,11.509660311281003
1200,2400,5000,18.319413980978233,9.157832561326995,9.161581419651238
1200,2400,6000,15.216761670856167,7.605921015819434,7.610840655036733
1200,2400,7000,13.010479655037285,6.502415262606321,6.508064392430965
1200,2400,8000,11.359662564734549,5.676759076744222,5.682903487990327
1200,2400,9000,10.077516686198251,5.035506993393242,5.042009692805009
1200,2400,10000,9.052837941491859,4.523031630790456,4.529806310701402
1200,2600,500,70.32371772728325,34.999552893343974,35.32416483393929
1200,2600,600,70.24994575734104,35.079429345007895,35.17051641233314
1200,2600,700,70.1793076327207,35.062876898584214,35.11643073413648
1200,2600,800,70.10932987975657,35.02065918390937,35.088670695847206
1200,2600,900,70.05800782661703,34.99161952945765,35.06638829715938
1200,2600,1000,70.0454179129562,34.98142379888109,35.0639941140751
1200,2600,1200,70.00890327023393,34.959837791855556,35.04906547837837
1200,2600,1400,69.71684379037423,34.816960539136495,34.89988325123772
1200,2600,1600,60.8524713218,30.41654715041394,30.43592417138607
1200,2600,1800,53.524508436322286,26.763685321159954,26.76082311516233
1200,2600,2000,47.687905239584225,23.848349194793308,23.83955604479092
1200,2600,2200,42.98928726208544,21.49918791672745,21.490099345357986
1200,2600,2400,39.14254379560073,19.575147248633012,19.567396546967718
1200,2600,2600,35.93941588838707,17.972760300990988,17.96665558739608
1200,2600,2800,33.23113298112511,16.61784515678391,16.6132878243412
1200,2600,3000,30.910494998413785,15.456852627393399,15.453642371020385
1200,2600,4000,22.957259407647438,11.478134469623619,11.479124938023821
1200,2600,5000,18.283399352353594,9.140222449599227,9.143176902754366
1200,2600,6000,15.194211355595485,7.595090977808943,7.599120377786541
1200,2600,7000,12.996133824023435,6.4957202454089735,6.500413578614463
1200,2600,8000,11.35061887592022,5.672739212060215,5.677879663860006
1200,2600,9000,10.072032554647537,5.033285512064499,5.0387470425830365
1200,2600,10000,9.049806096469625,4.522051226233991,4.527754870235634
1200,2800,500,70.21401075293858,34.92712017368715,35.28689057925143
1200,2800,600,70.13729372229649,35.0039947098983,35.133299012398176
1200,2800,700,70.06418809397859,35.00770611162318,35.056481982355415
1200,2800,800,69.99124011498087,34.9632469844679,35.027993130512975
1200,2800,900,69.9409095094958,34.93443598661409,35.00647352288171
1200,2800,1000,69.92199709774711,34.923251207974396,34.99874588977272
1200,2800,1200,69.86664956861547,34.89228817490218,34.974361393713295
1200,2800,1400,69.13258525268547,34.53297784068436,34.59960741200111
1200,2800,1600,60.29664461642669,30.140492077375306,30.156152539051376
1200,2800,1800,53.131936987480906,26.567969997293126,26.563966990187787
1200,2800,2000,47.396451456547126,23.702773922623194,23.693677533923935
1200,2800,2200,42.76288341231545,21.3860304628406,21.376852949474852
1200,2800,2400,38.96027307590248,19.48405015400704,19.476222921895438
1200,2800,2600,35.78862895781672,17.897429823893653,17.891199133923067
1200,2800,2800,33.10378503683182,16.554266478966724,16.5495185578651
1200,2800,3000,30.801219029489534,15.402342018060807,15.39887701142873
1200,2800,4000,22.898585430795176,11.449041757906691,11.449543672888481
1200,2800,5000,18.247867548011772,9.122765205988383,9.12510234202339
1200,2800,6000,15.171584945699964,7.584125945536071,7.587459000163893
1200,2800,7000,12.981455909668606,6.488756254162505,6.492699655506101
1200,2800,8000,11.341132008951972,5.6683902537723005,5.672741755179671
1200,2800,9000,10.066068136046393,5.030712778863303,5.035355357183089
1200,2800,10000,9.04629560729694,4.520717437740156,4.525578169556782
1200,3000,500,70.11158806032536,34.86031287393563,35.25127518638973
1200,3000,600,70.03180771041238,34.934281785084444,35.09752592532793
1200,3000,700,69.95607041956193,34.95597826431717,35.00009215524476
1200,3000,800,69.88040937424269,34.90932767892242,34.97108169532027
1200,3000,900,69.83084518588817,34.880597107081854,34.95024807880632
1200,3000,1000,69.81097478504543,34.86883831813684,34.942136466908586
1200,3000,1200,69.74021645067437,34.83173441158389,34.90848203909048
1200,3000,1400,68.40239475055492,34.17173165441529,34.23066309613963
1200,3000,1600,59.78926079580343,29.888327539042606,29.90093325676082
1200,3000,1800,52.76923931874886,26.387073463043496,26.382165855705367
1200,3000,2000,47.124785467073636,23.567043907937855,23.55774155913578
1200,3000,2200,42.55044052964266,21.279823516340933,21.270617013301724
1200,3000,2400,38.78832818138531,19.39808843050151,19.3902397508838
1200,3000,2600,35.6457408468703,17.826018585498755,17.81972226137154
1200,3000,2800,32.98262463247416,16.493747346671217,16.488877285802953
1200,3000,3000,30.69687133513546,15.35025708954673,15.346614245588732
1200,3000,4000,22.841657594664476,11.420767164143824,11.420890430520652
1200,3000,5000,18.212879660543827,9.105515142762352,9.107364517781473
1200,3000,6000,15.148958529272116,7.57308974216884,7.5758687871032775
1200,3000,7000,12.966517899427595,6.481586522139009,6.484931377288585
1200,3000,8000,11.331263500886614,5.663771374491929,5.667492126394685
1200,3000,9000,10.059672747263026,5.027842766699167,5.031829980563859
1200,3000,10000,9.042343795371668,4.519079000538054,4.523264794833615
1200,4000,500,69.68737631306479,34.591856603306496,35.09551970975831
1200,4000,600,69.59184380440517,34.6521856934322,34.93965811097297
1200,4000,700,69.50093764489415,34.68586233532149,34.81507530957265
1200,4000,800,69.4156287977382,34.683654859750376,34.73197393798782
1200,4000,900,69.36675300039776,34.65310320149902,34.71364979889875
1200,4000,1000,69.33876203947722,34.63644969239021,34.702312347087
1200,4000,1200,69.2144805810599,34.57283489907146,34.641645681988436
1200,4000,1400,65.61913089237737,32.79284153173096,32.82628936064642
1200,4000,1600,57.79206736202676,28.894499485477187,28.89756787654958
1200,4000,1800,51.30234837172481,25.65491479623804,25.64743357548677
1200,4000,2000,46.003160575871036,23.006388179387375,22.99677239648366
1200,4000,2200,41.659220058638915,20.834089677766528,20.82513038087239
1200,4000,2400,38.057573318622836,19.03258494576725,19.02498837285558
1200,4000,2600,35.03168712125229,17.518947222385524,17.512739898866766
1200,4000,2800,32.45675792905385,16.230869906603672,16.225888022450174
1200,4000,3000,30.239832237177016,15.121891142014029,15.11794109516299
1200,4000,4000,22.582197949301644,11.29153656682658,11.290661382475061
1200,4000,5000,18.047453693547546,9.02348412862455,9.023969564922993
1200,4000,6000,15.037868859879246,7.518335253198402,7.519533606680843
1200,4000,7000,12.890046755037693,6.4442126902968635,6.445834064740831
1200,4000,8000,11.278159007982119,5.638131674257158,5.64002733372496
1200,4000,9000,10.02295141338914,5.0104328924854915,5.012518520903649
1200,4000,10000,9.017421813000704,4.5075988676270144,4.509822945373688
1200,5000,500,69.36970763503696,34.39919111260001,34.97051652243696
1200,5000,600,69.2592118211309,34.44754209519398,34.81166972593691
1200,5000,700,69.15346597570556,34.470338963392734,34.68312701231284
1200,5000,800,69.05959299762036,34.48197803928587,34.57761495833449
1200,5000,900,69.0097834247615,34.47843346304432,34.53134996171717
1200,5000,1000,68.9712828392845,34.45514740406263,34.51613543522187
1200,5000,1200,68.77971714800897,34.35732158454006,34.4223955634689
1200,5000,1400,63.74314562719149,31.861993214243583,31.881152412947905
1200,5000,1600,56.390957550946,28.19638205819564,28.194575492750353
1200,5000,1800,50.237096702346,25.122840762983095,25.114255939362906
1200,5000,2000,45.16627779943792,22.58789261285564,22.57838518658228
1200,5000,2200,40.979848834777556,20.494202059356315,20.48564677542124
1200,5000,2400,37.49058873813043,18.748895428365646,18.741693309764784
1200,5000,2600,34.547931556353525,17.276923463768977,17.271008092584545
1200,5000,2800,32.03679142204256,16.02080168913739,16.015989732905176
1200,5000,3000,29.870232148010796,14.937064718736895,14.9331674292739
1200,5000,4000,22.360685193294717,11.180957281886684,11.179727911408031
1200,5000,5000,17.899173262836452,8.949625490468577,8.949547772367874
1200,5000,6000,14.933387940122852,7.466436456380346,7.466951483742505
1200,5000,7000,12.814397762511788,6.406768317381069,6.407629445130721
1200,5000,8000,11.222589580914752,5.610753751600315,5.611835829314437
1200,5000,9000,9.981893795889144,4.990330501054075,4.99156329483507
1200,5000,10000,8.987131620707409,4.492895313261831,4.494236307445577
1200,6000,500,69.12306515023869,34.25436578231815,34.868699367920534
1200,6000,600,68.99915006107189,34.292311535851745,34.70683852522014
1200,6000,700,68.88015773370486,34.30572166430881,34.57443606939606
1200,6000,800,68.77949082134967,34.31150169704096,34.46798912430871
1200,6000,900,68.72645658353271,34.3287915085186,34.39766507501411
1200,6000,1000,68.67707193813817,34.310198325403256,34.36687361273492
1200,6000,1200,68.41257404508079,34.17486358192454,34.237710463156255
1200,6000,1400,62.38636519306579,31.188109501845428,31.198255691220364
1200,6000,1600,55.350699422597856,27.677721342417623,27.672978080180233
1200,6000,1800,49.42757214978339,24.718361290732044,24.709210859051343
1200,6000,2000,44.51811550542454,22.263715056595565,22.254400448828974
1200,6000,2200,40.44547611918851,20.22682921786641,20.218646901322106
1200,6000,2400,37.03877067552553,18.522805460361656,18.515965215163874
1200,6000,2600,34.158028544552245,17.081825421340277,17.076203123211975
1200,6000,2800,31.69481728314732,15.849708543846818,15.845108739300498
1200,6000,3000,29.566413751029945,14.78508813813322,14.781325612896723
1200,6000,4000,22.17099540381383,11.086178976529261,11.084816427284569
1200,6000,5000,17.767515268104223,8.883930935603205,8.883584332501018
1200,6000,6000,14.837341599928278,7.418586153852307,7.4187554460759735
1200,6000,7000,12.74237917259761,6.370956000638509,6.371423171959101
1200,6000,8000,11.167705477105432,5.58352508136821,5.584180395737223
1200,6000,9000,9.939677735469909,4.969447717602883,4.970230017867025
1200,6000,10000,8.954523756586775,4.476825621820611,4.477698134766165
1200,7000,500,68.92606500497078,34.14159843229447,34.784466572676294
1200,7000,600,68.79032807863815,34.17056368965519,34.619764388982965
1200,7000,700,68.65968145490224,34.17582969248146,34.483851762420784
1200,7000,800,68.55462609303179,34.177368102139106,34.37725799089268
1200,7000,900,68.49580653317464,34.1901857354654,34.30562079770925
1200,7000,1000,68.43601205319521,34.191941947738854,34.24407010545635
1200,7000,1200,68.10038951752186,34.0195996250278,34.08078989249407
1200,7000,1400,61.357094999148565,30.676472850021895,30.680622149126677
1200,7000,1600,54.54667509327714,27.27662616196419,27.270048931312946
1200,7000,1800,48.791224286714694,24.400342911641914,24.39088137507278
1200,7000,2000,44.001392208004496,22.00525916679812,21.996133041206377
1200,7000,2200,40.01445007689072,20.01116030472561,20.003289772165108
1200,7000,2400,36.670669166929244,18.33860230767282,18.33206685925642
1200,7000,2600,33.83755611512899,16.921460667299243,16.916095447829754
1200,7000,2800,31.411484180168088,15.707941929705353,15.703542250462732
1200,7000,3000,29.312824931101993,14.658221095704661,14.654603835397333
1200,7000,4000,22.007503414652028,11.004455050490868,11.003048364161161
1200,7000,5000,17.650795653653873,8.82564092416424,8.825154729489636
1200,7000,6000,14.749897291786139,7.374960533249454,7.374936758536684
1200,7000,7000,12.675073870184377,6.337416504934325,6.337657365250053
1200,7000,8000,11.115033107245504,5.557313194109562,5.5577199131359425
1200,7000,9000,9.89802046950728,4.948751331305746,4.949269138201533
1200,7000,10000,8.921366912410381,4.46038539555877,4.460981516851611
1200,8000,500,68.76496939925623,34.0583621657535,34.70660723350273
1200,8000,600,68.61900034278466,34.07253318978604,34.54646715299862
1200,8000,700,68.47812331977177,34.070730940229595,34.40739237954218
1200,8000,800,68.36980723135075,34.06891838565523,34.30088884569551
1200,8000,900,68.30465077010561,34.07732764717392,34.2273231229317
1200,8000,1000,68.23420322882599,34.07602481099822,34.15817841782777
1200,8000,1200,67.796618757298,33.86909110446984,33.927527652828154
1200,8000,1400,60.547989657527786,30.274332929006466,30.27365672852132
1200,8000,1600,53.9060193085887,26.957001318508905,26.94901799007979
1200,8000,1800,48.27769631395939,24.143690602406632,24.13400571155276
1200,8000,2000,43.57984808488675,21.794407599109768,21.785440485776977
1200,8000,2200,39.659574274997155,19.83359509759533,19.825979177401827
1200,8000,2400,36.365187863850714,18.185736144509573,18.17945171934114
1200,8000,2600,33.56972155586498,16.787435099776083,16.782286456088894
1200,8000,2800,31.17316465622989,15.588694421205906,15.584470235023986
1200,8000,3000,29.09824923445907,14.550865452108672,14.547383782350398
1200,8000,4000,21.86552963962834,10.933470616261173,10.932059023367163
1200,8000,5000,17.547108996078023,8.773835503155794,8.773273492922227
1200,8000,6000,14.670549706405907,7.335344353001314,7.335205353404591
1200,8000,7000,12.61273244392213,6.306315578548939,6.306416865373191
1200,8000,8000,11.065238288697325,5.532493671237702,5.532744617459622
1200,8000,9000,9.857810457564849,4.928729924596561,4.929080532968289
1200,8000,10000,8.888659146807996,4.444119342434001,4.444539804373995
1200,9000,500,68.63069114873181,33.99961252838011,34.6310786203517
1200,9000,600,68.4759209739995,33.99193574565524,34.48398522834425
1200,9000,700,68.32604954015684,33.98395221846638,34.34209732169047
1200,9000,800,68.21509637415011,33.97936399690655,34.23573237724356
1200,9000,900,68.1436175489006,33.983591858037826,34.160025690862774
1200,9000,1000,68.0628301089951,33.97633128837595,34.08649882061915
1200,9000,1200,67.04154103099617,33.503394003150305,33.53814702784587
1200,9000,1400,59.89481193535067,29.949748596312983,29.945063339037684
1200,9000,1600,53.383294922775406,26.69620287650637,26.68709204626904
1200,9000,1800,47.85448392061925,23.93217360345709,23.922310317162157
1200,9000,2000,43.22942406399818,21.619132312279987,21.610291751718194
1200,9000,2200,39.362380118308366,19.684895200407386,19.677484917900983
1200,9000,2400,36.10770440580435,18.056890920595773,18.05081348520858
1200,9000,2600,33.34266515630323,16.67381576216261,16.66884939414061
1200,9000,2800,30.97006277325195,15.487067967535912,15.482994805716036
1200,9000,3000,28.91448311390785,14.458922085032846,14.455561028875001
1200,9000,4000,21.741306722121717,10.871352650402137,10.86995407171958
1200,9000,5000,17.454666505977585,8.727635102821456,8.727031403156131
1200,9000,6000,14.598561072112181,7.299386054806656,7.299175017305522
1200,9000,7000,12.555218359244593,6.2776038607952005,6.277614498449393
1200,9000,8000,11.018539161323812,5.509195587557448,5.5093435737663645
1200,9000,9000,9.819475801551214,4.909618400406208,4.909857401145005
1200,9000,10000,8.856949902704368,4.428323693776383,4.428626208927986
1200,10000,500,68.51719301650161,33.95049714490388,34.56669587159772
1200,10000,600,68.3546495803239,33.92449867687854,34.43015090344534
1200,10000,700,68.19706134300665,33.91120345103972,34.28585789196695
1200,10000,800,68.08363925083535,33.904143562875795,34.17949568795956
1200,10000,900,68.00608726053188,33.90446958398857,34.10161767654331
1200,10000,1000,67.91558030228254,33.891688666247795,34.02389163603475
1200,10000,1200,66.40780139085595,33.195759713420784,33.212041677435174
1200,10000,1400,59.35634074239033,29.68214219719338,29.67419854519695
1200,10000,1600,52.94856292206536,26.479296719576144,26.469266202489223
1200,10000,1800,47.49964584521221,23.754826625718138,23.744819219494072
1200,10000,2000,42.93353193152855,21.471134542871802,21.462397388656747
1200,10000,2200,39.10990071394527,19.558570798356712,19.551329915588568
1200,10000,2400,35.887788915642524,17.946847248932485,17.94094166671004
1200,10000,2600,33.14780402671187,16.576308420010513,16.571495606701358
1200,10000,2800,30.79498968078534,15.399466510872465,15.395523169912874
1200,10000,3000,28.75542441730959,14.379339733256867,14.37608468405272
1200,10000,4000,21.631828663463622,10.816603067277736,10.815225596185886
1200,10000,5000,17.371897277560418,8.686261657003822,8.685635620556598
1200,10000,6000,14.533152960665236,7.26670524029971,7.266447720365526
1200,10000,7000,12.502226187139549,6.251138379890505,6.251087807249043
1200,10000,8000,10.974923180323698,5.487423044240498,5.4875001360832
1200,10000,9000,9.783187914156326,4.891513288127532,4.891674626028792
1200,10000,10000,8.826525830438827,4.413152961790282,4.413372868648545
1400,500,500,96.15318315892847,48.15583254730667,47.997350611621805
1400,500,600,93.61232970940796,47.133653154360935,46.47867655504704
1400,500,700,91.30363794399186,46.23497583190704,45.068662112084816
1400,500,800,90.59039058330877,45.903842087609135,44.68654849569963
1400,500,900,90.288227627749,45.74215718396602,44.54607044378297
1400,500,1000,89.93963221910452,45.58918528654486,44.35044693255966
1400,500,1200,76.57788463717871,38.009158729960234,38.568725907218464
1400,500,1400,74.49114832575007,36.67569533999155,37.81545298575853
1400,500,1600,71.71696826167509,35.54794590976384,36.169022351911245
1400,500,1800,61.17524980337084,30.47875328000646,30.696496523364374
1400,500,2000,52.86209979784307,26.378798900486654,26.483300897356415
1400,500,2200,46.783121924381966,23.356692660878366,23.426429263503593
1400,500,2400,42.07926531459265,21.008572535974785,21.070692778617857
1400,500,2600,38.30017160133791,19.118050477724285,19.182121123613623
1400,500,2800,35.181522964273746,17.556088774830478,17.62543418944327
1400,500,3000,32.555298591123055,16.23985844684804,16.315440144275016
1400,500,4000,23.802824836422623,11.849890271269768,11.952934565152857
1400,500,5000,18.80069665002336,9.33971428800383,9.460982362019532
1400,500,6000,15.544741270308508,7.70548877770181,7.839252492606697
1400,500,7000,13.252714643488892,6.554913752858542,6.697800890630351
1400,500,8000,11.551133554923513,5.7006231677305275,5.850510387192987
1400,500,9000,10.237985517402336,5.041262010245423,5.1967235071569124
1400,500,10000,9.194141064623896,4.51705599737677,4.677085067247126
1400,600,500,94.09271533685327,47.22223262755024,46.870482709303026
1400,600,600,91.87325949439926,46.47818959540425,45.39506989899501
1400,600,700,90.77136872240493,46.026614698246874,44.744754024158055
1400,600,800,90.50717508053891,45.88104208437554,44.62613299616337
1400,600,900,90.29059771384934,45.760244041613575,44.53035367223576
1400,600,1000,90.00854735609254,45.63950850909994,44.369038846992595
1400,600,1200,75.39295625250075,37.36207650076674,38.03087975173402
1400,600,1400,73.84942562256786,36.43790329198747,37.4115223305804
1400,600,1600,71.25665177966553,35.413526309866846,35.843125469798686
1400,600,1800,60.510384355703245,30.184972134358038,30.325412221345204
1400,600,2000,52.45138952638789,26.19581492051154,26.255574605876348
1400,600,2200,46.496643890334354,23.229950078722574,23.266693811611784
1400,600,2400,41.863326610736806,20.915175594414464,20.948151016322335
1400,600,2600,38.12853372800063,19.04643316605166,19.082100561948973
1400,600,2800,35.03975069448564,17.499673089787287,17.540077604698357
1400,600,3000,32.43472381520707,16.194570778647893,16.240153036559178
1400,600,4000,23.732006496658183,11.83255491684984,11.899451579808343
1400,600,5000,18.746238813017285,9.332975451064511,9.413263361952774
1400,600,6000,15.496632475465216,7.703698664138397,7.7929338113268205
1400,600,7000,13.20700257910959,6.555665129809966,6.651337449299625
1400,600,8000,11.506034793773116,5.702736919213422,5.803297874559695
1400,600,9000,10.192645010393296,5.044109605904004,5.148535404489292
1400,600,10000,9.14814309114429,4.52028345677338,4.627859634370908
1400,700,500,92.4604020547499,46.54858399492882,45.91181805982107
1400,700,600,90.8986259041571,46.10663071455328,44.79199518960382
1400,700,700,90.60273193047614,45.97599075592467,44.626741174551476
1400,700,800,90.40373618412514,45.854946860296394,44.54878932382874
1400,700,900,90.24064278825581,45.74696132078058,44.493681467475234
1400,700,1000,82.99956960120218,42.74440502250401,40.25516457869818
1400,700,1200,74.5032485124703,36.87335576206814,37.62989275040215
1400,700,1400,73.27431414146625,36.273952629888925,37.00036151157732
1400,700,1600,70.78957484998543,35.24644834127132,35.54312650871411
1400,700,1800,59.91188803715712,29.908164764302253,30.003723272854867
1400,700,2000,52.07797920230431,26.02153520480349,26.056443997500814
1400,700,2200,46.23602523965469,23.1086378239024,23.12738741575229
1400,700,2400,41.667908304087696,20.825421320242853,20.84248698384484
1400,700,2600,37.97469286853297,18.9773316189095,18.997361249623463
1400,700,2800,34.91432011132325,17.44500074345658,17.46931936786667
1400,700,3000,32.329707354426226,16.15047005578093,16.1792372986453
1400,700,4000,23.676409236923135,11.815123791847432,11.861285445075701
1400,700,5000,18.708186071297963,9.325777116853416,9.382408954444548
1400,700,6000,15.466167818262143,7.701350033538113,7.764817784724029
1400,700,7000,13.180013989802221,6.555852137255149,6.624161852547073
1400,700,8000,11.480576912554522,5.704313922713364,5.7762629898411575
1400,700,9000,10.16772342141795,5.0464589296341,5.121264491783849
1400,700,10000,9.12322741623438,4.523052928862332,4.6001744873720485
1400,800,500,91.16440273148568,45.98513134809705,45.17927138338863
1400,800,600,90.707256560562,46.06594869220656,44.64130786835543
1400,800,700,90.4814867287255,45.95922036838051,44.522266360345
1400,800,800,90.30594845626992,45.84764859125124,44.45829986501867
1400,800,900,90.14565064462622,45.74091754343609,44.40473310119012
1400,800,1000,75.94204050890174,38.06282259852875,37.879217910372994
1400,800,1200,73.79331583423208,36.49143913001857,37.301876704213505
1400,800,1400,72.81356601231619,36.12732366846142,36.68624234385475
1400,800,1600,70.14283759837313,34.96485471692374,35.17798288144939
1400,800,1800,59.36381675691705,29.648204352907534,29.715612404009512
1400,800,2000,51.731537604630056,25.855782585910703,25.875755018719353
1400,800,2200,45.99302677363855,22.99244428272789,23.00058249091066
1400,800,2400,41.485645343445334,20.738988816429348,20.74665652701599
1400,800,2600,37.831615522756614,18.91045848966941,18.921157033087205
1400,800,2800,34.798282635162266,17.39183307308428,17.406449562077984
1400,800,3000,32.23327053622677,16.10736881502027,16.125901721206496
1400,800,4000,23.62838505490011,11.79757033460031,11.8308147202998
1400,800,5000,18.678093596558003,9.318155078779162,9.359938517778843
1400,800,6000,15.444251033790877,7.698502649618138,7.745748384172737
1400,800,7000,13.16214489877515,6.555541464320049,6.606603434455101
1400,800,8000,11.464744935945985,5.705421224414238,5.759323711531747
1400,800,9000,10.152865613124161,5.048374821873608,5.104490791250552
1400,800,10000,9.10875339992043,4.5254260392241425,4.583327360696286
1400,900,500,90.83009800832876,45.79643876145958,45.033659246869185
1400,900,600,90.56995723113009,46.00227347375974,44.567683757370354
1400,900,700,90.38192253365702,45.959841920485005,44.42208061317202
1400,900,800,90.21757333660409,45.84922602948473,44.368347307119365
1400,900,900,76.9024718723815,38.9015203516484,38.000951520733096
1400,900,1000,74.57063905370646,37.196682610329866,37.37395644337659
1400,900,1200,73.17229515398095,36.211445737970486,36.96084941601047
1400,900,1400,72.43263201049913,35.99532315265832,36.43730885784081
1400,900,1600,69.22592285108448,34.52840109804428,34.697521753040206
1400,900,1800,58.85695636817399,29.40412601264268,29.452830355531308
1400,900,2000,51.406718898333345,25.698126941546157,25.70859195678719
1400,900,2200,45.76367504761132,22.88107479173957,22.882600255871743
1400,900,2400,41.31312128277476,20.655660989172013,20.657460293602746
1400,900,2600,37.69611749272942,18.845656968915474,18.850460523813943
1400,900,2800,34.688534324556734,17.3400613397779,17.348472984778834
1400,900,3000,32.14231382196273,16.06519585778326,16.077117964179465
1400,900,4000,23.584539042309085,11.779922448771787,11.804616593537299
1400,900,5000,18.652210581162482,9.31016434685323,9.342046234309255
1400,900,6000,15.426828957041094,7.6952169700129565,7.731611987028136
1400,900,7000,13.14909253328267,6.554792280030926,6.594300253251744
1400,900,8000,11.454032473482526,5.7061144008370075,5.747918072645518
1400,900,9000,10.143397476988069,5.049908646542779,5.093488830445289
1400,900,10000,9.099905727507561,4.527450076637776,4.572455650869785
1400,1000,500,90.67085206888602,45.68316642378464,44.98768564510139
1400,1000,600,90.46397044211231,45.901947392987594,44.56202304912472
1400,1000,700,90.29480878859847,45.970491134095504,44.32431765450296
1400,1000,800,89.75757761231937,45.61754984515082,44.140027767168554
1400,1000,900,74.72547851323756,37.471867210083374,37.25361130315419
1400,1000,1000,73.67179799453855,36.63914864788709,37.03264934665145
1400,1000,1200,72.63635095224889,36.035091482063585,36.60125947018531
1400,1000,1400,72.1098128193176,35.87581044982731,36.234002369490284
1400,1000,1600,68.39515732780349,34.12903478737776,34.26612254042573
1400,1000,1800,58.38519971745444,29.174745524867557,29.210454192586884
1400,1000,2000,51.10031364405991,25.548083347821553,25.55223029623836
1400,1000,2200,45.545754691018125,22.774258978985213,22.771495712032916
1400,1000,2400,41.14852898734155,20.57527201508734,20.57325697225421
1400,1000,2600,37.56657099202927,18.782825514172906,18.78374547785636
1400,1000,2800,34.58352270313822,17.28962779075413,17.29389491238409
1400,1000,3000,32.05530674564111,16.023924991698323,16.031381753942796
1400,1000,4000,23.543212618788658,11.7622229724661,11.780989646322558
1400,1000,5000,18.62868903170964,9.301861674907226,9.326827356802415
1400,1000,6000,15.411891539084527,7.691549307016933,7.720342232067592
1400,1000,7000,13.138714658594056,6.5536565631070705,6.585058095486985
1400,1000,8000,11.446189023915771,5.706440355052828,5.739748668862943
1400,1000,9000,10.13697892732722,5.051102472743594,5.0858764545836275
1400,1000,10000,9.094269386852295,4.529162780388774,4.56510660646352
1400,1200,500,90.46499955148397,45.51518357786162,44.94981597362236
1400,1200,600,90.2943937023926,45.73794437832852,44.556449324064076
1400,1200,700,75.62283661210029,38.42274374362001,37.200092868480276
1400,1200,800,73.70806319917101,36.9760399655758,36.732023233595214
1400,1200,900,72.92260485182148,36.307929958779326,36.61467489304214
1400,1200,1000,72.43632458949833,35.951327424424385,36.484997165073935
1400,1200,1200,71.8959073377426,35.768526902939975,36.12738043480262
1400,1200,1400,71.58554064890272,35.667430725781486,35.918109923121236
1400,1200,1600,66.94127111381353,33.42334972619678,33.517921387616745
1400,1200,1800,57.53020976720519,28.75539611670743,28.77481365049776
1400,1200,2000,50.5345995051205,25.268925326842318,25.265674178278175
1400,1200,2200,45.13903807578703,22.573307522770712,22.56573055301631
1400,1200,2400,40.83921714224108,20.42276381485028,20.4164533273908
1400,1200,2600,37.321990615825996,18.662773443475494,18.659217172350502
1400,1200,2800,34.38464350501074,17.192632877708412,17.19201062730233
1400,1200,3000,31.89019794438638,15.944052814537082,15.946145129849295
1400,1200,4000,23.46503015619409,11.726839344593067,11.738190811601022
1400,1200,5000,18.5852618886342,9.28452369094744,9.30073819768676
1400,1200,6000,15.3856554110515,7.68326182316331,7.702393587888193
1400,1200,7000,13.121878145005818,6.550400051560682,6.571478093445137
1400,1200,8000,11.434767776704847,5.7061451516276485,5.7286226250771985
1400,1200,9000,10.128752814127342,5.052606660317534,5.076146153809808
1400,1200,10000,9.087928806517764,4.531775108225146,4.556153698292619
1400,1400,500,90.2996393239764,45.631402089453665,44.66823723452273
1400,1400,600,73.97148014483079,37.263761607861795,36.707718536969
1400,1400,700,72.84052433598171,36.43294678090465,36.407577555077054
1400,1400,800,72.28664298394959,36.037083489511446,36.24955949443814
1400,1400,900,71.86549924040162,35.745598313686926,36.119900926714685
1400,1400,1000,71.61622368985262,35.64522555890337,35.970998130949255
1400,1400,1200,71.39025666157946,35.569461138013025,35.82079552356642
1400,1400,1400,71.17024995093624,35.49098239254637,35.67926755838987
1400,1400,1600,65.70453831930428,32.81806307548823,32.88647524381604
1400,1400,1800,56.77330325126216,28.381613123830398,28.39169012743177
1400,1400,2000,50.02244675465134,25.01475126309188,25.007695491559463
1400,1400,2200,44.765716814688844,22.387787762849463,22.37792905183938
1400,1400,2400,40.55261092015708,20.280483978973773,20.27212694118331
1400,1400,2600,37.09377382373518,18.549779944182013,18.543993879553163
1400,1400,2800,34.19805611473337,17.100609497689792,17.09744661704358
1400,1400,3000,31.734616448439425,15.867700194998768,15.866916253440657
1400,1400,4000,23.390550020833174,11.691720579704723,11.698829441128453
1400,1400,5000,18.54410243851561,9.266490574426507,9.2776118640891
1400,1400,6000,15.36141179171601,7.673969719003531,7.687442072712479
1400,1400,7000,13.107145219766661,6.546066483837451,6.561078735929211
1400,1400,8000,11.42569291611593,5.704794813829038,5.720898102286891
1400,1400,9000,10.123151397617397,5.053114943776053,5.070036453841343
1400,1400,10000,9.08448852999196,4.533463374639895,4.551025155352064
1400,1600,500,72.95886261324718,36.50933864443265,36.449523968814525
1400,1600,600,72.11904200207766,35.93331166728929,36.185730334788374
1400,1600,700,71.72276715424562,35.70579147328853,36.016975680957096
1400,1600,800,71.41308727465835,35.58217867856052,35.830908596097835
1400,1600,900,71.21067320564781,35.48594243678071,35.72473076886709
1400,1600,1000,71.11394321941418,35.44461541460045,35.66932780481374
1400,1600,1200,71.01373613798745,35.41216185441488,35.60157428357256
1400,1600,1400,70.82666573586006,35.338475553061386,35.48819018279868
1400,1600,1600,64.63497093418324,32.29190837140099,32.34306256278225
1400,1600,1800,56.09695148912908,28.046327551541534,28.050623937587552
1400,1600,2000,49.555815833202736,24.782470436128325,24.773345397074408
1400,1600,2200,44.421278489179265,22.216116124931865,22.2051623642474
1400,1600,2400,40.28578708324983,20.147566151543952,20.13822093170588
1400,1600,2600,36.87981248156005,18.443376082562214,18.436436398997834
1400,1600,2800,34.02210476708502,17.013331389010222,17.0087733780748
1400,1600,3000,31.587168152022816,15.79479868515093,15.792369466871886
1400,1600,4000,23.31867332141923,11.657092182813262,11.66158113860597
1400,1600,5000,18.503975852987015,9.248029350740433,9.255946502246582
1400,1600,6000,15.337739028778056,7.663925834515008,7.67381319426305
1400,1600,7000,13.092921071655551,6.540881786667007,6.552039284988543
1400,1600,8000,11.417221109584561,5.702587715771542,5.7146333938130205
1400,1600,9000,10.118306288614095,5.052800867049876,5.06550542156422
1400,1600,10000,9.081974912540998,4.5343797132213775,4.547595199319621
1400,1800,500,71.50385136081373,35.48905863642008,36.014792724393644
1400,1800,600,71.2075042668718,35.399074636698394,35.80842963017341
1400,1800,700,71.03530010178294,35.445976527883026,35.58932357389992
1400,1800,800,70.89034474015384,35.36337364589642,35.52697109425741
1400,1800,900,70.80094936558059,35.31579236520907,35.48515700037154
1400,1800,1000,70.76395856251459,35.29820735041266,35.46575121210193
1400,1800,1200,70.71826274571428,35.28369256325593,35.43457018245835
1400,1800,1400,70.5332675787822,35.20430895491579,35.32895862386642
1400,1800,1600,63.69796501337866,31.82940823150422,31.86855678187444
1400,1800,1800,55.488120184517506,27.743804220081042,27.744315964436463
1400,1800,2000,49.12859750395666,24.56943927371667,24.55915823023999
1400,1800,2200,44.10234112182788,22.056894145769203,22.045446976058674
1400,1800,2400,40.03664777282727,20.02322105410926,20.013426718718012
1400,1800,2600,36.678694966462444,18.343114055219328,18.335580911243117
1400,1800,2800,33.855776907653365,16.930560508653826,16.925216398999538
1400,1800,3000,31.447085389193493,15.725247262199414,15.72183812699408
1400,1800,4000,23.2490073044479,11.623114277043863,11.625893027404038
1400,1800,5000,18.464468395734038,9.229342815210508,9.235125580523531
1400,1800,6000,15.314134253612917,7.653326298730471,7.660807954882446
1400,1800,7000,13.078608002067144,6.535022993323105,6.543585008744037
1400,1800,8000,11.408669039123911,5.6996801592524715,5.708988879871441
1400,1800,9000,10.113460321798359,5.051801573304348,5.06165874849401
1400,1800,10000,9.0795678930786,4.534644495857544,4.544923397221058
1400,2000,500,70.72915518638344,35.22021534537931,35.50893984100413
1400,2000,600,70.69306198639381,35.288954215092986,35.404107771300836
1400,2000,700,70.62642287212299,35.265071843203046,35.36135102891994
1400,2000,800,70.5649321720408,35.223604329133806,35.34132784290699
1400,2000,900,70.51606301595656,35.19381380556117,35.32224921039539
1400,2000,1000,70.50273195160466,35.18534299832553,35.31738895327913
1400,2000,1200,70.47753808231265,35.175961997732976,35.301576084579665
1400,2000,1400,70.2767591140473,35.08451218955338,35.19224692449393
1400,2000,1600,62.86849948762331,31.419029492257298,31.449469995366
1400,2000,1800,54.93669339895393,27.469384497078785,27.467308901875143
1400,2000,2000,48.735877833724636,24.373401965265277,24.36247586845936
1400,2000,2200,43.806153616957374,21.908886574790326,21.89726704216705
1400,2000,2400,39.80350010533076,19.906727195306903,19.896772910023863
1400,2000,2600,36.48931265900533,18.24856524791041,18.240747411094922
1400,2000,2800,33.698314813003215,16.852050297883974,16.846264515119238
1400,2000,3000,31.31383352012455,15.658919498533642,15.654914021590908
1400,2000,4000,23.181406878030128,11.589896146540685,11.591510731489445
1400,2000,5000,18.42546728419952,9.210584938873199,9.214882345326323
1400,2000,6000,15.290443929058036,7.642324812833242,7.648119116224793
1400,2000,7000,13.063997297388477,6.528631132780498,6.535366164607979
1400,2000,8000,11.399774193080814,5.696197831830403,5.703576361250411
1400,2000,9000,10.108302955878642,5.050228012258409,5.058074943620231
1400,2000,10000,9.07691528726189,4.5343554977507505,4.54255978951114
1400,2200,500,70.53707289794907,35.16141606229589,35.375656835653174
1400,2200,600,70.46262918507796,35.210799089574785,35.251830095503166
1400,2200,700,70.3943377906922,35.162671373847274,35.23166641684493
1400,2200,800,70.34585137715762,35.128261201623594,35.217590175534006
1400,2200,900,70.30601831134581,35.10200576826042,35.2040125430854
1400,2200,1000,70.29897937596544,35.09524893117759,35.20373044478784
1400,2200,1200,70.2761311779909,35.083929884202554,35.192201293788344
1400,2200,1400,70.04863936229961,34.97632144997023,35.072317912329375
1400,2200,1600,62.12786731946194,31.05198017832022,31.075887141141717
1400,2200,1800,54.434608648902746,27.21925742648436,27.21535122241838
1400,2200,2000,48.37358781557658,24.192430097401257,24.18115771817532
1400,2200,2200,43.53038932696897,21.77100236668368,21.759386960285298
1400,2200,2400,39.58489932158201,19.797426803549197,19.78747251803281
1400,2200,2600,36.31072102988828,18.159323316134248,18.151397713754026
1400,2200,2800,33.54908183816555,16.777552796096764,16.771529042068785
1400,2200,3000,31.186976507485095,15.595673131222824,15.591303376262271
1400,2200,4000,23.115814310964524,11.557509190386392,11.55830512057813
1400,2200,5000,18.386973337274323,9.19187294747841,9.195100389795913
1400,2200,6000,15.266654670308055,7.631043027345226,7.635611642962831
1400,2200,7000,13.04904274280262,6.521819915116716,6.527222827685905
1400,2200,8000,11.39045492107356,5.692243268187491,5.698211652886069
1400,2200,9000,10.102719452524415,5.048171410143717,5.054548042380698
1400,2200,10000,9.07387297235393,4.533593559844563,4.540279412509366
1400,2400,500,70.41610744425286,35.077479175489856,35.338628268763
1400,2400,600,70.3401999052526,35.15356085939717,35.186639045855436
1400,2400,700,70.26732252460735,35.10202904474459,35.165293479862775
1400,2400,800,70.19621128195135,35.06097900902901,35.13523227292233
1400,2400,900,70.1451346163037,35.030677711637,35.114456904666696
1400,2400,1000,70.13502014265283,35.021488037020134,35.1135321056327
1400,2400,1200,70.10397255475252,35.00398545542753,35.09998709932498
1400,2400,1400,69.84330970193783,34.87780350603713,34.96550619590068
1400,2400,1600,61.46170701320297,30.721420663382318,30.740286349820654
1400,2400,1800,53.975318828936146,26.99027851671857,26.985040312217578
1400,2400,2000,48.038300293252426,24.02486934574574,24.013430947506688
1400,2400,2200,43.273041510914794,21.642277424796166,21.63076408611863
1400,2400,2400,39.379579402491885,19.694722118798754,19.68485728369313
1400,2400,2600,36.142083994743864,18.075006776560855,18.067077218183005
1400,2400,2800,33.40751180284458,16.706824551503544,16.70068725134104
1400,2400,3000,31.06612741850528,15.535357901340719,15.530769517164563
1400,2400,4000,23.05219891370721,11.525996811967218,11.526202101739992
1400,2400,5000,18.349026943027134,9.173296011027047,9.175730932000086
1400,2400,6000,15.242808146529047,7.619577743010722,7.623230403518328
1400,2400,7000,13.033767150431032,6.514681845291418,6.5190853051396145
1400,2400,8000,11.380710219605799,5.687901013817896,5.692809205787903
1400,2400,9000,10.09668522330609,5.045707659584599,5.050977563721493
1400,2400,10000,9.07039479803882,4.532426372951083,4.537968425087735
1400,2600,500,70.30325800933196,35.000238188306746,35.303019821025224
1400,2600,600,70.22521210785689,35.07827147926717,35.14694062858972
1400,2600,700,70.14988512935406,35.04559963376035,35.10428549559372
1400,2600,800,70.07591628704499,35.002516396931476,35.07339989011351
1400,2600,900,70.0204240935072,34.97205268668706,35.04837140682015
1400,2600,1000,69.9999570521642,34.95991609168088,35.040040960483324
1400,2600,1200,69.9542904619149,34.93358893828409,35.020701523630805
1400,2600,1400,69.6363231309667,34.77721225900305,34.859110871963644
1400,2600,1600,60.858752993295475,30.421935114481734,30.436817878813738
1400,2600,1800,53.553430670480225,26.779830512249795,26.77360015823043
1400,2600,2000,47.72709590286116,23.869294661345258,23.8578012415159
1400,2600,2200,43.032360187110974,21.521858964496634,21.510501222614348
1400,2600,2400,39.18641646317406,19.59807120406512,19.58834525910894
1400,2600,2600,35.98264844243733,17.995260231041023,17.987388211396308
1400,2600,2800,33.27308832381236,16.639630744872782,16.633457578939577
1400,2600,3000,30.950929504741755,15.477821264617523,15.473108240124237
1400,2600,4000,22.990534011354484,11.495381825993721,11.495152185360762
1400,2600,5000,18.31167763678519,9.154921674564424,9.156755962220767
1400,2600,6000,15.218964752469972,7.608006413216657,7.610958339253315
1400,2600,7000,13.0182211361793,6.507292751680747,6.510928384498554
1400,2600,8000,11.370574603636733,5.683241329820217,5.687333273816517
1400,2600,9000,10.090217699771193,5.042900467269382,5.047317232501811
1400,2600,10000,9.066481985857184,4.53091116048351,4.535570825373673
1400,2800,500,70.19778757844556,34.928970570381594,35.26881700806396
1400,2800,600,70.11704973029673,35.00424319952382,35.1128065307729
1400,2800,700,70.0394883303887,34.99261326688784,35.04687506350087
1400,2800,800,69.96265071883657,34.947387278881315,35.015263439955255
1400,2800,900,69.90826618787793,34.91725052572207,34.99101566215586
1400,2800,1000,69.88625414077926,34.90494858263211,34.98130555814716
1400,2800,1200,69.82221816983584,34.87082818707543,34.951389982760396
1400,2800,1400,69.08140479590496,34.509396190529856,34.57200860537511
1400,2800,1600,60.3100086503886,30.14916850119698,30.16084014919163
1400,2800,1800,53.16444935041289,26.58571680340377,26.57873254700912
1400,2800,2000,47.43746688575195,23.724473141355347,23.71299374439661
1400,2800,2200,42.806808574158396,21.408991514989147,21.39781705916925
1400,2800,2400,39.004405950466676,19.506983475408923,19.49742247505775
1400,2800,2600,35.831730633875566,17.919754473929533,17.911976159946033
1400,2800,2800,33.14533548499407,16.57574770735211,16.56958777764196
1400,2800,3000,30.84104882951902,15.422912291082191,15.418136538436832
1400,2800,4000,22.93078871061823,11.46567194981688,11.465116760801354
1400,2800,5000,18.27497178178404,9.136800749882763,9.138171031901276
1400,2800,6000,15.19518754137983,7.596391183908182,7.598796357471649
1400,2800,7000,13.002464057583172,6.499715078749846,6.502748978833326
1400,2800,8000,11.360096838068674,5.678323012883771,5.681773825184903
1400,2800,9000,10.08335315095687,5.039803682301227,5.043549468655643
1400,2800,10000,9.062158459582296,4.529096665176633,4.533061794405663
1400,3000,500,70.09903298805132,34.86302673444169,35.236006253609624
1400,3000,600,70.01547782099063,34.93563181822839,35.079846002762245
1400,3000,700,69.93553816866549,34.94282951333641,34.992708655329075
1400,3000,800,69.85603629756535,34.89546973777661,34.960566559788745
1400,3000,900,69.80260020506516,34.865524814639905,34.937075390425264
1400,3000,1000,69.77973848335301,34.85272390239826,34.927014580954754
1400,3000,1200,69.7041179391454,34.8141415339168,34.8899764052286
1400,3000,1400,68.3912986242184,34.16875908969518,34.222539534523214
1400,3000,1600,59.808179909125926,29.899571459429875,29.90860844969605
1400,3000,1800,52.80459181363517,26.406079478406376,26.398512335228798
1400,3000,2000,47.16724445422027,23.58933346223897,23.577910991981295
1400,3000,2200,42.5950303360669,21.30300455854695,21.292025777519946
1400,3000,2400,38.83264632538838,19.42101514475457,19.411631180633815
1400,3000,2600,35.68870751735098,17.84818575283025,17.840521764520734
1400,3000,2800,33.023812964604176,16.514964268676437,16.508848695927732
1400,3000,3000,30.736171324313823,15.370484214989117,15.365687109324705
1400,3000,4000,22.872925689503862,11.436863872296483,11.43606181720738
1400,3000,5000,18.23894800583013,9.118971016415665,9.119976989414466
1400,3000,6000,15.171535311189196,7.584781980324332,7.586753330864866
1400,3000,7000,12.986555267103782,6.492000502710626,6.494554764393155
1400,3000,8000,11.349329593655442,5.673195521480481,5.6761340721749605
1400,3000,9000,10.076135145067612,5.036463092892183,5.039672052175429
1400,3000,10000,9.05745830581336,4.52702465636586,4.530433649447501
1400,4000,500,69.68708807848388,34.596044948968796,35.091043129515086
1400,4000,600,69.58887158469886,34.65612930639631,34.93274227830256
1400,4000,700,69.49505311001666,34.68956471447341,34.80548839554324
1400,4000,800,69.40639765045161,34.67699167171156,34.729405978740054
1400,4000,900,69.35449453569873,34.645689464953925,34.70880507074481
1400,4000,1000,69.32403223706592,34.62832078866823,34.6957114483977
1400,4000,1200,69.1965155730924,34.56374734899777,34.63276822409464
1400,4000,1400,65.63395049517948,32.80190587657263,32.83204461860684
1400,4000,1600,57.82447566476889,28.911817803367914,28.912657861400977
1400,4000,1800,51.34441427772794,25.67676605271986,25.667648225008087
1400,4000,2000,46.048788970954085,23.0298483981502,23.018940572803885
1400,4000,2200,41.704982210225396,20.857506212409007,20.847475997816392
1400,4000,2400,38.101815308846525,19.055166205935958,19.046649102910564
1400,4000,2600,35.073723326265664,17.540372485107774,17.53335084115789
1400,4000,2800,32.49639131945573,16.251055041505982,16.245336277949754
1400,4000,3000,30.277100177680907,15.140864532328232,15.136235645352679
1400,4000,4000,22.61016829111004,11.305787842806657,11.304380448303384
1400,4000,5000,18.069822270600714,9.034907773482576,9.034914497118137
1400,4000,6000,15.05670641093834,7.527981329258942,7.528725081679396
1400,4000,7000,12.90647397624584,6.452647545303193,6.453826430942646
1400,4000,8000,11.292820215295588,5.645680301411442,5.647139913884146
1400,4000,9000,10.036243624578486,5.017295287726731,5.0189483368517545
1400,4000,10000,9.029606044259863,4.513906376251146,4.515699668008716
1400,5000,500,69.37553812240395,34.40256542087085,34.972972701533095
1400,5000,600,69.26323159913252,34.4514660101839,34.811765588948624
1400,5000,700,69.15536767060564,34.47471971678756,34.680647953818074
1400,5000,800,69.05932119367675,34.48665547321794,34.572665720458815
1400,5000,900,69.00698721146644,34.47560284383679,34.53138436762964
1400,5000,1000,68.9664598574664,34.451799549834774,34.51466030763164
1400,5000,1200,68.77228102488793,34.35338722417403,34.4188938007139
1400,5000,1400,63.76236559628458,31.87279015350085,31.889575442783727
1400,5000,1600,56.42481248709433,28.214084215055944,28.210728272038388
1400,5000,1800,50.27906637937845,25.14438392157495,25.1346824578035
1400,5000,2000,45.211112966649985,22.610746083936643,22.60036688271335
1400,5000,2200,41.02448815610845,20.516880768200718,20.507607387907733
1400,5000,2400,37.5335204286398,18.77066855703961,18.76285187160019
1400,5000,2600,34.58852374018196,17.29749024471798,17.291033495463985
1400,5000,2800,32.07486938133541,16.040084652744948,16.03478472859046
1400,5000,3000,29.905845109926897,14.955095169254962,14.950749940671933
1400,5000,4000,22.3866245855614,11.194100259213046,11.192524326348352
1400,5000,5000,17.91931775847181,8.959852253070228,8.959465505401582
1400,5000,6000,14.949943977014799,7.474860407194183,7.475083569820616
1400,5000,7000,12.828571305833371,6.413996586232207,6.414574719601165
1400,5000,8000,11.235074369695011,5.617135189136286,5.617939180558725
1400,5000,9000,9.993113242023595,4.996077866221241,4.997035375802353
1400,5000,10000,8.997358912542916,4.498145797607568,4.4992131149353485
1400,6000,500,69.13184364657981,34.25615475768965,34.87568888889015
1400,6000,600,69.00679479161943,34.29518205435843,34.71161273726101
1400,6000,700,68.88631684671398,34.30956409720821,34.57675274950577
1400,6000,800,68.78424071401571,34.31617054038031,34.4680701736354
1400,6000,900,68.72943245557796,34.33386566526455,34.39556679031341
1400,6000,1000,68.67832456361309,34.30983684744586,34.368487716167216
1400,6000,1200,68.41142452696161,34.17399274861463,34.23743177834699
1400,6000,1400,62.4022191462984,31.196984243505558,31.205234902792846
1400,6000,1600,55.38128707754927,27.693584358464708,27.68770271908456
1400,6000,1800,49.466540562571204,24.73824887076763,24.728291691803577
1400,6000,2000,44.56032550961722,22.285133976421097,22.27519153319612
1400,6000,2200,40.48783459410016,20.248265515825516,20.239569078274638
1400,6000,2400,37.07968905277322,18.54348357195335,18.536205480819874
1400,6000,2600,34.19680095715756,17.101403955660626,17.095397001496938
1400,6000,2800,31.73120975723349,15.868077791010698,15.863131966222788
1400,6000,3000,29.600431571835987,14.802255602880136,14.798175968955857
1400,6000,4000,22.1954709236065,11.098538478110777,11.096932445495723
1400,6000,5000,17.78617499533131,8.893368821976173,8.892806173355138
1400,6000,6000,14.85239532202535,7.426214651578555,7.426180670446794
1400,6000,7000,12.755059759483135,6.377394594774918,6.377665164708218
1400,6000,8000,11.178730311008048,5.589133910375476,5.589596400632573
1400,6000,9000,9.949486572433253,4.97444743150361,4.975039140929641
1400,6000,10000,8.963399720029106,4.481358227334416,4.48204149269469
1400,7000,500,68.93606904277318,34.14157486715646,34.79449417561673
1400,7000,600,68.79972105797631,34.171985042741795,34.62773601523452
1400,7000,700,68.66808484550019,34.17861288719215,34.48947195830803
1400,7000,800,68.56240607826206,34.18146322741256,34.38094285084951
1400,7000,900,68.50230132115043,34.19500953694618,34.307291784204246
1400,7000,1000,68.44098162728753,34.19353866123678,34.24744296605074
1400,7000,1200,68.10285177999873,34.02050064928947,34.082351130709256
1400,7000,1400,61.366685770627534,30.682102963662178,30.68458280696536
1400,7000,1600,54.57210525699213,27.289822409894015,27.282282847098113
1400,7000,1800,48.825993513960576,24.418047421788696,24.40794609217188
1400,7000,2000,44.040184043067896,22.02489481602382,22.01528922704407
1400,7000,2200,40.053998065162524,20.03112783476154,20.022870230400983
1400,7000,2400,36.70923290828036,18.358048091287007,18.351184816993353
1400,7000,2600,33.87430985348604,16.939981083613283,16.934328769872764
1400,7000,2800,31.44610452053968,15.72538082846505,15.720723692074628
1400,7000,3000,29.345252118108778,14.674552389711403,14.670699728397377
1400,7000,4000,22.03079395646858,11.016190334668346,11.014603621800237
1400,7000,5000,17.668366233328975,8.834505895602499,8.833860337726474
1400,7000,6000,14.763888106877173,7.382030748039614,7.381857358837562
1400,7000,7000,12.686707499971423,6.343305553587866,6.343401946383557
1400,7000,8000,11.125031454136975,5.5623831315021945,5.562648322634781
1400,7000,9000,9.90683010881139,4.953226026246198,4.953604082565192
1400,7000,10000,8.92927666647622,4.464409596743752,4.464867069732468
1400,8000,500,68.77534814169886,34.0506698971578,34.72467824454106
1400,8000,600,68.62905417265505,34.072427654035316,34.55662651861972
1400,8000,700,68.48758111597505,34.07224948427734,34.41533163169771
1400,8000,800,68.37936623032923,34.07216911035332,34.3071971199759
1400,8000,900,68.31326505731762,34.081549940238,34.231715117079624
1400,8000,1000,68.24154337413582,34.080873983549324,34.16066939058649
1400,8000,1200,67.7446625662801,33.84406016253739,33.90060240374272
1400,8000,1400,60.55044232386403,30.276341836171067,30.274100487692962
1400,8000,1600,53.92571908570994,26.96725823446605,26.958460851243895
1400,8000,1800,48.30786605080334,24.15903353167314,24.148832519130206
1400,8000,2000,43.614943983970285,21.812144191624746,21.802799792345535
1400,8000,2200,39.69612001801349,19.852018404671412,19.844101613342076
1400,8000,2400,36.40127044693682,18.2039038492486,18.197366597688223
1400,8000,2600,33.604384121284106,16.804876750276144,16.799507371007962
1400,8000,2800,31.205987088911822,15.605204619536819,15.600782469375003
1400,8000,3000,29.12910050377369,14.566381577132253,14.562718926641436
1400,8000,4000,21.88778885356873,10.944669267222565,10.943119586346166
1400,8000,5000,17.563816768919732,8.782250456654365,8.781566312265365
1400,8000,6000,14.68373863198283,7.341996120734108,7.3417425112487225
1400,8000,7000,12.623592409004367,6.311800838180814,6.311791570823553
1400,8000,8000,11.074482745945732,5.537170014940416,5.537312731005316
1400,8000,9000,9.865885439516752,4.932820822709532,4.933064616807219
1400,8000,10000,8.89585517100131,4.4477703132840025,4.448084857717309
1400,9000,500,68.64077979615381,33.99051454548302,34.65026525067078
1400,9000,600,68.48599552951565,33.99030984847068,34.49568568104497
1400,9000,700,68.33588448033446,33.98417793806923,34.35170654226522
1400,9000,800,68.22563436045115,33.981657477792496,34.24397688265865
1400,9000,900,68.15345342250073,33.987036154038,34.16641726846274
1400,9000,1000,68.07149045527864,33.980509180753096,34.09098127452553
1400,9000,1200,66.98564712446951,33.476774399938755,33.50887272453076
1400,9000,1400,59.890171789877016,29.948131185949382,29.942040603927644
1400,9000,1600,53.39723156896098,26.703520229957885,26.693711339003098
1400,9000,1800,47.88003230303056,23.94515980244386,23.9348725005867
1400,9000,2000,43.260808714467714,21.634975853571383,21.62583286089633
1400,9000,2200,39.395914059315416,19.701781348832956,19.694132710482457
1400,9000,2400,36.1413049489028,18.073791034984467,18.06751391391833
1400,9000,2600,33.37524626132478,16.69019329099064,16.685052970334148
1400,9000,2800,31.001108860470797,15.502668877345092,15.498439983125705
1400,9000,3000,28.943793120398205,14.473648318417222,14.470144801980982
1400,9000,4000,21.76263093830507,10.882069168392372,10.880561769912699
1400,9000,5000,17.47065003523425,8.73567502608407,8.734975009150178
1400,9000,6000,14.61111091212084,7.30570619573488,7.305404716385962
1400,9000,7000,12.565479078356132,6.282777841365123,6.28270123699101
1400,9000,8000,11.027207393666483,5.513572396828599,5.513634996837884
1400,9000,9000,9.826991767616699,4.913418504238808,4.9135732633778915
1400,9000,10000,8.863602625296515,4.431691813152995,4.43191081214352
1400,10000,500,68.52667145741896,33.94016336616996,34.58650809124899
1400,10000,600,68.36436182741166,33.92145144807791,34.442910379333746
1400,10000,700,68.20694075464358,33.910211802724774,34.29672895191882
1400,10000,800,68.09463580548379,33.90545195683916,34.18918384864463
1400,10000,900,68.01655494972898,33.90705670915853,34.10949824057046
1400,10000,1000,67.92490154408402,33.89507143289637,34.02983011118766
1400,10000,1200,66.34570944281523,33.16643227627775,33.179277166537474
1400,10000,1400,59.34489741025018,29.677066168486398,29.667831241763775
1400,10000,1600,52.956949092422555,26.483794475405393,26.47315461701716
1400,10000,1800,47.52073002598147,23.765546743402574,23.755183282578905
1400,10000,2000,42.961320793126426,21.485152318422493,21.476168474703936
1400,10000,2200,39.140509179620715,19.573970982926305,19.566538196694413
1400,10000,2400,35.918975054045774,17.962520296730442,17.956454757315335
1400,10000,2600,33.178361030700216,16.591656558389943,16.58670447231027
1400,10000,2800,30.824312226993992,15.414190200328463,15.41012202666553
1400,10000,3000,28.78324470612734,14.393306966367339,14.389937739760004
1400,10000,4000,21.65228670139818,10.826875857707174,10.825410843691003
1400,10000,5000,17.387247456730584,8.693975595507492,8.69327186122309
1400,10000,6000,14.54517020979687,7.2727503838793295,7.272419825917541
1400,10000,7000,12.512003221377292,6.2560621450310325,6.25594107634626
1400,10000,8000,10.98313477975548,5.491563355207323,5.491571424548157
1400,10000,9000,9.790264920249255,4.8950858394650325,4.895179080784222
1400,10000,10000,8.832753381827654,4.416300489676468,4.416452892151186
1600,500,500,95.20470736868025,47.68867966120411,47.51602770747614
1600,500,600,92.78419589122191,46.606210040573615,46.177985850648305
1600,500,700,90.90143062078617,45.909416831346014,44.99201378944016
1600,500,800,90.56829846415333,45.74603750283797,44.822260961315365
1600,500,900,90.30809167588461,45.60926817064089,44.69882350524373
1600,500,1000,89.9979950956157,45.469573847046185,44.528421248569515
1600,500,1200,75.66467385823661,37.38515709524522,38.279516762991385
1600,500,1400,73.92581663585113,36.38305180678681,37.54276482906433
1600,500,1600,71.19837761371087,35.317624579966335,35.88075303374453
1600,500,1800,60.98936373586248,30.40726639247129,30.58209734339119
1600,500,2000,52.79335597249105,26.363276780536005,26.430079191955052
1600,500,2200,46.76461527828162,23.364912020189745,23.39970325809187
1600,500,2400,42.08602720250912,21.02842900263865,21.057598199870473
1600,500,2600,38.32086577543709,19.144111700488278,19.176754074948814
1600,500,2800,35.210294737450845,17.58560673292273,17.624688004528114
1600,500,3000,32.58886615310348,16.271317808439953,16.31754834466353
1600,500,4000,23.841076353410248,11.882505972332012,11.958570381078237
1600,500,5000,18.834388808388354,9.369747743507473,9.464641064880883
1600,500,6000,15.572578585469614,7.7325427746815,7.840035810788115
1600,500,7000,13.274920863298837,6.579194320326572,6.695726542972264
1600,500,8000,11.568284152931426,5.722453710494049,5.845830442437377
1600,500,9000,10.25069522811956,5.06096202257214,5.18973320554742
1600,500,10000,9.202974045732889,4.534909617546257,4.668064428186631
1600,600,500,93.30911131060891,46.65452993867319,46.654581371935734
1600,600,600,91.16806154852938,46.00253048953126,45.16553105899812
1600,600,700,90.70941127523663,45.83550343255434,44.87390784268229
1600,600,800,90.48004811468338,45.719643338075066,44.76040477660831
1600,600,900,90.28873319123727,45.61551142921281,44.67322176202446
1600,600,1000,89.96887173623968,45.49636310382922,44.47250863241046
1600,600,1200,74.67253278224963,36.88130038156307,37.79123240068657
1600,600,1400,73.32214887111968,36.23467348789586,37.08747538322382
1600,600,1600,70.79448246742214,35.202152115191986,35.59233035223015
1600,600,1800,60.3634442670041,30.1266958829295,30.23674838407459
1600,600,2000,52.4031523263254,26.18492062998954,26.218231696335863
1600,600,2200,46.49157856770222,23.239554651084344,23.252023916617873
1600,600,2400,41.8800670777327,20.93489846506731,20.94516861266538
1600,600,2600,38.157276231003166,19.071564037124986,19.08571219387818
1600,600,2800,35.07540524548729,17.527809158678842,17.547596086808447
1600,600,3000,32.47440995751334,16.22437722908682,16.25003272842652
1600,600,4000,23.775213805989875,11.863235079396885,11.911978726592992
1600,600,5000,18.78515346765281,9.361247732419415,9.423905735233395
1600,600,6000,15.530169974213015,7.729220061973001,7.800949912240013
1600,600,7000,13.23538665069127,6.578624400127865,6.656762250563404
1600,600,8000,11.529794132741053,5.72342638455514,5.806367748185912
1600,600,9000,10.21233808316709,5.062818901086765,5.149519182080325
1600,600,10000,9.164281180932354,4.537271337532022,4.627009843400331
1600,700,500,91.77876071243506,46.14944863057594,45.629312081859126
1600,700,600,90.82522193290694,45.88911711753054,44.9361048153764
1600,700,700,90.56002880940015,45.79944303572468,44.760585773675466
1600,700,800,90.36857334005266,45.7003238631501,44.66824947690256
1600,700,900,90.20156389403977,45.59404617555903,44.60751771848073
1600,700,1000,76.8034154586826,38.50574648578817,38.297668972894435
1600,700,1200,73.90249441827393,36.491581784836306,37.410912633437626
1600,700,1400,72.84413559302502,36.09868658248949,36.74544901053553
1600,700,1600,70.37442150481525,35.05271865634933,35.32170284846592
1600,700,1800,59.7928283001459,29.86011830529674,29.932709994849155
1600,700,2000,52.04341055325383,26.014166506530493,26.02924404672334
1600,700,2200,46.23910763081553,23.119195965880746,23.119911664934783
1600,700,2400,41.69010646513991,20.844890983416658,20.845215481723258
1600,700,2600,38.00738905644246,19.00156589222001,19.005823164222456
1600,700,2800,34.95302298831082,17.471871752264327,17.481151236046497
1600,700,3000,32.37187123941724,16.178791966076876,16.193079273340363
1600,700,4000,23.7212524629011,11.844074690389071,11.877177772512027
1600,700,5000,18.748944421540074,9.35246735801417,9.396477063525904
1600,700,6000,15.501945490427254,7.725488092687666,7.776457397739586
1600,700,7000,13.211042783201044,6.577613413619397,6.6334293695816475
1600,700,8000,11.507341476496935,5.723965266995108,5.783376209501825
1600,700,9000,10.190731713573625,5.064264669371627,5.126467044201998
1600,700,10000,9.14294607908992,4.539249711253737,4.603696367836183
1600,800,500,90.96614945303465,45.80026754545044,45.16588190758421
1600,800,600,90.65397124414201,45.86238045538557,44.79159078875643
1600,800,700,90.44420667877738,45.78991617428333,44.65429050449405
1600,800,800,90.26995713045706,45.6966749359578,44.57328219449925
1600,800,900,87.71922595873946,44.697858261074174,43.02136769766528
1600,800,1000,74.91502524900778,37.34785875030303,37.567166498704744
1600,800,1200,73.25812355081744,36.19764200185609,37.060481548961356
1600,800,1400,72.45333112993713,35.974448686139624,36.478882443797495
1600,800,1600,69.85348445404244,34.832803652356034,35.0206808016864
1600,800,1800,59.26627875392584,29.60851053220184,29.657768221723995
1600,800,2000,51.707073619916905,25.851334560732692,25.855739059184213
1600,800,2200,46.00167921069249,23.003789838653507,22.99788937203898
1600,800,2400,41.51117736815284,20.75822610930359,20.752951258849247
1600,800,2600,37.86638991748597,18.933908965300013,18.932480952185955
1600,800,2800,34.83830129730917,17.417598249630753,17.420703047678423
1600,800,3000,32.276268565593625,16.134389556654178,16.141879008939448
1600,800,4000,23.673349958110308,11.82498292505257,11.848367033057736
1600,800,5000,18.71914562454269,9.343422559705738,9.37572306483695
1600,800,6000,15.480655548056426,7.721387626365671,7.759267921690754
1600,800,7000,13.194139729359005,6.5762122463410755,6.6179274830179295
1600,800,8000,11.492780850522477,5.724124071565747,5.76865677895673
1600,800,9000,10.177409917635343,5.065352505848978,5.112057411786365
1600,800,10000,9.130233906987911,4.5408961593534745,4.5893377476344375
1600,900,500,90.76615566794848,45.67562109387148,45.090534574077
1600,900,600,90.53074455838076,45.869371721461725,44.66137283691902
1600,900,700,90.34467695874227,45.795539715314554,44.549137243427715
1600,900,800,90.17888731834354,45.701481625319275,44.47740569302426
1600,900,900,75.27235343934994,37.77409312748076,37.49826031186919
1600,900,1000,73.86937478480263,36.716540037206144,37.15283474759649
1600,900,1200,72.68694655156013,36.02280217272462,36.6641443788355
1600,900,1400,72.12523825095653,35.86083019536835,36.26440805558818
1600,900,1600,68.98496688850811,34.41810519721277,34.56686169129535
1600,900,1800,58.776831000313535,29.37147259725333,29.405358403060205
1600,900,2000,51.3902652520479,25.696218120257818,25.69404713179008
1600,900,2200,45.776494960147964,22.893139301974653,22.883355658173315
1600,900,2400,41.34089662685438,20.674729144745122,20.66616748210926
1600,900,2600,37.73204246885637,18.868448920183184,18.86359354867318
1600,900,2800,34.72903451467503,17.364877213724224,17.364157300950804
1600,900,3000,32.185366248578305,16.09108750231724,16.09427874626106
1600,900,4000,23.628905967867073,11.805965748292824,11.82294021957425
1600,900,5000,18.692793341050958,9.334149985103712,9.358643355947246
1600,900,6000,15.463045186793257,7.716963980488154,7.746081206305105
1600,900,7000,13.18119077623074,6.574467142617981,6.6067236336127575
1600,900,8000,11.482436667707374,5.723947312869772,5.758489354837603
1600,900,9000,10.168540689732856,5.066124338086764,5.102416351646091
1600,900,10000,9.12218295343725,4.542249693047087,4.579933260390164
1600,1000,500,90.62408785259262,45.58035173058102,45.043736122011595
1600,1000,600,90.42689865525166,45.8041757092324,44.622722946019266
1600,1000,700,90.2558198302539,45.80922506495253,44.44659476530137
1600,1000,800,76.0841066351408,38.52286601997347,37.56124061516732
1600,1000,900,73.93515751994588,36.91645122637658,37.018706293569295
1600,1000,1000,73.12200590526118,36.28048759292709,36.84151831233409
1600,1000,1200,72.25782261138016,35.88086109473759,36.37696151664258
1600,1000,1400,71.84363511873241,35.756600838025655,36.087034280706746
1600,1000,1600,68.19323507573934,34.03649721390854,34.156737861830806
1600,1000,1800,58.31960445530599,29.148147731668082,29.171456723637917
1600,1000,2000,51.09050916384976,25.548440507868406,25.54206865598135
1600,1000,2200,45.56190660133176,22.787010389240873,22.77489621209089
1600,1000,2400,41.17794664979899,20.59424011054507,20.583706539253924
1600,1000,2600,37.60316654947592,18.805075721124883,18.79809082835104
1600,1000,2800,34.624091988190045,17.313635018224016,17.31045696996603
1600,1000,3000,32.09804036579142,16.04883989129251,16.049200474498914
1600,1000,4000,23.58664087803858,11.787045019654897,11.79959585838368
1600,1000,5000,18.66842206220815,9.324689384688089,9.343732677520062
1600,1000,6000,15.447494305468418,7.71225998959731,7.735234315871108
1600,1000,7000,13.170451415321255,6.572419175930042,6.5980322393912125
1600,1000,8000,11.474463549733237,5.723472904408352,5.750990645324885
1600,1000,9000,10.162195814875615,5.066614684780129,5.095581130095485
1600,1000,10000,9.11679566948656,4.5433416396358925,4.573454029850668
1600,1200,500,90.42441657403864,45.43598876594698,44.98842780809167
1600,1200,600,90.26034738479649,45.67279949078733,44.58754789400916
1600,1200,700,74.34328303282183,37.491354095902025,36.851928936919805
1600,1200,800,73.10548201495378,36.5474043684898,36.558077646463964
1600,1200,900,72.47411573150634,36.013563435755835,36.460552295750496
1600,1200,1000,72.02686406566885,35.78594951214246,36.24091455352639
1600,1200,1200,71.63868066835705,35.657146124309676,35.98153454404738
1600,1200,1400,71.37956336350385,35.572178221864796,35.80738514163907
1600,1200,1600,66.79822170876788,33.35793782837567,33.44028388039221
1600,1200,1800,57.48768996957495,28.738717106449847,28.748972863125108
1600,1200,2000,50.53545195736808,25.27320358471654,25.26224837265154
1600,1200,2200,45.16040066661184,22.587374231245256,22.573026435366582
1600,1200,2400,40.87099975506322,20.441709187344312,20.4292905677189
1600,1200,2600,37.35928293124528,18.684230961112778,18.675051970132508
1600,1200,2800,34.42485970948085,17.21537130444659,17.209488405034257
1600,1200,3000,31.93188963261569,15.967391756651015,15.964497875964677
1600,1200,4000,23.506242092416226,11.749591886461541,11.756650205954687
1600,1200,5000,18.622859129963988,9.305350393725712,9.317508736238276
1600,1200,6000,15.419485220409555,7.702159715856508,7.717325504553047
1600,1200,7000,13.15225052514599,6.567553120317705,6.584697404828283
1600,1200,8000,11.462062591163196,5.7217562787078595,5.740306312455336
1600,1200,9000,10.1533319739891,5.066863002242233,5.086468971746867
1600,1200,10000,9.110114984208286,4.544841066283923,4.565273917924363
1600,1400,500,76.2570999564879,38.90497266691321,37.3521272895747
1600,1400,600,73.23705629042126,36.7309742618075,36.506082028613754
1600,1400,700,72.38501758181857,36.13295904234967,36.25205853946891
1600,1400,800,71.92825575829283,35.79208614207507,36.136169616217764
1600,1400,900,71.55056638840776,35.61271979914724,35.93784658926051
1600,1400,1000,71.36999822894269,35.53977336840712,35.83022486053557
1600,1400,1200,71.20130765443007,35.48459686132925,35.71671079310082
1600,1400,1400,71.00610283887956,35.41353433795176,35.5925685009278
1600,1400,1600,65.60339667197157,32.77218903473916,32.83120763723242
1600,1400,1800,56.748339467911144,28.372693032215476,28.375646435695664
1600,1400,2000,50.03162161826249,25.02231216459461,25.00930945366789
1600,1400,2200,44.791141815327855,22.403089580629793,22.388052234698062
1600,1400,2400,40.58615622051035,20.29957382807422,20.286582392436134
1600,1400,2600,37.13144757146128,18.570735546226405,18.56071202523487
1600,1400,2800,34.23776525431697,17.122435187039002,17.115330067277966
1600,1400,3000,31.775205089250008,15.88985390552022,15.88535118372979
1600,1400,4000,23.429561161345088,11.712802904709482,11.716758256635606
1600,1400,5000,18.579483245331097,9.28565939776966,9.293823847561436
1600,1400,6000,15.393276544774743,7.691341335439988,7.701935209334754
1600,1400,7000,13.135862462370048,6.561848756463535,6.574013705906513
1600,1400,8000,11.451635168239383,5.719184706620823,5.73245046161856
1600,1400,9000,10.146652682932181,5.066284723630849,5.080367959301333
1600,1400,10000,9.105839249866479,4.5455609338125385,4.560278316053941
1600,1600,500,72.44100656270585,36.147656876499795,36.29334968620605
1600,1600,600,71.7750277761795,35.7219142631703,36.05311351300921
1600,1600,700,71.44354613188827,35.584234383734106,35.859311748154155
1600,1600,800,71.17198390375641,35.47532843469929,35.69665546905711
1600,1600,900,71.01932736769436,35.40183998484941,35.61748738284494
1600,1600,1000,70.94611873997314,35.370252232999626,35.57586650697352
1600,1600,1200,70.86924029485938,35.34581302516892,35.52342726969046
1600,1600,1400,70.69323830256792,35.274686424479356,35.418551878088564
1600,1600,1600,64.56476097347304,32.26056115114897,32.30419982232407
1600,1600,1800,56.08571428777819,28.04357896472332,28.04213532305487
1600,1600,2000,49.571702973869506,24.79279532806544,24.778907645804065
1600,1600,2200,44.450035323551326,22.23255271751222,22.217482606039106
1600,1600,2400,40.32078620511099,20.166895365936842,20.15389083917415
1600,1600,2600,36.91778673943336,18.464026687206154,18.45376005222721
1600,1600,2800,34.06135767756805,17.034497978181612,17.026859699386435
1600,1600,3000,31.62678285404135,15.816052904931944,15.810729949109405
1600,1600,4000,23.355695014035035,11.67681355424539,11.678881459789643
1600,1600,5000,18.53728727883716,9.265812332379207,9.271474946457952
1600,1600,6000,15.367704550386856,7.680001619528054,7.687702930858801
1600,1600,7000,13.119974963572483,6.555487194459452,6.564487769113031
1600,1600,8000,11.441740135149635,5.7159201686667656,5.725819966482869
1600,1600,9000,10.140607441540112,5.0650233735397325,5.07558406800038
1600,1600,10000,9.10232540578953,4.545628249641767,4.556697156147764
1600,1800,500,71.23432134730041,35.335395815229134,35.898925532071274
1600,1800,600,71.00253362503241,35.36289223881548,35.63964138621693
1600,1800,700,70.85536349727273,35.36089011941798,35.494473377854746
1600,1800,800,70.74713438975199,35.29822054090391,35.44891384884808
1600,1800,900,70.67300323200926,35.25819848102703,35.414804750982235
1600,1800,1000,70.64300032386463,35.243433164647406,35.39956715921721
1600,1800,1200,70.60471043903648,35.230725612882296,35.373984826154185
1600,1800,1400,70.42326045012798,35.151230834229374,35.27202961589862
1600,1800,1600,63.651157187964934,31.809101332869556,31.84205585509538
1600,1800,1800,55.48778383444035,27.74601021958864,27.741773614851702
1600,1800,2000,49.149977984920966,24.58208907092599,24.567888913994974
1600,1800,2200,44.13388680861996,22.074350179293088,22.059536629326875
1600,1800,2400,40.0728947587833,20.042832560527614,20.03006219825568
1600,1800,2600,36.71695172528016,18.363588820747584,18.35336290453258
1600,1800,2800,33.894667533080465,16.951247232755833,16.943420300324632
1600,1800,3000,31.48588889332355,15.745811102479477,15.740077790844076
1600,1800,4000,23.28428971780297,11.641716234345743,11.642573483457225
1600,1800,5000,18.495920333269016,9.245957894979192,9.249962438289824
1600,1800,6000,15.342351177496514,7.668293731996659,7.674057445499855
1600,1800,7000,13.10409300801876,6.548611060792552,6.555481947226208
1600,1800,8000,11.431810800762529,5.712090950231098,5.7197198505314315
1600,1800,9000,10.134566728165483,5.063192953548394,5.071373774617089
1600,1800,10000,9.09888985857586,4.545144018961715,4.553745839614146
1600,2000,500,70.63541366290083,35.244291225494095,35.391122437406736
1600,2000,600,70.58487531040268,35.26274499943229,35.322130310970394
1600,2000,700,70.53058755533685,35.21927288446771,35.31131467086914
1600,2000,800,70.4751646230833,35.18227414311072,35.292890479972584
1600,2000,900,70.4269307615544,35.153099468521724,35.27383129303267
1600,2000,1000,70.41291535060527,35.14407811093858,35.268837239666695
1600,2000,1200,70.38685433966117,35.1332159846183,35.25363835504286
1600,2000,1400,70.18518243757411,35.040038595485605,35.14514384208851
1600,2000,1600,62.839704660970874,31.407242410904946,31.43246225006592
1600,2000,1800,54.94509277635721,27.47558806435657,27.46950471200064
1600,2000,2000,48.76178109701856,24.387999938374538,24.373781158644025
1600,2000,2200,43.84004754048415,21.927240409683954,21.912807130800196
1600,2000,2400,39.840828459261694,19.92662933095507,19.91419912830662
1600,2000,2600,36.52784284587112,18.268945917158213,18.258896928712915
1600,2000,2800,33.7369304854551,16.872383079447822,16.864547406007276
1600,2000,3000,31.351974237163443,15.678946345226079,15.67302789193737
1600,2000,4000,23.21518778017093,11.607569075159507,11.607618705011424
1600,2000,5000,18.455274602419713,9.226208627247706,9.22906597517201
1600,2000,6000,15.31708385693132,7.6563380915585695,7.66074576537275
1600,2000,7000,13.088041796846593,6.541334415866601,6.546707380979993
1600,2000,8000,11.421628927465372,5.707800685713229,5.713828241752142
1600,2000,9000,10.128272459364535,5.060886148349972,5.067386311014561
1600,2000,10000,9.095239398790287,4.544190701257496,4.551048697532791
1600,2200,500,70.50875914358537,35.157223964555094,35.351535179030265
1600,2200,600,70.42944928814309,35.19093171232902,35.23851757581407
1600,2200,700,70.35500563006316,35.141818042917265,35.213187587145896
1600,2200,800,70.28942192241979,35.10227948950442,35.18714243291537
1600,2200,900,70.2427860942575,35.07286282608153,35.16992326817597
1600,2200,1000,70.23114231977844,35.063760857010145,35.167381462768304
1600,2200,1200,70.20285263136225,35.04911253825231,35.15374009310993
1600,2200,1400,69.9719088141254,34.938885174699735,35.03302363942566
1600,2200,1600,62.113103762156214,31.046837121416175,31.066266640740036
1600,2200,1800,54.450043131833525,27.22869297471062,27.221350157122902
1600,2200,2000,48.40321897857028,24.208651702281585,24.194567276288694
1600,2200,2200,43.566257688977934,21.790132878369175,21.776124810608763
1600,2200,2400,39.62316041513922,19.817605930845502,19.80555448429372
1600,2200,2600,36.349508813951,18.179658852076496,18.169849961874494
1600,2200,2800,33.587490081606035,16.797619412963623,16.78987066864241
1600,2200,3000,31.22457619240765,15.615275697296804,15.609300495110842
1600,2200,4000,23.148303580327262,11.5744043981704,11.573899182156863
1600,2200,5000,18.415335045713075,9.20664937220272,9.208685673510354
1600,2200,6000,15.291885113323909,7.644229964553091,7.647655148770819
1600,2200,7000,13.071780922753698,6.533749486617507,6.538031436136191
1600,2200,8000,11.411126574886763,5.703134257980084,5.7079923169066795
1600,2200,9000,10.121629858535643,5.058179502270862,5.063450356264781
1600,2200,10000,9.091254865081106,4.542836792952136,4.548418072128971
1600,2400,500,70.39293573575975,35.07532309218752,35.317612643572225
1600,2400,600,70.31243945232852,35.13610124100543,35.17633821132308
1600,2400,700,70.23539371603505,35.084256788127036,35.15113692790802
1600,2400,800,70.16042305934366,35.04210961737812,35.118313441965554
1600,2400,900,70.10006265380574,35.0097965698859,35.09026608391984
1600,2400,1000,70.08331948494155,34.99730591531504,35.08601356962651
1600,2400,1200,70.0443151682883,34.975464634014116,35.0688505342742
1600,2400,1400,69.77873381846187,34.84619071160186,34.93254310686002
1600,2400,1600,61.45795980650595,30.721493740547565,30.736466065958385
1600,2400,1800,53.996429160126375,27.002326008144955,26.994103151981417
1600,2400,2000,48.07099756387242,24.042434739350146,24.028562824522268
1600,2400,2200,43.310560427902494,21.66206842245973,21.64849200544276
1600,2400,2400,39.418635497501405,19.715151319395773,19.70348417810563
1600,2400,2600,36.181104082072814,18.095323681768214,18.0857804003046
1600,2400,2800,33.445759481860954,16.7266854852854,16.719073996575553
1600,2400,3000,31.103280938125422,15.554619067169826,15.548661870955595
1600,2400,4000,23.08357602117345,11.542235455469877,11.541340565703573
1600,2400,5000,18.376119884143915,9.187343709020839,9.188776175123076
1600,2400,6000,15.266783359508732,7.6320451397886,7.6347382197201314
1600,2400,7000,13.055327449172047,6.525931502251376,6.529395946920671
1600,2400,8000,11.400303029707306,5.698161879981805,5.702141149725502
1600,2400,9000,10.114619527690024,5.055136946427323,5.0594825812627
1600,2400,10000,9.086899215724833,4.541139891459073,4.545759324265761
1600,2600,500,70.28454107207493,34.99967370028076,35.28486737179417
1600,2600,600,70.20244704131974,35.075794307234034,35.12665273408572
1600,2600,700,70.12281274227301,35.03007230874521,35.092740433527794
1600,2600,800,70.04511001978099,34.98602298641468,35.05908703336632
1600,2600,900,69.98570150795604,34.95413318350199,35.03156832445405
1600,2600,1000,69.96106695542004,34.940888316326074,35.02017863909397
1600,2600,1200,69.9055128270164,34.91015163368854,34.99536119332786
1600,2600,1400,69.53893612846475,34.72997490526272,34.808961223202026
1600,2600,1600,60.86369457862038,30.426117607691896,30.43757697092848
1600,2600,1800,53.579116309797314,26.793983020937887,26.785133288859427
1600,2600,2000,47.76230266547971,23.887962519553657,23.874340145926055
1600,2600,2200,43.07124632988619,21.542201717894905,21.52904461199129
1600,2600,2400,39.226138859400756,19.618716173392603,19.607422686008157
1600,2600,2600,36.02186756642626,18.015569791525245,18.006297774901007
1600,2600,2800,33.31120460831378,16.659326907970406,16.651877700343373
1600,2600,3000,30.98770838287806,15.496801908223103,15.490906474654958
1600,2600,4000,23.02095015453212,11.511061577375804,11.509888577156318
1600,2600,5000,18.337655985804165,9.168338803898802,9.169317181905361
1600,2600,6000,15.241822928121335,7.6198440853612786,7.621978842760058
1600,2600,7000,13.038721692612091,6.517942177760272,6.520779514851819
1600,2600,8000,11.38918732146697,5.6929420826881865,5.6962452387787845
1600,2600,9000,10.1072572559724,5.05181232606841,5.05544492990399
1600,2600,10000,9.0821751608017,4.539148873384687,4.543026287417013
1600,2800,500,70.18293887778727,34.929638107744445,35.25330077004282
1600,2800,600,70.09839780736073,35.00318193466368,35.095215872697054
1600,2800,700,70.01670754459154,34.97907523645263,35.037632308138924
1600,2800,800,69.93625559401606,34.93299234661509,35.003263247400966
1600,2800,900,69.87804376615779,34.90150027178278,34.976543494375015
1600,2800,1000,69.85304739220093,34.88805254690447,34.964994845296474
1600,2800,1200,69.78226990046906,34.85154958887039,34.93072031159867
1600,2800,1400,69.00292930068903,34.47114986280559,34.531779437883436
1600,2800,1600,60.321813863934636,30.156590030708404,30.16522383322623
1600,2800,1800,53.193810304206586,26.601556756258265,26.592253547948317
1600,2800,2000,47.47471184500298,23.74403537483879,23.73067647016419
1600,2800,2200,42.84681311436593,21.429786001760622,21.417027112605307
1600,2800,2400,39.044674742992335,19.527806416637517,19.516868326354817
1600,2800,2600,35.8711100150825,17.940057799357444,17.931052215725053
1600,2800,2800,33.18333559470205,16.595305973147173,16.588029621554877
1600,2800,3000,30.877505560337422,15.441656987425212,15.435848572912212
1600,2800,4000,22.96037036150002,11.480872021266418,11.4794983402336
1600,2800,5000,18.29996871738593,9.149669090631788,9.150299626754142
1600,2800,6000,15.21705080175431,7.6076750978983085,7.609375703855999
1600,2800,7000,13.022011468768632,6.509832387292035,6.512179081476597
1600,2800,8000,11.377820433771866,5.687523950971261,5.690296482800604
1600,2800,9000,10.099574622131922,5.048251295158257,5.051323326973663
1600,2800,10000,9.077104447691395,4.536905509510108,4.540198938181287
1600,3000,500,70.08754968798256,34.864635343691276,35.22291434429128
1600,3000,600,70.0004092309787,34.93574394914023,35.06466528183848
1600,3000,700,69.91655275473536,34.93105191798737,34.985500836747995
1600,3000,800,69.83349595968488,34.882901753641725,34.950594206043164
1600,3000,900,69.77640413898033,34.851712364986945,34.92469177399339
1600,3000,1000,69.75066664026845,34.8378384795358,34.91282816073266
1600,3000,1200,69.6709222166503,34.79760137108772,34.87332084556258
1600,3000,1400,68.38116206894588,34.16562893245473,34.215533136491146
1600,3000,1600,59.825399096710804,29.909539262675867,29.915859834034936
1600,3000,1800,52.836886258587896,26.42326079443368,26.413625464154215
1600,3000,2000,47.20612669924375,23.609610639839325,23.596516059404422
1600,3000,2200,42.63593444649726,21.324159885931827,21.311774560565432
1600,3000,2400,38.873350508343286,19.441977288069456,19.431373220273834
1600,3000,2600,35.72820521711194,17.868477298677607,17.859727918434334
1600,3000,2800,33.06170165904854,16.53440146632721,16.527300192721327
1600,3000,3000,30.772343387359317,15.389025412096736,15.383317975262582
1600,3000,4000,22.901778316574656,11.451648856157652,11.450129460417005
1600,3000,5000,18.263078085882125,9.131359080063596,9.131719005818528
1600,3000,6000,15.192510850226135,7.5955767311080375,7.596934119118099
1600,3000,7000,13.005244727284358,6.501644211405206,6.503600515879153
1600,3000,8000,11.366246626692122,5.681948828341527,5.684297798350595
1600,3000,9000,10.091609296731303,5.044492772463524,5.047116524267778
1600,3000,10000,9.071717313499667,4.534445702352534,4.537271611147134
1600,4000,500,69.68699285502578,34.59955150679766,35.087441348228126
1600,4000,600,69.58617648484841,34.659192839292395,34.926983645556
1600,4000,700,69.4895822128998,34.692228678727204,34.7973535341726
1600,4000,800,69.39782423449556,34.67106757352323,34.726756660972335
1600,4000,900,69.3430641309624,34.638961620658,34.704102510304395
1600,4000,1000,69.31023421094042,34.620836349725025,34.6893978612154
1600,4000,1200,69.17944758617705,34.55516830366329,34.62427928251376
1600,4000,1400,65.64845121181263,32.81038840129432,32.838062810518295
1600,4000,1600,57.855088732748456,28.927966609950733,28.92712212279772
1600,4000,1800,51.38392968394883,25.69715620003358,25.686773483915257
1600,4000,2000,46.09160644231697,23.051764407772424,23.039842034544552
1600,4000,2200,41.74792418296799,20.87940114228954,20.868523040678458
1600,4000,2400,38.14333834870842,19.076293310458908,19.067045038249507
1600,4000,2600,35.113183130774914,17.560425791622265,17.552757339152645
1600,4000,2800,32.53360045988589,16.26995175367905,16.263648706206844
1600,4000,3000,30.312091678187844,15.158628720169771,15.153462958018075
1600,4000,4000,22.63643728854839,11.31912953792531,11.317307750623081
1600,4000,5000,18.09084566968268,9.045603603853062,9.045242065829617
1600,4000,6000,15.074436172569667,7.537019688821044,7.537416483748625
1600,4000,7000,12.921964811945722,6.4605609227046354,6.461403889241088
1600,4000,8000,11.306676322478124,5.652773264357818,5.6539030581203065
1600,4000,9000,10.04883547178734,5.023754381968732,5.025081089818609
1600,4000,10000,9.041175886779168,4.519853481197025,4.521322405582143
1600,5000,500,69.38123792201073,34.40558635938383,34.97565156262691
1600,5000,600,69.26712627897493,34.45483269604323,34.8122935829317
1600,5000,700,69.15721700416873,34.47836424741313,34.67885275675559
1600,5000,800,69.05908619894139,34.490444242799676,34.56864195614172
1600,5000,900,69.0044106524575,34.47316855727962,34.531242095177866
1600,5000,1000,68.96194206153186,34.44880132057145,34.51314074096041
1600,5000,1200,68.76509804913448,34.34964709588852,34.41545095324596
1600,5000,1400,63.781158773185616,31.88306477469496,31.89809399849065
1600,5000,1600,56.45715861811599,28.23083515855938,28.22632345955661
1600,5000,1800,50.31896729707419,25.164759976817017,25.154207320257168
1600,5000,2000,45.253691676430066,22.632373599741847,22.621318076688215
1600,5000,2200,41.066877623183835,20.538357318591004,20.528520304592828
1600,5000,2400,37.57429500768949,18.79129844456237,18.782996563127117
1600,5000,2600,34.62708342775504,17.3169842643661,17.310099163388944
1600,5000,2800,32.11104599600827,16.058366033861923,16.05267996214635
1600,5000,3000,29.939683038339865,14.972191147530255,14.96749189080961
1600,5000,4000,22.411271813448273,11.206559079178176,11.204712734270098
1600,5000,5000,17.938458872092085,8.969542009040424,8.96891686305166
1600,5000,6000,14.965681591956558,7.482840883164323,7.482840708792235
1600,5000,7000,12.842055365396538,6.4208463007764545,6.421209064620083
1600,5000,8000,11.24696572690207,5.623186283511737,5.623779443390333
1600,5000,9000,10.003814385501196,5.001532505136292,5.002281880364904
1600,5000,10000,9.007128790130011,4.503133988356188,4.503994801773822
1600,6000,500,69.14039429030039,34.25778069233809,34.882613597962305
1600,6000,600,69.01416160052096,34.29772838374044,34.71643321678051
1600,6000,700,68.89222076849643,34.31291885901477,34.57930190948166
1600,6000,800,68.78878201431893,34.32019432358002,34.46858769073889
1600,6000,900,68.73226555033325,34.33819066141125,34.394074888922006
1600,6000,1000,68.67955006020398,34.309668417484204,34.36988164271978
1600,6000,1200,68.4102044883263,34.17316942494892,34.23703506337739
1600,6000,1400,62.41785351184859,31.20550174054125,31.212351771307347
1600,6000,1600,55.41070560286134,27.70871860637202,27.701986996489328
1600,6000,1800,49.50385443560825,24.757213862851085,24.746640572757155
1600,6000,2000,44.60070679725548,22.305565972814332,22.29514082444114
1600,6000,2200,40.528358641973696,20.26872741134113,20.25963123063257
1600,6000,2400,37.118845394103445,18.563233379736104,18.55561201436734
1600,6000,2600,34.233913537322564,17.120111560321106,17.11380197700146
1600,6000,2800,31.766052039493164,15.885635234113359,15.880416805379808
1600,6000,3000,29.633005834796506,14.81866763770684,14.814338197089665
1600,6000,4000,22.218913648816976,11.110354894140514,11.108558754676462
1600,6000,5000,17.80404550414758,8.902387536079766,8.901657968067813
1600,6000,6000,14.866812612094995,7.433501208253728,7.433311403841268
1600,6000,7000,12.767207762666384,6.383543540368152,6.383664222298232
1600,6000,8000,11.189298087248863,5.594491017744362,5.594807069504501
1600,6000,9000,9.958896252256416,4.979224438710655,4.979671813545761
1600,6000,10000,8.971922723808431,4.48569123793839,4.486231485870041
1600,7000,500,68.9458384133671,34.141545803862954,34.80429260950415
1600,7000,600,68.8087913608794,34.17327238863387,34.63551897224553
1600,7000,700,68.676155406266,34.18109069957052,34.495064706695494
1600,7000,800,68.56985927182507,34.185098348587125,34.384760923237934
1600,7000,900,68.50850439639666,34.19925663399235,34.309247762404304
1600,7000,1000,68.44574529312345,34.19525272514674,34.25049256797672
1600,7000,1200,68.10507424844056,34.02137811798335,34.083696130457206
1600,7000,1400,61.37635128794678,30.687550088484247,30.688801199462542
1600,7000,1600,54.596712383396905,27.30247337811137,27.29423900528554
1600,7000,1800,48.859455069020896,24.43501217312483,24.42444289589607
1600,7000,2000,44.07748256063137,22.043723551324845,22.03375900930652
1600,7000,2200,40.09202788934529,20.050290364100796,20.04173752524449
1600,7000,2400,36.746328799921606,18.376722544075427,18.369606255846183
1600,7000,2600,33.909676992564435,16.95777627322403,16.9519007193404
1600,7000,2800,31.479428951601903,15.742143684468411,15.73728526713349
1600,7000,3000,29.376473021500512,14.690255090842445,14.686217930658065
1600,7000,4000,22.05322956858022,11.027478389657453,11.025751178922768
1600,7000,5000,17.685291627939772,8.843030199639646,8.842261428300127
1600,7000,6000,14.77736424559978,7.388826241848236,7.388538003751545
1600,7000,7000,12.697913760696618,6.348963828572284,6.348949932124336
1600,7000,8000,11.134664817955837,5.5672536247629125,5.5674111931929255
1600,7000,9000,9.915321776307396,4.9575248432940064,4.957796933013389
1600,7000,10000,8.936905395838641,4.468276414400592,4.468628981438049
1600,8000,500,68.78542474815859,34.04783231886602,34.737592429292576
1600,8000,600,68.63879332685207,34.07229347762452,34.56649984922755
1600,8000,700,68.49668811596317,34.073593549345546,34.42309456661763
1600,8000,800,68.38854849487488,34.07509599559192,34.31345249928296
1600,8000,900,68.32150777473782,34.085333933895356,34.23617384084247
1600,8000,1000,68.24852520382863,34.085185356946866,34.16333984688176
1600,8000,1200,67.69995414427791,33.822625905661276,33.87732823861663
1600,8000,1400,60.55326348864209,30.278320392954985,30.274943095687107
1600,8000,1600,53.944881911653574,26.977126957631366,26.967754954022208
1600,8000,1800,48.33701210804535,24.173790101586924,24.16322200645843
1600,8000,2000,43.64881577374829,21.829217532558822,21.819598241189468
1600,8000,2200,39.7313969924778,19.869769056584953,19.861627935892844
1600,8000,2400,36.43611471016944,18.221422012956253,18.214692697213188
1600,8000,2600,33.63787079845504,16.821704872001064,16.816165926453976
1600,8000,2800,31.23770723845915,15.621141247411563,15.616565991047587
1600,8000,3000,29.158924405134552,14.581363852175501,14.577560552959048
1600,8000,4000,21.90932256473543,10.95548990922806,10.953832655507371
1600,8000,5000,17.579981933989277,8.790380261252146,8.78960167273713
1600,8000,6000,14.696498635581424,7.348420140847081,7.348078494734343
1600,8000,7000,12.63409894374864,6.31709635313738,6.31700259061126
1600,8000,8000,11.083427048624674,5.541683361714574,5.541743686910101
1600,8000,9000,9.873699886249716,4.936768584021068,4.936931302228647
1600,8000,10000,8.902821398071914,4.451293537144435,4.451527860927478
1600,9000,500,68.65069133473393,33.98213226405226,34.66855907068167
1600,9000,600,68.49578330216445,33.988749260522575,34.50703404164188
1600,9000,700,68.3454223607999,33.98434332781464,34.361079032985266
1600,9000,800,68.2357806926361,33.98372793947759,34.2520527531585
1600,9000,900,68.16288015253465,33.99014623948679,34.172733913047864
1600,9000,1000,68.0797389941916,33.984257895181315,34.09548109901028
1600,9000,1200,66.93669117099076,33.45358300035174,33.483108170639014
1600,9000,1400,59.88610926493275,29.94661556402462,29.93949370090813
1600,9000,1600,53.41086717398122,26.710581398355405,26.700285775625815
1600,9000,1800,47.90479004473226,23.957686139972637,23.947103904759622
1600,9000,2000,43.29118800915741,21.650272908645878,21.640915100511528
1600,9000,2200,39.42838020157552,19.718101267646524,19.710278933928993
1600,9000,2400,36.17385023209145,18.09013796803491,18.083712264056544
1600,9000,2600,33.40681848130383,16.70604514197931,16.70077333932452
1600,9000,2800,31.031205547377947,15.517776744475496,15.513428802902457
1600,9000,3000,28.972216053962544,14.487914594816342,14.484301459146202
1600,9000,4000,21.7833282286653,10.892460084321662,10.89086814434364
1600,9000,5000,17.486167458692577,8.743470975827066,8.742696482865508
1600,9000,6000,14.623294947270743,7.311832963085697,7.311461984185043
1600,9000,7000,12.575440415775722,6.287791869264665,6.287648546511057
1600,9000,8000,11.035622807224092,5.517812631364795,5.517810175859297
1600,9000,9000,9.834289210397744,4.917099224334076,4.917189986063667
1600,9000,10000,8.870063156410323,4.434953731855167,4.435109424555156
1600,10000,500,68.53602099127177,33.930505846478056,34.605515144793706
1600,10000,600,68.37382439488732,33.91851754230726,34.45530685258006
1600,10000,700,68.21654613258278,33.90922979463655,34.307316337946226
1600,10000,800,68.10524397992657,33.90661179673483,34.198632183191734
1600,10000,900,68.0265986623701,33.90938775489809,34.11721090747201
1600,10000,1000,67.93378254421,33.89810736414492,34.03567518006509
1600,10000,1200,66.29008069789988,33.140292490557215,33.14978820734266
1600,10000,1400,59.334206081628835,29.672203632412142,29.662002449216693
1600,10000,1600,52.96522949817318,26.488146287309778,26.4770832108634
1600,10000,1800,47.5412158718453,23.775910968159714,23.76530490368559
1600,10000,2000,42.988284021006784,21.498719445144182,21.4895645758626
1600,10000,2200,39.17021423808785,19.58889180230114,19.581322435786706
1600,10000,2400,35.94925529829499,17.97771872798203,17.971536570312963
1600,10000,2600,33.20804474044967,16.60655012920771,16.601494611241957
1600,10000,2800,30.852808774740755,15.428485466051988,15.424323308688766
1600,10000,3000,28.81029092305968,14.406873516038008,14.403417407021674
1600,10000,4000,21.672195576337813,10.836864206576362,10.835331369761454
1600,10000,5000,17.402190657496114,8.70147720660264,8.700713450893476
1600,10000,6000,14.55686980688662,7.278628246653711,7.27824156023291
1600,10000,7000,12.521521775161421,6.260848388025246,6.260673387136177
1600,10000,8000,10.991129233381098,5.495586890486274,5.495542342894825
1600,10000,9000,9.797155043613815,4.898556784903943,4.898598258709871
1600,10000,10000,8.838817108198162,4.419357956318187,4.419459151879974
1800,500,500,94.40023216756204,47.27166882087151,47.12856334669053
1800,500,600,92.08436271487021,46.16145527024803,45.92290744462218
1800,500,700,90.84748354404226,45.73647404845366,45.1110094955886
1800,500,800,90.55371804378954,45.602984794690876,44.95073324909867
1800,500,900,90.3210453600823,45.484791443840344,44.83625391624195
1800,500,1000,90.03861468780342,45.35433743222106,44.68427725558236
1800,500,1200,74.91861503374636,36.9036909091403,38.01492412460607
1800,500,1400,73.4027831850671,36.18728679304589,37.215496392021194
1800,500,1600,70.74844340698681,35.11352860102681,35.63491480596001
1800,500,1800,60.81634597071423,30.335684739510494,30.480661231203737
1800,500,2000,52.72463233680421,26.342610823128783,26.382021513675433
1800,500,2200,46.74169889614559,23.366512948641915,23.37518594750368
1800,500,2400,42.08671148887965,21.04125613373787,21.04545535514178
1800,500,2600,38.334922243479795,19.163125100982782,19.17179714249702
1800,500,2800,35.232378800721825,17.60822094835023,17.6241578523716
1800,500,3000,32.61589174686963,16.29607806631276,16.31981368055687
1800,500,4000,23.874858755498174,11.909728762418126,11.965129993080044
1800,500,5000,18.86571235191834,9.395444318207511,9.470268033710827
1800,500,6000,15.59967560530901,7.75605915940149,7.843616445907518
1800,500,7000,13.29766248316814,6.600543720062345,6.697118763105794
1800,500,8000,11.586972853758395,5.741820627870072,5.845152225888324
1800,500,9000,10.265741404367573,5.0785650857865425,5.18717631858103
1800,500,10000,9.21478853377576,4.550958490770513,4.663830043005247
1800,600,500,92.63421874667799,46.24914811368492,46.385070632993056
1800,600,600,90.992411527865,45.75758674789317,45.23482477997183
1800,600,700,90.6645466957705,45.66676064078295,44.99778605498755
1800,600,800,90.44727050574744,45.56961564643651,44.87765485931092
1800,600,900,90.27071347676498,45.47486878228748,44.7958446944775
1800,600,1000,80.27495967783636,40.55382005716385,39.72113962067252
1800,600,1200,74.0645141191677,36.505508139928104,37.55900597923959
1800,600,1400,72.89828628657187,36.065768091702196,36.83251819486968
1800,600,1600,70.39254006300166,35.0156679803289,35.37687208267277
1800,600,1800,60.22310078592374,30.067473282650354,30.155627503273383
1800,600,2000,52.35172895117198,26.169080945005273,26.1826480061667
1800,600,2200,46.479971877079905,23.24301166695936,23.23696021012054
1800,600,2400,41.88908202459075,20.94815633968573,20.940925684905018
1800,600,2600,38.177972502757456,19.090239688511723,19.087732814245733
1800,600,2800,35.103083951860675,17.54963536941091,17.55344858244976
1800,600,3000,32.50637410356642,16.24807675131844,16.258297352247975
1800,600,4000,23.81270774743964,11.888981407678498,11.92372633976114
1800,600,5000,18.820226261808866,9.385541241899368,9.434685019909498
1800,600,6000,15.561334732574199,7.751485750803415,7.809848981770784
1800,600,7000,13.262544690301736,6.598878165827281,6.663666524474454
1800,600,8000,11.553224146598664,5.741836342096634,5.81138780450203
1800,600,9000,10.232412725828093,5.079584120285296,5.152828605542797
1800,600,10000,9.181375717989768,4.552583131394453,4.628792586595314
1800,700,500,91.2010265986838,45.71377600359467,45.48725059508914
1800,700,600,90.77131867609688,45.69276246227091,45.07855621382597
1800,700,700,90.52691359874018,45.638301895509095,44.888611703231085
1800,700,800,90.3370222680253,45.55766875231955,44.779353515705736
1800,700,900,90.166671735339,45.459482049950545,44.70718968538845
1800,700,1000,75.4608440166431,37.6018497073166,37.8589943093265
1800,700,1200,73.39756889586769,36.18958685607579,37.2079820397919
1800,700,1400,72.49073162291737,35.951196907614246,36.53953471530311
1800,700,1600,70.01253335895707,34.8820788835175,35.130454475439564
1800,700,1800,59.67697988232393,29.81068371345143,29.866296168872488
1800,700,2000,52.00425556967102,26.00213895651704,26.002116613153976
1800,700,2200,46.234923756432416,23.124088806436006,23.110834949996406
1800,700,2400,41.704119755572535,20.858430713674963,20.845689041897575
1800,700,2600,38.03169972023385,19.019891600628142,19.011808119605714
1800,700,2800,34.98345776917481,17.49297230945722,17.49048545971759
1800,700,3000,32.406036230463776,16.20153187713424,16.20450435332954
1800,700,4000,23.759977050265732,11.868502009320736,11.891475040944998
1800,700,5000,18.78528260402089,9.375496968166075,9.409785635854815
1800,700,6000,15.534626750958815,7.7466210847454855,7.788005666213328
1800,700,7000,13.240003522565617,6.596870824390188,6.643132698175429
1800,700,8000,11.532845341724943,5.741501968019775,5.79134337370517
1800,700,9000,10.213122558669044,5.080262991414646,5.132859567254399
1800,700,10000,9.162566139517164,4.553885415409636,4.608680724107527
1800,800,500,90.90461312067393,45.66180338925489,45.242809731419044
1800,800,600,90.61696354968934,45.676555410081804,44.94040813960754
1800,800,700,90.41219922014672,45.63235483935314,44.77984438079358
1800,800,800,90.23647863392513,45.55550885293162,44.68096978099352
1800,800,900,76.35190328837137,38.3929612449465,37.958942043424884
1800,800,1000,74.1555923234833,36.83996955342272,37.315622770060585
1800,800,1200,72.77068936276011,36.01335755892526,36.75733180383484
1800,800,1400,72.15244984589839,35.84439854694765,36.30805129895073
1800,800,1600,69.58681693994869,34.708917759968955,34.877899179979735
1800,800,1800,59.169944875563516,29.567182894170458,29.602761981393066
1800,800,2000,51.67742593630006,25.842526113153873,25.834899823146188
1800,800,2200,46.002930475461554,23.009916031503046,22.993014443958508
1800,800,2400,41.52856522616826,20.77201954419019,20.756545681978075
1800,800,2600,37.89288357714752,18.95193994840214,18.940943628745384
1800,800,2800,34.87017561520184,17.438073022070036,17.4321025931318
1800,800,3000,32.311386224355516,16.156293361865128,16.15509286249039
1800,800,4000,23.71217238000856,11.848236105259806,11.863936274748752
1800,800,5000,18.755594236973153,9.36531325634193,9.390280980631225
1800,800,6000,15.513656140781286,7.741491746001787,7.772164394779498
1800,800,7000,13.22366305309943,6.594559477409546,6.629103575689886
1800,800,8000,11.519078363354875,5.740859778453108,5.778218584901767
1800,800,9000,10.200800682260832,5.080645303146503,5.12015537911433
1800,800,10000,9.151033871075292,4.554908319853172,4.59612555122212
1800,900,500,90.72286470700794,45.56660266523263,45.15626204177533
1800,900,600,90.49727284280755,45.689008049718,44.808264793089556
1800,900,700,90.31140000661708,45.64055967815064,44.67084032846645
1800,900,800,88.94817256865136,44.94003093498856,44.008141633662795
1800,900,900,74.33731600374931,37.13236881985435,37.20494718389495
1800,900,1000,73.30099893274489,36.3519189657691,36.94907996697577
1800,900,1200,72.31173345885686,35.873040030675845,36.438693428181026
1800,900,1400,71.8650753968074,35.7453659547699,36.119709442037504
1800,900,1600,68.761015489488,34.31384200967886,34.447173479809145
1800,900,1800,58.69664323001043,29.33704455967882,29.35959867033161
1800,900,2000,51.3684117968435,25.690229769543166,25.678182027300338
1800,900,2200,45.782041394790795,22.900383813952722,22.881657580838077
1800,900,2400,41.36078113744761,20.68878493502897,20.671996202418637
1800,900,2600,37.759981639111565,18.886254711527084,18.87372692758448
1800,900,2800,34.76169106867561,17.384826944033737,17.376864124641877
1800,900,3000,32.22082788694171,16.112272787925466,16.108555099016243
1800,900,4000,23.667282347545576,11.828173583722124,11.83910876382345
1800,900,5000,18.72878497673308,9.355012240013194,9.373772736719888
1800,900,6000,15.495761310221944,7.736131052414456,7.759630257807489
1800,900,7000,13.210638011281524,6.591980456120971,6.618657555160553
1800,900,8000,11.508858940629574,5.739945852411506,5.768913088218068
1800,900,9000,10.192236773500722,5.08076557817526,5.111471195325463
1800,900,10000,9.143446486649713,4.555684404891815,4.587762081757898
1800,1000,500,90.59107519981177,45.48490984264766,45.1061653571641
1800,1000,600,90.39550088134811,45.7117219223987,44.6837789589494
1800,1000,700,90.22085758235238,45.65091186175448,44.5699457205979
1800,1000,800,74.68848422014086,37.565854000078936,37.12263022006193
1800,1000,900,73.32534962964314,36.50541288082769,36.81993674881545
1800,1000,1000,72.67308875325779,36.0025000441813,36.6705887090765
1800,1000,1200,71.9547094970041,35.75497475664357,36.19973474036053
1800,1000,1400,71.61597470223785,35.65350707346216,35.9624676287757
1800,1000,1600,68.00423330815852,33.94843732916046,34.05579597899805
1800,1000,1800,58.253104764887624,29.119692655595987,29.133412109291633
1800,1000,2000,51.07527887822702,25.5449731471997,25.530305731027315
1800,1000,2200,45.57102803623609,22.79529491641839,22.7757331198177
1800,1000,2400,41.1998132506033,20.6085763057815,20.591236944821805
1800,1000,2600,37.63214648115139,18.82272240423533,18.809424076916052
1800,1000,2800,34.65718881625586,17.333150824529632,17.32403799172623
1800,1000,3000,32.13354133657294,16.069411157797834,16.064130178775105
1800,1000,4000,23.624312236240772,11.808320303102592,11.81599193313818
1800,1000,5000,18.70367590254508,9.34462062185835,9.359055280686729
1800,1000,6000,15.479613541862635,7.730571274827763,7.749042267034872
1800,1000,7000,13.199481084528987,6.5891662611886455,6.610314823340341
1800,1000,8000,11.500644149487453,5.738791030535053,5.7618531189524
1800,1000,9000,10.185809896407662,5.080652389199462,5.105157507208201
1800,1000,10000,9.13811796808034,4.5562399287725714,4.581878039307769
1800,1200,500,90.39091247173917,45.358334922091295,45.03257754964788
1800,1200,600,78.82867220396656,40.6022120813048,38.22646012266176
1800,1200,700,73.55699692335722,36.92849102363677,36.628505899720444
1800,1200,800,72.62463722541492,36.22017131280311,36.40446591261182
1800,1200,900,72.07584446309613,35.79697638940554,36.27886807369058
1800,1200,1000,71.71655888607647,35.6586045086967,36.05795437737978
1800,1200,1200,71.42447397134727,35.56339700126467,35.861076970082586
1800,1200,1400,71.20049654562028,35.48879334575084,35.71170319986945
1800,1200,1600,66.6627512105554,33.29493899887476,33.36781221168063
1800,1200,1800,57.44326791056839,28.720105590585835,28.723162319982556
1800,1200,2000,50.53106589181053,25.274087742976327,25.2569781488342
1800,1200,2200,45.17531963887028,22.597558767963193,22.57776087090709
1800,1200,2400,40.895963033356864,20.456653428904808,20.43930960445206
1800,1200,2600,37.389736011748816,18.701721603242913,18.688014408505907
1800,1200,2800,34.45837861597813,17.23424359182668,17.224135024151447
1800,1200,3000,31.967100434673906,15.98699351401764,15.980106920656269
1800,1200,4000,23.542242048784438,11.769285923366803,11.772956125417632
1800,1200,5000,18.656322189355688,9.323667437852238,9.332654751503451
1800,1200,6000,15.450019744120643,7.718968148450146,7.731051595670497
1800,1200,7000,13.179983623179137,6.582942553732496,6.59704106944664
1800,1200,8000,11.487238268063512,5.735860684654917,5.751377583408594
1800,1200,9000,10.176210397594904,5.0798184092752106,5.096391988319694
1800,1200,10000,9.130941555037088,4.5567732655387285,4.57416828949836
1800,1400,500,74.47824048273549,37.64152326770762,36.83671721502787
1800,1400,600,72.69589932338535,36.35222965570199,36.343669667683365
1800,1400,700,72.02255458664277,35.90986276084365,36.11269182579912
1800,1400,800,71.59133646802366,35.635240000687126,35.95609646733653
1800,1400,900,71.3088731799988,35.51006999509647,35.798803184902326
1800,1400,1000,71.1712776531818,35.454053067513314,35.71722458566848
1800,1400,1200,71.04048631908572,35.411933566475966,35.62855275260974
1800,1400,1400,70.86164115476146,35.345062806350896,35.51657834841056
1800,1400,1600,65.50662772454702,32.72747438911439,32.77915333543262
1800,1400,1800,56.72094713819843,28.36182439357843,28.359122744620006
1800,1400,2000,50.035842176830485,25.026818132680372,25.00902404415011
1800,1400,2200,44.810694026725436,22.414965060600917,22.395728966124516
1800,1400,2400,40.61356031491559,20.315156419556622,20.29840389535896
1800,1400,2600,37.162993922577215,18.58822521858203,18.574768703995183
1800,1400,2800,34.27148848927204,17.1408890107814,17.130599478490645
1800,1400,3000,31.810006727408084,15.908751557484187,15.901255169923896
1800,1400,4000,23.463897543710758,11.731220673425852,11.732676870284909
1800,1400,5000,18.611112676667965,9.302634065359161,9.308478611308807
1800,1400,6000,15.422106306544702,7.70687839557707,7.715227910967632
1800,1400,7000,13.162105678995385,6.576075928856068,6.586029750139317
1800,1400,8000,11.475549699185407,5.732240755684703,5.743308943500704
1800,1400,9000,10.168486628086596,5.07829866853437,5.0901879595522255
1800,1400,10000,9.125817561489981,4.556647898889789,4.569169662600192
1800,1600,500,72.03608010358272,35.87674770902652,36.1593323945562
1800,1600,600,71.50214628434601,35.563296345437436,35.938849938908575
1800,1600,700,71.19818942067579,35.50213084480998,35.696058575865806
1800,1600,800,70.98664723843557,35.39336961549163,35.59327762294393
1800,1600,900,70.86530112346131,35.334089069076576,35.53121205438474
1800,1600,1000,70.8066607792434,35.308264871942406,35.498395907300996
1800,1600,1200,70.74422789323087,35.28815648792847,35.4560714053024
1800,1600,1400,70.57467520925236,35.21783009024677,35.35684511900559
1800,1600,1600,64.4968794145922,32.22957218817975,32.26730722641246
1800,1600,1800,56.07175725987516,28.038894259223245,28.03286300065192
1800,1600,2000,49.5829235820296,24.800335389096325,24.78258819293327
1800,1600,2200,44.47342256993675,22.24592356129244,22.227499008644312
1800,1600,2400,40.350230626279924,20.183109389945308,20.16712123633462
1800,1600,2600,36.95024764016671,18.48161076828042,18.468636871886293
1800,1600,2800,34.095239819062414,17.0526883834797,17.042551435582713
1800,1600,3000,31.661213301008143,15.834437615605255,15.826775685402888
1800,1600,4000,23.38852558687391,11.69419144071421,11.6943341461597
1800,1600,5000,18.56721086844271,9.281661111399158,9.285549757043555
1800,1600,6000,15.394901727592806,7.694454629669937,7.70044709792287
1800,1600,7000,13.144745578263228,6.568711985338103,6.576033592925125
1800,1600,8000,11.464362598958278,5.728064205212094,5.736298393746185
1800,1600,9000,10.1613252848505,5.076212646223392,5.085112638627107
1800,1600,10000,9.121349823776265,4.555970645769643,4.565379178006621
1800,1800,500,71.00677063171642,35.26995886522764,35.73681176648878
1800,1800,600,70.84684539463255,35.34343912614615,35.5034062684864
1800,1800,700,70.72020959050855,35.29795389311941,35.42225569738914
1800,1800,800,70.63363858457531,35.247034113746814,35.38660447082848
1800,1800,900,70.56766453362071,35.210916712307274,35.35674782131344
1800,1800,1000,70.54065532743985,35.19705383600155,35.34360149143831
1800,1800,1200,70.50535711648621,35.18425628357172,35.32110083291449
1800,1800,1400,70.32476064300982,35.10361208854596,35.22114855446386
1800,1800,1600,63.60532044512772,31.788623898898454,31.816696546229263
1800,1800,1800,55.484568344314184,27.746308520143383,27.738259824170807
1800,1800,2000,49.166958255717056,24.59217348227775,24.57478477343931
1800,1800,2200,44.16049449598494,22.089030609558694,22.071463886426248
1800,1800,2400,40.10408462609177,20.059644912032333,20.04443971405944
1800,1800,2600,36.75021558694472,18.38132000793536,18.36889557900936
1800,1800,2800,33.92870989345274,16.969278710428018,16.95943118302473
1800,1800,3000,31.52002191051546,15.76381990627849,15.756202004236966
1800,1800,4000,23.315803369633276,11.658239169442325,11.65756420019095
1800,1800,5000,18.524312482501784,9.260855226607257,9.263457255894528
1800,1800,6000,15.368050199337866,7.681816126366968,7.686234072970898
1800,1800,7000,13.127483628521636,6.560965842780951,6.566517785740685
1800,1800,8000,11.45319622473704,5.72343677644434,5.7297594482927
1800,1800,9000,10.154191287008928,5.073655635601398,5.080535651407529
1800,1800,10000,9.11695602540146,4.554826793762921,4.562129231638539
1800,2000,500,70.60140209535264,35.238622784198746,35.3627793111539
1800,2000,600,70.51808911328747,35.22925882453862,35.28883028874885
1800,2000,700,70.45942337727945,35.18628430084221,35.27313907643723
1800,2000,800,70.40313920900141,35.14957536163917,35.25356384736223
1800,2000,900,70.35246259070489,35.11926336188018,35.233199228824716
1800,2000,1000,70.33593042554989,35.10873928719265,35.22719113835723
1800,2000,1200,70.30676202608845,35.09539384267967,35.21136818340878
1800,2000,1400,70.1026239687403,34.999889684337255,35.10273428440304
1800,2000,1600,62.81095624111999,31.394929694555977,31.416026546564005
1800,2000,1800,54.95053470091016,27.479922476984985,27.470612223925176
1800,2000,2000,48.783524712253715,24.400214778389547,24.383309933864172
1800,2000,2200,43.869372233725166,21.943056292053374,21.926315941671785
1800,2000,2400,39.873521009346895,19.943991001482235,19.92953000786466
1800,2000,2600,36.56182029017095,18.286847758672018,18.274972531498932
1800,2000,2800,33.77114037176667,16.89032427383297,16.880816097933693
1800,2000,3000,31.385880614825716,15.696677079711217,15.689203535114501
1800,2000,4000,23.24556483195626,11.623382993083197,11.622181838873061
1800,2000,5000,18.48231192803895,9.24029633206142,9.24201559597753
1800,2000,6000,15.341432858684804,7.669056669219626,7.67237618946518
1800,2000,7000,13.11016856795086,6.552929811994828,6.557238755956032
1800,2000,8000,11.441863850839106,5.718444203638082,5.723419647201022
1800,2000,9000,10.14686442916606,5.070705414246237,5.0761590149198215
1800,2000,10000,9.112385963333605,4.553286253254193,4.559099710079412
1800,2200,500,70.48283723557334,35.152278768422555,35.33055846715079
1800,2200,600,70.39901621442979,35.17311793837215,35.22589827605764
1800,2200,700,70.32055287592732,35.12331877420541,35.197234101721904
1800,2200,800,70.24453833356161,35.08171600528734,35.162822328274274
1800,2200,900,70.18937979162891,35.04842364361033,35.14095614801858
1800,2200,1000,70.17239586513142,35.036547010797904,35.13584885433353
1800,2200,1200,70.13762110188766,35.018081959629654,35.11953914225802
1800,2200,1400,69.90228610408099,34.904876072133604,34.99741003194738
1800,2200,1600,62.09774784127068,31.04092903086333,31.056818810407353
1800,2200,1800,54.46249468450909,27.236304731466618,27.22618995304248
1800,2200,2000,48.428907214904946,24.2226448005573,24.20626241434765
1800,2200,2200,43.59787361090569,21.80692347843551,21.79095013247018
1800,2200,2400,39.65714425695668,19.835459501934565,19.821684755022115
1800,2200,2600,36.384117652381185,18.197735513552576,18.186382138828613
1800,2200,2800,33.62186845433948,16.815513714854514,16.80635473948496
1800,2200,3000,31.258312613357916,15.632797782868266,15.625514830489646
1800,2200,4000,23.177703501615824,11.589625334992327,11.588078166623497
1800,2200,5000,18.441180642372,9.22004366205662,9.221136980315379
1800,2200,6000,15.31502727509599,7.6562503827675625,7.6587768923284285
1800,2200,7000,13.092762481129137,6.544678711706408,6.548083769422729
1800,2200,8000,11.430306080066488,5.71315691732117,5.717149162745318
1800,2200,9000,10.139263407705702,5.067426447406367,5.071836960299335
1800,2200,10000,9.107537917226237,4.551407319552569,4.556130597673668
1800,2400,500,70.37167875560654,35.07237805848473,35.299300697121815
1800,2400,600,70.28690289859524,35.120469361904924,35.166433536690306
1800,2400,700,70.2059549345053,35.06810111269655,35.137853821808754
1800,2400,800,70.12736223568677,35.024836054964,35.10252618072278
1800,2400,900,70.0630983475851,34.991076173158895,35.072022174426195
1800,2400,1000,70.03815546358052,34.9762427182148,35.06191274536574
1800,2400,1200,69.99084392328446,34.94988352511552,35.040960398168956
1800,2400,1400,69.71981044705198,34.81731604429279,34.902494402759196
1800,2400,1600,61.45317720583625,30.720641929690167,30.732535276146088
1800,2400,1800,54.014566992939145,27.012599756086555,27.001967236852597
1800,2400,2000,48.099948196742695,24.05790538959252,24.042042807150178
1800,2400,2200,43.34410154090043,21.67968724546395,21.66441429543648
1800,2400,2400,39.45372196297753,19.733436040558548,19.720285922418988
1800,2400,2600,36.21626490008777,18.113566770246,18.102698129841773
1800,2400,2800,33.48029856273811,16.744558570231845,16.735739992506268
1800,2400,3000,31.136888505953422,15.571981262822852,15.564907243130566
1800,2400,4000,23.112135215043082,11.556956290928193,11.55517892411489
1800,2400,5000,18.40091863322565,9.200140478305554,9.200778154920094
1800,2400,6000,15.288849985070557,7.64345604453521,7.645393940535349
1800,2400,7000,13.075276235198412,6.536273615146658,6.539002620051756
1800,2400,8000,11.418520771334602,5.707633333644072,5.7108874376905305
1800,2400,9000,10.131371253513874,5.063872747057071,5.067498506456803
1800,2400,10000,9.10238041777308,4.549239185525596,4.5531412322474845
1800,2600,500,70.2673462125854,34.99831371888912,35.26903249369627
1800,2600,600,70.1811967977402,35.07114515928939,35.110051638450805
1800,2600,700,70.0978115599716,35.01599583719697,35.08181572277463
1800,2600,800,70.0165912086763,34.97091694782997,35.045674260846326
1800,2600,900,69.95347953021518,34.937607421678884,35.015872108536286
1800,2600,1000,69.9258619621438,34.923137220268046,35.00272474187576
1800,2600,1200,69.86152376317993,34.889009500293255,34.972514262886676
1800,2600,1400,69.45405421614186,34.68872266723017,34.76533154891169
1800,2600,1600,60.867295449564935,30.429271387801556,30.43802406176339
1800,2600,1800,53.60186490995932,26.806415008073536,26.79544990188578
1800,2600,2000,47.793941982485165,23.904653355076963,23.889288627408195
1800,2600,2200,43.106395232581264,21.560516513434294,21.545878719146973
1800,2600,2400,39.26215799815722,19.6373712382686,19.62478675988862
1800,2600,2600,36.05750304087147,18.03396307025138,18.02353997062008
1800,2600,2800,33.34588884388123,16.677192088284922,16.668696755596308
1800,2600,3000,31.02121438128063,15.514037913049552,15.507176468231078
1800,2600,4000,23.048783406336778,11.525357085628446,11.52342632070833
1800,2600,5000,18.36153424674174,9.180617677284607,9.180916569457132
1800,2600,6000,15.26293148577523,7.630720293537411,7.63221119223782
1800,2600,7000,13.057740730034272,6.527764641804642,6.529976088229629
1800,2600,8000,11.406531277926135,5.701922247010162,5.704609030915973
1800,2600,9000,10.123201155987028,5.060089931918583,5.063111224068444
1800,2600,10000,9.096916095725687,4.546823728316522,4.550092367409166
1800,2800,500,70.16928808165581,34.929524869082904,35.239763212572896
1800,2800,600,70.0811473971213,35.00129314937033,35.079854247750966
1800,2800,700,69.995618558864,34.96680314237086,35.02881541649313
1800,2800,800,69.91177428813454,34.91980912133517,34.99196516679937
1800,2800,900,69.84994543159686,34.88696527319804,34.96298015839883
1800,2800,1000,69.82207565688077,34.87236438670023,34.949711270180536
1800,2800,1200,69.74603771844266,34.8340663751704,34.911971343272256
1800,2800,1400,68.93423497269815,34.43760072221328,34.49663425048487
1800,2800,1600,60.332071938738636,30.16291918448426,30.169152754254377
1800,2800,1800,53.220287350056914,26.615731447388544,26.60455590266837
1800,2800,2000,47.50855427235044,23.76172571338933,23.74682855896111
1800,2800,2200,42.883293305549934,21.448678216368005,21.434615089181925
1800,2800,2400,39.08147311597868,19.546772997742977,19.53470011823571
1800,2800,2600,35.907145407362854,17.95858042459342,17.948564982769433
1800,2800,2800,33.21814354310197,16.613168012727805,16.60497553037416
1800,2800,3000,30.910926043122288,15.458789509982564,15.452136533139718
1800,2800,4000,22.98757347400392,11.494802712294755,11.492770761709165
1800,2800,5000,18.323035707911774,9.161496556031484,9.161539151880294
1800,2800,6000,15.237305099979332,7.6180801034393895,7.619224996539943
1800,2800,7000,13.040193551312116,6.5191930793519886,6.521000471960129
1800,2800,8000,11.394371311752087,5.696064627721971,5.698306684030117
1800,2800,9000,10.114779911699834,5.056116774102376,5.058663137597457
1800,2800,10000,9.091163957189506,4.54419683610954,4.546967121079965
1800,3000,500,70.0769960577792,34.86549256505669,35.211503492722514
1800,3000,600,69.98645439719596,34.935040828499204,35.05141356869675
1800,3000,700,69.8989433578178,34.92039554159006,34.978547816227724
1800,3000,800,69.81256704539491,34.87140512162663,34.9411619237683
1800,3000,900,69.75200453432022,34.83895774950266,34.91304678481756
1800,3000,1000,69.72350441146718,34.82400501858475,34.899499392882426
1800,3000,1200,69.6396808609198,34.78206653656398,34.85761432435581
1800,3000,1400,68.37157583644117,34.16234471237013,34.20923112407104
1800,3000,1600,59.84093689560201,29.91838017119088,29.922556724411137
1800,3000,1800,52.86636240498123,26.438833263277566,26.427529141703673
1800,3000,2000,47.2417593241777,23.62811097145487,23.61364835272283
1800,3000,2200,42.67350445159709,21.343523792471228,21.329980659125862
1800,3000,2400,38.910789680682825,19.46119973151324,19.449589949169585
1800,3000,2600,35.76456907594114,17.887106019386135,17.877463056555005
1800,3000,2800,33.096607886962154,16.552259298093407,16.544348588868747
1800,3000,3000,30.80568573818307,15.406069163330212,15.399616574852853
1800,3000,4000,22.928430937453964,11.46526393386463,11.463167003589334
1800,3000,5000,18.285427808157678,9.142790937359523,9.142636870798157
1800,3000,6000,15.212002065946503,7.605564688764801,7.606437377181703
1800,3000,7000,13.022672680534024,6.510593015396772,6.512079665137253
1800,3000,8000,11.382077548677277,5.690095020895596,5.691982527781682
1800,3000,9000,10.106139613419892,5.051986387896346,5.054153225523546
1800,3000,10000,9.085150338726988,4.541389434169057,4.5437609045579315
1800,4000,500,69.68703563003132,34.60254109966934,35.08449453036199
1800,4000,600,69.58371360819334,34.66162393523331,34.92208967296003
1800,4000,700,69.48447842219821,34.69414606805833,34.79033235413987
1800,4000,800,69.38982603848216,34.665722674942266,34.72410336353988
1800,4000,900,69.33235555690585,34.63278468556653,34.69957087133933
1800,4000,1000,69.29725211140139,34.613880892564126,34.68337121883726
1800,4000,1200,69.16320811938294,34.54703817652305,34.616169942859905
1800,4000,1400,65.6624045415333,32.81831202904972,32.84409251248358
1800,4000,1600,57.883923644978736,28.943042750264375,28.940880894714358
1800,4000,1800,51.42103891761083,25.716217073083307,25.704821844527526
1800,4000,2000,46.131808109452805,23.072277825490563,23.059530283962243
1800,4000,2200,41.788255073156236,20.89991426734912,20.88834080580711
1800,4000,2400,38.18234931370014,19.09609960590908,19.086249707791062
1800,4000,2600,35.15026461271595,17.579232714474102,17.571031898241845
1800,4000,2800,32.56857223312256,16.28767774618357,16.280894486938994
1800,4000,3000,30.34498189521369,15.175293932276352,15.169687962937335
1800,4000,4000,22.661130878612695,11.331643758443901,11.329487120168793
1800,4000,5000,18.110617012898068,9.055636316365499,9.05498069653257
1800,4000,6000,15.091128404401736,7.545503234634036,7.545625169767702
1800,4000,7000,12.936572700959804,6.467997208205906,6.4685754927538985
1800,4000,8000,11.319767827475758,5.659448469762573,5.660319357713185
1800,4000,9000,10.060757200364865,5.029842994136123,5.030914206228742
1800,4000,10000,9.052153274427798,4.525468903258327,4.526684371169471
1800,5000,500,69.38677139894439,34.408319751564726,34.97845164737967
1800,5000,600,69.27088430554777,34.457776081540196,34.813108224007586
1800,5000,700,69.15900470057298,34.48146599791518,34.677538702657806
1800,5000,800,69.05887865809562,34.49357094688067,34.56530771121495
1800,5000,900,69.00201509636403,34.47103044669384,34.5309846496702
1800,5000,1000,68.95767879608555,34.44606628874085,34.511612507344694
1800,5000,1200,68.75817067016105,34.346079883933996,34.41209078622706
1800,5000,1400,63.79935440240305,31.892830436750515,31.906523965652532
1800,5000,1600,56.48799468748953,28.24669817289018,28.241296514599348
1800,5000,1800,50.35688870335236,25.184056254932248,25.172832448420113
1800,5000,2000,45.29414012548849,22.652869547378124,22.641270578110365
1800,5000,2200,41.10715410355944,20.55872473077749,20.54842937278195
1800,5000,2400,37.61304813420079,18.810873408294313,18.80217472590647
1800,5000,2600,34.66374031348063,17.335488258076953,17.328252055403684
1800,5000,2800,32.14544321220987,16.07572291278207,16.0697202994278
1800,5000,3000,29.971859869789352,14.988424509973289,14.983435359816063
1800,5000,4000,22.434707749802573,11.218386468629559,11.216321281173014
1800,5000,5000,17.956656118398826,8.978736034866033,8.977920083532792
1800,5000,6000,14.980645907326302,7.490411701459993,7.490234205866307
1800,5000,7000,12.854884628313627,6.4273459601174965,6.42753866819613
1800,5000,8000,11.258290377138875,5.628931522515585,5.62935885462329
1800,5000,9000,10.014017661197409,5.006715768034712,5.007301893162696
1800,5000,10000,9.016456578362984,4.5078787018050415,4.508577876557944
1800,6000,500,69.14867580126071,34.259329087797774,34.889346713462935
1800,6000,600,69.02124261931675,34.3000538762595,34.721188743057255
1800,6000,700,68.89787533383375,34.31590668074057,34.581968653093185
1800,6000,800,68.79312289296742,34.32372659047813,34.46939630248929
1800,6000,900,68.73489782517704,34.34187275359304,34.393025071584
1800,6000,1000,68.68073246677348,34.309624201506374,34.371108265267104
1800,6000,1200,68.40893628050968,34.17237510207806,34.23656117843162
1800,6000,1400,62.43311746489405,31.213663191434154,31.219454273459895
1800,6000,1600,55.43894346508409,27.723162441608796,27.71578102347529
1800,6000,1800,49.53956889893979,24.77530903572558,24.76425986321421
1800,6000,2000,44.63934326708137,22.325074976567702,22.31426829051367
1800,6000,2200,40.56714207748123,20.28827957185379,20.27886250562744
1800,6000,2400,37.15633368559267,18.582116562201794,18.57421712339088
1800,6000,2600,34.26945685088996,17.13800643654982,17.131450414340136
1800,6000,2800,31.799429425494942,15.902435128172614,15.89699429732233
1800,6000,3000,29.664216187789176,14.834374745962043,14.829841441827137
1800,6000,4000,22.241379375683692,11.121664701581906,11.119714674101786
1800,6000,5000,17.821167512275366,8.911015418812747,8.910152093462619
1800,6000,6000,14.880624260785805,7.440468991113499,7.440155269672308
1800,6000,7000,12.77884687971323,6.389422362366391,6.389424517346839
1800,6000,8000,11.199427180939395,5.599613236511247,5.599813944428148
1800,6000,9000,9.967920972350202,4.983793479279036,4.984127493071166
1800,6000,10000,8.980103584287889,4.489837711796463,4.490265872491426
1800,7000,500,68.95532724024022,34.14156600052983,34.813761239710395
1800,7000,600,68.81753308089355,34.17446549536213,34.64306758553142
1800,7000,700,68.68390295344336,34.183338539150554,34.5005644142928
1800,7000,800,68.57700236599037,34.18837849601522,34.38862386997515
1800,7000,900,68.51443516634498,34.20305415702148,34.311381009323505
1800,7000,1000,68.45030530955123,34.19702376905428,34.25328154049694
1800,7000,1200,68.1070875250412,34.02220937707838,34.084878147962804
1800,7000,1400,61.385911486184185,30.692809161177177,30.69310232500701
1800,7000,1600,54.620461334752086,27.314604172391796,27.305857162360287
1800,7000,1800,48.891639008008056,24.451280220284907,24.440358787723145
1800,7000,2000,44.113345788190365,22.0617938274136,22.05155196077677
1800,7000,2200,40.12860708114021,20.068696363284765,20.05991071785545
1800,7000,2400,36.7820258286538,18.394672210666737,18.387353617987063
1800,7000,2600,33.94372417491797,16.9748898277895,16.968834347128464
1800,7000,2800,31.51152009304499,15.758270724446275,15.753249368598713
1800,7000,3000,29.406546083016607,14.705366491903055,14.701179591113556
1800,7000,4000,22.07485085035306,11.038345842322808,11.036505008030248
1800,7000,5000,17.701601223823584,8.85123438947516,8.850366834348426
1800,7000,6000,14.79034775216812,7.395363702267993,7.394984049900128
1800,7000,7000,12.708709606552658,6.35440540973679,6.3543041968158676
1800,7000,8000,11.14394634724259,5.571936819544812,5.572009527697779
1800,7000,9000,9.923505669706609,4.961658446334714,4.961847223371895
1800,7000,10000,8.944260922002488,4.471995327039305,4.472265594963185
1800,8000,500,68.79522828324129,34.04623142954634,34.74899685369495
1800,8000,600,68.64820730366449,34.07216212213866,34.57604518152584
1800,8000,700,68.5054532167138,34.07481495791504,34.430638258798766
1800,8000,800,68.39737213824696,34.07777717063402,34.31959496761294
1800,8000,900,68.32940425173261,34.0887762207216,34.24062803101101
1800,8000,1000,68.25518339654197,34.08907264212133,34.166110754420636
1800,8000,1200,67.66098762547259,33.8040221980454,33.856965427427184
1800,8000,1400,60.556276821039106,30.28025272229655,30.27602409874255
1800,8000,1600,53.96345962925817,26.986624215842816,26.976835413415355
1800,8000,1800,48.36514837485522,24.187992648660664,24.17715572619456
1800,8000,2000,43.681503966864156,21.845665209669097,21.835838757195052
1800,8000,2200,39.76545523913762,19.886884850179293,19.87857038895833
1800,8000,2400,36.46977237126747,18.238326380276018,18.231445990991453
1800,8000,2600,33.67023202520858,16.8379529731643,16.83227905204428
1800,8000,2800,31.26837296125216,15.636535502210801,15.63183745904136
1800,8000,3000,29.18776557549685,14.595841069868069,14.59192450562878
1800,8000,4000,21.9301615975296,10.965952842323587,10.964208755206014
1800,8000,5000,17.59562661212536,8.79824046046784,8.797386151657525
1800,8000,6000,14.708846197686634,7.354628976494085,7.354217221192549
1800,8000,7000,12.644264634906879,6.322212670466482,6.322051964440396
1800,8000,8000,11.092080949282119,5.546042823541231,5.546038125740888
1800,8000,9000,9.881261358379403,4.940581217758823,4.9406801406205805
1800,8000,10000,8.909563636966427,4.454696148184617,4.454867488781809
1800,9000,500,68.66037506155705,33.97431462319133,34.68606043836571
1800,9000,600,68.50527018709205,33.98727007342254,34.5180001136695
1800,9000,700,68.35466238117864,33.984482401132695,34.37017998004596
1800,9000,800,68.24555364327269,33.98563521672762,34.25991842654506
1800,9000,900,68.17192711366809,33.9929971541797,34.17892995948839
1800,9000,1000,68.0876168956667,33.987668503616476,34.09994839205022
1800,9000,1200,66.89307510611006,33.433017099456535,33.46005800665352
1800,9000,1400,59.88245491316098,29.94518133448548,29.937273578675494
1800,9000,1600,53.42414741568217,26.717395988595623,26.706751427086548
1800,9000,1800,47.92876034979799,23.969776691189036,23.958983658608958
1800,9000,2000,43.320590132955985,21.665052767927413,21.655537365028568
1800,9000,2200,39.459816184308714,19.733884853158262,19.725931331150452
1800,9000,2400,36.2053803516645,18.10596041325554,18.099419938408964
1800,9000,2600,33.43742121334819,16.721398080865736,16.716023132482448
1800,9000,2800,31.060390220724628,15.532416262184706,15.527973958539922
1800,9000,3000,28.99978699006643,14.501743804246527,14.498043185819899
1800,9000,4000,21.803422790651563,10.902541408795113,10.900881381856449
1800,9000,5000,17.501235955768607,8.751035062288782,8.750200893479823
1800,9000,6000,14.635125913741476,7.317776124945365,7.31734978879611
1800,9000,7000,12.585112052089281,6.292654130257259,6.29245792183202
1800,9000,8000,11.043792861447065,5.5219233442739535,5.52186951717311
1800,9000,9000,9.841373901221127,4.920666765611478,4.920707135609649
1800,9000,10000,8.87633592523962,4.438114984373361,4.438220940866259
1800,10000,500,68.5451855283938,33.921434804126484,34.62375072426732
1800,10000,600,68.38301913982828,33.915706015363945,34.46731312446434
1800,10000,700,68.2258743203176,33.90827783269957,34.317596487618026
1800,10000,800,68.11548199781988,33.90766906419021,34.207812933629675
1800,10000,900,68.03625004837633,33.91152319835103,34.12472685002531
1800,10000,1000,67.94226904529005,33.90087208521435,34.041396960075694
1800,10000,1200,66.23967994897401,33.11671968511073,33.122960263863284
1800,10000,1400,59.32410649015539,29.667530655267427,29.656575834887963
1800,10000,1600,52.973347002381644,26.492356379316053,26.480990623065594
1800,10000,1800,47.561099166483395,23.78593729273569,23.775161873747706
1800,10000,2000,43.01444092971943,21.51185888430305,21.50258204541638
1800,10000,2200,39.19904453364342,19.603357236966477,19.595687296676946
1800,10000,2400,35.97866110116244,17.992465744425964,17.986195356736477
1800,10000,2600,33.23688653644508,16.621010932650183,16.615875603794894
1800,10000,2800,30.880509373767264,15.442372527947317,15.438136845819946
1800,10000,3000,28.836591209123767,14.420057959799259,14.416533249324505
1800,10000,4000,21.691574669271425,10.846580969075688,10.844993700195737
1800,10000,5000,17.41674061314174,8.708776204815027,8.707964408326715
1800,10000,6000,14.568261876608258,7.284346633878249,7.283915242730009
1800,10000,7000,12.530789508519419,6.265503638088092,6.265285870431326
1800,10000,8000,10.998912410427993,5.499499262011252,5.49941314841674
1800,10000,9000,9.803862803274733,4.90193105501167,4.901931748263062
1800,10000,10000,8.84472046490133,4.422329760002817,4.422390704898514
2000,500,500,93.71223835184853,46.911102962684126,46.80113538916439
2000,500,600,91.4828234528031,45.78057394718134,45.702249505621765
2000,500,700,90.80331901105536,45.577894368339315,45.22542464271605
2000,500,800,90.53858077912318,45.46973168547981,45.06884909364337
2000,500,900,90.32431035369412,45.36587967699915,44.958430676694974
2000,500,1000,89.99574512060836,45.217734395351144,44.77801072525721
2000,500,1200,74.29079033776873,36.524938698277516,37.7658516394912
2000,500,1400,72.97661436821583,36.02221845927986,36.95439590893597
2000,500,1600,70.35098241134962,34.930357619016924,35.4206247923327
2000,500,1800,60.65363052422099,30.26503534394018,30.38859518028081
2000,500,2000,52.65567308256259,26.318440197136734,26.33723288542586
2000,500,2200,46.71482458196116,23.363199449924252,23.351625132036908
2000,500,2400,42.08193519873502,21.048690867280342,21.03324433145467
2000,500,2600,38.34296911242322,19.17664109290804,19.166328019515177
2000,500,2800,35.24834891532914,17.625394675317185,17.622954240011953
2000,500,3000,32.63694652288298,16.315534385078436,16.321412137804547
2000,500,4000,23.90407764002345,11.932537286487966,11.971540353535481
2000,500,5000,18.894067408112168,9.41753926813386,9.476528139978306
2000,500,6000,15.625103878306755,7.776603476492097,7.848500401814659
2000,500,7000,13.31974953429168,6.619409613544309,6.7003399207473695
2000,500,8000,11.60581521001014,5.759086195318129,5.846729014692012
2000,500,9000,10.28159020045183,5.094369882095956,5.187220318355875
2000,500,10000,9.227933347726216,4.565452778831911,4.662480568894307
2000,600,500,92.04823232057663,45.93183381449706,46.11639850607958
2000,600,600,90.93512201604963,45.570988841940824,45.36413317410881
2000,600,700,90.63231539897667,45.51496847115086,45.11734692782582
2000,600,800,90.41914575929141,45.43688034518841,44.982265414103004
2000,600,900,90.23695719984566,45.340121440182045,44.89683575966362
2000,600,1000,76.46001396289788,38.09209132232469,38.367922640573184
2000,600,1200,73.55150096226848,36.20745234375673,37.344048618511756
2000,600,1400,72.54578968198545,35.92177616321206,36.6240135187734
2000,600,1600,70.03629649880902,34.84854058917386,35.187755909635165
2000,600,1800,60.08854402251112,30.008354591123442,30.080189431387687
2000,600,2000,52.29785034294446,26.14977854275186,26.1480718001926
2000,600,2200,46.46300358589949,23.2418507814088,23.2211528044907
2000,600,2400,41.89161605157282,20.95641566199884,20.935200389573982
2000,600,2600,38.19181388555687,19.103842301101697,19.087971584455172
2000,600,2800,35.12388552623716,17.566451169680068,17.55743435655709
2000,600,3000,32.53161640083691,16.266892276327305,16.264724124509605
2000,600,4000,23.844906874871402,11.910667730539576,11.934239144331825
2000,600,5000,18.851450418234258,9.406512049610555,9.444938368623701
2000,600,6000,15.589810294580742,7.771002586675023,7.818807707905718
2000,600,7000,13.287929700785389,6.6168289325814165,6.671100768203974
2000,600,8000,11.575610001035203,5.758293135809206,5.817316865225999
2000,600,9000,10.252030104330187,5.094674309207938,5.157355795122248
2000,600,10000,9.19848756276081,4.566444400550146,4.632043162210663
2000,700,500,91.0943282582764,45.47394013687358,45.62038812140282
2000,700,600,90.7333381143674,45.51517854971175,45.21815956465564
2000,700,700,90.49887748942967,45.489527351484604,45.00935013794507
2000,700,800,90.30790790347073,45.425390850120756,44.882517053349964
2000,700,900,87.86785558402957,44.418360947391584,43.449494636637986
2000,700,1000,74.57608641009584,37.02498433161018,37.55110207848566
2000,700,1200,72.89352505328581,36.00428485266263,36.88924020062317
2000,700,1400,72.19231566507865,35.8242888078511,36.36802685722755
2000,700,1600,69.6910466773306,34.729271756634034,34.96177492069656
2000,700,1800,59.56432974031936,29.760856405813442,29.803473334505917
2000,700,2000,51.96162791059003,25.98677992332691,25.97484798726312
2000,700,2200,46.22488651922784,23.124673164967383,23.10021335426045
2000,700,2400,41.7113916429336,20.86734687695434,20.844044765979262
2000,700,2600,38.048995132795376,19.033538222048804,19.01545691074657
2000,700,2800,35.00689537323206,17.50945689741289,17.497438475819177
2000,700,3000,32.43336643602132,16.219773766121403,16.213592669899914
2000,700,4000,23.79321939024592,11.889186400981343,11.904032989264573
2000,700,5000,18.817455670415516,9.395454405150321,9.422001265265193
2000,700,6000,15.564195631403598,7.765204929273705,7.798990702129892
2000,700,7000,13.266683394629592,6.613986802555729,6.6526965920738625
2000,700,8000,11.556729091954411,5.757218362395494,5.799510729558918
2000,700,9000,10.234424422300828,5.094697259973007,5.139727162327821
2000,700,10000,9.181529306578572,4.567164277868047,4.614365028710524
2000,800,500,90.85852176968287,45.44465759416547,45.41386417551738
2000,800,600,90.58834349909948,45.50456940288538,45.08377409621409
2000,800,700,90.38380878796728,45.48523164591836,44.898577142048914
2000,800,800,90.20449184974393,45.42076193831225,44.78372991143168
2000,800,900,74.9839475987394,37.48483421672466,37.49911338201475
2000,800,1000,73.55160277537634,36.45644719832808,37.09515557704825
2000,800,1200,72.39025427270239,35.86547451329294,36.52477975940945
2000,800,1400,71.89539978128239,35.731738571107364,36.163661210175036
2000,800,1600,69.32928628514875,34.5873049648001,34.74198132034865
2000,800,1800,59.075190541590175,29.52514209212851,29.550048449461663
2000,800,2000,51.64383164879341,25.830541468011734,25.813290180781674
2000,800,2200,45.99823478018041,23.012028225877422,22.986206554302985
2000,800,2400,41.539270475205356,20.781529529051113,20.757740946154247
2000,800,2600,37.912487557840336,18.965646729062932,18.946840828777407
2000,800,2800,34.895200042211194,17.45428542686029,17.44091461535091
2000,800,3000,32.33981668307611,16.174045076291645,16.165771606784464
2000,800,4000,23.745572786715964,11.868030699960267,11.877542086755698
2000,800,5000,18.787819892870388,9.384356569658125,9.403463323212263
2000,800,6000,15.543393627726871,7.759226412740794,7.784167214986077
2000,800,7000,13.250681561806486,6.6109110167503955,6.63977054505609
2000,800,8000,11.543474740423058,5.755895123859135,5.787579616563923
2000,800,9000,10.222776229072029,5.094474148996767,5.128302080075261
2000,800,10000,9.17081460726172,4.567648210874135,4.603166396387586
2000,900,500,90.69399808970381,45.465193401060496,45.228804688643315
2000,900,600,90.46896790452092,45.51962708866494,44.949340815855976
2000,900,700,90.28080473022096,45.49356564939208,44.78723908082888
2000,900,800,75.95893084840169,38.337414947403694,37.621515900998
2000,900,900,73.6553860015081,36.67898255705006,36.97640344445804
2000,900,1000,72.8358852528977,36.0698247677333,36.7660604851644
2000,900,1200,72.0079803736093,35.749365911283114,36.258614462326186
2000,900,1400,71.64065019365052,35.6446947615555,35.995955432095
2000,900,1600,68.55196127920438,34.21534672579666,34.33661455340771
2000,900,1800,58.616951030740246,29.301682832972787,29.315268197767463
2000,900,2000,51.342404064797165,25.681219580571174,25.661184484225984
2000,900,2200,45.78172606181647,22.90388194931502,22.877844112501453
2000,900,2400,41.374182383146184,20.698861938970833,20.675320444175348
2000,900,2600,37.78127759307907,18.900052361053852,18.88122523202522
2000,900,2800,34.78775817258392,17.40082934169823,17.386928830885687
2000,900,3000,32.24985959021874,16.129614111476922,16.120245478741815
2000,900,4000,23.70040848527103,11.847176716763242,11.853231768507788
2000,900,5000,18.760622593282537,9.373228894412923,9.387393698869616
2000,900,6000,15.525200999894972,7.753090624799012,7.772110375095961
2000,900,7000,13.237503307140942,6.6076298136228395,6.629873493518102
2000,900,8000,11.533253105905443,5.754352696521255,5.778900409384188
2000,900,9000,10.214351499732715,5.094033687041005,5.1203178126917095
2000,900,10000,9.163493368179582,4.567923672168991,4.59556969601059
2000,1000,500,90.56506010224611,45.39469424889074,45.17036585335536
2000,1000,600,90.36562690961226,45.54990363964245,44.81572326996982
2000,1000,700,89.39925038486078,44.92328271349495,44.47596767136584
2000,1000,800,73.86035930178875,36.99913139285414,36.86122790893461
2000,1000,900,72.83380564309346,36.191422298291755,36.64238334480171
2000,1000,1000,72.24500409233823,35.820862248655224,36.42414184368301
2000,1000,1200,71.70370438912998,35.64919062099812,36.05451376813187
2000,1000,1400,71.41798154776632,35.563094163433384,35.85488738433293
2000,1000,1600,67.82670957192715,33.86476137686743,33.961948195059726
2000,1000,1800,58.18633755601829,29.090145389073733,29.09619216694455
2000,1000,2000,51.05582326370754,25.53862770195255,25.51719556175499
2000,1000,2200,45.57445266331372,22.800071926221612,22.77438073709211
2000,1000,2400,41.2154537252621,20.619204945012317,20.596248780249784
2000,1000,2600,37.654776184509224,18.836641518735085,18.818134665774135
2000,1000,2800,34.683999160235786,17.34899929000416,17.334999870231627
2000,1000,3000,32.16291145145341,16.086412713268942,16.076498738184473
2000,1000,4000,23.65695342703988,11.826618003126452,11.830335423913427
2000,1000,5000,18.734906660192227,9.362087697228654,9.37281896296357
2000,1000,6000,15.508515159792086,7.746821414711505,7.76169374508058
2000,1000,7000,13.225931401175377,6.604168812655673,6.621762588519703
2000,1000,8000,11.52475538329568,5.7526162079828485,5.772139175312831
2000,1000,9000,10.207766865556737,5.0933996502269805,5.114367215329756
2000,1000,10000,9.158120356676694,4.568012820203836,4.590107536472859
2000,1200,500,90.36292697210183,45.28182034671672,45.0811066253851
2000,1200,600,75.00873891757941,37.97783662336053,37.030902294218876
2000,1200,700,72.9829653061937,36.53159818129137,36.45136712490233
2000,1200,800,72.2358242531741,35.966288892225684,36.2695353609484
2000,1200,900,71.73792204470334,35.66003995670467,36.07788208799866
2000,1200,1000,71.46956997971583,35.556036503610656,35.91353347610517
2000,1200,1200,71.2419899713439,35.48280007811916,35.759189893224736
2000,1200,1400,71.0427274234625,35.41492647480532,35.627800948657175
2000,1200,1600,66.53416853841203,33.23443705858635,33.299731479825674
2000,1200,1800,57.39760187405981,28.700196089726585,28.697405784333228
2000,1200,2000,50.522497197301014,25.27234240847196,25.250154788829057
2000,1200,2200,45.18494617118557,22.60463621536387,22.580309955821704
2000,1200,2400,40.915247853839794,20.468344913985046,20.44690293985475
2000,1200,2600,37.414441352966854,18.715955819270466,18.69848553369639
2000,1200,2800,34.48622781243098,17.249919587779917,17.23630822465106
2000,1200,3000,31.99679016008428,16.003488170030003,15.99330199005428
2000,1200,4000,23.573689551571693,11.78638936657037,11.787300185001323
2000,1200,5000,18.686093966761366,9.339832526455641,9.346261440305726
2000,1200,6000,15.477548752700027,7.733968642867772,7.743580109832254
2000,1200,7000,13.205255454141088,6.596795038512392,6.608460415628696
2000,1200,8000,11.510389132393295,5.748644450749622,5.7617446816436715
2000,1200,9000,10.197418195024804,5.091628107049288,5.1057900879755165
2000,1200,10000,9.150388326644343,4.567702981804239,4.582685344840104
2000,1400,500,73.60041989313383,37.00992604977077,36.59049384336305
2000,1400,600,72.27469654266896,36.07030139109223,36.20439515157674
2000,1400,700,71.73022201621772,35.73889706562797,35.991324950589764
2000,1400,800,71.33342544852444,35.525275614456426,35.80814983406801
2000,1400,900,71.11575709519413,35.427631971308095,35.688125123886024
2000,1400,1000,71.0064094174277,35.38251918931423,35.62389022811349
2000,1400,1200,70.90116738843457,35.3486396573887,35.55252773104586
2000,1400,1400,70.73307938155449,35.28390315936196,35.44917622219253
2000,1400,1600,65.4139090471088,32.68407482004923,32.72983422705957
2000,1400,1800,56.69173862167323,28.34953841855228,28.342200203120946
2000,1400,2000,50.03601595589241,25.028896901791065,25.007119054101345
2000,1400,2200,44.82535351862918,22.424050326685734,22.401303191943448
2000,1400,2400,40.635793645459515,20.327846770011558,20.307946875447954
2000,1400,2600,37.18934275359653,18.602833576860167,18.586509176736357
2000,1400,2800,34.30010369339757,17.15652293397099,17.14358075942657
2000,1400,3000,31.839844236933786,15.924913071976514,15.91493116495727
2000,1400,4000,23.494138118493765,11.7473625651257,11.746775553368066
2000,1400,5000,18.639394288463464,9.317713678187483,9.321680610275981
2000,1400,6000,15.448179820621892,7.720817617417684,7.727362203204207
2000,1400,7000,13.186062180757137,6.588939613543252,6.597122567213885
2000,1400,8000,11.497554930489425,5.74412091681834,5.753434013671083
2000,1400,9000,10.188718592374629,5.089289025632248,5.099429566742382
2000,1400,10000,9.144447128791775,4.566836468521741,4.577610660270035
2000,1600,500,71.7123096955881,35.67183302271741,36.04047667287069
2000,1600,600,71.27601632305203,35.445124575566695,35.83089174748533
2000,1600,700,71.0016197991594,35.41299303065517,35.58862676850422
2000,1600,800,70.83960366219581,35.32857646132673,35.51102720086907
2000,1600,900,70.73823232188181,35.2781921554898,35.46004016639202
2000,1600,1000,70.6884302118437,35.25556896851311,35.43286124333058
2000,1600,1200,70.63454967422136,35.237371006803805,35.39717866741756
2000,1600,1400,70.46827045155113,35.16666350458385,35.30160694696728
2000,1600,1600,64.43119695688873,32.19912353320119,32.23207342368754
2000,1600,1800,56.055631842414094,28.032723721221725,28.022908121192373
2000,1600,2000,49.59025586949907,24.805614226080728,24.784641643418336
2000,1600,2200,44.49227486810851,22.256758444408092,22.235516423700414
2000,1600,2400,40.37494635604482,20.196720738232063,20.17822561781276
2000,1600,2600,36.9779874723405,18.496615859831277,18.481371612509225
2000,1600,2800,34.12450052604549,17.06836329824951,17.056137227795976
2000,1600,3000,31.69116351451279,15.850387169786162,15.840776344726633
2000,1600,4000,23.417668285072274,11.709552162117564,11.70811612295471
2000,1600,5000,18.594106029442145,9.295828393295613,9.29827763614653
2000,1600,6000,15.419586927045088,7.7074859021986635,7.712101024846427
2000,1600,7000,13.167413409178634,6.580719606450505,6.58669380272813
2000,1600,8000,11.485211644850143,5.739155111053678,5.746056533796465
2000,1600,9000,10.180538609728387,5.086482354788659,5.094056254939727
2000,1600,10000,9.139091973209657,4.565503637011131,4.573588336198529
2000,1800,500,70.8381079631496,35.261135259351335,35.57697270379826
2000,1800,600,70.71435979837135,35.3136403850015,35.400719413369856
2000,1800,700,70.61627877254648,35.25033515226001,35.36594362028648
2000,1800,800,70.54173013314528,35.20594273152197,35.33578740162331
2000,1800,900,70.47929410218646,35.171356092086725,35.307938010099726
2000,1800,1000,70.45267101894791,35.157156355580724,35.29551466336719
2000,1800,1200,70.41742123582468,35.14303372143543,35.27438751438924
2000,1800,1400,70.23575627376117,35.06049602938002,35.17526024438115
2000,1800,1600,63.560432045530945,31.768164151521468,31.792267894009477
2000,1800,1800,55.47896578122583,27.74508571918412,27.73388006204171
2000,1800,2000,49.180208673295844,24.60013558352277,24.58007308977307
2000,1800,2200,44.182879028072705,22.101382685597933,22.08149634247477
2000,1800,2400,40.13092429323699,20.0740907039924,20.05683358924459
2000,1800,2600,36.77916489624729,18.396719185132095,18.382445711115192
2000,1800,2800,33.95854624966037,16.98504399663323,16.97350225302714
2000,1800,3000,31.55008875234604,15.779640668044074,15.770448084301965
2000,1800,4000,23.34398500815487,11.672959783877449,11.671025224277422
2000,1800,5000,18.549961928176185,9.274250154898422,9.275711773277763
2000,1800,6000,15.391462429847447,7.694065599707105,7.697396830140343
2000,1800,7000,13.148947444715866,6.5722278805294065,6.576719564186458
2000,1800,8000,11.47294468864483,5.733834423768923,5.739110264875906
2000,1800,9000,10.172415932116358,5.083288077027014,5.089127855089344
2000,1800,10000,9.133818691141485,4.563776861024296,4.570041830117189
2000,2000,500,70.57271185148373,35.230869773484564,35.34184207799917
2000,2000,600,70.48501976824215,35.21087525476885,35.2741445134733
2000,2000,700,70.40640380613495,35.162611208175434,35.24379259795952
2000,2000,800,70.34438190649182,35.12326272921063,35.221119177281196
2000,2000,900,70.28926748163113,35.0906807677326,35.19858671389852
2000,2000,1000,70.269046438911,35.07805494922012,35.19099148969088
2000,2000,1200,70.23529995384129,35.06158908492422,35.17371086891708
2000,2000,1400,70.02760381134034,34.963354230116074,35.064249581224274
2000,2000,1600,62.78229210376452,31.38227636085649,31.400015742908025
2000,2000,1800,54.95345783620396,27.482723483445966,27.470734352757994
2000,2000,2000,48.801690127350156,24.41042622589474,24.391263901455417
2000,2000,2200,43.894744591873504,21.95671644734966,21.938028144523845
2000,2000,2400,39.902187108792226,19.959181605559326,19.9430055032329
2000,2000,2600,36.591829679966736,18.302622109221062,18.289207570745674
2000,2000,2800,33.8014983255559,16.906205977335937,16.895292348219964
2000,2000,3000,31.41607421207865,15.712425003655298,15.703649208423355
2000,2000,4000,23.272917861015298,11.63757468141296,11.635343179602335
2000,2000,5000,18.506858294927262,9.253033045784363,9.253825249142901
2000,2000,6000,15.363697588225623,7.68062907161815,7.683068516607473
2000,2000,7000,13.130530562017999,6.563539083526124,6.566991478491874
2000,2000,8000,11.460590980585412,5.728229908875511,5.732361071709903
2000,2000,9000,10.164159009520464,5.079771680833384,5.0843873286870815
2000,2000,10000,9.128409805057032,4.561715660445002,4.56669414461203
2000,2200,500,70.45901322818885,35.14693190931425,35.312081318874604
2000,2200,600,70.37098735761326,35.15699149935023,35.21399585826303
2000,2200,700,70.28874862318466,35.10640649683096,35.182342126353696
2000,2200,800,70.20919867195603,35.06356276528741,35.14563590666862
2000,2200,900,70.14366733157121,35.02763491188514,35.116032419686064
2000,2200,1000,70.12092038153892,35.012737416978766,35.10818296456016
2000,2200,1200,70.07902919307136,34.99017647904547,35.0888527140259
2000,2200,1400,69.8386957067859,34.87377903263718,34.964916674148725
2000,2200,1600,62.08187168209368,31.03443319571033,31.047438486383346
2000,2200,1800,54.472355288141365,27.242387230928056,27.229968057213313
2000,2200,2000,48.45116071989085,24.234738545627717,24.216422174263133
2000,2200,2200,43.625773770161075,21.82170444165327,21.8040693285078
2000,2200,2400,39.687380137429294,19.851306284198902,19.836073853230392
2000,2200,2600,36.415055173377986,18.21385626301779,18.201198910360198
2000,2200,2800,33.652697809943525,16.831521945944374,16.821175863999148
2000,2200,3000,31.288638740361893,15.648509380431879,15.640129359930013
2000,2200,4000,23.204345639247837,11.603376309763544,11.600969329484295
2000,2200,5000,18.464755871494688,9.232215936160541,9.232539935334149
2000,2200,6000,15.336265336650222,7.667233321945669,7.669032014704554
2000,2200,7000,13.112125810917822,6.5547137602096095,6.557412050708213
2000,2200,8000,11.448096841863087,5.722400078539403,5.725696763323684
2000,2200,9000,10.15569614554804,5.075987603034925,5.079708542513114
2000,2200,10000,9.12277638270723,4.559369824099394,4.563406558607834
2000,2400,500,70.35210446600635,35.06896283122651,35.28314163477983
2000,2400,600,70.26332526545004,35.10633367240988,35.156991593040146
2000,2400,700,70.17871789531998,35.05332628171729,35.12539161360268
2000,2400,800,70.09670194688518,35.00892633110361,35.08777561578155
2000,2400,900,70.02887599599688,34.97372044876626,35.055155547230626
2000,2400,1000,69.99828593605402,34.95768866051184,35.040597275542176
2000,2400,1200,69.94253168481885,34.92675195514979,35.01577972966906
2000,2400,1400,69.66572373733672,34.790783784060714,34.874939953276005
2000,2400,1600,61.44744988391946,30.719032739661444,30.728417144258017
2000,2400,1800,54.030083850343054,27.021360391723647,27.008723458619407
2000,2400,2000,48.12559970376525,24.071569448669806,24.05403025509544
2000,2400,2200,43.374135372389574,21.6954220789302,21.67871329345937
2000,2400,2400,39.48530203096319,19.74985395816736,19.735448072795826
2000,2400,2600,36.24801036293085,18.12999967899463,18.11801068393622
2000,2400,2800,33.51154939218175,16.760692720712637,16.750856671469116
2000,2400,3000,31.16734608114442,15.587679166720598,15.579666914423822
2000,2400,4000,23.138167225355875,11.570336942362593,11.567830282993281
2000,2400,5000,18.423640122568646,9.211825865205903,9.211814257362741
2000,2400,6000,15.30917210956537,7.653923271981326,7.655248837584044
2000,2400,7000,13.093738275965352,6.545801329354942,6.547936946610409
2000,2400,8000,11.435458067396572,5.71639355047942,5.719064516917153
2000,2400,9000,10.147011384992323,5.071981568807592,5.075029816184731
2000,2400,10000,9.11689050452974,4.556781490059348,4.5601090144703935
2000,2600,500,70.25148976456506,34.99644551265272,35.25504425191235
2000,2600,600,70.16155374447477,35.05876569067553,35.102788053799244
2000,2600,700,70.07462371216653,35.003108248395456,35.071515463771064
2000,2600,800,69.99008629556025,34.95698736194866,35.03309893361158
2000,2600,900,69.92347559701547,34.922293760110215,35.00118183690525
2000,2600,1000,69.89298291555943,34.906605821020925,34.986377094538504
2000,2600,1200,69.82156557669033,34.869795467296974,34.951770109393344
2000,2600,1400,69.37877034247157,34.65206855660268,34.72670178586888
2000,2600,1600,60.86965523548078,30.43155342223369,30.438101813247084
2000,2600,1800,53.62199293250508,26.817358822075,26.804634110430076
2000,2600,2000,47.82241070245984,23.919621624416767,23.902789078043075
2000,2600,2200,43.13822242032654,21.57705699378047,21.56116542654607
2000,2600,2400,39.29488221960556,19.654280336458676,19.64060188314688
2000,2600,2600,36.08994576942335,18.05067138776433,18.039274381659023
2000,2600,2800,33.37751095073282,16.69344449440796,16.684066456324853
2000,2600,3000,31.051795843312867,15.52973487344279,15.522060969870077
2000,2600,4000,23.074289925002706,11.538423857910832,11.535866067091874
2000,2600,5000,18.383504523926092,9.191880686129709,9.191623837796383
2000,2600,6000,15.282436798712627,7.640734254689546,7.64170254402308
2000,2600,7000,13.075390590969423,6.536842308829951,6.538548282139472
2000,2600,8000,11.42269267096764,5.710250981337323,5.712441689630317
2000,2600,9000,10.138115052117241,5.067792284535698,5.070322767581543
2000,2600,10000,9.110753977782194,4.553986622659077,4.556767355123117
2000,2800,500,70.15669026981104,34.92888546858554,35.22780480122549
2000,2800,600,70.06514021729006,34.9988792857325,35.06626093155755
2000,2800,700,69.97603478001783,34.95560044179074,35.02043433822707
2000,2800,800,69.8889836321141,34.90765260307295,34.98133102904115
2000,2800,900,69.82373095581652,34.87348087866289,34.950250077153626
2000,2800,1000,69.79309769882137,34.85773547246342,34.93536222635795
2000,2800,1200,69.71284352303529,34.81772098762676,34.89512253540854
2000,2800,1400,68.87320561966838,34.40774154729568,34.46546407237271
2000,2800,1600,60.34088546041369,30.16830229307707,30.17258316733662
2000,2800,1800,53.244166435847966,26.628449330251357,26.615717105596612
2000,2800,2000,47.53934835758988,23.777770581709436,23.76157777588044
2000,2800,2200,42.91661858244766,21.465893115054133,21.45072546739353
2000,2800,2400,39.115163444859455,19.56409916160414,19.551064283255318
2000,2800,2600,35.94018329239049,17.97552683969813,17.96465645269236
2000,2800,2800,33.25008694806228,16.62952652553761,16.62056042252468
2000,2800,3000,30.94161862497446,15.474491278848966,15.467127346125494
2000,2800,4000,23.012624866659294,11.507601059045852,11.505023807613444
2000,2800,5000,18.34434347630231,9.172391122037764,9.171952354264546
2000,2800,6000,15.256081288427747,7.627693939342296,7.628387349085453
2000,2800,7000,13.057111488735938,6.5278700014748985,6.5292414872610385
2000,2800,8000,11.409827852268991,5.704006532276319,5.7058213199926735
2000,2800,9000,10.129029425585927,5.0634527041946775,5.065576721391248
2000,2800,10000,9.10438296287174,4.551016117005924,4.553366845865818
2000,3000,500,70.06726005556513,34.865813578448495,35.20144647711664
2000,3000,600,69.97349066888408,34.93379167839039,35.03969899049368
2000,3000,700,69.88255844358274,34.91067199705195,34.97188644653079
2000,3000,800,69.79306303228694,34.86081255357891,34.93225047870803
2000,3000,900,69.72920518968878,34.82712050035208,34.90208468933672
2000,3000,1000,69.69804711266781,34.811091279820985,34.88695583284682
2000,3000,1200,69.61021710241157,34.76743526122424,34.84278184118733
2000,3000,1400,68.36232748929903,34.158927639794086,34.203399849504954
2000,3000,1600,59.85489504651247,29.92623015265639,29.928664893856077
2000,3000,1800,52.89327949868874,26.452984921194464,26.440294577494274
2000,3000,2000,47.27446021852626,23.64503727441547,23.62942294411079
2000,3000,2200,42.708070835515095,21.361297168873296,21.346773666641795
2000,3000,2400,38.94528742153456,19.47887495323002,19.466412468304537
2000,3000,2600,35.798108091268574,17.904253925500505,17.89385416576807
2000,3000,2800,33.128823537530806,16.56870907832342,16.560114459207384
2000,3000,3000,30.836472885084472,15.421776593620587,15.414696291463883
2000,3000,4000,22.953085360358394,11.477830586928558,11.475254773429832
2000,3000,5000,18.306149464027317,9.153362368783936,9.152787095243381
2000,3000,6000,15.230126232347738,7.614823830947211,7.615302401400527
2000,3000,7000,13.038930381673199,6.518911815073425,6.5200185665997745
2000,3000,8000,11.396893591138841,5.69768901083411,5.69920458030473
2000,3000,9000,10.119781521880215,5.058991010690531,5.060790511189684
2000,3000,10000,9.097800094699933,4.547896648177646,4.549903446522286
2000,4000,500,69.68717620616775,34.605136943197174,35.08203926297058
2000,4000,600,69.58144866887632,34.66358685585975,34.91786181301658
2000,4000,700,69.47970259209185,34.695515757536235,34.78418683455562
2000,4000,800,69.38233671561613,34.66084900622713,34.72148770938901
2000,4000,900,69.32228740215534,34.627067535580686,34.695219866574654
2000,4000,1000,69.28500071308177,34.607378713656686,34.67762199942508
2000,4000,1200,69.14773759950968,34.539312247273195,34.608425352236495
2000,4000,1400,65.67571129409946,32.82571156013065,32.849999733968815
2000,4000,1600,57.911056750196686,28.95713851859524,28.95391823160145
2000,4000,1800,51.455906931805764,25.734067896809567,25.721839034996197
2000,4000,2000,46.16959172750661,23.091514709041288,23.078077018465322
2000,4000,2200,41.826178566515935,20.919169177579583,20.907009388936352
2000,4000,2400,38.21904625799542,19.11470254190511,19.10434371609031
2000,4000,2600,35.18515579480503,17.59690356229582,17.588252232509205
2000,4000,2800,32.60148333463167,16.304336232798327,16.29714710183335
2000,4000,3000,30.375936264527336,15.190956750415477,15.184979514111859
2000,4000,4000,22.684369169351704,11.343402163679196,11.34096700567251
2000,4000,5000,18.129227215084036,9.065062324137326,9.06416489094671
2000,4000,6000,15.106853952146762,7.553478105154852,7.55337584699191
2000,4000,7000,12.950353795155955,6.474995109953303,6.475358685202652
2000,4000,8000,11.332139613583362,5.665738973045565,5.666400640537796
2000,4000,9000,10.072044775192014,5.035589732027273,5.03645504316474
2000,4000,10000,9.062566949894657,4.530777664814779,4.5317892850798795
2000,5000,500,69.39211745744515,34.41083565508905,34.98128180235611
2000,5000,600,69.27449774073254,34.460408909589596,34.81408883114295
2000,5000,700,69.16072862613655,34.48414745372834,34.676581172408206
2000,5000,800,69.0586922903417,34.49619195003351,34.56250034030818
2000,5000,900,68.99976971753615,34.46911538689058,34.530654330645575
2000,5000,1000,68.9536378732417,34.443542286004075,34.51009558723762
2000,5000,1200,68.75149163487815,34.342665692541644,34.4088259423365
2000,5000,1400,63.816877770689956,31.902110684461363,31.91476708622859
2000,5000,1600,56.51736650722827,28.2617355070194,28.255631000208865
2000,5000,1800,50.39293936957009,25.202353694283854,25.19058567528623
2000,5000,2000,45.33259129719344,22.67232008620852,22.660271210984924
2000,5000,2200,41.14545440307529,20.578066510647957,20.56738789242734
2000,5000,2400,37.64991269400288,18.82947252098503,18.82044017301785
2000,5000,2600,34.69862020249092,17.35307616868401,17.345544033806913
2000,5000,2800,32.17817878577675,16.09222412324776,16.085954662528994
2000,5000,3000,30.002485356590874,15.003859314892408,14.998626041698463
2000,5000,4000,22.45701075635032,11.22962910308785,11.227381653262471
2000,5000,5000,17.973968354919528,8.98747075005144,8.986497604868086
2000,5000,6000,14.994882852719567,7.497602639936133,7.497280212783435
2000,5000,7000,12.867095723246987,6.433520612876964,6.433575110370024
2000,5000,8000,11.269077907861012,5.6343924079908,5.634685499870213
2000,5000,9000,10.023747109527108,5.011646379845909,5.0121007296812
2000,5000,10000,9.025361825723696,4.512396424573868,4.512965401149828
2000,6000,500,69.15667154252611,34.26079984310799,34.89587169941812
2000,6000,600,69.02804305733001,34.30218674944143,34.72585630788858
2000,6000,700,68.90329029586171,34.318605546657224,34.58468474920449
2000,6000,800,68.79727353859515,34.32687288643415,34.470400652161004
2000,6000,900,68.73750896285577,34.34251683908418,34.39499212377158
2000,6000,1000,68.68186606933342,34.309663857496254,34.37220221183717
2000,6000,1200,68.40763892204602,34.17160163163295,34.236037290413066
2000,6000,1400,62.447936751720476,31.221478961382214,31.226457790338266
2000,6000,1600,55.466025704668645,27.73695497197073,27.729070732697913
2000,6000,1800,49.573755978744046,24.79259098009852,24.781164998645526
2000,6000,2000,44.676327002165586,22.34372170033835,22.332605301827233
2000,6000,2200,40.60428156353035,20.306981693404097,20.297299870126245
2000,6000,2400,37.19224833512904,18.60018968527512,18.59205864985392
2000,6000,2600,34.30352021712552,17.15514125256843,17.148378964557082
2000,6000,2800,31.83142555586612,15.918526491207247,15.91289906465887
2000,6000,3000,29.694140381735153,14.849422380844016,14.844718000891138
2000,6000,4000,22.262922814092597,11.132500500890993,11.130422313201604
2000,6000,5000,17.8375817083807,8.919277672656772,8.918304035723928
2000,6000,6000,14.893861851681518,7.447138495698626,7.4467233559828925
2000,6000,7000,12.790002323813008,6.395048316173969,6.394954007639038
2000,6000,8000,11.209138029419393,5.604515406092738,5.604622623326653
2000,6000,9000,9.976577447132373,4.988167523395172,4.988409923737201
2000,6000,10000,8.987956015249834,4.493809119975217,4.494146895274619
2000,7000,500,68.96451427707987,34.141615367617845,34.822898909462026
2000,7000,600,68.82594927917036,34.1755820149937,34.65036726417666
2000,7000,700,68.69133956194105,34.18541052942303,34.505929032518026
2000,7000,800,68.58385115659527,34.19137890540858,34.392472251186696
2000,7000,900,68.52011038306733,34.20649370110302,34.313616681964305
2000,7000,1000,68.45467037241403,34.19881883868068,34.255851533733356
2000,7000,1200,68.1089246748305,34.02299144924689,34.08593322558361
2000,7000,1400,61.3953094160893,30.697875660328513,30.697433755760777
2000,7000,1600,54.643352255689315,27.32624272542106,27.317109530268258
2000,7000,1800,48.92259261520423,24.466892785421095,24.45569982978314
2000,7000,2000,44.14783979337298,22.079150965347807,22.06868882802517
2000,7000,2200,40.16380671832326,20.086390646011488,20.07741607231177
2000,7000,2400,36.81639391167497,18.411939450039565,18.404454461635403
2000,7000,2600,33.97651787021309,16.991361270434783,16.9851565997783
2000,7000,2800,31.542440159840265,15.77379861342548,15.768641546414784
2000,7000,3000,29.435529034534426,14.71992045511517,14.715608579419253
2000,7000,4000,22.095698020687333,11.048816693452785,11.046881327234548
2000,7000,5000,17.717324619043033,8.859136835996726,8.85818778304631
2000,7000,6000,14.802861449545427,7.401657988955042,7.401203460590384
2000,7000,7000,12.719113181756514,6.359642762034718,6.359470419721796
2000,7000,8000,11.152890761157785,5.576443451562152,5.576447309595634
2000,7000,9000,9.931393849832698,4.965636231598714,4.965757618233984
2000,7000,10000,8.95135318235375,4.475574667978418,4.475778514375332
2000,8000,500,68.80475017906423,34.04474185106755,34.760008327996694
2000,8000,600,68.65729542121957,34.07205434888395,34.58524107233563
2000,8000,700,68.5138895158559,34.075948634355974,34.43794088149991
2000,8000,800,68.40585662200354,34.08026262015679,34.32559400184676
2000,8000,900,68.33697815401152,34.091943594837645,34.245034559173874
2000,8000,1000,68.26154615714185,34.09261777885024,34.16892837829161
2000,8000,1200,67.62658247606686,33.78765645346512,33.83892602260175
2000,8000,1400,60.55937973257218,30.28213149344288,30.2772482391293
2000,8000,1600,53.98143893675704,26.995767875653257,26.98567106110378
2000,8000,1800,48.39230513212342,24.201671744568515,24.190633387554907
2000,8000,2000,43.71305663292855,21.86152170637113,21.851534926557424
2000,8000,2200,39.79834827971809,19.903400310529126,19.89494796918897
2000,8000,2400,36.50229686938587,18.25464982812003,18.24764704126584
2000,8000,2600,33.701518824833514,16.853651686975986,16.847867137857524
2000,8000,2800,31.298032051162565,15.651415719967778,15.646616331194789
2000,8000,3000,29.215668490573552,14.609839468333652,14.6058290222399
2000,8000,4000,21.950336702109343,10.97607645365945,10.974260248449895
2000,8000,5000,17.61077320895823,8.80584498960517,8.80492821935306
2000,8000,6000,14.720798474410971,7.360633839018487,7.360164635392482
2000,8000,7000,12.654103056207173,6.327159164479316,6.326943891727858
2000,8000,8000,11.100455423638302,5.550256456555468,5.550198967082833
2000,8000,9000,9.888578851793286,4.944265784637459,4.944313067155828
2000,8000,10000,8.916089308228882,4.457984417250787,4.458104890978094
2000,9000,500,68.66980275917919,33.96701712400747,34.702785635171715
2000,9000,600,68.51445268541977,33.98587125897254,34.52858142644723
2000,9000,700,68.36360877111457,33.984613352511325,34.37899541860324
2000,9000,800,68.25497324749142,33.98741365041081,34.26755959708062
2000,9000,900,68.1806206161558,33.995640327884296,34.18498028827152
2000,9000,1000,68.09515751050603,33.99080605589121,34.10435145461481
2000,9000,1200,66.85347527478554,33.41441935726017,33.439055917525366
2000,9000,1400,59.879106665123324,29.943815716687652,29.93529094843567
2000,9000,1600,53.43705014906062,26.72397484347749,26.713075305583132
2000,9000,1800,47.951961374799424,23.981453837952916,23.970507536846508
2000,9000,2000,43.349050408714646,21.679342121037852,21.669708287676794
2000,9000,2200,39.49026303976221,19.749159227523663,19.74110381223855
2000,9000,2400,36.235936961671534,18.121284373912765,18.114652587758766
2000,9000,2600,33.46709456710447,16.73627644346643,16.730818123638034
2000,9000,2800,31.088700627086965,15.546609995778715,15.542090631308247
2000,9000,3000,29.026541075482058,14.515156801355388,14.511384274126664
2000,9000,4000,21.822938807395396,10.912327619288524,10.910611188106868
2000,9000,5000,17.515873041509426,8.758378201985304,8.75749483952412
2000,9000,6000,14.646617130744154,7.323544415587897,7.323072715156257
2000,9000,7000,12.594504468522693,6.297371901133924,6.297132567388769
2000,9000,8000,11.0517260015407,5.525910778915196,5.525815222625504
2000,9000,9000,9.848252743024654,4.924126592977028,4.924126150047625
2000,9000,10000,8.882426623129394,4.441180428566685,4.441246194562709
2000,10000,500,68.55413324339776,33.91288939085336,34.64124385254439
2000,10000,600,68.39193896380577,33.91302965463866,34.47890930916712
2000,10000,700,68.23492697030777,33.90736855546488,34.32755841484288
2000,10000,800,68.12536885317216,33.90864986005027,34.216718993121894
2000,10000,900,68.04553666058281,33.91350432344522,34.132032337137595
2000,10000,1000,67.9503972895808,33.90341960417022,34.04697768541059
2000,10000,1200,66.1936025157053,33.095262487125936,33.09834002857936
2000,10000,1400,59.31449849213082,29.663030389032002,29.651468103098804
2000,10000,1600,52.98127369803006,26.496430068672254,26.48484362935781
2000,10000,1800,47.58038949036119,23.795642294544358,23.784747195816834
2000,10000,2000,43.03981746670772,21.524591447397686,21.51522601931003
2000,10000,2200,39.227031949358036,19.617388920282476,19.609643029075556
2000,10000,2400,36.00722549044211,18.00678228398102,18.000443206461085
2000,10000,2600,33.26491852537303,16.63505865300151,16.62985987237152
2000,10000,2800,30.907444378371412,15.455869669144365,15.451574709227046
2000,10000,3000,28.862173910295407,14.432877220051578,14.429296690243829
2000,10000,4000,21.710443465371192,10.856037832134932,10.854405633236258
2000,10000,5000,17.430911382155916,8.715881371745803,8.715030010410109
2000,10000,6000,14.57935703561214,7.289912528129672,7.289444507482467
2000,10000,7000,12.53981472879609,6.270033689407633,6.269781039388455
2000,10000,8000,11.006490981029915,5.503305435247852,5.503185545782063
2000,10000,9000,9.810393635428747,4.905212992396051,4.905180643032697
2000,10000,10000,8.850467923683189,4.42521975905029,4.425248164632899
2200,500,500,93.11652081002725,46.60112494668431,46.515395863342945
2200,500,600,91.15940837526735,45.51872622012954,45.64068215513781
2200,500,700,90.76651768716536,45.43253513551672,45.33398255164864
2200,500,800,90.5176498626806,45.343265936882766,45.174383925797834
2200,500,900,90.31547970712315,45.25013857173589,45.065341135387264
2200,500,1000,81.7100973250316,41.159625740029874,40.550471585001716
2200,500,1200,73.75860368297585,36.22290034693677,37.53570333603908
2200,500,1400,72.61931784090157,35.880191164984744,36.73912667591683
2200,500,1600,69.99499103898631,34.76423317796957,35.230757861016734
2200,500,1800,60.49984732372501,30.196002291384154,30.303845032340856
2200,500,2000,52.58676055816932,26.29195711145363,26.29480344671569
2200,500,2200,46.684716318346865,23.356226182237872,23.328490136108993
2200,500,2400,42.07256912171643,21.05196413032811,21.020604991388318
2200,500,2600,38.34587320284079,19.185832871615265,19.16004033122553
2200,500,2800,35.25900591784408,17.6382351087484,17.620770809095685
2200,500,3000,32.65271569306312,16.3307231975856,16.321992495477524
2200,500,4000,23.929016815827705,11.95169341472754,11.977323401100161
2200,500,5000,18.919371217070193,9.436612343878855,9.482758873191337
2200,500,6000,15.64849692029393,7.794626897574148,7.853870022719784
2200,500,7000,13.340628435927504,6.636150396206844,6.7044780397206605
2200,500,8000,11.624107252941684,5.774541567909066,5.849565685032617
2200,500,9000,10.297423352093936,5.1086170532614,5.188806298832535
2200,500,10000,9.241500140376798,4.5785944002142465,4.662905740162551
2200,600,500,91.53870631503372,45.657508123223636,45.88119819181007
2200,600,600,90.89192721451346,45.40286018474951,45.489067029763945
2200,600,700,90.60666469698988,45.376235462320736,45.23042923466916
2200,600,800,90.3935284361979,45.31434566354855,45.07918277264935
2200,600,900,90.2066436879113,45.22388513145547,44.982758556455835
2200,600,1000,75.24112673703816,37.31841510691443,37.92271163012373
2200,600,1200,73.06600236826779,35.992659532053224,37.073342836214564
2200,600,1400,72.2458435149567,35.79683364237301,36.4490098725837
2200,600,1600,69.71621856935661,34.69704163254244,35.01917693681416
2200,600,1800,59.9594676370811,29.950056778129778,30.009410858951316
2200,600,2000,52.24235807235194,26.12810715317193,26.114250919180012
2200,600,2200,46.441810785420905,23.23721330183339,23.204597483587516
2200,600,2400,41.888859923034886,20.96078434743298,20.928075575601905
2200,600,2600,38.19995591181745,19.11342655557451,19.08652935624294
2200,600,2800,35.13888956693757,17.57925138686761,17.559638180069964
2200,600,3000,32.55112308794034,16.28175904461287,16.26936404332747
2200,600,4000,23.87237213258352,11.928980847766425,11.943391284817094
2200,600,5000,18.879057474921336,9.424682225159087,9.454375249762249
2200,600,6000,15.615592919682012,7.788176953089612,7.827415966592398
2200,600,7000,13.311364688325533,6.632800665026047,6.678564023299486
2200,600,8000,11.59664350234651,5.773060451693711,5.823583050652799
2200,600,9000,10.270779589540938,5.108308001771371,5.162471587769567
2200,600,10000,9.21512917564069,4.579038636514373,4.636090539126317
2200,700,500,91.04275004996704,45.34155266949033,45.70119738047672
2200,700,600,90.70659121369441,45.35322818757123,45.35336302612318
2200,700,700,90.47434718608226,45.35157550656843,45.12277167951383
2200,700,800,90.28028909815065,45.301819638180994,44.978469459969666
2200,700,900,76.36499549931408,38.2526275456439,38.11236795367017
2200,700,1000,73.9049228716417,36.603709372684605,37.3012134989571
2200,700,1200,72.49870855162632,35.855930735787496,36.64277781583882
2200,700,1400,71.93546582371792,35.71344196299117,36.22202386072676
2200,700,1600,69.40157573324727,34.59080288851037,34.810772844736896
2200,700,1800,59.45506935057789,29.711335517591504,29.74373383298638
2200,700,2000,51.91656357803666,25.969075633063845,25.947487944972814
2200,700,2200,46.21025261168732,23.121977539462186,23.08827507222513
2200,700,2400,41.71319234292518,20.872632792881333,20.84055955004385
2200,700,2600,38.06049931167487,19.043451265319213,19.017048046355658
2200,700,2800,35.02448423922904,17.522217575439125,17.502266663789918
2200,700,3000,32.45492500120606,16.234357148795247,16.220567852410813
2200,700,4000,23.821660730723142,11.906750317459641,11.914910413263499
2200,700,5000,18.845835072852974,9.412810890771366,9.433024182081612
2200,700,6000,15.590815500337568,7.781607527852147,7.809207972485421
2200,700,7000,13.291092125644374,6.629255374288889,6.661836751355485
2200,700,8000,11.578887710989106,5.771354132041853,5.807533578947253
2200,700,9000,10.254444252895217,5.107766195952104,5.146678056943114
2200,700,10000,9.19957375513695,4.579253434913181,4.620320320223769
2200,800,500,90.82691877428749,45.24625531793177,45.58066345635572
2200,800,600,90.5645594750188,45.34443867335472,45.22012080166407
2200,800,700,90.35789088815005,45.347420068510374,45.01047081963967
2200,800,800,90.15142822144293,45.200892391439744,44.950535830003176
2200,800,900,74.1414298743796,36.93464911663074,37.20678075774885
2200,800,1000,73.05732217294361,36.15977235171033,36.897549821233284
2200,800,1200,72.0805320646297,35.74253580936251,36.337996255267186
2200,800,1400,71.67206087559727,35.63271699358224,36.03934388201502
2200,800,1600,69.06819907540556,34.46156168993418,34.60663738547139
2200,800,1800,58.98243920587163,29.483044828138247,29.499394377733385
2200,800,2000,51.6073735962124,25.816268418118007,25.791105178094394
2200,800,2200,45.9888418330287,23.011046834124546,22.977794998904155
2200,800,2400,41.54454677224602,20.78764824625998,20.75689852598604
2200,800,2600,37.92640474964436,18.97587751532151,18.950527234322855
2200,800,2800,34.91450694088623,17.467036668841846,17.44747027204438
2200,800,3000,32.36261410183477,16.18839907944082,16.17421502239396
2200,800,4000,23.774255337641332,11.884928224691532,11.889327112949804
2200,800,5000,18.816255644852763,9.400978741525357,9.415276903327406
2200,800,6000,15.570113571585528,7.774925588869209,7.795187982716319
2200,800,7000,13.275304062387084,6.625534449735207,6.649769612651876
2200,800,8000,11.565976354229797,5.769448703989412,5.7965276502403835
2200,800,9000,10.243264605974097,5.107020571470694,5.136244034503403
2200,800,10000,9.18944283664261,4.579268727792247,4.610174108850366
2200,900,500,90.67049051354736,45.270564299193325,45.39992621435404
2200,900,600,90.44427753073312,45.360404558484305,45.08387297224881
2200,900,700,90.25237847835325,45.35169895695248,44.90067952140077
2200,900,800,74.60399778032726,37.443229106976254,37.160768673351015
2200,900,900,73.11769218548082,36.33610029459183,36.78159189088898
2200,900,1000,72.42807344033936,35.85218727853785,36.57588616180151
2200,900,1200,71.75474332499645,35.64466837441206,36.110074950584384
2200,900,1400,71.44419302352993,35.55579090048627,35.88840212304366
2200,900,1600,68.35624987469599,34.12232777290382,34.233922101792174
2200,900,1800,58.53828554976222,29.26599650743633,29.272289042325884
2200,900,2000,51.313304594277376,25.669986670142613,25.643317924134763
2200,900,2200,45.77674328414663,22.904458760176713,22.872284523969917
2200,900,2400,41.38229510779569,20.705762582770635,20.67653252502506
2200,900,2600,37.797075407847544,18.910604793383584,18.88647061446396
2200,900,2800,34.80831577750627,17.41360552506315,17.39471025244312
2200,900,3000,32.273470614962115,16.14379105706203,16.129679557900076
2200,900,4000,23.72897455347274,11.863482606244595,11.865491947228143
2200,900,5000,18.788758567672634,9.38918673667058,9.399571831002056
2200,900,6000,15.551648678233311,7.7681467394242105,7.7835019388091
2200,900,7000,13.261948488535602,6.621659448253135,6.640289040282466
2200,900,8000,11.555689178147029,5.767367789825643,5.788321388321385
2200,900,9000,10.234884528379805,5.106095005739961,5.1287895226398446
2200,900,10000,9.182268213160826,4.579107803948191,4.6031604092126335
2200,1000,500,90.54380204767311,45.309398293634395,45.234403754038716
2200,1000,600,90.33853936508761,45.389537342550874,44.94900202253674
2200,1000,700,75.711613345351,38.34204856785082,37.36956477750018
2200,1000,800,73.25544304899898,36.59340636931454,36.66203667968445
2200,1000,900,72.43312536356694,35.94626743884613,36.486857924720816
2200,1000,1000,71.90841975118046,35.68934114198436,36.21907860919611
2200,1000,1200,71.49103465587066,35.558521865280056,35.932512790590614
2200,1000,1400,71.2435453751333,35.48288603896783,35.760659336165475
2200,1000,1600,67.65960625521922,33.78532825317023,33.87427800204898
2200,1000,1800,58.11987897557421,29.060068730251036,29.059810245323167
2200,1000,2000,51.03315629524757,25.530125497490086,25.50303079775749
2200,1000,2200,45.57330218821484,22.802084163847233,22.771218024367606
2200,1000,2400,41.22598732698563,20.62684920403444,20.599138122951196
2200,1000,2600,37.67212918388562,18.847521571791212,18.824607612094407
2200,1000,2800,34.705536844769924,17.361831475343553,17.343705369426367
2200,1000,3000,32.18710067417955,16.10045860182335,16.08664207235619
2200,1000,4000,23.685225990076752,11.8423981189296,11.842827871147149
2200,1000,5000,18.76256436769497,9.377442905275728,9.385121462419246
2200,1000,6000,15.534498557104838,7.761288014072147,7.773210543032691
2200,1000,7000,13.249991517579469,6.617650370762382,6.632341146817088
2200,1000,8000,11.546903715313325,5.765131836615308,5.7817718786980175
2200,1000,9000,10.228109689487518,5.105009324511314,5.123100364976203
2200,1000,10000,9.176796073725862,4.578789448273164,4.598006625452698
2200,1200,500,90.34425665856848,45.21045273896066,45.13380391960782
2200,1200,600,73.93629339649269,37.219280330294275,36.71701306619841
2200,1200,700,72.5363443582006,36.23623592374088,36.30010843445971
2200,1200,800,71.91684339702911,35.762450238235566,36.15439315879356
2200,1200,900,71.47624101135307,35.552914059296825,35.92332695205625
2200,1200,1000,71.26674986001322,35.47105790434435,35.79569195566887
2200,1200,1200,71.08410327315242,35.41258464767154,35.67151862548088
2200,1200,1400,70.90227488855675,35.34887660517978,35.55339828337697
2200,1200,1600,66.4119867256458,33.17645575410431,33.23553097154149
2200,1200,1800,57.35127030354301,28.679467569541597,28.671802734001417
2200,1200,2000,50.51063792924483,25.26856147619757,25.242076453047265
2200,1200,2200,45.190248737730045,22.609215748955286,22.58103298877475
2200,1200,2400,40.92981708990873,20.477376885109543,20.45244020479919
2200,1200,2600,37.43432408145679,18.727499682985574,18.706824398471223
2200,1200,2800,34.50928316369402,17.262935246142092,17.24634791755193
2200,1200,3000,32.021782377331725,16.017381810337557,16.004400566994164
2200,1200,4000,23.601173300389544,11.801283526960077,11.799889773429468
2200,1200,5000,18.71259220560624,9.354139916228569,9.35845228937767
2200,1200,6000,15.502367511090089,7.747394329811131,7.754973181278958
2200,1200,7000,13.228271262267814,6.609299294888405,6.618971967379409
2200,1200,8000,11.531652503955613,5.760263063217447,5.771389440738165
2200,1200,9000,10.217040366360365,5.1024221613689225,5.114618204991443
2200,1200,10000,9.168499191496657,4.577740440724606,4.590758750772053
2200,1400,500,72.9925660820935,36.579501787194374,36.41306429489913
2200,1400,600,71.93826271311045,35.857200184282604,36.08106252882784
2200,1400,700,71.480705083539,35.60136237270301,35.87934271083598
2200,1400,800,71.13200494549704,35.43925253650835,35.692752408988696
2200,1400,900,70.95728325232491,35.359758572230724,35.597524680094196
2200,1400,1000,70.86693625044666,35.321731094829644,35.54520515561702
2200,1400,1200,70.7789195738352,35.29283875044324,35.48608082339196
2200,1400,1400,70.61765946604427,35.22882718543343,35.38883228061085
2200,1400,1600,65.3250408649433,32.64208894162649,32.682951923316814
2200,1400,1800,56.66125325681878,28.336245626843215,28.325007629975566
2200,1400,2000,50.03291552829263,25.029044140403485,25.00387138788914
2200,1400,2200,44.83595020579442,22.43085240520574,22.405097800588678
2200,1400,2400,40.65367955051304,20.338138525387908,20.315541025125132
2200,1400,2600,37.21128567059607,18.615032023751066,18.596253646845
2200,1400,2800,34.32436164817318,17.169783711644467,17.15457793652871
2200,1400,3000,31.865425161157706,15.938760678499,15.926664482658703
2200,1400,4000,23.520797134039352,11.761548217212045,11.759248916827307
2200,1400,5000,18.664702246188313,9.331146483992116,9.333555762196195
2200,1400,6000,15.471770282704334,7.733356740153649,7.738413542550686
2200,1400,7000,13.207930610259531,6.600600609062861,6.60733000119667
2200,1400,8000,11.517793059018615,5.754958212787306,5.762834846231309
2200,1400,9000,10.207447101270027,5.099367463644833,5.1080796376251945
2200,1400,10000,9.161792042220936,4.5762215700264015,4.585570472194536
2200,1600,500,71.44993533851026,35.51417275178876,35.9357625867215
2200,1600,600,71.07801588893668,35.4026087485806,35.675407140356086
2200,1600,700,70.84963170433922,35.34470245338692,35.504929250952294
2200,1600,800,70.72025555528718,35.27621797018595,35.444037585101235
2200,1600,900,70.6315108523898,35.231270732508136,35.40024011988166
2200,1600,1000,70.58670754111036,35.21013379251757,35.37657374859279
2200,1600,1200,70.53737051478456,35.192240495207656,35.3451300195769
2200,1600,1400,70.37208219823508,35.120309040961054,35.25177315727403
2200,1600,1600,64.3676683950594,32.16934783614058,32.19832055891882
2200,1600,1800,56.03782932387978,28.025422896615556,28.012406427264228
2200,1600,2000,49.59436909772992,24.809051471808786,24.78531762592113
2200,1600,2200,44.50730535332067,22.265485165712665,22.241820187608003
2200,1600,2400,40.39563947346429,20.20814555715184,20.187493916312455
2200,1600,2600,37.00168516867484,18.509439386508344,18.49224578216649
2200,1600,2800,34.14978432187048,17.081899511043325,17.067884810827156
2200,1600,3000,31.717241741689456,15.864257848719516,15.852983892969938
2200,1600,4000,23.443570090894223,11.72316640096703,11.720403689927196
2200,1600,5000,18.61830333828305,9.308525493766357,9.309777844516692
2200,1600,6000,15.442006620956045,7.719264557380877,7.7227420635751685
2200,1600,7000,13.188162564253219,6.591648169009624,6.596514395243595
2200,1600,8000,11.504423995135419,5.749307598137358,5.7551163969980585
2200,1600,9000,10.198347314096345,5.095929124540781,5.102418189555564
2200,1600,10000,9.15562261454525,4.574309609345482,4.5813130051997675
2200,1800,500,70.72061330904008,35.270818307746254,35.44979500129383
2200,1800,600,70.61128756766487,35.26436290745149,35.34692466021338
2200,1800,700,70.53556879660641,35.21408708285907,35.32148171374734
2200,1800,800,70.46612815212323,35.17244214961537,35.29368600250786
2200,1800,900,70.40406332222503,35.137764871341595,35.266298450883426
2200,1800,1000,70.376112035841,35.12242376200341,35.2536882738376
2200,1800,1200,70.33886993346132,35.10613270739996,35.23273722606137
2200,1800,1400,70.15479439891355,35.0212050122684,35.13358938664515
2200,1800,1600,63.51653265308774,31.747868466929848,31.768664186157892
2200,1800,1800,55.47142033610145,27.742652826772463,27.728767509328993
2200,1800,2000,49.19031217120281,24.60633532319906,24.58397684800375
2200,1800,2200,44.20165718874632,22.111771920056817,22.0898852686895
2200,1800,2400,40.15402307416,20.086524952922588,20.06749812123741
2200,1800,2600,36.80438529325561,18.410125233414725,18.394260059840885
2200,1800,2800,33.9847327139674,16.998864334149946,16.98586837981745
2200,1800,3000,31.576614600516606,15.793577171942982,15.783037428573627
2200,1800,4000,23.369223420391105,11.68610941665217,11.683114003738934
2200,1800,5000,18.57315953372956,9.286324015655497,9.286835518074062
2200,1800,6000,15.412807983355469,7.705187915791326,7.707620067564143
2200,1800,7000,13.168651932810699,6.582516702183226,6.586135230627472
2200,1800,8000,11.491183481125503,5.743383514975781,5.747799966149721
2200,1800,9000,10.189336631713969,5.092174467427278,5.097162164286691
2200,1800,10000,9.149548953065013,4.572066210233696,4.577482742831316
2200,2000,500,70.54630699039474,35.22306130256796,35.323245687826784
2200,2000,600,70.45453157492152,35.19412228118132,35.2604092937402
2200,2000,700,70.37094650092237,35.14465413501251,35.22629236590988
2200,2000,800,70.29585593310249,35.10182673379175,35.19402919931073
2200,2000,900,70.2350065616184,35.06624512573225,35.168761435886154
2200,2000,1000,70.21033324143393,35.05113356186765,35.15919967956627
2200,2000,1200,70.171032372798,35.03114092234871,35.13989145044929
2200,2000,1400,69.95900689748825,34.92989846461019,35.02910843287807
2200,2000,1600,62.75380087780536,31.369431976474534,31.38436890133082
2200,2000,1800,54.95426349302646,27.484265663117117,27.469997829909346
2200,2000,2000,48.81678869557285,24.418946647978593,24.39784204759426
2200,2000,2200,43.91670211192975,21.96853669128439,21.948165420645367
2200,2000,2400,39.92735645352592,19.972507296913317,19.954849156612603
2200,2000,2600,36.61837967816479,18.316560927955635,18.30181875020916
2200,2000,2800,33.82848724905247,16.920304804616485,16.908182444435987
2200,2000,3000,31.443011156064966,15.726451629309095,15.716559526755871
2200,2000,4000,23.297586109639482,11.650343510056599,11.647242599582885
2200,2000,5000,18.52916965959996,9.264575546729898,9.264594112870064
2200,2000,6000,15.38407389774413,7.69118180600462,7.692892091739512
2200,2000,7000,13.149278795528021,6.573266347102443,6.576012448425578
2200,2000,8000,11.477927011154964,5.73724488120764,5.740682129947324
2200,2000,9000,10.180246038869564,5.08815876009895,5.092087278770614
2200,2000,10000,9.14337937291613,4.569542212217536,4.573837160698593
2200,2200,500,70.43703966230696,35.141403426399,35.295636235907956
2200,2200,600,70.34508863303013,35.142306754642725,35.202781878387405
2200,2200,700,70.25928142027459,35.09085457730084,35.16842684297376
2200,2200,800,70.17638411971483,35.046784747270465,35.12959937244436
2200,2200,900,70.1042165509105,35.00971958847315,35.09449696243734
2200,2200,1000,70.07540301760045,34.99171063228393,35.08369238531652
2200,2200,1200,70.02602966200813,34.964906454259506,35.06112320774862
2200,2200,1400,69.78030122695064,34.84519312527658,34.935108101674054
2200,2200,1600,62.06559022296162,31.02749687096629,31.038093351995325
2200,2200,1800,54.47998817580355,27.247184863291782,27.232803312511766
2200,2200,2000,48.47043133600466,24.245206796740504,24.225224539264154
2200,2200,2200,43.65043010931399,21.834751359814366,21.815678749499618
2200,2200,2400,39.714332010807354,19.865412869287947,19.84891914151941
2200,2200,2600,36.44276635163777,18.22827500215005,18.214491349487727
2200,2200,2800,33.68040032189306,16.845884457193367,16.834515864699696
2200,2200,3000,31.315953251218716,15.662637593109286,15.653315658109427
2200,2200,4000,23.22852728344329,11.615830463935204,11.61269681950809
2200,2200,5000,18.48628645571159,9.243302683435868,9.242983772275723
2200,2200,6000,15.355773482485061,7.6772892736072755,7.678484208877786
2200,2200,7000,13.130006616663383,6.563945877402024,6.566060739261359
2200,2200,8000,11.464605027567224,5.730940298689716,5.733664728877508
2200,2200,9000,10.171011054283941,5.083928048236548,5.087083006047392
2200,2200,10000,9.137034724632803,4.566780254556865,4.570254470075939
2200,2400,500,70.33401738276683,35.06528164374656,35.26873573902027
2200,2400,600,70.24148742723679,35.09346375501519,35.1480236722216
2200,2400,700,70.15343375318025,35.03973878540206,35.11369496777819
2200,2400,800,70.0681708031071,34.99419937760138,35.073971425505704
2200,2400,900,69.9969731133958,34.95759367946503,35.03937943393076
2200,2400,1000,69.96324687372612,34.940408701149195,35.02283817257691
2200,2400,1200,69.89860427708692,34.90570322477515,34.99290105231176
2200,2400,1400,69.61583824260757,34.766287696716354,34.84955054589122
2200,2400,1600,61.440906181701315,30.716808220397642,30.72409796130368
2200,2400,1800,54.043309407089275,27.02882696020276,27.01448244688651
2200,2400,2000,48.14835413602238,24.083669170631087,24.064684965391287
2200,2400,2200,43.40107936895016,21.709515573137956,21.691563795812204
2200,2400,2400,39.513785020317115,19.764639247410805,19.74914577290631
2200,2400,2600,36.276732458128905,18.144845093615757,18.131887364513144
2200,2400,2800,33.53988353182461,16.77529850783062,16.764585023993988
2200,2400,3000,31.19500435867081,15.601911587068468,15.593092771602343
2200,2400,4000,23.161933830463756,11.582528842757947,11.579404987705809
2200,2400,5000,18.44448403815457,9.222519457318837,9.221964580835731
2200,2400,6000,15.327904860280496,7.663543901948074,7.664360958332422
2200,2400,7000,13.110835423030808,6.55459505773302,6.556240365297788
2200,2400,8000,11.451211169309763,5.724510192366697,5.726700976943065
2200,2400,9000,10.161616036383046,5.079521088920537,5.08209494746251
2200,2400,10000,9.130489453962008,4.563816510587359,4.56667294337465
2200,2600,500,70.23681708386626,34.99425726764609,35.24255981622016
2200,2600,600,70.14332677816915,35.047521115403015,35.09580566276614
2200,2600,700,70.05305735209308,34.99125537194593,35.06180198014713
2200,2600,800,69.96538230247371,34.94409064300966,35.021291659464055
2200,2600,900,69.89545000226819,34.90804336700007,34.98740663526813
2200,2600,1000,69.8621905869783,34.89115742154177,34.97103316543653
2200,2600,1200,69.78506240682349,34.852233793675616,34.93282861314787
2200,2600,1400,69.31107012754859,34.61905162546408,34.6920185020845
2200,2600,1600,60.87090764284486,30.433099033593614,30.437808609251253
2200,2600,1800,53.63980048099053,26.827011969527423,26.812788511463104
2200,2600,2000,47.848068830606024,23.933083284045196,23.91498554656083
2200,2600,2200,43.16709966594545,21.592038504673617,21.575061161271833
2200,2600,2400,39.324675099972765,19.669650786190143,19.655024313782626
2200,2600,2600,36.1195433566477,18.0658915559237,18.05365180072401
2200,2600,2800,33.40640005109361,16.70826999677406,16.69813005431955
2200,2600,3000,31.079763167471356,15.544068106934082,15.535695060537273
2200,2600,4000,23.09770135165345,11.550395206231318,11.54730614542213
2200,2600,5000,18.403744107858596,9.202233229643642,9.201510878214954
2200,2600,6000,15.300477331286924,7.649971730459898,7.650505600827029
2200,2600,7000,13.091780759634496,6.545246405794641,6.546534353839855
2200,2600,8000,11.437758665701592,5.717988382496605,5.719770283204988
2200,2600,9000,10.152068509524884,5.074970741133852,5.077097768391032
2200,2600,10000,9.123744239210462,4.560681921647029,4.563062317563432
2200,2800,500,70.14502162535935,34.9278970338736,35.21712459148574
2200,2800,600,70.05023624410778,34.99615089887685,35.05408534523094
2200,2800,700,69.95778367275132,34.945291018261784,35.012492654489535
2200,2800,800,69.86770206429881,34.896387014753586,34.97131504954521
2200,2800,900,69.79920123311378,34.860918369727706,34.938282863386064
2200,2800,1000,69.76591284981492,34.84404777111013,34.92186507870481
2200,2800,1200,69.68162117747478,34.802236692242985,34.879384485231796
2200,2800,1400,68.8182738024237,34.380822780740566,34.437451021683145
2200,2800,1600,60.34838850849965,30.172867257214282,30.175521251285364
2200,2800,1800,53.265721522832294,26.63988939774223,26.625832125090064
2200,2800,2000,47.56741824409212,23.79236377006502,23.77505447402709
2200,2800,2200,42.94712210456132,21.481623159084485,21.465498945476835
2200,2800,2400,39.146070709185096,19.5799697463799,19.5661009628052
2200,2800,2600,35.970533835171395,17.991072204444844,17.979461630726544
2200,2800,2800,33.27945910285629,16.644546700221756,16.634912402634537
2200,2800,3000,30.96985965473008,15.488917934225855,15.480941720504227
2200,2800,4000,23.035730499334395,11.519385121447558,11.516345377886838
2200,2800,5000,18.364050035949884,9.182446197686911,9.181603838262971
2200,2800,6000,15.27350329397643,7.636592751255412,7.636910542721019
2200,2800,7000,13.07286380956864,6.5359265471315595,6.536937262437081
2200,2800,8000,11.424269006372175,5.711403283842807,5.712865722529369
2200,2800,9000,10.142386648677512,5.07030501489481,5.072081633782701
2200,2800,10000,9.116812505474087,4.5574031173275005,4.5594093881465865
2200,3000,500,70.05823734074109,34.86578289860845,35.19245444213264
2200,3000,600,69.96141219075444,34.93217998029965,35.029232210454786
2200,3000,700,69.86726822211384,34.901740090334094,34.96552813177974
2200,3000,800,69.77483263076753,34.85100267475229,34.92382995601526
2200,3000,900,69.7078372425741,34.81608430614097,34.89175293643312
2200,3000,1000,69.67412614391887,34.79899449944471,34.87513164447416
2200,3000,1200,69.58237820113193,34.75362332269719,34.82875487843473
2200,3000,1400,68.35184448167723,34.15456333192259,34.19728114975464
2200,3000,1600,59.86740486759079,29.93320946338008,29.93419540421072
2200,3000,1800,52.917888281900986,26.46587868682302,26.452009595077968
2200,3000,2000,47.30452272962787,23.660564468099448,23.64395826152843
2200,3000,2200,42.73993383709343,21.377653098534232,21.362280738559203
2200,3000,2400,38.97713588048471,19.495168789439393,19.481967091045316
2200,3000,2600,35.82910060431165,17.920077885762744,17.90902271854891
2200,3000,2800,33.15861145183911,16.58389852933115,16.574712922507953
2200,3000,3000,30.864952212525736,15.436286715328588,15.428665497197143
2200,3000,4000,22.97592557446343,11.48945395114933,11.486471623314104
2200,3000,5000,18.325384431299707,9.163156581643433,9.162227849656272
2200,3000,6000,15.246994597214389,7.623422086146307,7.623572511068083
2200,3000,7000,13.054106680712504,6.526657281366789,6.5274493993457146
2200,3000,8000,11.410766336555936,5.70477883929146,5.705987497264477
2200,3000,9000,10.132592947517942,5.065547885357396,5.067045062160545
2200,3000,10000,9.109713492771652,4.5540031256903495,4.5557103670813035
2200,4000,500,69.6873862604804,34.607424122749904,35.07996213773049
2200,4000,600,69.5793556334594,34.665191464761435,34.914164168697965
2200,4000,700,69.4752189699197,34.696482640502055,34.77873632941763
2200,4000,800,69.37530238899869,34.6563703800199,34.71893200897879
2200,4000,900,69.31279374210648,34.621743385230026,34.69105035687646
2200,4000,1000,69.27340813861797,34.60127004441184,34.672138094206126
2200,4000,1200,69.13299054838406,34.53196216081671,34.60102838756735
2200,4000,1400,65.68833858555077,32.83262523288108,32.855713352669696
2200,4000,1600,57.93658809819431,28.97033892722467,28.966249170969636
2200,4000,1800,51.48869975986269,25.750815428537084,25.737884331325606
2200,4000,2000,46.20514607175448,23.109587052666818,23.09555901908766
2200,4000,2200,41.86188541218658,20.93727535376434,20.924610058422243
2200,4000,2400,38.25361310077488,19.132206027377485,19.12140707339739
2200,4000,2600,35.21803056503399,17.613535831611173,17.60449473342282
2200,4000,2800,32.632496901548556,16.320018395398055,16.312478506150505
2200,4000,3000,30.405107454496704,15.205702457540504,15.199404996956197
2200,4000,4000,22.706263797254266,11.354468027976381,11.351795769277885
2200,4000,5000,18.146761893046214,9.0739314381643,9.072830454881917
2200,4000,6000,15.12168072969663,7.5609850994087555,7.560695630287875
2200,4000,7000,12.963363064709851,6.481588891763494,6.481774172946357
2200,4000,8000,11.34383673561057,5.6716740622923885,5.67216267331818
2200,4000,9000,10.082735399911124,5.041019960017522,5.041715439893603
2200,4000,10000,9.072447756466556,4.535801962575274,4.536645793891282
2200,5000,500,69.39726772742779,34.4131701242499,34.98409760317789
2200,5000,600,69.27796863119934,34.462782396154005,34.81518623504534
2200,5000,700,69.16238676478434,34.486502192306055,34.67588457247829
2200,5000,800,69.0585208909127,34.498420742655846,34.56010014825687
2200,5000,900,68.99765578134455,34.46738185846987,34.53027392287468
2200,5000,1000,68.94979608062685,34.44119428647643,34.508601794150415
2200,5000,1200,68.7450560010163,34.339393625940566,34.40566237507573
2200,5000,1400,63.833701967009766,31.91093269667281,31.922769270336964
2200,5000,1600,56.545340951290356,28.276005900444368,28.26933505084599
2200,5000,1800,50.42723273960286,25.219726057215997,25.207506682386857
2200,5000,2000,45.36917474722773,22.690802212742305,22.67837253448542
2200,5000,2200,41.18190968300219,20.596458122451885,20.585451560550304
2200,5000,2400,37.68501456126865,18.847166911402635,18.837847649866013
2200,5000,2600,34.73184154033431,17.369814341947606,17.3620271983867
2200,5000,2800,32.209363341652306,16.107931406941685,16.101431934710625
2200,5000,3000,30.031662565306753,15.018553038906969,15.013109526399784
2200,5000,4000,22.478254731729795,11.240328753504032,11.237925978225762
2200,5000,5000,17.99045174592242,8.995778724634206,8.994673021288211
2200,5000,6000,15.008436910570497,7.504440296550433,7.503996614020063
2200,5000,7000,12.878724806994555,6.439392642408871,6.439332164585684
2200,5000,8000,11.279358178032192,5.639588152092634,5.6397700259395585
2200,5000,9000,10.033027637523952,5.0163410708881635,5.016686566635787
2200,5000,10000,9.033865432916606,4.516701886003802,4.517163546912803
2200,6000,500,69.16437627349505,34.26219256821022,34.902183705284834
2200,6000,600,69.03456804087465,34.30418206797383,34.73038597290082
2200,6000,700,68.90847578154936,34.32107495813134,34.587400823418015
2200,6000,800,68.80124444736883,34.32970888492923,34.471535562439605
2200,6000,900,68.74001538074208,34.3432258443299,34.396789536412186
2200,6000,1000,68.68294989436842,34.30976236028456,34.37318753408387
2200,6000,1200,68.40632807504184,34.17084630328031,34.235481771761535
2200,6000,1400,62.46227226972275,31.228963969021102,31.23330830070164
2200,6000,1600,55.49199273910646,27.75013593886661,27.74185680023984
2200,6000,1800,49.606494053474336,24.809112493337338,24.79738156013699
2200,6000,2000,44.71175046545346,22.361562054494453,22.35018841095901
2200,6000,2200,40.63987138028213,20.324888353293414,20.31498302698872
2200,6000,2400,37.22668020136353,18.6175042717694,18.609175929594127
2200,6000,2600,34.33618913812309,17.171563999333177,17.16462513878991
2200,6000,2800,31.86212003149973,15.933953763910221,15.92816626758951
2200,6000,3000,29.72285244030765,14.86385183217241,14.859000608135242
2200,6000,4000,22.283596178399115,11.142891787337453,11.14070439106166
2200,6000,5000,17.853327310635034,8.92719702865016,8.926130281984873
2200,6000,6000,14.906556266345605,7.453528179431421,7.453028086914187
2200,6000,7000,12.800699171491521,6.400436913699686,6.4002622577918356
2200,6000,8000,11.218451395710364,5.609210864147151,5.609240531563213
2200,6000,9000,9.984883076501962,4.992358218612425,4.992524857889536
2200,6000,10000,8.995494713360777,4.497615757092381,4.497878956268396
2200,7000,500,68.97339058430164,34.141702025020685,34.83168855928095
2200,7000,600,68.83404615890338,34.1766597847867,34.657386374116676
2200,7000,700,68.6984791669635,34.18734138460497,34.51113778235853
2200,7000,800,68.5904225113378,34.1941505431946,34.396271968143196
2200,7000,900,68.52554752573776,34.20963975472458,34.315907771013194
2200,7000,1000,68.45884968393588,34.20061376837259,34.258235915563304
2200,7000,1200,68.11061531271095,34.02372971946129,34.08688559324965
2200,7000,1400,61.40449329517344,30.70275366404877,30.701739631124678
2200,7000,1600,54.66540408897137,27.337416371166327,27.327987717805044
2200,7000,1800,48.95237015005135,24.48188831198155,24.4704818380698
2200,7000,2000,44.1810322116008,22.095836663317716,22.085195548283078
2200,7000,2200,40.197697036550785,20.103414288986155,20.094282747564627
2200,7000,2400,36.84950121394656,18.428563158712542,18.420938055234018
2200,7000,2600,34.00812232936551,17.00722679829099,17.000895531074523
2200,7000,2800,31.572248998728423,15.788760856438318,15.783488142290105
2200,7000,3000,29.46347741334432,14.733948005671825,14.729529407672496
2200,7000,4000,22.115809799287327,11.058912817726037,11.05689698156129
2200,7000,5000,17.732490575803503,8.86675421910881,8.865736356694693
2200,7000,6000,14.814927820462607,7.407722557553375,7.4072052629092315
2200,7000,7000,12.729142670842826,6.364687154883717,6.3644555159591105
2200,7000,8000,11.161513100703823,5.5807832016822925,5.580729899021531
2200,7000,9000,9.938998942684092,4.969466666283885,4.969532276400208
2200,7000,10000,8.958192873685917,4.479021937127987,4.479170936557928
2200,8000,500,68.8139774588,34.04336115575526,34.77061630304475
2200,8000,600,68.66606330579192,34.07197153245493,34.59409177333699
2200,8000,700,68.52202804603195,34.07702476286002,34.44500328317193
2200,8000,800,68.41401909769831,34.082591648594544,34.33142744910377
2200,8000,900,68.34425033439952,34.09488514176714,34.249365192632375
2200,8000,1000,68.26763771779979,34.09588082688994,34.17175689090984
2200,8000,1200,67.59587694899773,33.773098875261944,33.82277807373578
2200,8000,1400,60.5625101275971,30.283953987519297,30.2785561400778
2200,8000,1600,53.9988242882856,27.0045758517556,26.99424843653
2200,8000,1800,48.41851971004203,24.21485574305309,24.203663966988934
2200,8000,2000,43.74352406438683,21.87681879853693,21.866705265849905
2200,8000,2200,39.830129664917365,19.919347142147565,19.910782522769804
2200,8000,2400,36.53374068871776,18.270422515545942,18.263318173171818
2200,8000,2600,33.73178091232209,16.86882915499927,16.86295175732282
2200,8000,2800,31.326730914540658,15.665807973972589,15.66092294056807
2200,8000,3000,29.242676186278494,14.62338314071443,14.61929304556406
2200,8000,4000,21.969877666908648,10.985877579360787,10.984000087547862
2200,8000,5000,17.625443639816122,8.813206567511143,8.812237072304981
2200,8000,6000,14.732372469305346,7.366444923385493,7.365927545919853
2200,8000,7000,12.663627891501868,6.331944339790796,6.331683551711071
2200,8000,8000,11.108561758317032,5.554331552028172,5.554230206288859
2200,8000,9000,9.895661832208745,4.947828659013742,4.947833173195004
2200,8000,10000,8.92240643863984,4.461163997020444,4.4612424416193965
2200,9000,500,68.67892827104976,33.96168294554996,34.71724532549979
2200,9000,600,68.523333275628,33.98455090586675,34.53878236976124
2200,9000,700,68.37226835220679,33.9847486358133,34.387519716393484
2200,9000,800,68.26405641225526,33.989093543810704,34.27496286844457
2200,9000,900,68.18898298433224,33.99811458517711,34.19086839915512
2200,9000,1000,68.10238828552728,33.99371858595858,34.10866969956871
2200,9000,1200,66.81743841502451,33.39755968213719,33.41987873288733
2200,9000,1400,59.87599908409547,29.94251003384068,29.93348905025479
2200,9000,1600,53.44956981564091,26.730328941458243,26.719240874182674
2200,9000,1800,47.97441821093474,23.992738548806912,23.98167966212783
2200,9000,2000,43.37660660913536,21.69316550163703,21.683441107498325
2200,9000,2200,39.519762302925244,19.763949314951287,19.755812987973954
2200,9000,2400,36.26556130740248,18.13613373712457,18.129427570277915
2200,9000,2600,33.49587786321012,16.750702603448875,16.745175259761243
2200,9000,2800,31.116173566327575,15.560378690657593,15.555794875669978
2200,9000,3000,29.05251249432271,14.528172772860426,14.524339721462283
2200,9000,4000,21.84189984440782,10.921832041291298,10.920067803116524
2200,9000,5000,17.53009593629227,8.765510398745736,8.764585537546534
2200,9000,6000,14.657781864221331,7.329145803916211,7.328636060305119
2200,9000,7000,12.60362828144176,6.301951799960707,6.301676481481051
2200,9000,8000,11.05943095151467,5.529780594937109,5.529650356577563
2200,9000,9000,9.854933036370339,4.927483648529543,4.927449387840797
2200,9000,10000,8.888341435855777,4.444154446897413,4.444186988958363
2200,10000,500,68.5628458024605,33.904764157095634,34.65808164536486
2200,10000,600,68.40058363451402,33.91047013795663,34.49011349655739
2200,10000,700,68.2437089537654,33.90650756654437,34.33720138722105
2200,10000,800,68.13492090492976,33.909577652303334,34.225343252626416
2200,10000,900,68.05448190976388,33.91536199423685,34.13911991552704
2200,10000,1000,67.95819292463574,33.905787043492346,34.052405881143386
2200,10000,1200,66.15111200248884,33.07555518834652,33.075556814142324
2200,10000,1400,59.30531473008182,29.658689925377825,29.64662480470399
2200,10000,1600,52.988996900974435,26.5003731179911,26.488623782983343
2200,10000,1800,47.59910299005582,23.80504142874003,23.79406156131579
2200,10000,2000,43.0644421400912,21.53693627753003,21.52750586256117
2200,10000,2200,39.254209087111974,19.63100669492971,19.62320239218226
2200,10000,2400,36.0349813896713,18.020687570974737,18.014293818696565
2200,10000,2600,33.29217234717308,16.64871138983711,16.643460957335968
2200,10000,2800,30.933643530632434,15.468993721869738,15.464649808762697
2200,10000,3000,28.887066716203435,14.445346885065355,14.441719831138082
2200,10000,4000,21.728821060383268,10.865245609589984,10.863575450793284
2200,10000,5000,17.444716824369138,8.722800764167843,8.721916060201293
2200,10000,6000,14.590165897743185,7.2953323152793415,7.294833582463844
2200,10000,7000,12.548605882594666,6.27444382161369,6.274162060980976
2200,10000,8000,11.013871860068788,5.507009915097813,5.506861944970975
2200,10000,9000,9.81675330929544,4.908406523945,4.9083467853504406
2200,10000,10000,8.85606436504327,4.428031434476486,4.4280329305667845
2400,500,500,92.59445745442278,46.33134832375093,46.26310913067184
2400,500,600,91.10918669477972,45.381071363858794,45.72811533092093
2400,500,700,90.7385544689302,45.30324541770954,45.43530905122067
2400,500,800,90.49293619575866,45.227136042030736,45.26580015372793
2400,500,900,90.29301504682995,45.13546895465971,45.15754609217025
2400,500,1000,76.56860029487615,37.940372624096746,38.62822767077941
2400,500,1200,73.30403364088488,35.97535753476111,37.32867610612377
2400,500,1400,72.31366029177603,35.756120931334486,36.557539360441545
2400,500,1600,69.6727931424164,34.612349483705074,35.060443658711314
2400,500,1800,60.35414465981712,30.12900308161798,30.225141578199143
2400,500,2000,52.518278292667674,26.264018991899015,26.254259300768652
2400,500,2200,46.65213862402162,23.346536947014854,23.30560167700676
2400,500,2400,42.05948379351339,21.052016037256397,21.00746775625699
2400,500,2600,38.34450400262147,19.191605566488743,19.152898436132723
2400,500,2800,35.26517326539022,17.647602578069083,17.617570687321134
2400,500,3000,32.663957838411456,16.342458337538556,16.321499500872896
2400,500,4000,23.95015277258787,11.967819289101246,11.982333483486624
2400,500,5000,18.94174800569053,9.453128376810888,9.488619628879645
2400,500,6000,15.669776636632019,7.81049383856584,7.859282798066179
2400,500,7000,13.360059271268362,6.651058277366661,6.709000993901701
2400,500,8000,11.641498370297134,5.788424819388882,5.8530735509082525
2400,500,9000,10.312799744006274,5.121504062913505,5.191295681092767
2400,500,10000,9.254976986332363,4.590549449504967,4.664427536827397
2400,600,500,91.28418969979197,45.51818921791312,45.76600048187886
2400,600,600,90.860581795994,45.25064732181855,45.609934474175446
2400,600,700,90.58470819843006,45.248376365555536,45.33633183287453
2400,600,800,90.36961153922365,45.200718300672136,45.168893238551526
2400,600,900,90.02863487936382,45.00227682752123,45.02635805184259
2400,600,1000,74.42235972467388,36.81500985840503,37.60734986626885
2400,600,1200,72.64547282924894,35.841262089486285,36.80421073976265
2400,600,1400,71.98625204205858,35.68695820776081,36.29929383429776
2400,600,1600,69.42569182561327,34.55852875876025,34.867163066853024
2400,600,1800,59.8357199753169,29.893048939941064,29.94267103537583
2400,600,2000,52.1860057549122,26.104874143667182,26.08113161124502
2400,600,2200,46.41738465828907,23.229959555605152,23.187425102683918
2400,600,2400,41.8818581333811,20.962113184898236,20.91974494848286
2400,600,2600,38.20341962535019,19.119809545941155,19.083610079409038
2400,600,2800,35.149063076576475,17.58881200879697,17.560251067779504
2400,600,3000,32.565794750391035,16.293410625553197,16.272384124837835
2400,600,4000,23.895715953148454,11.944482545170379,11.951233407978076
2400,600,5000,18.903362494057998,9.440472770240932,9.462889723817066
2400,600,6000,15.638815577614292,7.803339748172357,7.835475829441934
2400,600,7000,13.332846153311637,6.647058764015625,6.685787389296013
2400,600,8000,11.61621857303617,5.786355169644859,5.82986340339131
2400,600,9000,10.288476172898893,5.120665303629507,5.167810869269386
2400,600,10000,9.23105254314908,4.590517590238541,4.640534952910538
2400,700,500,90.9998453988053,45.30006026635268,45.69978513245264
2400,700,600,90.68576169974659,45.203885748123135,45.48187595162346
2400,700,700,90.45227812290604,45.223251781783915,45.22902634112212
2400,700,800,90.25336806065643,45.18444268796646,45.068925372689975
2400,700,900,74.9592254835009,37.362589050744056,37.59663643275685
2400,700,1000,73.36317389871147,36.280094222936704,37.08307967577477
2400,700,1200,72.17697638216947,35.73228630196625,36.44469008020322
2400,700,1400,71.7111416818757,35.615437339896765,36.09570434197895
2400,700,1600,69.1383145441876,34.46421186498434,34.67410267920324
2400,700,1800,59.349378632805276,29.662593055178622,29.686785577626658
2400,700,2000,51.8699392191511,25.94976727909471,25.920171940056395
2400,700,2200,46.19206658130385,23.11678084036096,23.07528574094289
2400,700,2400,41.71059505101034,20.875056505721364,20.835538545288973
2400,700,2600,38.067254059998476,19.05036752999677,19.016886530001702
2400,700,2800,35.03721219489487,17.531954216124127,17.505257978770743
2400,700,3000,32.47163687815927,16.24594381764029,16.22569306051899
2400,700,4000,23.84592728260002,11.921694965443773,11.924232317156244
2400,700,5000,18.870819002752096,9.427948701164791,9.442870301587305
2400,700,6000,15.61471674003346,7.796130067050695,7.8185866729827636
2400,700,7000,13.313338392915648,6.642918696998639,6.670419695917009
2400,700,8000,11.599338185211915,5.784107580806191,5.815230604405723
2400,700,9000,10.27312867355489,5.119634755412164,5.153493918142727
2400,700,10000,9.216590916895383,4.5902919786831236,4.626298938212259
2400,800,500,90.80191159098455,45.16056958944726,45.64134200153727
2400,800,600,90.54416473118559,45.195033997164444,45.349130734021145
2400,800,700,90.33357243059328,45.217774482818534,45.11579794777475
2400,800,800,76.6039552597151,38.619878052655025,37.98407720706007
2400,800,900,73.51814406381851,36.539366793234734,36.97877727058378
2400,800,1000,72.64875035032044,35.92430786402092,36.72444248629952
2400,800,1200,71.82134921454286,35.63794436286038,36.18340485168249
2400,800,1400,71.47558364010227,35.54478691207794,35.93079672802433
2400,800,1600,68.82978153575186,34.34625328561213,34.48352825013973
2400,800,1800,58.892041237405984,29.441351086139527,29.450690151266453
2400,800,2000,51.5689438792277,25.800377552022994,25.768566327204706
2400,800,2200,45.975781776487274,23.007678774033348,22.968103002453923
2400,800,2400,41.545436348274166,20.791069056601135,20.754367291673027
2400,800,2600,37.93564490217892,18.983297878084624,18.952347024094294
2400,800,2800,34.929054610903705,17.476959025182428,17.452095585721278
2400,800,3000,32.38067897949597,16.199953697873905,16.180725281622067
2400,800,4000,23.79884568405574,11.899381425429585,11.899464258626157
2400,800,5000,18.841324946527806,9.415527841534766,9.42579710499304
2400,800,6000,15.594090303793905,7.7888641406395225,7.805226163154381
2400,800,7000,13.297695820649986,6.638651298988274,6.659044521661712
2400,800,8000,11.586666205357975,5.781702296869687,5.804963908488288
2400,800,9000,10.26228550303426,5.11843605061596,5.1438494524183005
2400,800,10000,9.206888704437015,4.589897777307628,4.616990927129388
2400,900,500,90.65172541260141,45.088769591810824,45.5629558207906
2400,900,600,90.42212240371283,45.210507075425554,45.21161532828728
2400,900,700,90.25014548530328,45.206124985248465,45.04402050005481
2400,900,800,73.80933983551746,36.920313524474714,36.88902631104275
2400,900,900,72.68023054699256,36.069567110250176,36.61066343674238
2400,900,1000,72.05965771287839,35.71316429599535,36.34649341688304
2400,900,1200,71.53917564926962,35.55443278256208,35.984742866707535
2400,900,1400,71.27026768837351,35.47649316246688,35.793774525906635
2400,900,1600,68.17264561109586,34.03448152562931,34.138164085466556
2400,900,1800,58.461079414964395,29.23042368250925,29.230655732455144
2400,900,2000,51.28198122282647,25.657138939981287,25.62484228284518
2400,900,2200,45.76807646806733,22.902755203034943,22.865321265032385
2400,900,2400,41.38610723990617,20.710114498812683,20.675992741093484
2400,900,2600,37.80833114668678,18.918514585192934,18.88981656149385
2400,900,2800,34.8242723202607,17.42372827060689,17.40054404965381
2400,900,3000,32.292516598055165,16.15534596521588,16.13717063283929
2400,900,4000,23.753588562841504,11.877502516879815,11.876086045961689
2400,900,5000,18.813617150494036,9.403203401519797,9.41041374897424
2400,900,6000,15.575395511021265,7.781550873704282,7.793844637316983
2400,900,7000,13.284166518556246,6.634272529683619,6.649893988872629
2400,900,8000,11.576285910120827,5.779158198410634,5.797127711710194
2400,900,9000,10.25389740509342,5.1170890016662085,5.136808403427212
2400,900,10000,9.19978768558096,4.58935474974581,4.61043293583515
2400,1000,500,90.52382160296237,45.14075291418063,45.383068688781734
2400,1000,600,90.31408916901171,45.2340656089858,45.080023560025914
2400,1000,700,74.35204978216508,37.41174447481091,36.94030530735417
2400,1000,800,72.77984253263517,36.28336786404352,36.49647466859164
2400,1000,900,72.0906421144064,35.74743060171105,36.343211512695355
2400,1000,1000,71.6400025252562,35.582932577648506,36.057069947607694
2400,1000,1200,71.30778801023702,35.479653222667224,35.828134787569795
2400,1000,1400,71.08828876095008,35.41107157483054,35.677217186119535
2400,1000,1600,67.50207206075933,33.70996413463341,33.79210792612592
2400,1000,1800,58.054194971201184,29.02987395944575,29.024321011755433
2400,1000,2000,51.00810468761963,25.5200194079928,25.48808527962683
2400,1000,2200,45.56850046391385,22.801913159667585,22.766587304246265
2400,1000,2400,41.23233980786333,20.632079151550524,20.600260656312805
2400,1000,2600,37.68510041937622,18.85590961803859,18.829190801337628
2400,1000,2800,34.72265314543342,17.372167697310914,17.35048544812251
2400,1000,3000,32.206912184900105,16.112041749096505,16.0948704358036
2400,1000,4000,23.70970969087993,11.856035433291366,11.853674257588564
2400,1000,5000,18.787062968757226,9.390976720403787,9.396086248353438
2400,1000,6000,15.557857417024513,7.774201658093409,7.783655758931104
2400,1000,7000,13.271866205425145,6.629797737286434,6.642068468138712
2400,1000,8000,11.567226628462633,5.776491842828526,5.790734785634107
2400,1000,9000,10.246923934390482,5.115610140174049,5.1313137942164335
2400,1000,10000,9.194189868030266,4.588678850303106,4.605511017727161
2400,1200,500,90.37998379344802,45.02935086021913,45.35063293322888
2400,1200,600,73.25701345799625,36.745187398614085,36.51182605938218
2400,1200,700,72.17711923208473,36.0114057644744,36.16571346761033
2400,1200,800,71.61850573925224,35.6147631755474,36.00374256370485
2400,1200,900,71.26582487289599,35.46617633064986,35.79964854224613
2400,1200,1000,71.0965160273235,35.399245931205655,35.69727009611785
2400,1200,1200,70.94577854696706,35.35070581351707,35.595072733449996
2400,1200,1400,70.77615025053012,35.28932824862691,35.486822001903214
2400,1200,1600,66.29581068141371,33.120972273131905,33.174838408281815
2400,1200,1800,57.30474617172239,28.658280547634842,28.646465624087554
2400,1200,2000,50.49622025353253,25.263207931555964,25.233012321976563
2400,1200,2200,45.19202913021965,22.611780796277557,22.580248333942095
2400,1200,2400,40.94047161935138,20.48422361760447,20.456248001746903
2400,1200,2600,37.450157989704266,18.7368084036732,18.71334958603106
2400,1200,2800,34.52828167537442,17.273723788270413,17.254557887104014
2400,1200,3000,32.042774117652826,16.029085207030292,16.013688910622538
2400,1200,4000,23.625206508925782,11.814282256446232,11.810924252479552
2400,1200,5000,18.73619435322397,9.3668344053407,9.369359947883268
2400,1200,6000,15.524754347962899,7.759440586194157,7.765313761768745
2400,1200,7000,13.249235884448636,6.6206143311350925,6.628621553313542
2400,1200,8000,11.551177445479132,5.7708480775307605,5.780329367948372
2400,1200,9000,10.2351827416181,5.1123109792629124,5.122871762355188
2400,1200,10000,9.185345878185071,4.586979449294185,4.598366428890885
2400,1400,500,72.53139373986957,36.26048810195746,36.270905637912115
2400,1400,600,71.66599797988768,35.693178333507305,35.972819646380366
2400,1400,700,71.23953866402623,35.49886636016695,35.74067230385927
2400,1400,800,70.97025842909761,35.37024320352466,35.60001522557295
2400,1400,900,70.82470658391534,35.30286372496045,35.52184285895489
2400,1400,1000,70.74719806159726,35.26936240695137,35.47783565464589
2400,1400,1200,70.67055660595331,35.24316706885937,35.427389537093944
2400,1400,1400,70.51327851251109,35.17888251882204,35.334395993689064
2400,1400,1600,65.2398675216583,32.60156943726834,32.63829808438996
2400,1400,1800,56.629940077835506,28.32226312646639,28.307676951369118
2400,1400,2000,50.027182895477715,25.027653020347657,24.999529875130058
2400,1400,2200,44.843177044536276,22.43577879986511,22.407398244671167
2400,1400,2400,40.66790815787552,20.346431110831723,20.321477047043793
2400,1400,2600,37.22948928566955,18.625203985803097,18.60428529986645
2400,1400,2800,34.34489766161938,17.181036301824822,17.163861359794563
2400,1400,3000,31.887351156145723,15.950640570763202,15.93671058538252
2400,1400,4000,23.544322963346925,11.774043128841086,11.77027983450584
2400,1400,5000,18.68737213743952,9.343140689126292,9.34423144831323
2400,1400,6000,15.493130944611714,7.744662720462832,7.748468224148882
2400,1400,7000,13.227902850154198,6.611195362735173,6.616707487419024
2400,1400,8000,11.536409206270777,5.764865989940211,5.771543216330568
2400,1400,9000,10.22478088547243,5.108629433523605,5.116151451948824
2400,1400,10000,9.177932219924209,4.584884546864233,4.593047673059976
2400,1600,500,71.23269974985152,35.38925594586703,35.8434438039845
2400,1600,600,70.92094049491226,35.37587965326518,35.54506084164708
2400,1600,700,70.7297866003729,35.29144433137153,35.438342269001375
2400,1600,800,70.62181721541339,35.23326599688227,35.38855121853112
2400,1600,900,70.54061405604709,35.191336483474515,35.34927757257257
2400,1600,1000,70.49819699192905,35.17054216485333,35.32765482707572
2400,1600,1200,70.45055572631681,35.151827374876596,35.298728351440204
2400,1600,1400,70.284571161659,35.07805248278672,35.2065186788723
2400,1600,1600,64.30627085008929,32.14033619484082,32.16593465524847
2400,1600,1800,56.018765950288895,28.017272482618708,28.00149346767018
2400,1600,2000,49.595826481185675,24.810985070945687,24.784841410239988
2400,1600,2200,44.51911539781639,22.272451792338934,22.24666360547746
2400,1600,2400,40.41290700514936,20.21772434903186,20.195182656117492
2400,1600,2600,37.021916922148364,18.52040799994543,18.501508922202937
2400,1600,2800,34.17164037060838,17.093607862014256,17.078032508594127
2400,1600,3000,31.73996837128273,15.876344512271684,15.863623859011046
2400,1600,4000,23.466621790458262,11.735260825480347,11.731360964977915
2400,1600,5000,18.640098810258795,9.319930894301704,9.320167915957091
2400,1600,6000,15.462387650907967,7.729934346095829,7.73245330481214
2400,1600,7000,13.207168171062296,6.6016156584536265,6.60555251260867
2400,1600,8000,11.522135177361637,5.758620025603693,5.763515151757943
2400,1600,9000,10.214856007612191,5.104636056265903,5.110219951346288
2400,1600,10000,9.171021792068089,4.582459586052117,4.588562206015973
2400,1800,500,70.6443339262753,35.29010065098192,35.35423327529338
2400,1800,600,70.54241694000319,35.23283625289875,35.309580687104436
2400,1800,700,70.47247921365484,35.18642664169344,35.286052571961406
2400,1800,800,70.40322539102823,35.144831471460286,35.25839391956795
2400,1800,900,70.33930468223755,35.10892709475394,35.230377587483616
2400,1800,1000,70.30885348672398,35.091901717477526,35.21695176924644
2400,1800,1200,70.26818789873613,35.072866853846556,35.195321044889575
2400,1800,1400,70.08076162362212,34.9852245914065,35.095537032215624
2400,1800,1600,63.47367548195156,31.727846958422177,31.74582852352938
2400,1800,1800,55.462314731160184,27.739260142023575,27.72305458913661
2400,1800,2000,49.19776541270074,24.61106658049586,24.58669883220488
2400,1800,2200,44.217354226806364,22.12049903227468,22.09685519453169
2400,1800,2400,40.173900759189635,20.0972411478181,20.076659611371536
2400,1800,2600,36.82637777613272,18.42181937201406,18.404558404118664
2400,1800,2800,34.00774656167776,17.011007149107556,16.99673941257021
2400,1800,3000,31.600051747894703,15.805883007501524,15.794168740393179
2400,1800,4000,23.391859835907812,11.697883220823229,11.693976615084587
2400,1800,5000,18.594166010458657,9.297230972609865,9.296935037848792
2400,1800,6000,15.43228887801979,7.71530772592778,7.71698115209201
2400,1800,7000,13.186755112078021,6.591934997887155,6.594820114190865
2400,1800,8000,11.50803683032315,5.752169954906994,5.755866875416155
2400,1800,9000,10.205051135049386,5.100387610605413,5.104663524443972
2400,1800,10000,9.164223451065526,4.579757236008119,4.584466215057407
2400,2000,500,70.52192299350648,35.21533916337652,35.30658383012995
2400,2000,600,70.4263237060782,35.178767428102496,35.24755627797569
2400,2000,700,70.33925977507474,35.12827440440184,35.210985370672894
2400,2000,800,70.25544289791789,35.08420669369095,35.171236204226936
2400,2000,900,70.18798243598354,35.045157990945725,35.14282444503781
2400,2000,1000,70.15836155598369,35.02731629365305,35.13104526233064
2400,2000,1200,70.1128635970338,35.00354517313085,35.10931842390295
2400,2000,1400,69.89596746592714,34.89911068759195,34.99685677833521
2400,2000,1600,62.725579546586644,31.35651491485362,31.369064631733025
2400,2000,1800,54.95330277695528,27.484773721810118,27.468529055145165
2400,2000,2000,48.82926125535946,24.42603428534715,24.403226970012312
2400,2000,2200,43.935706892791046,21.97877953307002,21.956927359721025
2400,2000,2400,39.94948483925405,19.984223586648316,19.965261252605735
2400,2000,2600,36.64190885873615,18.3289086504334,18.313000208302746
2400,2000,2800,33.852524583871684,16.932852964111387,16.919671619760297
2400,2000,3000,31.46708688940986,15.738977004824788,15.728109884585072
2400,2000,4000,23.31986863961564,11.66185880379045,11.658009835825192
2400,2000,5000,18.54947595393824,9.275057927516436,9.274418026421808
2400,2000,6000,15.402741447152085,7.700823655426925,7.701917791725159
2400,2000,7000,13.166555202738703,6.582201526551228,6.584353676187476
2400,2000,8000,11.493984824280483,5.7455645881142265,5.7484202361662575
2400,2000,9000,10.195215557631755,5.0959307951097115,5.099284762522044
2400,2000,10000,9.157366445403374,4.576821026893564,4.580545418509812
2400,2200,500,70.41670667429658,35.13583330666034,35.28087336763623
2400,2200,600,70.32107446703311,35.12884612781283,35.19222833922027
2400,2200,700,70.2319150155722,35.076520987592914,35.15539402797929
2400,2200,800,70.14582502132144,35.031221519806635,35.1146035015148
2400,2200,900,70.0704317692209,34.992762056722114,35.077669712498796
2400,2200,1000,70.03485195100897,34.97299714192547,35.061854809083506
2400,2200,1200,69.97781269122807,34.94189392487303,35.03591876635503
2400,2200,1400,69.72641573231523,34.81878322191044,34.907632510404795
2400,2200,1600,62.0490249321442,31.020240515067268,31.028784417076928
2400,2200,1800,54.48571551055551,27.250900558060977,27.23481495249453
2400,2200,2000,48.48711283131117,24.254278495864583,24.232834335446594
2400,2200,2200,43.672252146727445,21.84629552470076,21.825956622026684
2400,2200,2400,39.73840241074877,19.878003708362183,19.86039870238659
2400,2200,2600,36.467637756668715,18.24120604853317,18.226431708135543
2400,2200,2800,33.70534349669256,16.858804582130734,16.846538914561826
2400,2200,3000,31.34060403791185,15.6753749293119,15.665229108599945
2400,2200,4000,23.25051171261046,11.627135759197856,11.623375953412603
2400,2200,5000,18.505975743811167,9.253421290754646,9.252554453056522
2400,2200,6000,15.37371164001327,7.686513739670764,7.687197900342506
2400,2200,7000,13.146532235079356,6.5724542521261,6.5740779829532565
2400,2200,8000,11.479932816328908,5.7388442297570235,5.741088586571886
2400,2200,9000,10.185290487668837,5.09130459085259,5.093985896816246
2400,2200,10000,9.150379395360314,4.573687546074805,4.576691849285509
2400,2400,500,70.31725162770216,35.061467810251436,35.25578381745073
2400,2400,600,70.22120250573211,35.08168235950738,35.13952014622473
2400,2400,700,70.12989094381216,35.02718358657871,35.10270735723345
2400,2400,800,70.0415479345215,34.98051939084643,35.06102854367507
2400,2400,900,69.96714849557806,34.94255656847015,35.024591927107906
2400,2400,1000,69.93064765453525,34.92412803909405,35.006519615441185
2400,2400,1200,69.85845734645274,34.88645241813777,34.972004928314966
2400,2400,1400,69.56964522429993,34.74358391132471,34.82606131297522
2400,2400,1600,61.43368016618306,30.71408730931963,30.71959285686342
2400,2400,1800,54.05453961522047,27.035183656452386,27.019355958768084
2400,2400,2000,48.168565288417746,24.094409079621894,24.074156208795852
2400,2400,2200,43.42529890703678,21.72217317302167,21.703125734015114
2400,2400,2400,39.53952884333688,19.777990665601337,19.76153817773554
2400,2400,2600,36.302774179272,18.158292408757035,18.14448177051496
2400,2400,2800,33.56562660008267,16.788555351287073,16.777071248795604
2400,2400,3000,31.220171281576427,15.61484820200688,15.605323079569548
2400,2400,4000,23.183667915243717,11.593662137894208,11.590005777349509
2400,2400,5000,18.46363083877635,9.232324628850636,9.231306209925714
2400,2400,6000,15.345190893343258,7.672402235600629,7.67278865774263
2400,2400,7000,13.126681974474208,6.562724890952193,6.563957083522015
2400,2400,8000,11.465872457509194,5.732042415176876,5.733830042332318
2400,2400,9000,10.175260275256802,5.086541855504509,5.0887184197522926
2400,2400,10000,9.143238414429126,4.570387894387018,4.572850520042107
2400,2600,500,70.22319865268766,34.99187008303028,35.23132856965737
2400,2600,600,70.12635679634974,35.03721922026882,35.08913757608093
2400,2600,700,70.0329408119457,34.98030044879743,35.05264036314828
2400,2600,800,69.94228978866101,34.93209901387957,35.01019077478144
2400,2600,900,69.86920145469198,34.89473638494142,34.97446506975054
2400,2600,1000,69.8332833765142,34.876680662597906,34.9566027139163
2400,2600,1200,69.75155816210676,34.83610676375865,34.915451398348104
2400,2600,1400,69.24964095348662,34.589053781558725,34.660587171927894
2400,2600,1600,60.87119193711589,30.434023563109776,30.43716837400612
2400,2600,1800,53.65555987318235,26.835542376388897,26.82001749679345
2400,2600,2000,47.87123598403528,23.945222274384545,23.92601370965074
2400,2600,2200,43.1933549894628,21.605644845513865,21.587710143948932
2400,2600,2400,39.35185688648459,19.68365986209393,19.66819702439066
2400,2600,2600,36.14660203243894,18.07979213851677,18.066809893922176
2400,2600,2800,33.432846406209734,16.721828021748586,16.71101838446114
2400,2600,3000,31.105390546402337,15.55718819487735,15.548202351524985
2400,2600,4000,23.11922468425863,11.561386306973521,11.557838377285107
2400,2600,5000,18.422413746943533,9.2117668467752,9.21064690016833
2400,2600,6000,15.317180674207279,7.658507513802726,7.658673160404553
2400,2600,7000,13.107013990168193,6.5530392675660325,6.5539747226021605
2400,2600,8000,11.451812808119378,5.7251871931652145,5.726625614954164
2400,2600,9000,10.165129870940797,5.081670476967338,5.083459393973459
2400,2600,10000,9.135942973479194,4.566948720346587,4.568994253132606
2400,2800,500,70.13418012047256,34.926672258524874,35.20750786194769
2400,2800,600,70.03625456118432,34.993381110364076,35.04287345082025
2400,2800,700,69.9407321214409,34.935764554997675,35.00496756644322
2400,2800,800,69.84778041579018,34.88591079924346,34.96186961654672
2400,2800,900,69.77619120120762,34.84917727917947,34.92701392202816
2400,2800,1000,69.74034896574409,34.83120261659526,34.90914634914883
2400,2800,1200,69.6521223547257,34.78761607038169,34.86450628434401
2400,2800,1400,68.76830009769382,34.35629857976084,34.412001517932985
2400,2800,1600,60.35472081182058,30.17672463542577,30.177996176394803
2400,2800,1800,53.28520361347942,26.65020532246392,26.634998291015496
2400,2800,2000,47.59305413092944,23.805671691897818,23.78738243903162
2400,2800,2200,42.975100015131886,21.496033828252692,21.479066186879194
2400,2800,2400,39.17448311499626,19.594543886188536,19.579939228807724
2400,2800,2600,35.99847202518471,18.00536750859592,17.99310451658879
2400,2800,2800,33.306520229523294,16.65837110145117,16.64814912807212
2400,2800,3000,30.99589463103204,15.502203944103128,15.493690686928915
2400,2800,4000,23.057075236751096,11.530257409409275,11.526817827341823
2400,2800,5000,18.382299127108098,9.191743257196201,9.190555869911899
2400,2800,6000,15.28968557511375,7.644843212459948,7.644842362653803
2400,2800,7000,13.087543085716952,6.54341840170551,6.544124684011441
2400,2800,8000,11.437770415384861,5.718302105258731,5.71946831012613
2400,2800,9000,10.15491380447364,5.07671424428345,5.078199560190191
2400,2800,10000,9.128503975514905,4.563392992159916,4.565110983354987
2400,3000,500,70.04985143580775,34.86549130273045,35.18436013307731
2400,3000,600,69.95013059762877,34.93032511230856,35.01980548532023
2400,3000,700,69.85296531585404,34.89349894677918,34.959466369074846
2400,3000,800,69.75774356627026,34.84187297945234,34.91587058681792
2400,3000,900,69.68775934025908,34.80575719827256,34.88200214198652
2400,3000,1000,69.65159644855835,34.78762881650957,34.86396763204878
2400,3000,1200,69.55603372722437,34.74056199979519,34.815471727429184
2400,3000,1400,68.3122389765102,34.13503871283948,34.17720026367071
2400,3000,1600,59.87860351181042,29.939423241143526,29.939180270666885
2400,3000,1800,52.940420499443974,26.477655644509504,26.46276485493447
2400,3000,2000,47.33221150377627,23.674843879453807,23.657367624322468
2400,3000,2200,42.76936217703828,21.392741405018732,21.37662077201955
2400,3000,2400,39.00659580290573,19.510224917826136,19.496370885079596
2400,3000,2600,35.857794868066755,17.934713934970553,17.923080933096198
2400,3000,2800,33.18620615571599,16.59795587448138,16.58825028123461
2400,3000,3000,30.891344685215312,15.449720303082456,15.441624382132856
2400,3000,4000,22.997117437952948,11.500225747246077,11.496891690706871
2400,3000,5000,18.343261733157604,9.172246439029388,9.171015294128214
2400,3000,6000,15.262710160167767,7.6314191543278564,7.631291005839909
2400,3000,7000,13.06828517600849,6.533879365910789,6.5344058100977005
2400,3000,8000,11.423764381889987,5.711406953648566,5.712357428241421
2400,3000,9000,10.1446305873298,5.071693525889784,5.072937061440017
2400,3000,10000,9.120937607216451,4.559740594960995,4.561197012255457
2400,4000,500,69.68764658072197,34.60945731656031,35.07818926416167
2400,4000,600,69.57741138705838,34.66652396250783,34.910887424550545
2400,4000,700,69.4709990028667,34.69714570620916,34.77385329665754
2400,4000,800,69.3686757072719,34.65222466260084,34.71645104467107
2400,4000,900,69.30382085045692,34.61676290302753,34.68705794742938
2400,4000,1000,69.26241721938182,34.595511861860444,34.66690535752138
2400,4000,1200,69.11891257865729,34.52495197177662,34.593960606880664
2400,4000,1400,65.70028865040057,32.83909103588369,32.86119761451686
2400,4000,1600,57.96062488009811,28.98272114432985,28.97790373576827
2400,4000,1800,51.51957616363102,25.766555046571828,25.7530211170592
2400,4000,2000,46.238646704864365,23.12659457821774,23.11205212664662
2400,4000,2200,41.8955510907653,20.954330068064536,20.94122102270077
2400,4000,2400,38.28621828615172,19.148702360961725,19.137515925189998
2400,4000,2600,35.249047871837625,17.629216126447208,17.619831745390414
2400,4000,2800,32.66176193880359,16.33480522188277,16.326956716920822
2400,4000,3000,30.432634916463382,15.219606810372635,15.21302810609075
2400,4000,4000,22.726917280316837,11.36489761329767,11.362019667019169
2400,4000,5000,18.163300408651583,9.08228802884381,9.081012379807774
2400,4000,6000,15.135672395672833,7.568060619176396,7.5676117764964355
2400,4000,7000,12.975652706785224,6.487809177542143,6.48784352924308
2400,4000,8000,11.354902604311999,5.677279951592843,5.677622652719155
2400,4000,9000,10.092865523260937,5.046156409896373,5.046709113364564
2400,4000,10000,9.081826494032253,4.540561710001017,4.5412647840312355
2400,5000,500,69.40222022934843,34.4153527042114,34.98686752513702
2400,5000,600,69.28129773552672,34.4649545163857,34.81634321914102
2400,5000,700,69.16398019022634,34.48859360526538,34.67538658496096
2400,5000,800,69.05835745811727,34.50034312546041,34.55801433265686
2400,5000,900,68.99565741255955,34.46579673119621,34.529860681363346
2400,5000,1000,68.94613288506504,34.43899295383695,34.507139931228096
2400,5000,1200,68.73885354065695,34.33625077138822,34.402602769268725
2400,5000,1400,63.84982785318919,31.919324404451068,31.930503448738126
2400,5000,1600,56.57199286132862,28.289563935184997,28.28242892614362
2400,5000,1800,50.45988011562885,25.236240380654035,25.22363973497481
2400,5000,2000,45.40401329854709,22.708385514086036,22.69562778446106
2400,5000,2200,41.21664247371139,20.613967323513968,20.60267515019742
2400,5000,2400,37.718471192565836,18.864020859431392,18.854450333134444
2400,5000,2600,34.763514587276426,17.38576274719997,17.377751840076453
2400,5000,2800,32.23909966593215,16.12290050506117,16.116199160870984
2400,5000,3000,30.059487181041696,15.032557530927804,15.026929650113896
2400,5000,4000,22.49850854011739,11.250523097373552,11.247985442743836
2400,5000,5000,18.00615900700292,9.003689325585071,9.002469681417853
2400,5000,6000,15.021350231181211,7.5109486618874435,7.510401569293768
2400,5000,7000,12.889806527810416,6.444982250410683,6.444824277399733
2400,5000,8000,11.289160173878484,5.644536109483725,5.644624064394758
2400,5000,9000,10.041883777171169,5.020814962409854,5.021068814761315
2400,5000,10000,9.041988329239263,4.520808406143887,4.521179923095376
2400,6000,500,69.17178947653578,34.263554917016336,34.908234559519435
2400,6000,600,69.04082826347802,34.306056029333924,34.73477223414409
2400,6000,700,68.91344348644961,34.323353783979144,34.590089702470465
2400,6000,800,68.8050453075805,34.33229136017951,34.472753947400975
2400,6000,900,68.74242112055886,34.34397966384537,34.39844145671348
2400,6000,1000,68.68398347125311,34.30989940869872,34.3740840625544
2400,6000,1200,68.40501496053916,34.170107279978446,34.234907680560724
2400,6000,1400,62.47611158111927,31.23613453179512,31.239977049324153
2400,6000,1600,55.516892938656504,27.762743401324737,27.754149537331767
2400,6000,1800,49.63786210632743,24.824922241051887,24.81293986527554
2400,6000,2000,44.74570306099275,22.37864727986467,22.367055781128087
2400,6000,2200,40.67400132939644,20.342049489398104,20.331951839998332
2400,6000,2400,37.25971522498239,18.63410741832706,18.625607806655335
2400,6000,2600,34.36754419563139,17.187318510840523,17.180225684790866
2400,6000,2800,31.89158781003148,15.948757581303633,15.942830228727844
2400,6000,3000,29.750421895485342,14.877700740112662,14.872721155372682
2400,6000,4000,22.303448664275653,11.152865440246018,11.150583224029635
2400,6000,5000,17.86844150700852,8.934794177727317,8.9336473292812
2400,6000,6000,14.91873704413649,7.459654835599394,7.459082208537097
2400,6000,7000,12.81096165311727,6.405602260968645,6.405359392148624
2400,6000,8000,11.227387577541387,5.613711735940708,5.61367584160068
2400,6000,9000,9.992855103513925,4.996376157112112,4.996478946401814
2400,6000,10000,9.002734465285666,4.501266985004149,4.5014674802815176
2400,7000,500,68.98195599698762,34.14180913304838,34.84014686393924
2400,7000,600,68.84183546693932,34.17768819059195,34.66414727634736
2400,7000,700,68.70533583400851,34.18915781400908,34.51617801999943
2400,7000,800,68.59673106072424,34.19673395141543,34.399997109308806
2400,7000,900,68.530760453502,34.212542879919575,34.318217573582416
2400,7000,1000,68.46285394718618,34.2023952849343,34.26045866225188
2400,7000,1200,68.11217974833579,34.02442516387267,34.08775458446312
2400,7000,1400,61.41343404791816,30.70744986269945,30.705984185218714
2400,7000,1600,54.68664512443545,27.348150977282767,27.338494147152677
2400,7000,1800,48.98102784003999,24.49630247345519,24.4847253665848
2400,7000,2000,44.21298937247602,22.11188934366336,22.10110002881266
2400,7000,2200,40.230345647657536,20.11980507832259,20.110540569334955
2400,7000,2400,36.881412816539225,18.44457909613162,18.436833720407606
2400,7000,2600,34.038598696500976,17.022519723782978,17.016078972718002
2400,7000,2800,31.601003457062028,15.803188293242963,15.797815163819063
2400,7000,3000,29.490443888656092,14.74747766620037,14.742966222455726
2400,7000,4000,22.135222993956244,11.068654315955078,11.066568678001167
2400,7000,5000,17.747126586913875,8.87410183031237,8.873024756601506
2400,7000,6000,14.826568528142712,7.413569725252172,7.412998802890538
2400,7000,7000,12.738815768981295,6.369548895477857,6.369266873503438
2400,7000,8000,11.169828167282708,5.584964917363041,5.584863249919666
2400,7000,9000,9.946333531784434,4.973157483350108,4.973176048434328
2400,7000,10000,8.964790812928129,4.482343981835614,4.482446831092515
2400,8000,500,68.82290673826046,34.04211325713064,34.780793481129834
2400,8000,600,68.67451968804457,34.071914786648016,34.602604901396546
2400,8000,700,68.52988578270711,34.07806083884467,34.451824943862455
2400,8000,800,68.42187749545046,34.08478876892097,34.33708872652947
2400,8000,900,68.3512396486174,34.09763740448796,34.25360224412943
2400,8000,1000,68.27347876743481,34.09890718496347,34.17457158247134
2400,8000,1200,67.56822077631854,33.76002683178073,33.80819394453781
2400,8000,1400,60.56562979820855,30.285719591581834,30.279910206626713
2400,8000,1600,54.01562946040223,27.013065424736496,27.00256403566574
2400,8000,1800,48.44383206382811,24.22757101624825,24.216261047579863
2400,8000,2000,43.772956311236726,21.891585912675797,21.881370398560925
2400,8000,2200,39.86085142960236,19.934754624272657,19.926096805329703
2400,8000,2400,36.564154350301045,18.2856723041418,18.278482046159247
2400,8000,2600,33.761065931236416,16.88351138805699,16.877554543179425
2400,8000,2800,31.35451391283678,15.679736359731606,15.674777553105175
2400,8000,3000,29.268829776238835,14.636494370592905,14.632335405645927
2400,8000,4000,21.988812986992947,10.995371773410639,10.99344121358231
2400,8000,5000,17.63965899184712,8.820336923398514,8.819322068448606
2400,8000,6000,14.743584667072547,7.372071609074775,7.371513057997772
2400,8000,7000,12.672852532774444,6.3365760077405175,6.336276525033925
2400,8000,8000,11.116411121875474,5.5582747989743515,5.558136322901121
2400,8000,9000,9.902519783767408,4.951275682426526,4.951244101340882
2400,8000,10000,8.92852318426954,4.4642400626490595,4.464283121620481
2400,9000,500,68.68774003886367,33.95900365992458,34.72873637893908
2400,9000,600,68.53191808269867,33.98330582643147,34.548612256267205
2400,9000,700,68.38064963803163,33.98489549493151,34.39575414310013
2400,9000,800,68.27282120035287,33.99069045634591,34.28213074400695
2400,9000,900,68.19703497780104,34.000447188918,34.19658778888304
2400,9000,1000,68.10933280490475,33.99644188385715,34.1128909210476
2400,9000,1200,66.78437026165459,33.38214376294332,33.40222649871126
2400,9000,1400,59.87308795122935,29.941258009641622,29.931829941587726
2400,9000,1600,53.461709818593896,26.736469100472753,26.725240718121142
2400,9000,1800,47.996158898091714,24.003650371265866,23.992508526825848
2400,9000,2000,43.40329680617707,21.70654565739545,21.696751148781615
2400,9000,2200,39.548354659923916,19.778278185033773,19.770076474890146
2400,9000,2400,36.29429336125862,18.150530643224318,18.143762718034306
2400,9000,2600,33.523809009920605,16.764697311447236,16.759111698473376
2400,9000,2800,31.142844426287006,15.573741599777366,15.569102826509637
2400,9000,3000,29.077734073193476,14.540809527145617,14.536924546047855
2400,9000,4000,21.86032858340298,10.931067058360883,10.929261525042095
2400,9000,5000,17.54392129258638,8.772440916654675,8.771480375931706
2400,9000,6000,14.668633037581545,7.33458764896948,7.334045388612064
2400,9000,7000,12.612493929660577,6.3063999251555,6.306094004505076
2400,9000,8000,11.066916383920617,5.533537999041652,5.533378384878966
2400,9000,9000,9.86142212924557,4.93074247217729,4.930679657068281
2400,9000,10000,8.894086677191082,4.44704106021676,4.447045616974321
2400,10000,500,68.57131603309654,33.89705247502653,34.67426355807002
2400,10000,600,68.40895700156558,33.908039120696515,34.50091788086907
2400,10000,700,68.25222692471786,33.90569782848227,34.34652909623558
2400,10000,800,68.14415549542848,33.91046210617979,34.233693389248685
2400,10000,900,68.06310704806401,33.917117622304964,34.14598942575904
2400,10000,1000,67.9656763091979,33.908001799796914,34.05767450940098
2400,10000,1200,66.11165001718965,33.05732145328127,33.054328563908385
2400,10000,1400,59.29650695994841,29.654498725629594,29.64200823431882
2400,10000,1600,52.99651228003408,26.504191260808327,26.492321019225756
2400,10000,1800,47.617258818199396,23.814149074733365,23.803109743466027
2400,10000,2000,43.08834410914278,21.548911156443125,21.53943295269966
2400,10000,2200,39.28060815951312,19.644228989826015,19.636379169687114
2400,10000,2400,36.06196090612275,18.034199476041657,18.027761430081092
2400,10000,2600,33.318678659831875,16.661985973307537,16.656692686524337
2400,10000,2800,30.95913555596818,15.481760342936846,15.477375213031332
2400,10000,3000,28.91129632773229,14.457481458673925,14.453814869058368
2400,10000,4000,21.746725892127266,10.874214369423184,10.87251152270408
2400,10000,5000,17.45817039704671,8.729541868917376,8.728628528129335
2400,10000,6000,14.60069884385793,7.300611910733094,7.300086933124835
2400,10000,7000,12.557171310494702,6.278738915168187,6.278432395326516
2400,10000,8000,11.021061947572848,5.51061685443265,5.5104450931401985
2400,10000,9000,9.822947654537327,4.911515263823257,4.91143239071407
2400,10000,10000,8.861514788998619,4.430767983801808,4.43074680519681
2600,500,500,92.13233563299222,46.09409363636285,46.03824199662937
2600,500,600,91.06292202262476,45.35795332177514,45.70496870084962
2600,500,700,90.71716325175755,45.18573219071818,45.531431061039385
2600,500,800,90.47164659556802,45.12367977974256,45.34796681582546
2600,500,900,90.26367149514286,45.03336635502123,45.23030514012163
2600,500,1000,75.28096577816474,37.16724961141994,38.1137161667448
2600,500,1200,72.84226437780201,35.81673506656867,37.025529311233335
2600,500,1400,72.04820280834717,35.646532660720986,36.40167014762618
2600,500,1600,69.37880830724357,34.4726024533932,34.906205853850366
2600,500,1800,60.21593426397287,30.064286750656407,30.151647513316462
2600,500,2000,52.450610367965865,26.23525280041918,26.215357567546686
2600,500,2200,46.61778222582885,23.33484940100259,23.28293282482626
2600,500,2400,42.04345520551409,21.049570895356453,20.993884310157643
2600,500,2600,38.33964111642104,19.194663164104533,19.14497795231651
2600,500,2800,35.26759909682264,17.654171043534127,17.61342805328851
2600,500,3000,32.6713740267726,16.351380795007586,16.31999323176501
2600,500,4000,23.96791402943008,11.981411112734301,11.986502916695777
2600,500,5000,18.96141660997796,9.467464635497178,9.493951974480781
2600,500,6000,15.68899784729886,7.82450312509467,7.864494722204189
2600,500,7000,13.377975224668694,6.664373956559533,6.713601268109161
2600,500,8000,11.657824905008969,5.800933554054776,5.856891350954194
2600,500,9000,10.327486701666642,5.133195257840487,5.194291443826155
2600,500,10000,9.268074361894303,4.601456568090008,4.666617793804295
2600,600,500,91.23462493906423,45.48768526155465,45.74693967750957
2600,600,600,90.83652898020719,45.15755059068764,45.67897838951954
2600,600,700,90.56536171924414,45.13006412511887,45.435297594125274
2600,600,800,90.34674482696644,45.09475281587404,45.25199201109241
2600,600,900,77.35024697184103,38.66704363934327,38.68320333249777
2600,600,1000,73.79648777978264,36.44379486140813,37.3526929183745
2600,600,1200,72.30400738339469,35.715301269165344,36.58870611422935
2600,600,1400,71.75870429364721,35.589393760345914,36.1693105333013
2600,600,1600,69.15990276200235,34.43103614849297,34.72886661350938
2600,600,1800,59.71720107874672,29.837639898856683,29.879561179890036
2600,600,2000,52.12940398604132,26.08066865232658,26.048735333714742
2600,600,2200,46.39055246321777,23.220746790480693,23.169805672737088
2600,600,2400,41.871488087519595,20.961061419082537,20.910426668437058
2600,600,2600,38.20307074842256,19.12363038778412,19.079440360638436
2600,600,2800,35.15523473920699,17.595744370244102,17.55949036896289
2600,600,3000,32.576412381907645,16.302428314981643,16.273984066925998
2600,600,4000,23.915447375806735,11.957614942379974,11.957832433426763
2600,600,5000,18.924704356786048,9.454228019134131,9.470476337651919
2600,600,6000,15.65966664998154,7.816763711795892,7.842902938185647
2600,600,7000,13.352453909577765,6.659823376344195,6.6926305332335705
2600,600,8000,11.634332386783264,5.7983580836226185,5.835974303160644
2600,600,9000,10.305053164108836,5.131896934372269,5.173156229736566
2600,600,10000,9.246140974745288,4.60100853713083,4.645132437614459
2600,700,500,90.96809967370027,45.26848502856671,45.69961464513355
2600,700,600,90.66838373217313,45.06538305337225,45.60300067880088
2600,700,700,90.43191145154185,45.10349963303702,45.328411818504826
2600,700,800,90.23139836173799,45.06589253675001,45.165505824987974
2600,700,900,74.12818380071234,36.84455315481227,37.283630645900075
2600,700,1000,72.91633736754235,36.0253725273801,36.890964840162255
2600,700,1200,71.90746847536752,35.62684258202732,36.280625893340215
2600,700,1400,71.51304313714381,35.52802005831567,35.985023078828156
2600,700,1600,68.89704087327667,34.34768235704269,34.549358516233966
2600,700,1800,59.24739003160356,29.61495007169764,29.632439959905916
2600,700,2000,51.8224476935866,25.92940284273263,25.893044850853965
2600,700,2200,46.171182046917984,23.109682451470988,23.061499595446996
2600,700,2400,41.704484949213835,20.875216812845178,20.829268136368658
2600,700,2600,38.07012713156674,19.054866976219493,19.01526015534725
2600,700,2800,35.04590951580552,17.53922142677243,17.50668808903309
2600,700,3000,32.48428695750002,16.255061236701916,16.2292257207981
2600,700,4000,23.866569807752473,11.934424078152128,11.932145729600345
2600,700,5000,18.892783880078436,9.441181802151947,9.451602077926493
2600,700,6000,15.63614525921373,7.80902199855685,7.827123260656881
2600,700,7000,13.33357160057933,6.655178599558695,6.678393001020634
2600,700,8000,11.618155824516135,5.795644780785862,5.822511043730272
2600,700,9000,10.290495644957472,5.130441616204089,5.1600540287533825
2600,700,10000,9.232553613947433,4.600397202958329,4.632156410989104
2600,800,500,90.78106783216742,45.12544874647774,45.655619085689686
2600,800,600,90.5261821370853,45.05537998654118,45.47080215054411
2600,800,700,90.31019508024039,45.09479545679967,45.21539962344073
2600,800,800,74.82265708927656,37.504354398473915,37.31830269080266
2600,800,900,73.02240617817553,36.23662989865318,36.78577627952236
2600,800,1000,72.27332013491883,35.745985472759884,36.52733466215894
2600,800,1200,71.60014113739781,35.5474848101945,36.052656327203316
2600,800,1400,71.30100517742375,35.46604055430914,35.83496462311461
2600,800,1600,68.610570366338,34.23985565539522,34.37071471094277
2600,800,1800,58.80424585156123,29.40037587609292,29.40386997546831
2600,800,2000,51.529254134453765,25.783376715368213,25.745877419085552
2600,800,2200,45.95988821492585,23.002469990165753,22.957418224760094
2600,800,2400,41.54279464043841,20.79233661519246,20.750458025245948
2600,800,2600,37.94104375179951,18.988434862351937,18.952608889447575
2600,800,2800,34.93964289118495,17.484556551208378,17.45508633997657
2600,800,3000,32.39476889870873,16.20918843352135,16.185580465187382
2600,800,4000,23.819891927586404,11.911758818607842,11.908133108978562
2600,800,5000,18.86341572262823,9.428291005359265,9.43512471726896
2600,800,6000,15.615594068780453,7.801270707903847,7.814323360876604
2600,800,7000,13.318039284594578,6.650447040837372,6.6675922437572055
2600,800,8000,11.605659798379202,5.792808829438059,5.812850968941143
2600,800,9000,10.279902597544488,5.128848504485467,5.15105409305902
2600,800,10000,9.223175005208217,4.599643716665939,4.62353128854228
2600,900,500,90.63238326809318,45.027915417018185,45.604467851075
2600,900,600,90.40169808751835,45.06898627841275,45.33271180910561
2600,900,700,77.62726848697594,39.438006071944606,38.189262415031344
2600,900,800,73.23116338237207,36.54598229238466,36.68518108998742
2600,900,900,72.31980551576174,35.85734654178655,36.4624589739752
2600,900,1000,71.76870666610321,35.60153404060284,36.16717262550037
2600,900,1200,71.35281835254614,35.475637693518,35.87718065902814
2600,900,1400,71.11491315912222,35.40521551760519,35.709697641517025
2600,900,1600,68.00010424584299,33.95149828757227,34.04860595827073
2600,900,1800,58.3856469032844,29.195270148175176,29.190376755109227
2600,900,2000,51.24913008244237,25.643143313751093,25.605986768691274
2600,900,2200,45.75652135534613,22.89927013746252,22.85725121788361
2600,900,2400,41.38642921874042,20.71241402996921,20.674015188771207
2600,900,2600,37.81583530515526,18.92426194391907,18.89157336123619
2600,900,2800,34.83638453246847,17.431656847208846,17.404727685259623
2600,900,3000,32.30771531365479,16.164715865458007,16.142999448196782
2600,900,4000,23.774778534835292,11.889573258931984,11.88520527590331
2600,900,5000,18.835582676198523,9.41554227984667,9.420040396351855
2600,900,6000,15.596718024948382,7.793513105818041,7.803204919130338
2600,900,7000,13.304353964378155,6.645639905834164,6.658714058543991
2600,900,8000,11.595179098410798,5.789865073295177,5.805314025115622
2600,900,9000,10.271478860935167,5.12713394572029,5.144344915214875
2600,900,10000,9.21610336625495,4.598764838327824,4.617338527927126
2600,1000,500,90.50623704802783,44.969261692798426,45.536975355229394
2600,1000,600,90.30731366158987,45.08103357464,45.22628008694986
2600,1000,700,73.5836582066876,36.888947351577755,36.69471085510985
2600,1000,800,72.39288235449989,36.03960476369833,36.353277590801554
2600,1000,900,71.76899928793932,35.62309294727155,36.14590634066778
2600,1000,1000,71.41912681882016,35.49441331958376,35.9247134992364
2600,1000,1200,71.1478510238426,35.410278485945824,35.73757253789678
2600,1000,1400,70.94897749595576,35.34630412686078,35.60267336909499
2600,1000,1600,67.35337483000382,33.63847367886195,33.714901151141866
2600,1000,1800,57.98963657720331,28.999856844818908,28.989779732384406
2600,1000,2000,50.98133515284849,25.508738550578983,25.472596602269498
2600,1000,2200,45.56079852373193,22.800016017893384,22.76078250583855
2600,1000,2400,41.235271561849636,20.63534818199286,20.59992337985678
2600,1000,2600,37.694430960324574,18.86224436576272,18.832186594561854
2600,1000,2800,34.73605768503358,17.38042757536089,17.355630109672692
2600,1000,3000,32.22301979786989,16.121561570488044,16.101458227381844
2600,1000,4000,23.730905799083963,11.86783849033765,11.863067308746313
2600,1000,5000,18.808773036786864,9.402931170836466,9.405841865950396
2600,1000,6000,15.578864700265914,7.785755892214429,7.793108808051487
2600,1000,7000,13.29175575236,6.640768641665224,6.650987110694777
2600,1000,8000,11.585869151539848,5.786826793874017,5.799042357665833
2600,1000,9000,10.264311678077702,5.125311690366331,5.138999987711372
2600,1000,10000,9.210369886373611,4.59777413232039,4.612595754053223
2600,1200,500,77.08630511273104,39.330110728561515,37.756194384169525
2600,1200,600,72.75788084753907,36.40485459214649,36.35302625539258
2600,1200,700,71.88377040483287,35.83663899232708,36.04713141250579
2600,1200,800,71.37367330904121,35.51435027251909,35.85932303652212
2600,1200,900,71.09225351772808,35.39428548449024,35.697968033237835
2600,1200,1000,70.95128433849645,35.33765864241154,35.61362569608491
2600,1200,1200,70.82339045750321,35.29568194405576,35.52770851344744
2600,1200,1400,70.66211551342822,35.23530311812357,35.42681239530466
2600,1200,1600,66.18529121573481,33.06793097874691,33.1173602369879
2600,1200,1800,57.258401422027816,28.636905389852526,28.62149603217529
2600,1200,2000,50.479839992952854,25.256646207533333,25.223193785419525
2600,1200,2200,45.190945514661365,22.61271709896575,22.57822841569561
2600,1200,2400,40.94787403589818,20.489267115426717,20.458606920471468
2600,1200,2600,37.46258758358621,18.74425120505714,18.718336378529077
2600,1200,2800,34.54384074084723,17.282638414803642,17.26120232604359
2600,1200,3000,32.060352413675275,16.038934671600135,16.02141774207514
2600,1200,4000,23.64623223873383,11.825646335255913,11.82058590347792
2600,1200,5000,18.75723455673784,9.378121616576117,9.379112940161722
2600,1200,6000,15.54496278576171,7.770272672150438,7.774690113611271
2600,1200,7000,13.26834240436926,6.630875378876339,6.637467025492921
2600,1200,8000,11.569110782932343,5.780511894131588,5.788598888800755
2600,1200,9000,10.251956075759498,5.121389227256413,5.130566848503085
2600,1200,10000,9.201010538967955,4.595500673284994,4.6055098656829605
2600,1400,500,72.16518307807087,36.01335018371926,36.15183289435161
2600,1400,600,71.4425943801695,35.56410104639479,35.8784933337747
2600,1400,700,71.05140345987455,35.417097963261995,35.63430549661255
2600,1400,800,70.83749467833103,35.313682247139276,35.52381243119175
2600,1400,900,70.71214805895868,35.25450457150561,35.45764348745307
2600,1400,1000,70.6432198801482,35.22376870797343,35.41945117217477
2600,1400,1200,70.57379593626732,35.19867874788057,35.37511718838675
2600,1400,1400,70.41830501755555,35.13332596028968,35.28497905726588
2600,1400,1600,65.1582473762855,32.562534639697134,32.59571273658837
2600,1400,1800,56.59816200463748,28.30783569296748,28.29032631167
2600,1400,2000,50.01934674999305,25.025037530588506,24.994309219404542
2600,1400,2200,44.847609105910195,22.439159145223954,22.40844996068624
2600,1400,2400,40.679055649351184,20.353050124850828,20.32600552450036
2600,1400,2600,37.24451308062433,18.63366377922534,18.610849301398993
2600,1400,2800,34.362247551672674,17.19058124728721,17.171666304385464
2600,1400,3000,31.906131970142294,15.960838904878406,15.945293065263886
2600,1400,4000,23.565103639673563,11.78506973047595,11.780033909197615
2600,1400,5000,18.7077005721934,9.353872364286346,9.353828207907052
2600,1400,6000,15.512490808566508,7.754877720547475,7.757613088019034
2600,1400,7000,13.246157036832663,6.620840717225212,6.625316319607451
2600,1400,8000,11.553542402057923,5.77394171693234,5.779600685125584
2600,1400,9000,10.24082837454378,5.117157294628228,5.123671079915551
2600,1400,10000,9.192951744676941,4.592895780238819,4.600055964438121
2600,1600,500,71.04364473894363,35.29764628868309,35.745998450260544
2600,1600,600,70.78223705396327,35.33311868785428,35.449118366108976
2600,1600,700,70.63406417220514,35.24944247601946,35.384621696185675
2600,1600,800,70.53962243068737,35.19762664819006,35.341995782497314
2600,1600,900,70.46233117861469,35.15697584660814,35.305355332006556
2600,1600,1000,70.42047088111173,35.135739044156736,35.28473183695499
2600,1600,1200,70.3724466539342,35.115387224381585,35.257059429552626
2600,1600,1400,70.20452599873882,35.03932986263613,35.16519613610268
2600,1600,1600,64.24698157674386,32.11214746693795,32.13483410980592
2600,1600,1800,55.99878600373477,28.0084944428737,27.990291560861074
2600,1600,2000,49.59509813408428,24.811688986359442,24.78340914772484
2600,1600,2200,44.52820923839977,22.277943193357544,22.250266045042228
2600,1600,2400,40.427251991443825,20.225737686527413,20.20151430491642
2600,1600,2600,37.03917028888654,18.529792148780373,18.509378140106165
2600,1600,2800,34.19053524643415,17.10374671242345,17.086788534010704
2600,1600,3000,31.75978725337324,15.886893046302772,15.872894207070468
2600,1600,4000,23.487162918554656,11.74602676221894,11.741136156335715
2600,1600,5000,18.659754398440892,9.330196538615695,9.329557859825197
2600,1600,6000,15.48093469894135,7.739618452210323,7.741316246731029
2600,1600,7000,13.224591686506649,6.610723700383229,6.61386798612342
2600,1600,8000,11.53847331522799,5.767177459909581,5.771295855318408
2600,1600,9000,10.230166637147168,5.112675258090373,5.117491379056795
2600,1600,10000,9.185370553529362,4.590015359458274,4.595355194071089
2600,1800,500,70.60577731043142,35.285841259889494,35.31993605054192
2600,1800,600,70.5067220478407,35.21525982991844,35.29146221792226
2600,1800,700,70.42327473460331,35.16549788808483,35.257776846518496
2600,1800,800,70.35039973052623,35.12187782707511,35.22852190345113
2600,1800,900,70.28306589008892,35.08395492441674,35.1991109656722
2600,1800,1000,70.24930296511207,35.06487639647107,35.184426568640994
2600,1800,1200,70.20420453480133,35.04270637484706,35.16149815995426
2600,1800,1400,70.01273508521069,34.952117140561214,35.060617944649486
2600,1800,1600,63.43190770984205,31.708180593066103,31.72372711677595
2600,1800,1800,55.45197165572742,27.735109593111016,27.7168620626164
2600,1800,2000,49.20298812076454,24.614570749518176,24.588417371246358
2600,1800,2200,44.230415105755554,22.127812897576973,22.102602208178578
2600,1800,2400,40.190999269468115,20.106483546163773,20.08451572330434
2600,1800,2600,36.84556971783903,18.43203658357861,18.41353313426042
2600,1800,2800,34.027996298733214,17.021696642644994,17.006299656088217
2600,1800,3000,31.620788600257654,15.81677138209949,15.804017218158167
2600,1800,4000,23.412192078262642,11.70844705171264,11.703745026550001
2600,1800,5000,18.613212645486783,9.30710307612667,9.306109569360112
2600,1800,6000,15.450087417488339,7.724532459790528,7.72555495769781
2600,1800,7000,13.203402265579497,6.600571700067181,6.602830565512316
2600,1800,8000,11.523621391873341,5.760268429129888,5.763352962743454
2600,1800,9000,10.219653536095405,5.107990998792185,5.1116625373032205
2600,1800,10000,9.177918214193381,4.586904493210734,4.591013720982646
2600,2000,500,70.49933401917527,35.207791513886434,35.291542505288824
2600,2000,600,70.40014779856529,35.164635491996904,35.23551230656839
2600,2000,700,70.30979212277167,35.11311475501009,35.19667736776157
2600,2000,800,70.22279140992724,35.067798751599675,35.154992658327565
2600,2000,900,70.14691963727091,35.026820947486435,35.12009868978447
2600,2000,1000,70.11204339960626,35.00610377446734,35.10593962513893
2600,2000,1200,70.05993104713987,34.97840414458649,35.081526902553385
2600,2000,1400,69.83782067334192,34.87068484957422,34.96713582376771
2600,2000,1600,62.697716739931614,31.343617643047992,31.35409909688363
2600,2000,1800,54.95087653875756,27.4844320177608,27.466444520996763
2600,2000,2000,48.83948449081676,24.43190370532238,24.407580785494382
2600,2000,2200,43.95215424675117,21.9876644688041,21.964489777947076
2600,2000,2400,39.9689631034817,19.994545075371846,19.974418028109852
2600,2000,2600,36.66279427397727,18.339871266553143,18.322923007424126
2600,2000,2800,33.873970203201395,16.944046693865445,16.929923509335946
2600,2000,3000,31.488643275388956,15.750187546999998,15.738455728388953
2600,2000,4000,23.340027708063666,11.672265376034465,11.667762332029199
2600,2000,5000,18.567981797823943,9.284595696028626,9.283386101795315
2600,2000,6000,15.419862600316442,7.70964886815411,7.710213732162335
2600,2000,7000,13.18249019606052,6.590422885349347,6.592067310711173
2600,2000,8000,11.508870069098696,5.753254951583849,5.755615117514846
2600,2000,9000,10.209153647576661,5.103143984992115,5.106009662584546
2600,2000,10000,9.170441386917684,4.583600513156261,4.586840873761423
2600,2200,500,70.3978392147552,35.13030076016875,35.267538454586436
2600,2200,600,70.29874804208362,35.11646020905223,35.182287833031374
2600,2200,700,70.20639682275774,35.06321414815779,35.14318267459994
2600,2200,800,70.11728212949308,35.01672893602244,35.10055319347065
2600,2200,900,70.03883042582207,34.97693129854312,35.06189912727894
2600,2200,1000,69.99851241513744,34.95625051534903,35.0422618997884
2600,2200,1200,69.93373501606321,34.920838980902026,35.012896035161184
2600,2200,1400,69.67651479790801,34.79430273930762,34.88221205860039
2600,2200,1600,62.032288516974596,31.012761729883778,31.01952678709082
2600,2200,1800,54.4898172093229,27.253703226647026,27.23611398267587
2600,2200,2000,48.50154513617746,24.26214587090537,24.23939926527209
2600,2200,2200,43.691593377262436,21.856532132376017,21.835061244886415
2600,2200,2400,39.75993929582536,19.889268908844063,19.870670386981292
2600,2200,2600,36.49000420329247,18.252831435841276,18.237172767451195
2600,2200,2800,33.72784634674362,16.870455434682366,16.85739091206125
2600,2200,3000,31.36289379875436,15.686885628922159,15.676008169832205
2600,2200,4000,23.27053091070434,11.637419484748857,11.633111425955482
2600,2200,5000,18.524005318570048,9.2626734028118,9.261331915758248
2600,2200,6000,15.390224640416108,7.694989857743506,7.695234782672602
2600,2200,7000,13.161819723180468,6.580308112995196,6.581511610185274
2600,2200,8000,11.494175708699535,5.746170345291673,5.748005363407863
2600,2200,9000,10.198612872114007,5.098167209743865,5.1004456623701415
2600,2200,10000,9.162875071713767,4.580134852932252,4.582740218781514
2600,2400,500,70.30166528094344,35.05760990588498,35.244055375058466
2600,2400,600,70.20230233940417,35.070832235841856,35.13147010356231
2600,2400,700,70.10791003835789,35.01553677671369,35.092373261644205
2600,2400,800,70.01663925364943,34.9677673804486,35.04887187320083
2600,2400,900,69.93919775979747,34.92849473254757,35.0107030272499
2600,2400,1000,69.90002764374493,34.90885509376861,34.99117254997632
2600,2400,1200,69.82160331003782,34.868769197171915,34.95283411286591
2600,2400,1400,69.52673174419564,34.72247635134762,34.80425539284802
2600,2400,1600,61.42589767817747,30.710968836416402,30.714928841761072
2600,2400,1800,54.06403475395576,27.040585722703028,27.023449031252735
2600,2400,2000,48.18654152402971,24.103962567577977,24.08257895645173
2600,2400,2200,43.44711201772872,21.733569738670006,21.713542279058718
2600,2400,2400,39.562845227113456,19.79007786763091,19.77276735948255
2600,2400,2600,36.32643467950878,18.170503661744995,18.155931017763784
2600,2400,2800,33.58906309816956,16.800617058461835,16.788446039707726
2600,2400,3000,31.2431164387274,15.626634725224196,15.616481713503207
2600,2400,4000,23.203575653523508,11.603849408899045,11.599726244624463
2600,2400,5000,18.4812422400414,9.24133132528759,9.239910914753812
2600,2400,6000,15.361159716053818,7.6805719860769495,7.6805877299768675
2600,2400,7000,13.141383133319891,6.5702523604246865,6.571130772895206
2600,2400,8000,11.479528258193094,5.739042323777423,5.74048593441567
2600,2400,9000,10.188015444685885,5.09308851108242,5.094926933603464
2600,2400,10000,9.155196636720115,4.5765342751294,4.578662361590715
2600,2600,500,70.2105201101409,34.98937631254509,35.221143797595815
2600,2600,600,70.11051845902587,35.02773904357012,35.082779415455754
2600,2600,700,70.01412770792966,34.97013430602556,35.0439934019041
2600,2600,800,69.92064972438779,34.92091158483367,34.999738139554125
2600,2600,900,69.84456106555992,34.88227675315325,34.96228431240666
2600,2600,1000,69.80608561439777,34.86307961074333,34.943006003654446
2600,2600,1200,69.7204222707078,34.820692250862955,34.89973001984485
2600,2600,1400,69.19350241115445,34.561612832355706,34.631889578798734
2600,2600,1600,60.87064003908821,30.434424646249095,30.43621539283911
2600,2600,1800,53.66951313893437,26.84309310890868,26.826420030025687
2600,2600,2000,47.892193210800784,23.956195918647744,23.93599729215304
2600,2600,2200,43.21727611020281,21.618033670518823,21.59924243968399
2600,2600,2400,39.37670846621381,19.69645996558248,19.680248500631336
2600,2600,2600,36.17139063794463,18.092518322623093,18.078872315321536
2600,2600,2800,33.45710519100616,16.734256112823132,16.722849078183025
2600,2600,3000,31.128919422320244,15.569225241848773,15.559694180471467
2600,2600,4000,23.13904401873955,11.571497306159104,11.567546712580448
2600,2600,5000,18.439658005962865,9.220561544190584,9.219096461772283
2600,2600,6000,15.332662966461474,7.6664072754068595,7.666255691054616
2600,2600,7000,13.121185020146415,6.560275830061894,6.560909190084522
2600,2600,8000,11.464933208594692,5.731894039069099,5.733039169525594
2600,2600,9000,10.177364031640673,5.087931530344093,5.089432501296581
2600,2600,10000,9.14740438893846,4.572821741437874,4.574582647500588
2600,2800,500,70.12407806793935,34.925291404273835,35.19878666366551
2600,2800,600,70.02309748542613,34.987148862910104,35.03594862251604
2600,2800,700,69.92476063976757,34.9269229247541,34.997837715013475
2600,2800,800,69.82908173259685,34.876127919899744,34.95295381269709
2600,2800,900,69.75455637621411,34.83817097792442,34.91638539828969
2600,2800,1000,69.71625988102528,34.81911924900307,34.89714063202221
2600,2800,1200,69.6242062748352,34.77378607305344,34.850420201781766
2600,2800,1400,68.72244432802991,34.333766706934924,34.38867762109499
2600,2800,1600,60.36001578186959,30.179969374153128,30.180046407716464
2600,2800,1800,53.3028378843097,26.659529273690055,26.64330861061965
2600,2800,2000,47.61651322587525,23.817837805571187,23.798675420304065
2600,2800,2200,43.00081391878302,21.509268071773246,21.49154584700977
2600,2800,2400,39.20065510448146,19.607959291443706,19.592695813037754
2600,2800,2600,36.024240758941616,18.018543613523377,18.00569714541824
2600,2800,2800,33.33150042075856,16.671123455907033,16.660376964851526
2600,2800,3000,31.01994092562372,15.514466156528705,15.505474769095013
2600,2800,4000,23.076824215359974,11.540307485645394,11.536516729714577
2600,2800,5000,18.399220474960007,9.20035381235749,9.198866662602518
2600,2800,6000,15.304732602221701,7.652504090061918,7.652228512159783
2600,2800,7000,13.101234829912336,6.5503948166802015,6.5508400132321345
2600,2800,8000,11.450402868651615,5.724744883951048,5.725657984700569
2600,2800,9000,10.16666996993384,5.0827164372264955,5.083953532707345
2600,2800,10000,9.139506961995997,4.569017063252173,4.570489898743824
2600,3000,500,70.04203437237277,34.865012713987625,35.17702165838516
2600,3000,600,69.93956354656694,34.92832368716663,35.01123985940031
2600,3000,700,69.83954623164631,34.88584543751113,34.95370079413518
2600,3000,800,69.74168616299202,34.83334568985301,34.90834047313901
2600,3000,900,69.66885528152993,34.79606937200646,34.87278590952348
2600,3000,1000,69.63033607782485,34.7769256007762,34.85341047704865
2600,3000,1200,69.53106406577187,34.728188238725394,34.80287582704648
2600,3000,1400,68.27579858152407,34.117049685255935,34.158748896268136
2600,3000,1600,59.88862289974331,29.944962849457223,29.94366005028609
2600,3000,1800,52.96108579148067,26.488438159161685,26.47264763231898
2600,3000,2000,47.357762792866254,23.688006891912003,23.66975590095425
2600,3000,2200,42.796594786704276,21.40669235293201,21.389902433772267
2600,3000,2400,39.033898785118765,19.524168428658747,19.509730356460018
2600,3000,2600,35.884411418795686,17.948280654025268,17.936130764770418
2600,3000,2800,33.21181615039537,16.610993010079735,16.60082314031564
2600,3000,3000,30.915846965527265,15.462182861816338,15.453664103710926
2600,3000,4000,23.01680973217694,11.510226472130984,11.506583260045955
2600,3000,5000,18.3598982178474,9.180696151619788,9.179202066227614
2600,3000,6000,15.27736718967372,7.638867844480271,7.638499345193449
2600,3000,7000,13.081543249753338,6.540622396529594,6.540920853223745
2600,3000,8000,11.435952006343177,5.717611123898581,5.718340882444596
2600,3000,9000,10.15594829146957,5.077460496456944,5.0784877950126255
2600,3000,10000,9.131517828982343,4.565137406295356,4.566380422686988
2600,4000,500,69.68794152840361,34.61128656978444,35.076654958619166
2600,4000,600,69.57559908787158,34.667639846003986,34.907959241867594
2600,4000,700,69.46701865690542,34.6975758882105,34.769442768694915
2600,4000,800,69.36241872227382,34.648368220485864,34.71405050178795
2600,4000,900,69.29532115403461,34.612083970571106,34.6832371834635
2600,4000,1000,69.2519797948273,34.59007058954388,34.66190920528344
2600,4000,1200,69.10547012279493,34.518266243352464,34.587203879442455
2600,4000,1400,65.71158228390999,32.845145068310615,32.86643721559938
2600,4000,1600,57.983273426580595,28.994354762474607,28.988918664105995
2600,4000,1800,51.54868424213107,25.78137197682476,25.767312265306305
2600,4000,2000,46.27025476192459,23.142626215183988,23.127628546740606
2600,4000,2200,41.9273357092186,20.97042005119813,20.95691565802047
2600,4000,2400,38.317015110028855,19.164273844103057,19.152741265925805
2600,4000,2600,35.27835223892132,17.64402169771878,17.634330541202544
2600,4000,2800,32.68941390738459,16.348768977738676,16.340644929645915
2600,4000,3000,30.45864546043175,15.232737427372271,15.225908033059484
2600,4000,4000,22.746423261343832,11.374741223644982,11.37168203769885
2600,4000,5000,18.178915751663286,9.090171847997315,9.08874390366597
2600,4000,6000,15.148887964992161,7.574737341164766,7.574150623827396
2600,4000,7000,12.987271549775343,6.493683516157408,6.493588033617936
2600,4000,8000,11.365378231208984,5.682580268594023,5.682797962614962
2600,4000,9000,10.102469949877165,5.051019603109517,5.051450346767648
2600,4000,10000,9.090732922664179,4.54507490930571,4.5456580133584685
2600,5000,500,69.40697868352919,34.41739082495644,34.98958785857273
2600,5000,600,69.28449021310345,34.4669545642986,34.81753564880486
2600,5000,700,69.16551073936729,34.49046907950256,34.67504165986473
2600,5000,800,69.05816973424115,34.50206542248944,34.556104311751696
2600,5000,900,68.99376219814994,34.46433564109011,34.52942655705983
2600,5000,1000,68.94263439529703,34.436920531207896,34.50571386408914
2600,5000,1200,68.73287797831095,34.33323127929297,34.399646699017985
2600,5000,1400,63.86527190018766,31.927313115550987,31.93795878463667
2600,5000,1600,56.59739875891852,28.302459861265405,28.294938897653118
2600,5000,1800,50.49098761782329,25.25195769504398,25.239029922779313
2600,5000,2000,45.437222046491115,22.72513339381485,22.712088652676265
2600,5000,2200,41.24976671269075,20.630655693663037,20.619111019027713
2600,5000,2400,37.750391109537766,18.880092456876763,18.87029865266101
2600,5000,2600,34.79374123204572,17.4009757059026,17.39276552614312
2600,5000,2800,32.26748274466097,16.137181958119072,16.130300786541895
2600,5000,3000,30.086047614858117,15.045919802428598,15.040127812429523
2600,5000,4000,22.517835971199368,11.260246291639032,11.257589679560336
2600,5000,5000,18.021139226365044,9.011229189529066,9.00991003683598
2600,5000,6000,15.033662329779736,7.5171495190641355,7.5165128107156
2600,5000,7000,12.900373612266566,6.450307796192377,6.45006581607419
2600,5000,8000,11.298511505092105,5.649252068204275,5.649259436887831
2600,5000,9000,10.050339115566256,5.025081826513404,5.025257289052851
2600,5000,10000,9.049750844017668,4.524728127404777,4.525022716612891
2600,6000,500,69.17891839243777,34.26487080504972,34.91404758738806
2600,6000,600,69.04683433741465,34.30783170870106,34.73900262871359
2600,6000,700,68.91820410958918,34.325475655938455,34.592728453650736
2600,6000,800,68.80868604571334,34.33466224869082,34.47402379702251
2600,6000,900,68.74473003207727,34.34476129465409,34.39996873742317
2600,6000,1000,68.68496927966012,34.31006421687425,34.374905062785864
2600,6000,1200,68.4037091021846,34.169385294852624,34.23432380733198
2600,6000,1400,62.48945742016815,31.243007179393885,31.246450240774266
2600,6000,1600,55.540778030275874,27.774812862700422,27.765965167575455
2600,6000,1800,49.667936875097254,24.84006491471657,24.82787196038068
2600,6000,2000,44.77826961699135,22.395024315668067,22.383245301323285
2600,6000,2200,40.70675587814324,20.358510833606655,20.348245044536583
2600,6000,2400,37.29143395197514,18.650042274966303,18.641391677008833
2600,6000,2600,34.39766079081277,17.202444964368436,17.195215826444336
2600,6000,2800,31.919898961205714,15.962975182545641,15.956923778660073
2600,6000,3000,29.776913750422114,14.891003619938235,14.885910130483879
2600,6000,4000,22.322526341788983,11.162446086750839,11.160080255038144
2600,6000,5000,17.88295927334617,8.942088067561937,8.940871205784232
2600,6000,6000,14.930432126775196,7.465533841455333,7.464898285319861
2600,6000,7000,12.820812846118907,6.410557279498104,6.410255566620802
2600,6000,8000,11.23596605414599,5.6180291326034135,5.617936921542577
2600,6000,9000,10.000510215229065,5.000231048884207,5.000279166344858
2600,6000,10000,9.009689715238643,4.504771390505792,4.504918324732852
2600,7000,500,68.99021485455378,34.1419666849201,34.84824816963369
2600,7000,600,68.84932804879416,34.17869557274234,34.670632476051836
2600,7000,700,68.71192389202172,34.19087713011642,34.5210467619053
2600,7000,800,68.60279230841071,34.19915631347682,34.40363599493389
2600,7000,900,68.53576358441003,34.21523992838197,34.32052365602807
2600,7000,1000,68.46669337008366,34.20415392699142,34.262539443092244
2600,7000,1200,68.11363709377525,34.02508412208363,34.08855297169161
2600,7000,1400,61.422117800953735,30.71197171812187,30.71014608283187
2600,7000,1600,54.707107942440935,27.358471070594327,27.348636871846605
2600,7000,1800,49.008621324827004,24.51016827340812,24.498453051418892
2600,7000,2000,44.24377498067648,22.127344487662768,22.11643049301371
2600,7000,2200,40.26181680287693,20.1355978942855,20.126218908591433
2600,7000,2400,36.91219028661644,18.460020278453573,18.45217000816287
2600,7000,2600,34.06800468711636,17.037270806847133,17.030733880269228
2600,7000,2800,31.628757156181088,15.817109417425652,15.81164773875544
2600,7000,3000,29.51647812935634,14.760535798748423,14.755942330607914
2600,7000,4000,22.153972352572854,11.078059742945506,11.07591260962735
2600,7000,5000,17.76125871732432,8.881193778599862,8.88006493872446
2600,7000,6000,14.837804219396105,7.419210849385471,7.418593370010632
2600,7000,7000,12.748149445386026,6.374237482746717,6.373911962639309
2600,7000,8000,11.177850257196406,5.588996751639419,5.588853505556987
2600,7000,9000,9.95340986728111,4.976715808068274,4.9766940592128375
2600,7000,10000,8.97115762304544,4.485547111778412,4.485610511267028
2600,8000,500,68.83153948055975,34.04093602807279,34.790603452486955
2600,8000,600,68.68267510631642,34.07188429817563,34.61079080814079
2600,8000,700,68.53747363457414,34.079064897231625,34.4584087373425
2600,8000,800,68.42944721666377,34.08687610996661,34.34257110669718
2600,8000,900,68.35796355743122,34.1002277055663,34.25773585186492
2600,8000,1000,68.27908693728948,34.10173210906687,34.177354828222605
2600,8000,1200,67.54310266023916,33.748187841748646,33.79491481849052
2600,8000,1400,60.56871473069523,30.28742889424469,30.281285836450536
2600,8000,1600,54.03187302430977,27.021252974338815,27.01062004997095
2600,8000,1800,48.46828255555702,24.239842138143565,24.228440417413456
2600,8000,2000,43.80140196617879,21.90585036705442,21.895551599124374
2600,8000,2200,39.890563393564925,19.949649899574922,19.94091349399
2600,8000,2400,36.5935860014644,18.3004250617646,18.2931609396998
2600,8000,2600,33.78941917517182,16.89772254600227,16.891696629169555
2600,8000,2800,31.381423176148818,15.69322326969375,15.688199906455067
2600,8000,3000,29.29416828501261,14.649193868570864,14.644974416441748
2600,8000,4000,22.007169755404302,11.004573494521344,11.00259626088296
2600,8000,5000,17.653439384191834,8.82724694289866,8.826192441293172
2600,8000,6000,14.754450873903197,7.377522590757517,7.3769282831456815
2600,8000,7000,12.681789896289079,6.341061401830746,6.3407284944583315
2600,8000,8000,11.12401436014855,5.562092387913685,5.561921972234864
2600,8000,9000,9.909161987302479,4.954612258898258,4.95454972840422
2600,8000,10000,8.934447593995664,4.467217400236171,4.467230193759493
2600,9000,500,68.69628062839388,33.95648829010669,34.73979233828719
2600,9000,600,68.54021552712359,33.982142021085636,34.55807350603796
2600,9000,700,68.38876213111385,33.98505721354334,34.403704917570515
2600,9000,800,68.28128282774286,33.992221364058864,34.28906146368399
2600,9000,900,68.2047951871665,34.002658867507144,34.20213631965935
2600,9000,1000,68.11601108566015,33.99900378369471,34.117007301965444
2600,9000,1200,66.75378004228841,33.36792996194785,33.38585008034056
2600,9000,1400,59.87034201223297,29.940054811503316,29.93028720072966
2600,9000,1600,53.47347838431477,26.74240556081557,26.7310728234992
2600,9000,1800,48.017212384489945,24.014207531206953,24.003004853282988
2600,9000,2000,43.429158289843066,21.719503757769196,21.709654532073866
2600,9000,2200,39.57607936264225,19.79216732827685,19.783912034365393
2600,9000,2400,36.32217144914309,18.164495732680475,18.157675716462617
2600,9000,2600,33.55092424465127,16.77827992013915,16.772644324512118
2600,9000,2800,31.168746999561513,15.586716695374697,15.582030304186816
2600,9000,3000,29.102237144800316,14.553083696493797,14.549153448306521
2600,9000,4000,21.878246697251818,10.940044232340714,10.938202464911102
2600,9000,5000,17.55736507762327,8.77917839193101,8.77818668569226
2600,9000,6000,14.679183102807446,7.339876801190278,7.339306301617168
2600,9000,7000,12.62111152987935,6.310721946515421,6.310389583363929
2600,9000,8000,11.074190759635771,5.537187826764881,5.537002932870889
2600,9000,9000,9.867727244357383,4.933907277071382,4.933819967286
2600,9000,10000,8.899668604353053,4.44984399717357,4.449824607179483
2600,10000,500,68.57954047159133,33.889674103233396,34.68986636835793
2600,10000,600,68.41706518870843,33.90572184264947,34.511343346058965
2600,10000,700,68.26048839769003,33.90494319245177,34.35554520523826
2600,10000,800,68.15308729525198,33.911315953844245,34.241771341407734
2600,10000,900,68.0714310292307,33.91878721002967,34.152643819201025
2600,10000,1000,67.9728700927833,33.91008665222845,34.06278344055484
2600,10000,1200,66.07477888496105,33.04034514164209,33.03443374331896
2600,10000,1400,59.28803877317384,29.65044784468006,29.637590928493783
2600,10000,1600,53.003820250702844,26.507890068758282,26.49593018194457
2600,10000,1800,47.634877356953,23.82297868348354,23.811898673469464
2600,10000,2000,43.11155223173541,21.56053269191836,21.55101953981705
2600,10000,2200,39.306260448246945,19.657073030270215,19.649187417976727
2600,10000,2400,36.0881949780505,18.047334707256155,18.040860270794344
2600,10000,2600,33.34446690851313,16.67489815255399,16.669568755959144
2600,10000,2800,30.983948006441153,15.49418419722766,15.48976380921349
2600,10000,3000,28.934888338611554,14.469294532194311,14.465593806417239
2600,10000,4000,21.764175655189554,10.882953549195978,10.881222105993572
2600,10000,5000,17.471285061707125,8.736111695298877,8.735173366408247
2600,10000,6000,14.610965917855424,7.30575684126767,7.305209076587755
2600,10000,7000,12.565519127973236,6.282923522013477,6.2825956059597585
2600,10000,8000,11.028068001336798,5.514130120962083,5.513937880374715
2600,10000,9000,9.828982422758077,4.914542573924835,4.914439848833243
2600,10000,10000,8.86682416942792,4.4334323787058585,4.433391790722061
2800,500,500,91.71983834998959,45.88359623196343,45.836242118026156
2800,500,600,91.02682683454786,45.34054833833142,45.68627849621644
2800,500,700,90.6989223587213,45.077557966527294,45.62136439219401
2800,500,800,90.4516969536148,45.02768761374582,45.424009339868995
2800,500,900,90.23515656244663,44.92339787282758,45.311758689619055
2800,500,1000,74.45506404868591,36.68586911638649,37.769194932299435
2800,500,1200,72.47045255586391,35.6863842532404,36.78406830262352
2800,500,1400,71.8149171539895,35.548919442491375,36.26599771149813
2800,500,1600,69.10884059730391,34.343367467324825,34.7654731299791
2800,500,1800,60.08472825227437,30.00198790002732,30.082740352247043
2800,500,2000,52.38408810110913,26.206121573270913,26.177966527838212
2800,500,2200,46.58222930023317,23.321711274759018,23.260518025474152
2800,500,2400,42.025142039763466,21.045190759222614,20.979951280540853
2800,500,2600,38.331952942195,19.19555770827232,19.136395233922677
2800,500,2800,35.266932470355464,17.658473246735927,17.60845922361954
2800,500,3000,32.67558054962251,16.358000478047995,16.317580071574515
2800,500,4000,23.98269055281531,11.992861002246602,11.989829550568706
2800,500,5000,18.978629994654643,9.479931980277625,9.49869801437702
2800,500,6000,15.706276276131023,7.836902336557239,7.869373939573783
2800,500,7000,13.394395391652505,6.676298305722182,6.7180970859303235
2800,500,8000,11.673031795611866,5.8122332689192096,5.8607985266926566
2800,500,9000,10.341368749899502,5.143829099879791,5.197539650019712
2800,500,10000,9.280632023575267,4.611432867337183,4.6691991562380855
2800,600,500,91.19361735091432,45.46698092861151,45.72663642230281
2800,600,600,90.81607871524183,45.14105789158774,45.67502082365409
2800,600,700,90.5478806175285,45.0201950289965,45.52768558853201
2800,600,800,90.32430725658146,44.994940112724535,45.32936714385692
2800,600,900,75.28796934016803,37.42583577683573,37.86213356333229
2800,600,1000,73.28844885413116,36.15550942090639,37.13293943322477
2800,600,1200,72.0185554463626,35.60794336665588,36.4106120797067
2800,600,1400,71.55718373681516,35.50205396352735,36.05512977328782
2800,600,1600,68.9151494675141,34.31299831259984,34.60215115491426
2800,600,1800,59.60378638104828,29.784013506127042,29.819772874921235
2800,600,2000,52.07303977937959,26.055929949212608,26.017109830166987
2800,600,2200,46.36198691755361,23.210080574672446,23.151906342881162
2800,600,2400,41.858472439914024,20.958144055591738,20.900328384322282
2800,600,2600,38.1996300204893,19.125393408221143,19.07423661226816
2800,600,2800,35.15810135558815,17.60053448605627,17.557566869531886
2800,600,3000,32.58363911983401,16.30927701415556,16.274362105678453
2800,600,4000,23.932038601762464,11.968740060482316,11.963298541280146
2800,600,5000,18.94340289037244,9.466231922500807,9.47717096787163
2800,600,6000,15.678347148284356,7.828675706309068,7.849671441975288
2800,600,7000,13.370304430221156,6.671279049176848,6.699025381044308
2800,600,8000,11.651034952742167,5.809221510350033,5.841813442392134
2800,600,9000,10.320508510109045,5.142130370894898,5.178378139214148
2800,600,10000,9.260351133923303,4.610619493441206,4.649731640482097
2800,700,500,90.94475473244377,45.24681007233989,45.697944660103886
2800,700,600,90.65140376174115,44.99896529093687,45.65243847080427
2800,700,700,90.41265555706698,44.99136945781806,45.42128609924892
2800,700,800,83.78931172674945,42.61941566320593,41.16989606354352
2800,700,900,73.52028938250692,36.47472615069299,37.04556323181393
2800,700,1000,72.54320860005113,35.819514773653495,36.72369382639764
2800,700,1200,71.67730432689504,35.53548581980175,36.1418185070933
2800,700,1400,71.3365129975641,35.44946309347315,35.88704990409096
2800,700,1600,68.67456763814229,34.239828338680475,34.43473929946182
2800,700,1800,59.14917334942482,29.568617122073277,29.580556227351547
2800,700,2000,51.77463037310644,25.908392147275126,25.86623822583131
2800,700,2200,46.14828691501746,23.101146880617424,23.047140034400037
2800,700,2400,41.69558513943101,20.873584719861874,20.822000419569143
2800,700,2600,38.06983453452686,19.057410078673016,19.012424455853843
2800,700,2800,35.05126737247021,17.544462675019435,17.50680469745077
2800,700,3000,32.49353400501616,16.26213356385913,16.231400441157035
2800,700,4000,23.88407313849693,11.945268950811522,11.938804187685406
2800,700,5000,18.912078815787122,9.45277122613359,9.459307589653532
2800,700,6000,15.655341958494608,7.820491787133071,7.834850171361537
2800,700,7000,13.35195305323002,6.666204995207555,6.6857480580224635
2800,700,8000,11.635441562476622,5.806106247108843,5.82933531536778
2800,700,9000,10.30659902959509,5.140304575531163,5.166294454063927
2800,700,10000,9.247478514683609,4.609669050925711,4.637809463757899
2800,800,500,90.76338280923397,45.09675447710037,45.66662833213361
2800,800,600,90.50991604657304,44.92463762272084,45.5852784238522
2800,800,700,90.28827296579756,44.97582314587995,45.31244981991762
2800,800,800,73.95843394957215,36.95816609404072,37.00026785553143
2800,800,900,72.61611176127342,35.99805983245044,36.61805192882298
2800,800,1000,71.94531773242733,35.62529101069496,36.32002672173236
2800,800,1200,71.40854909025877,35.46828462043894,35.94026446981983
2800,800,1400,71.14460678664956,35.395012961418026,35.74959382523153
2800,800,1600,68.40800090822849,34.1412468349266,34.26675407330189
2800,800,1800,58.71922650262319,29.360338757875258,29.358887744747935
2800,800,2000,51.48885720777234,25.7656471394866,25.72321006828574
2800,800,2200,45.941832807201074,22.995846998039923,22.945985809161147
2800,800,2400,41.53731935531099,20.79188200231638,20.74543735299461
2800,800,2600,37.943289580469276,18.99170949932526,18.95158008114402
2800,800,2800,34.946935786268355,17.490234608034747,17.456701178233608
2800,800,3000,32.40551738826472,16.21649099754419,16.18902639072053
2800,800,4000,23.83786855108267,11.922363863586959,11.915504687495714
2800,800,5000,18.882879114527913,9.439508254611258,9.443370859916651
2800,800,6000,15.634878220911324,7.812337310220382,7.822540910690942
2800,800,7000,13.336515317790642,6.661078460498273,6.675436857292369
2800,800,8000,11.623083209687882,5.802898207444492,5.820185002243391
2800,800,9000,10.296199139083608,5.138367021895386,5.157832117188223
2800,800,10000,9.238351067702327,4.608599239952008,4.629751827750319
2800,900,500,90.61453700579598,44.9906552159509,45.62388178984507
2800,900,600,90.38241947069805,44.93475198315224,45.447667487545814
2800,900,700,74.90808312849879,37.7021449831269,37.20593814537188
2800,900,800,72.77663285919193,36.25803536140283,36.5185974977891
2800,900,900,72.01176398075974,35.67917463413209,36.332589346627636
2800,900,1000,71.53067221855314,35.5090598487317,36.02161236982144
2800,900,1200,71.18976517756107,35.40612099659107,35.783644180969986
2800,900,1400,70.97511968741699,35.34072982042974,35.63438986698724
2800,900,1600,67.83771411227866,33.87307111983126,33.964642992447416
2800,900,1800,58.31221581142656,29.160753971813424,29.151461839613145
2800,900,2000,51.21529686616731,25.628355384548577,25.586941481618737
2800,900,2200,45.74272011140747,22.894395621718388,22.848324489689087
2800,900,2400,41.38392327264245,20.713056590209533,20.670866682432912
2800,900,2600,37.82023953540738,18.928232697422203,18.892006837985175
2800,900,2800,34.845280873151644,17.437762643817134,17.40751822933451
2800,900,3000,32.31966682445948,16.1722559941103,16.147410830349177
2800,900,4000,23.792999058921858,11.899973404969863,11.893025653951995
2800,900,5000,18.8549954812376,9.4264240723972,9.428571408840403
2800,900,6000,15.61586939302392,7.804210661359045,7.811658731664871
2800,900,7000,13.322698319253364,6.655906553534458,6.666791765718906
2800,900,8000,11.612506353665415,5.799608767816205,5.812897585849209
2800,900,9000,10.287727371278631,5.136331077232177,5.151396294046456
2800,900,10000,9.23128267734385,4.607424225587588,4.623858451756262
2800,1000,500,90.48693710579971,44.91582352926266,45.57111357653705
2800,1000,600,85.101502123625,43.2196915796915,41.88181054393349
2800,1000,700,73.0348117212794,36.52406866546701,36.510743055812384
2800,1000,800,72.07358487765705,35.843992250054576,36.229592627602486
2800,1000,900,71.51508409259272,35.52389600921361,35.99118808337911
2800,1000,1000,71.23343177553065,35.419362787359304,35.81406898817134
2800,1000,1200,71.00682907440232,35.34871282099292,35.65811625340939
2800,1000,1400,70.82311909275671,35.28752934848944,35.53558974426728
2800,1000,1600,67.21286300697665,33.57065101074137,33.64221199623528
2800,1000,1800,57.92646112372714,28.970230189003882,28.956230934723255
2800,1000,2000,50.95337553092952,25.49661404950232,25.4567614814272
2800,1000,2200,45.55080423501569,22.796753980187496,22.754050254828197
2800,1000,2400,41.23540615120789,20.63701992149976,20.59838622970813
2800,1000,2600,37.70073327908187,18.866880320138574,18.833852958943293
2800,1000,2800,34.746340949926214,17.38695224649499,17.359388703431225
2800,1000,3000,32.235987611937034,16.12934437644877,16.10664323548826
2800,1000,4000,23.749245096611414,11.878063589922016,11.871181506689396
2800,1000,5000,18.828020659036476,9.413509666338369,9.41451099269811
2800,1000,6000,15.597767389290881,7.79611456369769,7.801652825593193
2800,1000,7000,13.309847549522763,6.6506973874989885,6.659150162023775
2800,1000,8000,11.602972889205194,5.7962484150629905,5.806724474142203
2800,1000,9000,10.280378673319102,5.134208113142478,5.146170560176625
2800,1000,10000,9.22541337886968,4.60615552497073,4.619257853898951
2800,1200,500,74.80198632990047,37.81492584931409,36.98706048058638
2800,1200,600,72.36776472754357,36.14578623620983,36.22197849133374
2800,1200,700,71.64032447210131,35.697158172814085,35.943166299287235
2800,1200,800,71.17795674796021,35.43384851857536,35.74410822938485
2800,1200,900,70.9464064494693,35.33368390837597,35.61272254109332
2800,1200,1000,70.82580129041258,35.28423001573683,35.54157127467575
2800,1200,1200,70.71418412545795,35.24635746627626,35.46782665918169
2800,1200,1400,70.55839743218047,35.18601099355579,35.37238643862468
2800,1200,1600,66.08010438863799,33.01725373917417,33.062850649463826
2800,1200,1800,57.21252084515617,28.61554379446487,28.5969770506913
2800,1200,2000,50.46197835505074,25.249164173057775,25.21281418199296
2800,1200,2200,45.18753712739641,22.6123345080977,22.57520261929871
2800,1200,2400,40.95257215035364,20.492817301485168,20.45975484886847
2800,1200,2600,37.47214946393029,18.750129798714923,18.72201966521537
2800,1200,2800,34.556477304781666,17.289969239640428,17.266508065141238
2800,1200,3000,32.075011305023246,16.04720763553117,16.02780366949208
2800,1200,4000,23.664631644080007,11.835594169974415,11.829037474105593
2800,1200,5000,18.776006037261787,9.388175466418238,9.38783057084355
2800,1200,6000,15.563220078329087,7.780031425263951,7.783188653065138
2800,1200,7000,13.285767994640652,6.640198384858198,6.645569609782455
2800,1200,8000,11.585591014724843,5.789351323144622,5.7962396915802215
2800,1200,9000,10.267468527357094,5.129738742934742,5.137729784422353
2800,1200,10000,9.215577139700274,4.603374058516609,4.612203081183666
2800,1400,500,71.8656518885679,35.818153855943194,36.0474980326247
2800,1400,600,71.25507595587987,35.45900223188844,35.796073723991434
2800,1400,700,70.90168729368872,35.35240206822563,35.54928522546309
2800,1400,800,70.72687669397627,35.26667495383307,35.46020174014319
2800,1400,900,70.61547835408984,35.21295782246026,35.40252053162959
2800,1400,1000,70.55206192420138,35.183712420339525,35.36834950386184
2800,1400,1200,70.48681544092665,35.15858547662055,35.3282299643061
2800,1400,1400,70.33144610526575,35.09156722093106,35.23987888433469
2800,1400,1600,65.08004084409995,32.52497768411225,32.555063159987704
2800,1400,1800,56.56620697990581,28.293151989951127,28.273054989954687
2800,1400,2000,50.00984044549347,25.02144968991161,24.988390755581857
2800,1400,2200,44.84972274733825,22.44126159110233,22.408461156235916
2800,1400,2400,40.68760284479786,20.358262700075247,20.32934014472261
2800,1400,2600,37.25682668504603,18.64067088124378,18.61615580380225
2800,1400,2800,34.376863251386126,17.198667782041486,17.17819546934464
2800,1400,3000,31.922199430505408,15.969593885816522,15.95260554468889
2800,1400,4000,23.58347415406823,11.794815711837025,11.788658442231206
2800,1400,5000,18.725948045308026,9.363491458008992,9.362456587299036
2800,1400,6000,15.53005457504403,7.764123692183824,7.765930882860208
2800,1400,7000,13.26285537157926,6.629637453176568,6.633217918402693
2800,1400,8000,11.569321937525524,5.782269828349133,5.7870521091763925
2800,1400,9000,10.255692934739857,5.125022653090465,5.130670281649392
2800,1400,10000,9.206933247711545,4.600316642441298,4.606616605270245
2800,1600,500,70.88289537846168,35.28408836348134,35.598807014980345
2800,1600,600,70.67173488534401,35.28251868050514,35.38921620483887
2800,1600,700,70.55706235185303,35.216187654119764,35.34087469773327
2800,1600,800,70.47028181715376,35.16774687226822,35.30253494488556
2800,1600,900,70.3943376235994,35.12717760047059,35.26716002312881
2800,1600,1000,70.35169301472284,35.1049226821593,35.24677033256354
2800,1600,1200,70.30176003206503,35.08234786916929,35.21941216289574
2800,1600,1400,70.13097435615029,35.00368824361276,35.12728611253754
2800,1600,1600,64.18976959470025,32.084815851380434,32.10495374331981
2800,1600,1800,55.97817016526993,27.999264422127172,27.978905743142757
2800,1600,2000,49.5925744650775,24.8113861384803,24.7811883265972
2800,1600,2200,44.53500928293703,22.28219397319431,22.25281530974272
2800,1600,2400,40.43909818967061,20.232418209262995,20.20667998040761
2800,1600,2600,37.053857910070235,18.537817215582756,18.516040694487483
2800,1600,2800,34.206865448065265,17.112532226607808,17.09433322145746
2800,1600,3000,31.777076985259608,15.896109857492313,15.880967127767292
2800,1600,4000,23.505487911317502,11.755626777712274,11.749861133605224
2800,1600,5000,18.677500725274534,9.33945264013774,9.338048085136792
2800,1600,6000,15.497830723560341,7.748423160165803,7.749407563394537
2800,1600,7000,13.240579727236073,6.619060432677487,6.621519294558585
2800,1600,8000,11.553556793818977,5.7750539902671845,5.778502803551793
2800,1600,9000,10.244375269425696,5.1201097464520435,5.124265522973651
2800,1600,10000,9.198747060890474,4.597031084655356,4.601715976235118
2800,1800,500,70.58072631566803,35.27140222767648,35.30932408799154
2800,1800,600,70.47839672425012,35.2003931690306,35.27800355521953
2800,1800,700,70.38675818792555,35.14920963007276,35.237548557852776
2800,1800,800,70.30576012307839,35.102697476580595,35.2030626464978
2800,1800,900,70.23387163751504,35.06217831367154,35.17169332384349
2800,1800,1000,70.19623110003951,35.040795390013464,35.15543571002603
2800,1800,1200,70.14598487065442,35.015225020917256,35.130759849737146
2800,1800,1400,69.94996873874011,34.92152967711955,35.02843906162057
2800,1800,1600,63.391264092560924,31.68892741027725,31.702336682283672
2800,1800,1800,55.44065999905298,27.73036447708387,27.710295521969112
2800,1800,2000,49.20633329641238,24.617046833970193,24.58928646244219
2800,1800,2200,44.2412164022516,22.133920692845418,22.107295709406188
2800,1800,2400,40.20569421936679,20.11445663533571,20.091237584031077
2800,1800,2600,36.86232574341722,18.440974427595222,18.421351315822
2800,1800,2800,34.04583164536393,17.031121950581078,17.014709694782855
2800,1800,3000,31.63915873155957,15.826422673582563,15.812736057977002
2800,1800,4000,23.4304796664109,11.717942748222391,11.71253691818851
2800,1800,5000,18.630503726250264,9.316054146309067,9.314449579941197
2800,1800,6000,15.4663668154239,7.732955297257207,7.733411518166694
2800,1800,7000,13.21872527993068,6.608504325834661,6.610220954096019
2800,1800,8000,11.538044656330275,5.767744297984015,5.77030035834626
2800,1800,9000,10.233231986566777,5.115040381051018,5.118191605515759
2800,1800,10000,9.19070583071758,4.59355601307792,4.59714981763966
2800,2000,500,70.47834652906923,35.20047087953842,35.277875649530806
2800,2000,600,70.37579139502958,35.15158228571834,35.22420910931124
2800,2000,700,70.28230181144392,35.099021326388716,35.183280485055214
2800,2000,800,70.19233020627576,35.05247345035815,35.139856755917606
2800,2000,900,70.11080896985227,35.01075596927014,35.10005300058213
2800,2000,1000,70.07051810686296,34.98709691523479,35.08342119162818
2800,2000,1200,70.01154174014414,34.95539800481557,35.05614373532856
2800,2000,1400,69.78397841487157,34.84433741111142,34.93964100376015
2800,2000,1600,62.67028726916937,31.33081174580821,31.339475523361166
2800,2000,1800,54.947239840906555,27.483392255504796,27.463847585401762
2800,2000,2000,48.847778974020684,24.43673394585194,24.411045028168747
2800,2000,2200,43.96638192946164,21.995376029184097,21.971005900277547
2800,2000,2400,39.98612625898316,20.00365302471168,19.982473234271477
2800,2000,2600,36.68136009150261,18.34962338086428,18.331736710638328
2800,2000,2800,33.89313438116188,16.95405281214175,16.93908156902013
2800,2000,3000,31.50797586091134,15.760242117441752,15.747733743469585
2800,2000,4000,23.358292966286523,11.681687820358455,11.676605145928068
2800,2000,5000,18.58486857582846,9.293288947139068,9.291579628689389
2800,2000,6000,15.435583050403194,7.7177395885718045,7.7178434618313885
2800,2000,7000,13.19720226807729,6.597998954715037,6.599203313362253
2800,2000,8000,11.522680019362166,5.760373917935501,5.762306101426664
2800,2000,9000,10.22214072132802,5.109847885107625,5.112292836220397
2800,2000,10000,9.182671004228423,4.589923469229042,4.592747534999381
2800,2200,500,70.38027626016135,35.12488077805218,35.255395482109165
2800,2200,600,70.27793113102346,35.105009643817965,35.1729214872055
2800,2200,700,70.18255233840992,35.05083688034838,35.13171545806154
2800,2200,800,70.09055899198339,35.00319674994397,35.087362242039426
2800,2200,900,70.00919871653063,34.96211062854053,35.0470880879901
2800,2200,1000,69.96596212575983,34.940389997023026,35.025572128736805
2800,2200,1200,69.89327161815025,34.90149579932656,34.9917758188237
2800,2200,1400,69.63016230007892,34.771546782791,34.85861551728793
2800,2200,1600,62.01547988279478,31.005139293950766,31.010340588844013
2800,2200,1800,54.49253398230363,27.25573388280249,27.23680009950114
2800,2200,2000,48.514020640544565,24.26897106103429,24.245049579510273
2800,2200,2200,43.708758500908274,21.865626772185603,21.84313172872267
2800,2200,2400,39.779243281071615,19.899370357201576,19.879872923870035
2800,2200,2600,36.51015563288001,18.26330663314755,18.246848999732453
2800,2200,2800,33.74818577089924,16.88098522566249,16.867200545236752
2800,2200,3000,31.38308587656182,15.697310603359572,15.685775273202252
2800,2200,4000,23.288789000544675,11.646791773696625,11.641997226848046
2800,2200,5000,18.540536743524335,9.271147540704877,9.269389202819458
2800,2200,6000,15.40544279308471,7.702790419054278,7.702652374030433
2800,2200,7000,13.175975610391246,6.587568340428902,6.588407269962344
2800,2200,8000,11.507421666788362,5.752970254944149,5.754451411844214
2800,2200,9000,10.211051384784886,5.104560149032001,5.106491235752885
2800,2200,10000,9.174582973059533,4.586160473750537,4.588422499308994
2800,2400,500,70.28713835179391,35.05376157229153,35.233376779502386
2800,2400,600,70.18464902867858,35.060801269067035,35.12384775961154
2800,2400,700,70.08735338321402,35.00472191262945,35.08263147058457
2800,2400,800,69.99328111841716,34.955848065821606,35.037433052595546
2800,2400,900,69.91294285847441,34.91530962220791,34.997633236266495
2800,2400,1000,69.87120629279816,34.894494415583765,34.9767118772144
2800,2400,1200,69.78764184078668,34.85246422781141,34.93517761297525
2800,2400,1400,69.48674114916248,34.702792595890436,34.78394855327204
2800,2400,1600,61.41767148565849,30.707534756089885,30.7101367295686
2800,2400,1800,54.072021407025254,27.045164390440547,27.026857016584707
2800,2400,2000,48.2025506063417,24.11247729191572,24.090073314425982
2800,2400,2200,43.46679505825385,21.743854831132143,21.722940227121704
2800,2400,2400,39.58400546388722,19.80104641076112,19.782959053126103
2800,2400,2600,36.3479747772089,18.181618214233612,18.16635656297528
2800,2400,2800,33.61044153927304,16.811616183551756,16.798825355721284
2800,2400,3000,31.26407577421,15.637396962558702,15.626678811651297
2800,2400,4000,23.22183930552828,11.613188574904749,11.608650730623532
2800,2400,5000,18.49746266315435,9.249618242558064,9.247844420596287
2800,2400,6000,15.375928182955935,7.688117966894807,7.687810216061128
2800,2400,7000,13.15503483195583,6.577231793081427,6.577803038874403
2800,2400,8000,11.492258161809811,5.745556078884269,5.746702082925543
2800,2400,9000,10.199948103657178,5.099200718982368,5.100747384674809
2800,2400,10000,9.166420118434738,4.582290060030113,4.584130058404626
2800,2600,500,70.1986864712681,34.98683071300173,35.21185575826638
2800,2600,600,70.0957010720998,35.01897817125203,35.07672290084777
2800,2600,700,69.99649135635882,34.96066655787272,35.0358247984861
2800,2600,800,69.90032460217515,34.910443760233306,34.98988084194185
2800,2600,900,69.82137983968984,34.87058016425683,34.95079967543301
2800,2600,1000,69.7804461002282,34.85027367941326,34.930172420814934
2800,2600,1200,69.6909582753295,34.80610298212115,34.884855293208346
2800,2600,1400,69.14172305008843,34.53627640022733,34.60544664986109
2800,2600,1600,60.86937186560367,30.434384825627877,30.434987039975784
2800,2600,1800,53.68187321998388,26.849786416220233,26.83208680376364
2800,2600,2000,47.91118662044993,23.96613933098126,23.945047289468675
2800,2600,2200,43.239114907024955,21.629340837777306,21.609774069247653
2800,2600,2400,39.39947595790866,19.70818275694517,19.69129320096349
2800,2600,2600,36.19414504916906,18.104195787532166,18.08994926163689
2800,2600,2800,33.47940063162028,16.7456735366971,16.73372709492318
2800,2600,3000,31.15056230027892,15.580292237388305,15.570270062890613
2800,2600,4000,23.157322830084,11.580815736108917,11.576507093975083
2800,2600,5000,18.455606460929943,9.228687626028739,9.226918834901204
2800,2600,6000,15.34702930320212,7.67372898415417,7.673300319047949
2800,2600,7000,13.134380426296055,6.567004774842643,6.567375651453412
2800,2600,8000,11.477191983588583,5.738150370985438,5.739041612603145
2800,2600,9000,10.188831565450343,5.093789592958448,5.095041972491896
2800,2600,10000,9.15817968832501,4.578332009244538,4.579847679080472
2800,2800,500,70.11464029063137,34.92381063292244,35.19082965770893
2800,2800,600,70.01082251976275,34.97952543933292,35.03129708042984
2800,2800,700,69.90976659611633,34.918687311902026,34.99107928421431
2800,2800,800,69.81149355992746,34.866966933150195,34.94452662677727
2800,2800,900,69.73417041052963,34.82782500974025,34.90634540078937
2800,2800,1000,69.69351825354596,34.80772867352633,34.88578958001963
2800,2800,1200,69.59774972097416,34.76068418335775,34.837065537616425
2800,2800,1400,68.68008419858069,34.312929998453804,34.367154200126876
2800,2800,1600,60.3643960248503,30.1826829353098,30.1817130895405
2800,2800,1800,53.31882425648316,26.667975237987186,26.650849018495975
2800,2800,2000,47.63802248025324,23.828986259385488,23.809036220867753
2800,2800,2200,43.02449439253442,21.5214499185318,21.503044474002618
2800,2800,2400,39.224811027309975,19.620335686889216,19.604475340420755
2800,2800,2600,36.048054406944196,18.03071447706273,18.01733992988147
2800,2800,2800,33.35460299243936,16.68291166253958,16.67169132989978
2800,2800,3000,31.042190875790837,15.525806604048471,15.516384271742366
2800,2800,4000,23.095124703874223,11.549613992536287,11.545510711337936
2800,2800,5000,18.414930768699072,9.208340959246721,9.20658980945235
2800,2800,6000,15.318739184144519,7.659627449442975,7.659111734701544
2800,2800,7000,13.114017366510222,6.556899585760392,6.557117780749828
2800,2800,8000,11.462231830888745,5.7307689796348305,5.731462851253914
2800,2800,9000,10.177710338025598,5.088343825306351,5.089366512719248
2800,2800,10000,9.149868307302935,4.5743034003973975,4.575564906905536
2800,3000,500,70.03472782380226,34.86440086250168,35.170326961300574
2800,3000,600,69.92964381338177,34.926234538025085,35.003409275356695
2800,3000,700,69.82693168250887,34.87871757555126,34.9482141069576
2800,3000,800,69.72656897268867,34.825361667628236,34.901207305060424
2800,3000,900,69.65101920667324,34.78695611650714,34.864063090166084
2800,3000,1000,69.61023503829625,34.76682258264584,34.84341245565042
2800,3000,1200,69.50736576503675,34.71644939790511,34.790916367131636
2800,3000,1400,68.2420782807034,34.10038534533333,34.14169293537007
2800,3000,1600,59.89758533006352,29.949907589209793,29.94767774085372
2800,3000,1800,52.98007176257491,26.498332614021713,26.481739148553192
2800,3000,2000,47.3813864951828,23.70016798743732,23.681218507745474
2800,3000,2200,42.82184357624565,21.419619672945384,21.402223903300264
2800,3000,2400,39.059250220668375,19.537108710792765,19.522141509875606
2800,3000,2600,35.9091459626082,17.960881880316894,17.94826408229131
2800,3000,2800,33.23562663677847,16.62310803679639,16.61251859998208
2800,3000,3000,30.938633934467536,15.47376698839792,15.464866946069618
2800,3000,4000,23.03513568347501,11.519527113163008,11.515608570312004
2800,3000,5000,18.37539935195373,9.18856258991164,9.186836762042093
2800,3000,6000,15.291051479979993,7.645815104841375,7.645236375138618
2800,3000,7000,13.093951943389094,6.546925915183597,6.547026028205497
2800,3000,8000,11.447388760049021,5.723425139812572,5.723963620236448
2800,3000,9000,10.166596428904507,5.08287800065649,5.083718428248018
2800,3000,10000,9.141497055382077,4.5702190374395295,4.571278017942548
2800,4000,500,69.6882588094859,34.6129537439942,35.07530506549169
2800,4000,600,69.57390410332575,34.6685827222531,34.90532138107264
2800,4000,700,69.4632570628625,34.69782570117202,34.76543136169048
2800,4000,800,69.35649840343116,34.64476542946738,34.71173297396377
2800,4000,900,69.2872556263074,34.607675484134425,34.67958014217297
2800,4000,1000,69.24204985707816,34.58491320484945,34.65713665222871
2800,4000,1200,69.09261721890914,34.51187669767739,34.580740521231746
2800,4000,1400,65.72224961687294,32.8508208453943,32.87142877147864
2800,4000,1600,58.004635358533406,29.00530237660955,28.99933298192385
2800,4000,1800,51.57616041853749,25.795342464647018,25.780817953890477
2800,4000,2000,46.30011714756439,23.157761403394197,23.1423557441702
2800,4000,2200,41.95738477210276,20.98562287040164,20.971761901701118
2800,4000,2400,38.34614270933081,19.178994122652828,19.16714858667799
2800,4000,2600,35.30607479052387,17.658021703155445,17.648053087368428
2800,4000,2800,32.7155757256165,16.36197438866548,16.353601336951016
2800,4000,3000,30.48325420208237,15.2451548993895,15.238099302692873
2800,4000,4000,22.764867082703006,11.384044029408557,11.380823053294451
2800,4000,5000,18.193674805613796,9.09761866957064,9.096056136043156
2800,4000,6000,15.161381857447894,7.5810447423253935,7.580337115122503
2800,4000,7000,12.998264924954315,6.499236813307528,6.499028111646787
2800,4000,8000,11.37530196486098,5.687596416965612,5.687705547895367
2800,4000,9000,10.111581475250578,5.055628164216005,5.055953311034572
2800,4000,10000,9.099195314149533,4.549357924592817,4.549837389556716
2800,5000,500,69.41154505635423,34.419331642111175,34.99221341424304
2800,5000,600,69.28755083371584,34.46881150529215,34.818739328423696
2800,5000,700,69.16697991184417,34.492167266168074,34.674812645676084
2800,5000,800,69.0579761685097,34.50278288160843,34.555193286901265
2800,5000,900,68.991961772017,34.46298423907512,34.528977532941894
2800,5000,1000,68.93928810059369,34.434961943913486,34.5043261566802
2800,5000,1200,68.72712034977877,34.330327797328756,34.396792552450016
2800,5000,1400,63.88005838827618,31.9349248025631,31.945133585713084
2800,5000,1600,56.62163358799134,28.314739751349332,28.306893836642004
2800,5000,1800,50.520654923965,25.26693358666725,25.25372133729775
2800,5000,2000,45.46890786269953,22.741103525612974,22.727804337086553
2800,5000,2200,41.28138776724857,20.64657926690207,20.634808500346498
2800,5000,2400,37.780874524834786,18.895434604309475,18.885439920525307
2800,5000,2600,34.82261533317384,17.41550257157768,17.40711276159616
2800,5000,2800,32.294600064705584,16.150821696186785,16.143778368518802
2800,5000,3000,30.111425330869906,15.05868260304111,15.052742727828797
2800,5000,4000,22.53629595402077,11.269529425325404,11.266766528695369
2800,5000,5000,18.035437937436843,9.018422583492185,9.01701535394466
2800,5000,6000,15.045410042414536,7.523062736403604,7.522347306010932
2800,5000,7000,12.910456739910547,6.455386047598039,6.455070692312508
2800,5000,8000,11.307438212509762,5.65375046662885,5.653687745880913
2800,5000,9000,10.058416045167878,5.0291542732689,5.0292617718989785
2800,5000,10000,9.057172412898693,4.528472180429591,4.528700232469102
2800,6000,500,69.18577176621608,34.26614382717947,34.91962793903661
2800,6000,600,69.05259814747131,34.30952064387042,34.743077503600894
2800,6000,700,68.92276899985852,34.327462411405406,34.59530658845312
2800,6000,800,68.81217621064899,34.33685361460333,34.47532259604566
2800,6000,900,68.74694638593745,34.34555849551849,34.40138789041895
2800,6000,1000,68.68590972922678,34.31024827228296,34.37566145694382
2800,6000,1200,68.4024168390474,34.16868014999159,34.23373668905582
2800,6000,1400,62.50231894882812,31.24959824801843,31.252720700809686
2800,6000,1600,55.56370013441048,27.786377302126777,27.7773228322837
2800,6000,1800,49.696791544689844,24.854581604275022,24.84220994041482
2800,6000,2000,44.80952986954998,22.41073626105503,22.39879360849496
2800,6000,2200,40.73821401459241,20.37431438544672,20.363899629145685
2800,6000,2400,37.32191154935661,18.66534849200318,18.65656305735343
2800,6000,2600,34.426609220369514,17.2169802884659,17.209628931903605
2800,6000,2800,31.9471187977244,15.976640811289466,15.970477986434938
2800,6000,3000,29.80238859398173,14.903792216633502,14.898596377348229
2800,6000,4000,22.34087222097056,11.171656375534285,11.169215845436275
2800,6000,5000,17.896913369233136,8.949096125148847,8.94781724408429
2800,6000,6000,14.941667795723117,7.471179345717062,7.470488450006054
2800,6000,7000,12.830274561405567,6.415313864729178,6.4149606966763875
2800,6000,8000,11.24420533533134,5.622173290411296,5.6220320449200445
2800,6000,9000,10.007864361162685,5.003931845921256,5.003932515241428
2800,6000,10000,9.016374356376753,4.508136895775777,4.508237460600975
2800,7000,500,68.998175399644,34.142143225721064,34.85603217392293
2800,7000,600,68.85653744742844,34.179669570330326,34.676867877098104
2800,7000,700,68.71825690114048,34.19251506254451,34.52574183859596
2800,7000,800,68.60861925234987,34.20144173569771,34.407177516652155
2800,7000,900,68.54056960209259,34.21776016203028,34.32280944006231
2800,7000,1000,68.47037815470797,34.2058853535215,34.26449280118648
2800,7000,1200,68.11500073540633,34.02570893886162,34.089291796544714
2800,7000,1400,61.43053928037393,30.71632720116709,30.714212079206842
2800,7000,1600,54.726826814792446,27.36839979085664,27.358427023935803
2800,7000,1800,49.035204491953984,24.523516379357947,24.511688112596037
2800,7000,2000,44.27344951225177,22.14223490269891,22.13121460955286
2800,7000,2200,40.292171143732446,20.150825021914603,20.141346121817836
2800,7000,2400,36.941891591605554,18.47491728723847,18.46697430436708
2800,7000,2600,34.09639457513346,17.051508546603696,17.04488602852976
2800,7000,2800,31.655560493692356,15.830550633171544,15.82500986052081
2800,7000,3000,29.541626818781754,14.773146841033483,14.768479977748271
2800,7000,4000,22.172090584850718,11.087146302126671,11.084944282724047
2800,7000,5000,17.774911570670117,8.888043138075062,8.886868432595053
2800,7000,6000,14.848654456145434,7.424656452142016,7.4239980040034155
2800,7000,7000,12.757159847505488,6.378761716901861,6.3783981306036255
2800,7000,8000,11.185593041664795,5.592886259503834,5.592706782160962
2800,7000,9000,9.960239727267203,4.98014824522801,4.980091482039193
2800,7000,10000,8.977303577566747,4.4886371777364715,4.488666399830277
2800,8000,500,68.83988192405803,34.039867148260555,34.80001477579748
2800,8000,600,68.6905410223821,34.071889268046114,34.61865175433599
2800,8000,700,68.54480250422958,34.08004461921166,34.46475788501792
2800,8000,800,68.43674402593362,34.08886713489954,34.347876891034076
2800,8000,900,68.36443696012431,34.102678777213754,34.261758182910555
2800,8000,1000,68.2844779350134,34.10438315176122,34.180094783252194
2800,8000,1200,67.52014358584422,33.737395153532894,33.78274843231133
2800,8000,1400,60.57174972648566,30.289083140864303,30.28266658562136
2800,8000,1600,54.04757588473736,27.029153989816354,27.018421894921016
2800,8000,1800,48.49191088528043,24.251692116262504,24.240218769017932
2800,8000,2000,43.828907381900606,21.919637403607858,21.90926997829275
2800,8000,2200,39.9193129300901,19.964058241769767,19.95525468832033
2800,8000,2400,36.622081283798515,18.314704886200843,18.30737639759767
2800,8000,2600,33.816883530474584,16.911485152458823,16.905398378015757
2800,8000,2800,31.40749857052647,15.706289585389515,15.701208985136953
2800,8000,3000,29.318728635106165,14.661500953248783,14.657227681857378
2800,8000,4000,22.024973643054405,11.013496233224012,11.011477409830393
2800,8000,5000,17.66680392857115,8.83394677460925,8.832857153961898
2800,8000,6000,14.764986154944255,7.382805968417143,7.382180186527111
2800,8000,7000,12.690452343257546,6.345407258266695,6.34504508499085
2800,8000,8000,11.131381900769727,5.565790082381134,5.565591818388593
2800,8000,9000,9.915597411408047,4.957843419339443,4.957753992068604
2800,8000,10000,8.940187489404785,4.470100465647462,4.470087023757323
2800,9000,500,68.7045525379646,33.9541124421986,34.750440095765995
2800,9000,600,68.54823546962382,33.9810595201921,34.56717594943172
2800,9000,700,68.39661557580855,33.9852372656361,34.41137831017245
2800,9000,800,68.28945712114157,33.99369393570114,34.29576318544044
2800,9000,900,68.21228003968488,34.0047664693018,34.207513570383085
2800,9000,1000,68.12244087193038,34.00142583456036,34.121015037370015
2800,9000,1200,66.72519296927003,33.35468614519697,33.370506824073054
2800,9000,1400,59.86773831584549,29.938896557510308,29.928841758335185
2800,9000,1600,53.484886218779366,26.748147862639893,26.736738356139472
2800,9000,1800,48.03760750002189,24.024427089777003,24.013180410244882
2800,9000,2000,43.45422706368397,21.73205958535465,21.722167478329315
2800,9000,2200,39.60297395339103,19.805636829933523,19.797337123457506
2800,9000,2400,36.34923210858554,18.178048321234385,18.171183787351154
2800,9000,2600,33.57725806582488,16.791468556372806,16.785789509452073
2800,9000,2800,31.19391343581519,15.599320818710027,15.594592617105162
2800,9000,3000,29.12605151234474,14.565010871643407,14.56104064070134
2800,9000,4000,21.89567483006766,10.948774405873623,10.946900424194036
2800,9000,5000,17.57044253846489,8.7857309166245,8.784711621840389
2800,9000,6000,14.68944398823841,7.345019672713855,7.344424315524552
2800,9000,7000,12.629490810531715,6.314923166557905,6.314567643973811
2800,9000,8000,11.081262250610992,5.540734597566179,5.540527653044812
2800,9000,9000,9.873855392030569,4.936981999300653,4.9368733927299155
2800,9000,10000,8.905093323492276,4.452566740437708,4.452526583054568
2800,10000,500,68.58752243191674,33.882638971168575,34.70488346074815
2800,10000,600,68.42491611702751,33.90352095528,34.5213951617475
2800,10000,700,68.26850194382655,33.9042410396926,34.36426090413396
2800,10000,800,68.16173059235705,33.91214727539317,34.24958331696388
2800,10000,900,68.07947054029138,33.92038403022051,34.159086510070864
2800,10000,1000,67.97979379436859,33.912059608400924,34.06773418596767
2800,10000,1200,66.04015400680947,33.0244564642447,33.01569754256478
2800,10000,1400,59.279881478734154,29.646529442302363,29.633352036431784
2800,10000,1600,53.01092396952705,26.511474873087433,26.499449096439616
2800,10000,1800,47.65197926998164,23.831542874335838,23.820436395645803
2800,10000,2000,43.13409456161248,21.5718164359845,21.562278125627977
2800,10000,2200,39.3311960323129,19.66955496841754,19.661641063895356
2800,10000,2400,36.11371323995487,18.060108956372297,18.053604283582565
2800,10000,2600,33.369565252840964,16.687462735006548,16.682102517834416
2800,10000,2800,31.008107212007683,15.506279081239493,15.501828130768189
2800,10000,3000,28.95786720151303,14.480798897572864,14.477068303940166
2800,10000,4000,21.781187273894453,10.891472033514217,10.889715240380237
2800,10000,5000,17.484073246865883,8.742516836695359,8.74155641017052
2800,10000,6000,14.620976780943446,7.31077229962432,7.310204481319127
2800,10000,7000,12.573657170173487,6.287001913991053,6.286655256182434
2800,10000,8000,11.034896574020458,5.517553341368192,5.517343232652266
2800,10000,9000,9.83486321765822,4.91749160433842,4.9173716133198
2800,10000,10000,8.871997377780287,4.436027402043728,4.435969975736558
3000,500,500,91.50208386215469,45.78052979549529,45.721554066659394
3000,500,600,90.99915870728805,45.32975009051486,45.66940861677318
3000,500,700,90.6816002786888,45.025474699267114,45.65612557942169
3000,500,800,90.43262995366166,44.93826057437347,45.49436937928819
3000,500,900,87.80796721925302,43.7305504800527,44.077416739200316
3000,500,1000,73.83314730720788,36.33574575713615,37.49740155007173
3000,500,1200,72.1614665105693,35.57578353303649,36.585682977532805
3000,500,1400,71.6078819274069,35.46130317923535,36.14657874817153
3000,500,1600,68.85963193237411,34.22335152561025,34.636280406763866
3000,500,1800,59.960109778109775,29.942159538726578,30.017950239383197
3000,500,2000,52.31896999738242,26.176964654263234,26.142005343119184
3000,500,2200,46.54595437432813,23.30754245427504,23.238411920053093
3000,500,2400,42.00509032854966,21.039314830044123,20.96577549850554
3000,500,2600,38.3220005526727,19.194725589717322,19.127274962955376
3000,500,2800,35.263724364088375,17.660933772103114,17.602790591985258
3000,500,3000,32.6771063449818,16.36272639793719,16.314379947044603
3000,500,4000,23.9948607152046,12.002494418289256,11.99236629691534
3000,500,5000,18.993638916495424,9.490788655522122,9.502850260973304
3000,500,6000,15.721750074449782,7.847897948370431,7.873852126079352
3000,500,7000,13.40938333068913,6.687000439429174,6.722382891259955
3000,500,8000,11.687121638580246,5.822464102404913,5.864657536175333
3000,500,9000,10.354400751433138,5.15352321051854,5.200877540914596
3000,500,10000,9.292566028122009,4.62057828442748,4.671987743694529
3000,600,500,91.16123394905023,45.45525559782201,45.70597835122821
3000,600,600,90.79859395403668,45.12763692838686,45.67095702564981
3000,600,700,90.53172358489473,44.917847696622296,45.613875888272425
3000,600,800,90.30115686111637,44.898383275627026,45.40277358548934
3000,600,900,74.34309932516362,36.863013076205,37.48008624895862
3000,600,1000,72.86708720844975,35.92600303313676,36.94108417531299
3000,600,1200,71.77514733636657,35.514937376680464,36.2602099596861
3000,600,1400,71.37717350246783,35.423306341004825,35.953867161462995
3000,600,1600,68.68871546657002,34.20330667882515,34.485408787744866
3000,600,1800,59.49532590019285,29.732269591410077,29.763056308782776
3000,600,2000,52.01728757399047,26.03098481620635,25.986302757784127
3000,600,2200,46.33222720637661,23.198351790412932,23.133875415963672
3000,600,2400,41.84340060530785,20.953766245267303,20.88963436004055
3000,600,2600,38.19369239901143,19.125499684097925,19.068192714913504
3000,600,2800,35.158243804124375,17.603571882988238,17.55467192113614
3000,600,3000,32.58803271752373,16.31433162892409,16.27370108859964
3000,600,4000,23.945905898395637,11.978156259629378,11.967749638766255
3000,600,5000,18.959761301701608,9.476723253410682,9.483038048290927
3000,600,6000,15.695062431899318,7.839266350259529,7.855796081639788
3000,600,7000,13.386528519144829,6.681581793432262,6.704946725712568
3000,600,8000,11.666401463678346,5.819074944863897,5.847326518814449
3000,600,9000,10.334874625761765,5.151474448252068,5.183400177509698
3000,600,10000,9.273681029675164,4.619443003995992,4.654238025679172
3000,700,500,90.92710483761361,45.23353125569863,45.693573581914976
3000,700,600,90.63469137385047,44.97906565523294,45.65562571861753
3000,700,700,90.39400162062731,44.88593459395266,45.50806702667464
3000,700,800,75.70622349920826,37.935204066140244,37.77101943306802
3000,700,900,73.03855714751593,36.190902404108236,36.84765474340771
3000,700,1000,72.19940589945283,35.65793955617226,36.54146634328057
3000,700,1200,71.47785079034836,35.455378378419134,36.02247241192922
3000,700,1400,71.17797724445155,35.378379390441005,35.79959785401056
3000,700,1600,68.46841800565345,34.139561654024014,34.32885635162943
3000,700,1800,59.05472821126866,29.523719131917456,29.53100907935121
3000,700,2000,51.7269059885474,25.887044597088025,25.83986139145938
3000,700,2200,46.123931477843584,23.09153615520246,23.032395322641126
3000,700,2400,41.68448353583471,20.870533211868967,20.813950323965745
3000,700,2600,38.06696492244688,19.058365232425846,19.008599690021036
3000,700,2800,35.05385904410549,17.54803537467451,17.50582366943098
3000,700,3000,32.499928651549546,16.26750463731803,16.232424014231523
3000,700,4000,23.898856783164398,11.954503497396654,11.944353285767743
3000,700,5000,18.92901612329303,9.462936349919989,9.46607977337304
3000,700,6000,15.672532583652382,7.830715391684844,7.841817191967539
3000,700,7000,13.36864252481613,6.676142089970211,6.692500434845918
3000,700,8000,11.651305205643562,5.815611871149645,5.835693334493915
3000,700,9000,10.321509594851412,5.149324559962854,5.1721850348885585
3000,700,10000,9.26140514695854,4.618193458715688,4.643211688242852
3000,800,500,90.74782095354342,45.07486332482184,45.67295762872158
3000,800,600,90.49271774770149,44.867493295642284,45.6252244520592
3000,800,700,90.28226966380565,44.82226008188687,45.46000958191879
3000,800,800,73.35664439524238,36.58209467848558,36.7745497167568
3000,800,900,72.27829720125746,35.805655911435636,36.47264128982183
3000,800,1000,71.68054401629226,35.52642578354006,36.154118232752204
3000,800,1200,71.24066951131354,35.398257045715205,35.842412465598336
3000,800,1400,71.00353247571881,35.33056408293042,35.67296839278839
3000,800,1600,68.21996553694213,34.04948349399968,34.17048204294245
3000,800,1800,58.63707464474513,29.32138037135039,29.31569427339474
3000,800,2000,51.44818353012989,25.747479627994874,25.700703902135018
3000,800,2200,45.92215432995818,22.988144811867762,22.93400951809042
3000,800,2400,41.529578593685365,20.79004888341511,20.73952971027025
3000,800,2600,37.94294849882165,18.99346061968325,18.949487879138395
3000,800,2800,34.9514838373486,17.494321685725964,17.45716215162263
3000,800,3000,32.413453386919514,16.222177322261256,16.191276064658254
3000,800,4000,23.85318349379532,11.931448492628297,11.921735001167024
3000,800,5000,18.90002246811301,9.449381092881024,9.450641375231989
3000,800,6000,15.652173018650611,7.822226544340888,7.8299464743097245
3000,800,7000,13.353295191058598,6.670679101544902,6.682616089513697
3000,800,8000,11.639062193120548,5.8120816736721,5.826980519448447
3000,800,9000,10.311265199403772,5.147085399042161,5.1641798003616115
3000,800,10000,9.252478515917518,4.616844312950358,4.635634202967161
3000,900,500,90.59819846001942,44.9590557013149,45.63914275870452
3000,900,600,90.3643137966826,44.806590960216845,45.55772283646575
3000,900,700,73.93277708789638,37.055369156175914,36.87740793172047
3000,900,800,72.40502541637986,36.029513377895135,36.37551203848472
3000,900,900,71.71352749609181,35.56695732833116,36.14657016776065
3000,900,1000,71.33123925494007,35.430830525875365,35.900408729064715
3000,900,1200,71.04570955270997,35.34427541585018,35.70143413685979
3000,900,1400,70.84852533446117,35.28204863409706,35.5664767003641
3000,900,1600,67.68466513970326,33.79890214097802,33.885762998725234
3000,900,1800,58.240934424038045,29.12702438381002,29.113910040228024
3000,900,2000,51.18090792843503,25.61304768853896,25.567860239896074
3000,900,2200,45.7271903942924,22.88844205775033,22.83874833654207
3000,900,2400,41.379130317424135,20.712359383093762,20.666770934330366
3000,900,2600,37.82208111357431,18.9307391362063,18.89134197736801
3000,900,2800,34.85148331310935,17.442348225470408,17.40913508763894
3000,900,3000,32.32887267686154,16.178257267266215,16.150615409595325
3000,900,4000,23.808640066835476,11.908935142654801,11.899704924180673
3000,900,5000,18.872153082331067,9.436034525831609,9.436118556499457
3000,900,6000,15.633077173917124,7.813794095285035,7.819283078632088
3000,900,7000,13.339373696651085,6.665196376085114,6.6741773205659705
3000,900,8000,11.628399808083339,5.808492695695552,5.819907112387787
3000,900,9000,10.302742332971622,5.144767731770333,5.157974601201288
3000,900,10000,9.245398920113157,4.615407469800383,4.629991450312774
3000,1000,500,90.46825692980228,44.874427634474955,45.593829295327325
3000,1000,600,75.63618951883403,38.237297069620574,37.398892449213456
3000,1000,700,72.61020314238309,36.249319356492094,36.360883785890984
3000,1000,800,71.80622894230302,35.68277912000029,36.12344982230273
3000,1000,900,71.3078924157184,35.442357652495424,35.86553476322297
3000,1000,1000,71.07474906954144,35.354804365282185,35.71994470425924
3000,1000,1200,70.88134495536768,35.29358925528416,35.58775570008351
3000,1000,1400,70.70875661834748,35.23391259447087,35.47484402387661
3000,1000,1600,67.07994649688295,33.50628770853498,33.57365878834798
3000,1000,1800,57.86485182284195,28.941146781760718,28.923705041081227
3000,1000,2000,50.92464167657297,25.483902150189707,25.440739526383265
3000,1000,2200,45.53901034219113,22.792415182810043,22.74659515938109
3000,1000,2400,41.23325497645396,20.637387837177943,20.595867139276013
3000,1000,2600,37.70451402806957,18.87010599859625,18.834408029473316
3000,1000,2800,34.753994732394986,17.392021066127516,17.361973666267463
3000,1000,3000,32.246288165771205,16.135658685113864,16.110629480657344
3000,1000,4000,23.76509702583264,11.886925200116993,11.87817182571565
3000,1000,5000,18.845090693568896,9.422884031626367,9.422206661942527
3000,1000,6000,15.614786496380672,7.805417356506315,7.809369139874357
3000,1000,7000,13.32631328091624,6.659699172612978,6.6666141083032615
3000,1000,8000,11.618671066300955,5.804853016094894,5.81381805020606
3000,1000,9000,10.295228032825602,5.142380875786499,5.152847157039103
3000,1000,10000,9.239399413695779,4.613892674323096,4.625506739372683
3000,1200,500,73.86749693300006,37.18484203091937,36.68265490208067
3000,1200,600,72.05155906859387,35.943409631041,36.10814943755287
3000,1200,700,71.42965714287301,35.57718623694806,35.85247090592496
3000,1200,800,71.01768270066349,35.36786538268201,35.64981731798147
3000,1200,900,70.82212970332824,35.281941824828436,35.54018787849981
3000,1200,1000,70.71626970794547,35.237441377952024,35.47882832999346
3000,1200,1200,70.61618822691817,35.20196214511917,35.414226081798994
3000,1200,1400,70.46360029381286,35.140836660157426,35.32276363365544
3000,1200,1600,65.97994432287815,32.968848381067765,33.011095941810396
3000,1200,1800,57.16732047313137,28.594346966748013,28.57297350638336
3000,1200,2000,50.443021745306886,25.24098931771706,25.202032427589824
3000,1200,2200,45.18224549324619,22.610883045733246,22.57136244751295
3000,1200,2400,40.95501955430148,20.495127335283758,20.45989221901773
3000,1200,2600,37.47929104544675,18.754692333628366,18.724598711818384
3000,1200,2800,34.56662487194702,17.295956153928927,17.270668718018094
3000,1200,3000,32.087167157027544,16.05413451156724,16.033032645460302
3000,1200,4000,23.68073243112393,11.84430990305408,11.836422528069848
3000,1200,5000,18.792765215326963,9.397144026160452,9.395621189166507
3000,1200,6000,15.579728440083324,7.788837714262692,7.790890725820631
3000,1200,7000,13.301673050278707,6.64868342079852,6.652989629480186
3000,1200,8000,11.60074597816968,5.797450305225156,5.803295672944525
3000,1200,9000,10.281822228881198,5.137430760150168,5.1443914687310315
3000,1200,10000,9.229127221699077,4.6106606758614435,4.6184665458376335
3000,1400,500,71.61679448438218,35.66253259971479,35.95426188466739
3000,1400,600,71.08518124149978,35.39767275018041,35.68750849131936
3000,1400,700,70.78076742387859,35.30062490323939,35.48014252063919
3000,1400,800,70.63361109668745,35.22718181003252,35.40642928665493
3000,1400,900,70.53168558885886,35.176959130700446,35.35472645815841
3000,1400,1000,70.4715184885011,35.14826390186372,35.32325458663739
3000,1400,1200,70.40816200058251,35.122246940487834,35.28591506009468
3000,1400,1400,70.25166910652173,35.05313946305942,35.19852964346231
3000,1400,1600,65.00510726176445,32.488873944333804,32.516233317430654
3000,1400,1800,56.53430277143201,28.278358571163626,28.255944200268384
3000,1400,2000,49.99901835594117,25.01709252135846,24.981925834582714
3000,1400,2200,44.84991290842487,22.442305555854848,22.40760735257002
3000,1400,2400,40.69395168146954,20.362289408255474,20.331662273214068
3000,1400,2600,37.26682499491517,18.646440831384588,18.62038416353058
3000,1400,2800,34.38912661579198,17.205503891836038,17.183622723955946
3000,1400,3000,31.935919954856463,15.977105053606765,15.9588149012497
3000,1400,4000,23.59972373397822,11.803440438395409,11.796283295582809
3000,1400,5000,18.74234281841152,9.372126464729972,9.370216353681547
3000,1400,6000,15.546004187811455,7.772505900662561,7.773498287148893
3000,1400,7000,13.278144133089768,6.637673035577449,6.640471097512319
3000,1400,8000,11.583866224679362,5.789923936588266,5.793942288091095
3000,1400,9000,10.269470876741007,5.1322881635761,5.137182713164907
3000,1400,10000,9.219955276069397,4.60720099461451,4.612754281454887
3000,1600,500,70.76101190335956,35.289096990043056,35.47191491331651
3000,1600,600,70.58966347654895,35.24617962794461,35.34348384860433
3000,1600,700,70.49500711854216,35.18990841772166,35.305098700820515
3000,1600,800,70.41135376764443,35.14254146792664,35.268812299717794
3000,1600,900,70.33486105056635,35.10116660513851,35.23369444542785
3000,1600,1000,70.29043539704874,35.07746505040398,35.212970346644745
3000,1600,1200,70.23747042142043,35.05225047492974,35.185219946490676
3000,1600,1400,70.06312790517612,34.970762793228666,35.09236511194745
3000,1600,1600,64.13459394424696,32.05835698917578,32.076236955071174
3000,1600,1800,55.957146177026615,27.98972207117301,27.96742410585361
3000,1600,2000,49.588579467095094,24.8102588208795,24.778320646215594
3000,1600,2200,44.53986965005771,22.285398373277,22.25447127678071
3000,1600,2400,40.44880311900459,20.23795992693801,20.21084319206658
3000,1600,2600,37.06632965121285,18.544672142598447,18.521657508614396
3000,1600,2800,34.2209685229477,17.120146336365625,17.100822186582075
3000,1600,3000,31.792161047831932,15.904169242844935,15.887991804986996
3000,1600,4000,23.521852198453452,11.764199816482304,11.757652381971148
3000,1600,5000,18.693540512465276,9.347811442103001,9.345729070362273
3000,1600,6000,15.513238571982017,7.756440695028519,7.756797876953498
3000,1600,7000,13.25526444132208,6.62670273633485,6.628561704987229
3000,1600,8000,11.567493711220353,5.782314523019546,5.785179188200807
3000,1600,9000,10.25757087251001,5.1269949214250214,5.130575951084989
3000,1600,10000,9.211224853462651,4.60355451077562,4.607670342687032
3000,1800,500,70.55745583167844,35.25812773190939,35.29932809976905
3000,1800,600,70.45202109369707,35.186623112108215,35.26539798158887
3000,1800,700,70.35730758853467,35.13431256674241,35.222995021792244
3000,1800,800,70.26785366234114,35.086592310376076,35.18126135196507
3000,1800,900,70.19057624062489,35.0430763511356,35.14749988948928
3000,1800,1000,70.14866537090487,35.019219668278446,35.12944570262641
3000,1800,1200,70.09277312847091,34.99007790686186,35.102695221609046
3000,1800,1400,69.89185145977726,34.89317476970249,34.99867669007477
3000,1800,1600,63.351765655018795,31.67012751979037,31.68163813522843
3000,1800,1800,55.42860217912461,27.725157050638554,27.703445128486056
3000,1800,2000,49.20809779359956,24.618659775382078,24.589438018217486
3000,1800,2200,44.25007711107181,22.13899581499449,22.111081296077323
3000,1800,2400,40.218305328916344,20.12133254806386,20.096972780852486
3000,1800,2600,36.87695746755051,18.44879993229904,18.428157535251476
3000,1800,2800,34.061552498078726,17.03944352042093,17.022108977657798
3000,1800,3000,31.655449080931156,15.834990339652713,15.820458741278449
3000,1800,4000,23.446948846869933,11.72649228226425,11.720456564605685
3000,1800,5000,18.646219471997,9.324182829889356,9.322036642107648
3000,1800,6000,15.481272678561423,7.740657494454447,7.740615184106976
3000,1800,7000,13.232843134537243,6.615800810140784,6.617042324396458
3000,1800,8000,11.55140470849514,5.774655078031229,5.77674963046391
3000,1800,9000,10.245867907050608,5.1215849813793675,5.124282925671241
3000,1800,10000,9.20265424327741,4.59975432452137,4.602899918756039
3000,2000,500,70.45878569336023,35.19342693452929,35.265358758830935
3000,2000,600,70.35306080095748,35.13946986709016,35.213590933867316
3000,2000,700,70.25659739239173,35.08588710298892,35.1707102894028
3000,2000,800,70.16379280164561,35.03814356824146,35.125649233404154
3000,2000,900,70.07917746906196,34.99545953136928,35.08371793769268
3000,2000,1000,70.03311060300798,34.96999173842785,35.06311886458013
3000,2000,1200,69.96712570505835,34.934262261505324,35.032863443553026
3000,2000,1400,69.73395194242934,34.81983284797517,34.91411909445417
3000,2000,1600,62.64335098375902,31.31815205494611,31.32519892881291
3000,2000,1800,54.94260765289751,27.48177959597405,27.460828056923454
3000,2000,2000,48.854417426480474,24.440675146285542,24.413742280194928
3000,2000,2200,43.97867874826207,22.00207014806665,21.976608600195416
3000,2000,2400,40.00126183777612,20.01170133487376,19.989560502902364
3000,2000,2600,36.697885433454545,18.358313779013717,18.339571654440828
3000,2000,2800,33.91028503689133,16.963013878885743,16.94727115800559
3000,2000,3000,31.52534052334102,15.769276812391585,15.756063710949437
3000,2000,4000,23.374865599799065,11.690233891921817,11.684631707877248
3000,2000,5000,18.600296903721713,9.301224870115751,9.29907203360596
3000,2000,6000,15.45003313225057,7.725167781458004,7.724865350792568
3000,2000,7000,13.210798497343909,6.604990056850983,6.605808440492925
3000,2000,8000,11.535503486679454,5.766972690812839,5.768530795866615
3000,2000,9000,10.234250990393239,5.116086425773352,5.118164564619888
3000,2000,10000,9.194117671715775,4.5958279383230405,4.5982897333927335
3000,2200,500,70.36389121667649,35.119593611907256,35.24429760476923
3000,2200,600,70.2584701519057,35.094380009264256,35.164090142641435
3000,2200,700,70.1602186924413,35.039289825778276,35.12092886666302
3000,2200,800,70.06548319840266,34.99052851974996,35.0749546786527
3000,2200,900,69.98135391940968,34.94820276025047,35.03315115915922
3000,2200,1000,69.9355281753791,34.92526877049976,35.01025940487935
3000,2200,1200,69.8559890002259,34.88366120816213,34.97232779206378
3000,2200,1400,69.58697138505612,34.75032754204672,34.8366438430094
3000,2200,1600,61.998683001754564,30.997436587703366,31.001246414051202
3000,2200,1800,54.49407187110357,27.257110683099654,27.23696118800392
3000,2200,2000,48.524790662698614,24.274891453477444,24.24989920922117
3000,2200,2200,43.72401030339606,21.87372059677766,21.850289706618394
3000,2200,2400,39.79657436915038,19.90844659480291,19.888127774347463
3000,2200,2600,36.528343457282794,18.27276508784866,18.25557836943413
3000,2200,2800,33.76660243769712,16.890521482592046,16.876080955105074
3000,2200,3000,31.40140967077949,15.706771356063511,15.694638314715979
3000,2200,4000,23.30546565284587,11.655348384690164,11.650117268155707
3000,2200,5000,18.555713622074684,9.278921174572712,9.276792447501974
3000,2200,6000,15.419483013861848,7.70997946855038,7.70950354531147
3000,2200,7000,13.189096367694347,6.594288737605765,6.5948076300885825
3000,2200,8000,11.519751098426921,5.759289736924687,5.760461361502233
3000,2200,9000,10.222673574265677,5.110522775297796,5.112150798967881
3000,2200,10000,9.185560199686696,4.591798573748348,4.593761625938348
3000,2400,500,70.27356179120021,35.04997093365586,35.223590857544345
3000,2400,600,70.16812177615436,35.05149445295817,35.116627323196184
3000,2400,700,70.0680523393813,34.99459887241091,35.073453466970385
3000,2400,800,69.97132842916497,34.94467679240649,35.02665163675848
3000,2400,900,69.88823245796647,34.90292041569993,34.98531204226653
3000,2400,1000,69.84402649774816,34.88096416831778,34.963062329430386
3000,2400,1200,69.75624346055561,34.837383028225744,34.918860432329865
3000,2400,1400,69.449377517304,34.684391370114334,34.76498614718967
3000,2400,1600,61.40910007123488,30.703852983801657,30.705247087433232
3000,2400,1800,54.0786959124882,27.0490309877367,27.029664924751504
3000,2400,2000,48.21682481020984,24.120079532913326,24.096745277296524
3000,2400,2200,43.48458825423265,21.753156961003217,21.73143129322943
3000,2400,2400,39.60324586842897,19.811021768293095,19.792224100135876
3000,2400,2600,36.36762211942879,18.191756496107182,18.175865623321606
3000,2400,2800,33.62997925142434,16.82166750961638,16.808311741807962
3000,2400,3000,31.283256015252324,15.64724405002481,15.636011965227512
3000,2400,4000,23.238620032739842,11.621765202016508,11.616854830723334
3000,2400,5000,18.512420952224918,9.257254555776269,9.255166396448649
3000,2400,6000,15.389601452474313,7.695097432299438,7.694504020174874
3000,2400,7000,13.167724146051253,6.583711379682228,6.584012766369024
3000,2400,8000,11.50413504128631,5.751624771120526,5.752510270165781
3000,2400,9000,10.211119742632965,5.104913890510667,5.106205852122297
3000,2400,10000,9.176961084722672,4.587686044366639,4.589275040356033
3000,2600,500,70.18761468443182,34.984273080149265,35.20334160428256
3000,2600,600,70.08180707940956,35.01084992847975,35.07095715092981
3000,2600,700,69.97992185351086,34.95182199661032,35.02809985690054
3000,2600,800,69.88119417288227,34.90062305796584,34.98057111491644
3000,2600,900,69.79952841005638,34.85957500928732,34.93995340076906
3000,2600,1000,69.75623223518463,34.838193077221156,34.91803915796347
3000,2600,1200,69.66303500722485,34.79228095987383,34.87075404735103
3000,2600,1400,69.09365307443161,34.51273198912322,34.580921085308404
3000,2600,1600,60.86749399827824,30.43397390331626,30.433520094961985
3000,2600,1800,53.69282654042422,26.855727095945152,26.83709944447907
3000,2600,2000,47.928431465339656,23.97516902397843,23.953262441361225
3000,2600,2200,43.25909190386878,21.639683931866863,21.619407972001913
3000,2600,2400,39.420375157894185,19.71894248717146,19.701432670722717
3000,2600,2600,36.215072404015615,18.114933818249423,18.100138585766196
3000,2600,2800,33.49992994820545,16.75618418204827,16.743745766157183
3000,2600,3000,31.170506389653887,15.590487753388784,15.580018636265107
3000,2600,4000,23.174206302832467,11.589418446836056,11.58478785599641
3000,2600,5000,18.470375130693714,9.236207146730834,9.234167983962879
3000,2600,6000,15.36037454433332,7.680524040784185,7.679850503549135
3000,2600,7000,13.146678981943438,6.573269435736605,6.5734095462068325
3000,2600,8000,11.488655284305125,5.743993209453496,5.744662074851629
3000,2600,9000,10.199588500827565,5.099276631544936,5.100311869282629
3000,2600,10000,9.16831664823171,4.583507376734195,4.584809271497516
3000,2800,500,70.10580644719268,34.92225644248747,35.18355000470521
3000,2800,600,69.99929636731142,34.97245651033735,35.02683985697407
3000,2800,700,69.89566034309262,34.9109916992072,34.98466864388541
3000,2800,800,69.79491651363222,34.858365548068456,34.936550965563754
3000,2800,900,69.71492833950327,34.81808190170093,34.896846437802346
3000,2800,1000,69.67200950287247,34.79696844166346,34.87504106120902
3000,2800,1200,69.5726416653332,34.748254309643244,34.82438735568994
3000,2800,1400,68.64071296383361,34.293544821901214,34.347168141932386
3000,2800,1600,60.367971877852156,30.184935239339644,30.183036638512505
3000,2800,1800,53.333339314501494,26.675641814682823,26.657697499818664
3000,2800,2000,47.65778185615676,23.839224904329146,23.818556951827613
3000,2800,2200,43.04634463929135,21.532687426493226,21.513657212798122
3000,2800,2400,39.247148785401905,19.631777602881332,19.615371182520573
3000,2800,2600,36.07010229361568,18.04197976476825,18.028122528847433
3000,2800,2800,33.37600773739505,16.693830225246845,16.682177512148204
3000,2800,3000,31.062814794177935,15.536314768567928,15.526500025610005
3000,2800,4000,23.112108040242102,11.558246280396508,11.553861759845597
3000,2800,5000,18.429534853078287,9.215760606011099,9.213774247067189
3000,2800,6000,15.331791148834924,7.666259620110403,7.665531528724519
3000,2800,7000,13.125962134625299,6.562971819773443,6.562990314851855
3000,2800,8000,11.473317468844575,5.736407862377618,5.736909606466957
3000,2800,9000,10.188086033001438,5.093625361790232,5.094460671211206
3000,2800,10000,9.159631756268615,4.5792772760357625,4.5803544802328515
3000,3000,500,70.0278816275842,34.8636945867762,35.164187040808
3000,3000,600,69.92031229595715,34.92410005139947,34.99621224455767
3000,3000,700,69.81504904994007,34.8720570548289,34.942991995111186
3000,3000,800,69.71230437139168,34.81786195764437,34.89444241374731
3000,3000,900,69.63415998803944,34.778363990992524,34.855795997046926
3000,3000,1000,69.5911993278916,34.7572688481023,34.83393047978931
3000,3000,1200,69.48484513149512,34.70529804244052,34.7795470890546
3000,3000,1400,68.2106757836873,34.08485092453955,34.125824859147734
3000,3000,1600,59.90560193632726,29.95432632255626,29.951275613771
3000,3000,1800,52.9975454058605,26.50743175717552,26.49011364868498
3000,3000,2000,47.403268773014744,23.711427280485633,23.691841492529107
3000,3000,2200,42.84529641644149,21.4316230467056,21.413673369735896
3000,3000,2400,39.08283230331365,19.54914180865902,19.533690494654632
3000,3000,2600,35.93217225367134,17.972608913731346,17.959563339939994
3000,3000,2800,33.257802213122595,16.634387316004336,16.623414897118256
3000,3000,3000,30.959861194246752,15.484554289271381,15.475306904975373
3000,3000,4000,23.05221457902352,11.528190530616468,11.524024048407053
3000,3000,5000,18.389860214858704,9.195896329796135,9.193963885062566
3000,3000,6000,15.30384092157526,7.652302850550425,7.651538071024834
3000,3000,7000,13.105576210813103,6.552825344386012,6.5527508664270915
3000,3000,8000,11.458129483105834,5.728879360820812,5.729250122285022
3000,3000,9000,10.176621728388954,5.087972344485446,5.088649383903507
3000,3000,10000,9.150915390278596,4.575008488367182,4.575906901911415
3000,4000,500,69.68859171542047,34.61447747924895,35.07411423617153
3000,4000,600,69.57231413717943,34.66938565248972,34.90292848468971
3000,4000,700,69.4596929294353,34.697940904618896,34.7617520248164
3000,4000,800,69.35088615602884,34.641387489420126,34.70949866660871
3000,4000,900,69.2795894951095,34.603510571308085,34.67607892380142
3000,4000,1000,69.23259071590614,34.5800166429549,34.65257407295124
3000,4000,1200,69.08031915511823,34.50576552592769,34.57455362919053
3000,4000,1400,65.7323248781905,32.856149075583886,32.8761758026066
3000,4000,1600,58.024805883106154,29.015620251391013,29.00918563171514
3000,4000,1800,51.60212955248141,25.808534859983947,25.79359469249746
3000,4000,2000,46.32836743994133,23.17207135638066,23.15629608356067
3000,4000,2200,41.985830309830945,21.00000810057202,20.985822209258924
3000,4000,2400,38.37372726576218,19.192929303332193,19.180797962429985
3000,4000,2600,35.332334449895306,17.671278264512658,17.66105618538265
3000,4000,2800,32.74035890901217,16.37447962798187,16.3658792810303
3000,4000,3000,30.506565625553037,15.256913709726254,15.249651915826787
3000,4000,4000,22.7823264740903,11.392846735923431,11.38947973816687
3000,4000,5000,18.207638767922266,9.104660806432626,9.102977961489637
3000,4000,6000,15.173204123657996,7.587009512434492,7.586194611223502
3000,4000,7000,13.008674751408128,6.504491671749136,6.504183079658992
3000,4000,8000,11.384709468895768,5.692347863077471,5.692361605818297
3000,4000,9000,10.120230778091877,5.059999064542727,5.060231713549151
3000,4000,10000,9.1072402777211,4.553425693045022,4.553814584676078
3000,5000,500,69.4159274475586,34.421172094758234,34.99475535280037
3000,5000,600,69.29048672359892,34.47053729014046,34.819949433458454
3000,5000,700,69.16839038359024,34.493715646619926,34.67467473697031
3000,5000,800,69.05781885094514,34.50216632810154,34.55565252284361
3000,5000,900,68.99024477047107,34.46172045160683,34.528524318864235
3000,5000,1000,68.93608439510521,34.43310720738535,34.502977187719864
3000,5000,1200,68.72157190206724,34.327534206897276,34.39403769516997
3000,5000,1400,63.894216759977205,31.9421839958932,31.952032764084006
3000,5000,1600,56.64476905641962,28.32644578287845,28.318323273541175
3000,5000,1800,50.548974880722156,25.281218735746112,25.267756144976047
3000,5000,2000,45.499169550933274,22.75634844438762,22.742821106545655
3000,5000,2200,41.31160278025803,20.661789091138118,20.649813689119913
3000,5000,2400,37.810013744831004,18.910095523679818,18.89991822115119
3000,5000,2600,34.850223346916835,17.429388374025876,17.42083497289096
3000,5000,2800,32.320532181144436,16.163861614831728,16.156670566312712
3000,5000,3000,30.13569534434218,15.070884930616414,15.064810413725768
3000,5000,4000,22.553942873714156,11.278400888289402,11.275541985424756
3000,5000,5000,18.049097298969222,9.025291690394772,9.023805608574449
3000,5000,6000,15.056627610221788,7.528706500042636,7.527921110179154
3000,5000,7000,12.920084554942296,6.460232375188628,6.459852179753667
3000,5000,8000,11.315964724417098,5.658044559433376,5.657920164983722
3000,5000,9000,10.066135676311713,5.033043894904415,5.033091781407299
3000,5000,10000,9.06427145461907,4.532050810621745,4.532220643997325
3000,6000,500,69.19235944756275,34.26738804671212,34.92497140085063
3000,6000,600,69.05813155580144,34.31113228194243,34.746999273859004
3000,6000,700,68.92714881677853,34.32933208038632,34.5978167363922
3000,6000,800,68.81552397363912,34.338891797125925,34.47663217651318
3000,6000,900,68.74907465700252,34.34636258261914,34.40271207438339
3000,6000,1000,68.68680746509548,34.3104455800535,34.37636188504199
3000,6000,1200,68.40114248384747,34.167991226259026,34.233151257588446
3000,6000,1400,62.51471056662679,31.255923388248302,31.25878717837848
3000,6000,1600,55.58571020232718,27.797467241118166,27.78824296120901
3000,6000,1800,49.724495201097334,24.868510134870068,24.85598506622727
3000,6000,2000,44.83955839187383,22.425822769100233,22.413735622773597
3000,6000,2200,40.768449385028774,20.389498811893812,20.37895057313496
3000,6000,2400,37.35121801241425,18.68006258904758,18.67115542336667
3000,6000,2600,34.45445492154007,17.230958515081774,17.223496406458295
3000,6000,2800,31.97330811258636,15.989786035479241,15.98352207710712
3000,6000,3000,29.826902829560705,14.916095802856734,14.91080702670397
3000,6000,4000,22.358526400168948,11.18051719817179,11.178009201997158
3000,6000,5000,17.910334415310103,8.95583443137384,8.954499983936262
3000,6000,6000,14.95246869567486,7.476604411794259,7.4758642838806
3000,6000,7000,12.839367327268466,6.41988300809366,6.419484319174805
3000,6000,8000,11.252122913333345,5.626153676033938,5.625969237299407
3000,6000,9000,10.014932680075237,5.007486834875813,5.007445845199424
3000,6000,10000,9.022801636721598,4.511370840630023,4.511430796091574
3000,7000,500,69.00584738555274,34.14236655479106,34.863480830761674
3000,7000,600,68.86347595927685,34.180627121126555,34.682848838150306
3000,7000,700,68.72434818195268,34.19408167326893,34.53026650868375
3000,7000,800,68.61422531602808,34.20360662899728,34.41061868703079
3000,7000,900,68.54519016317714,34.22012678280472,34.32506338037242
3000,7000,1000,68.47391673909058,34.20758231083737,34.26633442825321
3000,7000,1200,68.11628191284251,34.02630232074783,34.089979592094686
3000,7000,1400,61.438699021044535,30.72052423453567,30.718174786508868
3000,7000,1600,54.74583620343479,27.377958697317926,27.367877506116866
3000,7000,1800,49.06082877233649,24.53637518744832,24.52445358488817
3000,7000,2000,44.30207010080923,22.15659104650764,22.14547905430159
3000,7000,2200,40.32146569934608,20.165516414382104,20.15594928496397
3000,7000,2400,36.97057116830826,18.489298514003806,18.48127265430445
3000,7000,2600,34.12381930701142,17.065259418938048,17.058559888073376
3000,7000,2800,31.681460772749713,15.843536480300935,15.837924292448776
3000,7000,3000,29.565933774289185,14.785333509284607,14.780600265004582
3000,7000,4000,22.18960843449303,11.095929990725098,11.093678443767933
3000,7000,5000,17.78810832107693,8.894662064280572,8.893446256796357
3000,7000,6000,14.859137713816386,7.429916316259198,7.429221397557188
3000,7000,7000,12.765862275858776,6.383129782205495,6.382732493653281
3000,7000,8000,11.193069521605043,5.596640469840188,5.596429051764857
3000,7000,9000,9.9668343565876,4.983460942782518,4.983373413805083
3000,7000,10000,8.983238526517594,4.491619628841546,4.491618897676048
3000,8000,500,68.84794137551086,34.038875390866366,34.809065984644484
3000,8000,600,68.69812951782015,34.07192374690963,34.626205770910516
3000,8000,700,68.55188348937278,34.08100310177266,34.470880387600126
3000,8000,800,68.44378146139559,34.09077571256362,34.353005748831976
3000,8000,900,68.37067448529982,34.10500724836575,34.26566723693406
3000,8000,1000,68.2896657949617,34.106882268145085,34.182783526816614
3000,8000,1200,67.49902712136004,33.72749344478829,33.77153367657176
3000,8000,1400,60.57472521930772,30.29068405690572,30.28404116240201
3000,8000,1600,54.062759890104694,27.036783065568873,27.02597682453582
3000,8000,1800,48.514755020533634,24.263142045823027,24.251612974710604
3000,8000,2000,43.85551671181339,21.932970627755576,21.92254608405781
3000,8000,2200,39.947144918123605,19.97800325369397,19.969141664429642
3000,8000,2400,36.64968335204256,18.32853429095197,18.32114906109059
3000,8000,2600,33.8434995170354,16.924820259985054,16.918679257050346
3000,8000,2800,31.43277775947303,15.718954836076376,15.713822923396654
3000,8000,3000,29.342545710441023,14.673433697568221,14.6691120128728
3000,8000,4000,22.042248933601883,11.022152613936553,11.020096319665331
3000,8000,5000,17.67977073820907,8.840445911393164,8.839324826815902
3000,8000,6000,14.775204823558983,7.3879293161071455,7.387275507451836
3000,8000,7000,12.698851652572127,6.3496198749776225,6.349231777594503
3000,8000,8000,11.138523713022858,5.56937327093758,5.569150442085279
3000,8000,9000,9.92183466185435,4.960973868124268,4.960860793730081
3000,8000,10000,8.945750405428264,4.472893426609348,4.472856978818916
3000,9000,500,68.71256102519106,33.95186548358345,34.7606955416076
3000,9000,600,68.55598835131876,33.980053393995064,34.575934957323696
3000,9000,700,68.40422005536279,33.98543536645463,34.41878468890816
3000,9000,800,68.29735753886304,33.99511892279336,34.30223861606969
3000,9000,900,68.2195049473969,34.006782451276294,34.21272249612061
3000,9000,1000,68.12863779537015,34.00372527837865,34.12491251699151
3000,9000,1200,66.69843041972268,33.342323033125844,33.35610738659683
3000,9000,1400,59.86525940563329,29.93777998986998,29.92747941576331
3000,9000,1600,53.49594545084675,26.753705183864227,26.742240266982513
3000,9000,1800,48.0573723692335,24.03432501362721,24.02304735560629
3000,9000,2000,43.478537594454025,21.744231660581683,21.73430593387234
3000,9000,2200,39.62907419599351,19.8187055307613,19.810368665232215
3000,9000,2400,36.37551007524609,18.1912065417398,18.184303533506288
3000,9000,2600,33.6028432446797,16.804280248499847,16.798562996179854
3000,9000,2800,31.218374265066522,15.611569796375452,15.606804468691076
3000,9000,3000,29.149205480968956,14.576605711263786,14.572599769705167
3000,9000,4000,21.912632611054857,10.957267776550907,10.955364834503946
3000,9000,5000,17.58316819986932,8.792106097999472,8.79106210186985
3000,9000,6000,14.699427082927576,7.350022287585678,7.349404795341898
3000,9000,7000,12.637641085694394,6.319008564603558,6.318632521090835
3000,9000,8000,11.088138705071696,5.544182554143027,5.543956150928669
3000,9000,9000,9.87981332820188,4.939970333439557,4.939842994762324
3000,9000,10000,8.9103667413219,4.455212558900964,4.455154182420935
3000,10000,500,68.5952266376658,33.87773868940155,34.71748794826426
3000,10000,600,68.43251873818514,33.90143736680388,34.531081371381255
3000,10000,700,68.27627599236237,33.90359343486961,34.372682557492766
3000,10000,800,68.17009947268718,33.912958666324855,34.25714080636233
3000,10000,900,68.08724116801008,33.92191739005215,34.16532377795794
3000,10000,1000,67.98646471197348,33.91393471654102,34.07252999543246
3000,10000,1200,66.00749398771976,33.00951696089093,32.99797702682882
3000,10000,1400,59.272011646727314,29.64273650172249,29.629275145004833
3000,10000,1600,53.01782818859288,26.514950749615746,26.502877438977137
3000,10000,1800,47.668584948052896,23.83985347964232,23.828731468410574
3000,10000,2000,43.15599810982704,21.582776989414747,21.573221120412292
3000,10000,2200,39.355443688562595,19.681689996659884,19.67375369190271
3000,10000,2400,36.138543981575275,18.072537003225527,18.066006978349744
3000,10000,2600,33.39400055616356,16.699693682948457,16.694306873215098
3000,10000,2800,31.03163828518357,15.518058012947177,15.513580272236393
3000,10000,3000,28.980256236746094,14.492006628808921,14.488249607937172
3000,10000,4000,21.7977769096511,10.899778213653937,10.897998695997162
3000,10000,5000,17.49654684224505,8.748763516951097,8.747783325293955
3000,10000,6000,14.630740695665391,7.315663183452138,7.3150775122132545
3000,10000,7000,12.581592968517885,6.29097811731249,6.290614851205396
3000,10000,8000,11.041553983019798,5.520889931862675,5.520664051157123
3000,10000,9000,9.840595459734768,4.920365321205086,4.920230138529682
3000,10000,10000,8.877039143407256,4.4385556735221,4.438483469885156
4000,500,500,91.32476237650214,45.66150593661275,45.663256439889395
4000,500,600,90.92031608275032,45.34299563310136,45.577320449648965
4000,500,700,90.60466580809168,45.012835381916695,45.59183042617499
4000,500,800,90.26283382477823,44.61386720949028,45.64896661528795
4000,500,900,73.08277092721362,36.02385057540427,37.05892035180935
4000,500,1000,71.96586279279649,35.398393214857876,36.56746957793862
4000,500,1200,71.1440238929099,35.19710577820189,35.946918114708005
4000,500,1400,70.84058131682653,35.12873062476083,35.71185069206571
4000,500,1600,67.8480376617681,33.729734751260246,34.11830291050786
4000,500,1800,59.42316535168607,29.678824966672426,29.744340385013643
4000,500,2000,52.019221230145234,26.037373616444906,25.98184761370033
4000,500,2200,46.364502303678876,23.230299578493515,23.13420272518536
4000,500,2400,41.891745336447094,20.997367154811695,20.894378181635396
4000,500,2600,38.25200034156559,19.174699064645438,19.07730127692015
4000,500,2800,35.22332302251391,17.655529083596992,17.567793938916918
4000,500,3000,32.65797317608611,16.36761906390231,16.2903541121838
4000,500,4000,24.027050903994077,12.031400032257432,11.995650871736643
4000,500,5000,19.043162227287446,9.527455473272187,9.515706754015259
4000,500,6000,15.777283323064585,7.887124623597681,7.890158699466907
4000,500,7000,13.466044226130563,6.726548000646475,6.739496225484087
4000,500,8000,11.742519804694144,5.861240141422972,5.8812796632711715
4000,500,9000,10.407325912755946,5.190989037364573,5.216336875391373
4000,500,10000,9.342438580547153,4.656483903985311,4.68595467656184
4000,600,500,91.07583436610133,45.448102678011416,45.62773168808991
4000,600,600,90.73071299476366,45.11353229459238,45.61718070017128
4000,600,700,90.44493530310085,44.831909220285524,45.61302608281533
4000,600,800,73.76964623155948,36.591839156461624,37.177807075097846
4000,600,900,72.14825189628053,35.63511066158492,36.51314123469561
4000,600,1000,71.43121292844425,35.31505429495722,36.116158633487046
4000,600,1200,70.94042362551647,35.186288478781904,35.754135146734576
4000,600,1400,70.70142226248068,35.12211900703932,35.57930325544136
4000,600,1600,67.76536544532519,33.75171923239143,34.013646212933764
4000,600,1800,59.02095419946507,29.50205379085467,29.5189004086104
4000,600,2000,51.755160842339855,25.909709500830523,25.845451341509335
4000,600,2200,46.177708245262686,23.132339357692715,23.045368887569964
4000,600,2400,41.75109865130515,20.919182707709005,20.83191594359614
4000,600,2600,38.14093143208254,19.11049573610353,19.030435695979012
4000,600,2800,35.13239158905441,17.60165130205542,17.530740286998984
4000,600,3000,32.58144150643247,16.321633586457622,16.259807919974847
4000,600,4000,23.985439623935573,12.006978078028355,11.978461545907217
4000,600,5000,19.014730316377403,9.51249664092477,9.502233675452635
4000,600,6000,15.755329894304971,7.877308259059284,7.878021635245686
4000,600,7000,13.44767515266061,6.719858561501014,6.727816591159595
4000,600,8000,11.726262055275162,5.856590492880532,5.86967156239463
4000,600,9000,10.392353470966492,5.187732876515491,5.204620594451002
4000,600,10000,9.328249221953158,4.654211558522116,4.674037663431043
4000,700,500,90.86518427112868,45.22373947508115,45.64144479604754
4000,700,600,90.56128812754453,44.9263848912884,45.63490323625613
4000,700,700,76.20830639069771,38.1828244154468,38.02548197525092
4000,700,800,72.41215960021854,35.93824834813992,36.47391125207861
4000,700,900,71.54538212705098,35.40492813255014,36.14045399450084
4000,700,1000,71.09076810970757,35.25695956346783,35.83380854623973
4000,700,1200,70.77453129419345,35.16633508313487,35.60819621105858
4000,700,1400,70.57624353085316,35.104498199089264,35.47174533176391
4000,700,1600,67.62407022700495,33.72588373594228,33.89818649106266
4000,700,1800,58.63646979499758,29.321965758470586,29.314504036526984
4000,700,2000,51.49834042207368,25.78162687901745,25.716713543056233
4000,700,2200,45.992791909056464,23.03541269272635,22.95737921633011
4000,700,2400,41.609850178009864,20.8425659518453,20.76728422616456
4000,700,2600,38.02819159419552,19.047966805674005,18.98022478852151
4000,700,2800,35.0394112034263,17.549376191791268,17.490035011635037
4000,700,3000,32.5028289772651,16.277112918671428,16.225716058593665
4000,700,4000,23.942978082181018,11.98333973689116,11.959638345289857
4000,700,5000,18.9867747242218,9.497940514424405,9.488834209797393
4000,700,6000,15.73488923151284,7.867693697704267,7.867195533808573
4000,700,7000,13.431629745738507,6.713260606518936,6.718369139219569
4000,700,8000,11.712969331940123,5.851967745698588,5.8610015862415334
4000,700,9000,10.380859529349022,5.184464996463657,5.196394532885365
4000,700,10000,9.317961247076116,4.651904350913256,4.666056896162861
4000,800,500,90.68436840774365,45.033380664575915,45.650987743167725
4000,800,600,90.42298453644659,44.7595840869285,45.6634004495181
4000,800,700,72.84857810671852,36.276683367658194,36.57189473906033
4000,800,800,71.70890018422368,35.602431878126886,36.106468306096794
4000,800,900,71.11932132032452,35.30377269734976,35.81554862297476
4000,800,1000,70.85146664498767,35.20938552492049,35.642081120067175
4000,800,1200,70.63605745689146,35.14139523375166,35.494662223139805
4000,800,1400,70.46288921352487,35.080527984177465,35.3823612293474
4000,800,1600,67.44692808555328,33.67014830926367,33.776779776289615
4000,800,1800,58.269165541473015,29.144608772736138,29.124556768736873
4000,800,2000,51.24983816535934,25.6562165337188,25.59362163164054
4000,800,2200,45.81183063694242,22.94101148017314,22.870819156769283
4000,800,2400,41.47041374663333,20.768203289386143,20.70221045724718
4000,800,2600,37.91618537555229,18.987394624362015,18.928790751190277
4000,800,2800,34.94661927554724,17.49878116378383,17.447838111763414
4000,800,3000,32.424141158568496,16.234030578618388,16.190110579950105
4000,800,4000,23.900484994615713,11.96038161889872,11.940103375716996
4000,800,5000,18.95925631719568,9.483721518668984,9.475534798526695
4000,800,6000,15.715320225862646,7.8582442659567775,7.857075959905866
4000,800,7000,13.416821186224366,6.706734826601781,6.710086359622585
4000,800,8000,11.701216046361505,5.847363843059612,5.853852203301894
4000,800,9000,10.371155808734969,5.181184432311738,5.189971376423232
4000,800,10000,9.309673775154764,4.649565689417936,4.6601080857368276
4000,900,500,90.52354404223739,44.87445552357102,45.64908851866636
4000,900,600,73.89638328073299,37.01552080224447,36.88086247848853
4000,900,700,71.9031193137097,35.78106101522217,36.122058298487524
4000,900,800,71.21601231815477,35.37828792335369,35.83772439480108
4000,900,900,70.84770546680328,35.235465103083335,35.61224036371995
4000,900,1000,70.6729799357885,35.16840168926641,35.50457824652209
4000,900,1200,70.51824858717997,35.11442857422199,35.40382001295798
4000,900,1400,70.35924502928326,35.05296076199472,35.30628426728853
4000,900,1600,67.03633641575748,33.48254096080636,33.55379545495111
4000,900,1800,57.91828862307735,28.972457939829017,28.945830683248335
4000,900,2000,51.00995899154135,25.53461117987878,25.475347811662573
4000,900,2200,45.63568382083508,22.84959581457802,22.78608800625706
4000,900,2400,41.33384048676577,20.696241221362516,20.63759926540326
4000,900,2600,37.805978221569575,18.928781361694924,18.87719685987465
4000,900,2800,34.85501617729061,17.449804019684557,17.405212157606048
4000,900,3000,32.3462799603897,16.192298185800055,16.153981774589646
4000,900,4000,23.858334462950523,11.93803004463642,11.920304418314103
4000,900,5000,18.932158500714355,9.469799432895828,9.462359067818529
4000,900,6000,15.69632926913407,7.848939674320954,7.847389594813113
4000,900,7000,13.402750420343907,6.70027207181583,6.702478348528075
4000,900,8000,11.690345504954031,5.842776208321941,5.8475692966320905
4000,900,9000,10.3624623298927,5.177892598104584,5.184569731788117
4000,900,10000,9.302507602861558,4.6471993654972605,4.655308237364298
4000,1000,500,82.16426106266482,41.95267113402622,40.21158992863861
4000,1000,600,72.26780326714366,36.04732822803247,36.2204750391112
4000,1000,700,71.36874702134283,35.52282833694895,35.84591868439388
4000,1000,800,70.8814870669926,35.27776284568304,35.603724221309555
4000,1000,900,70.65715108072176,35.18382364163684,35.473327439084905
4000,1000,1000,70.53387452543026,35.1322780247056,35.40159650072468
4000,1000,1200,70.41609106051183,35.0868701093594,35.32922095115243
4000,1000,1400,70.26334378756428,35.02333337788374,35.24001040968054
4000,1000,1600,66.51187445806832,33.2294412186819,33.28243323938643
4000,1000,1800,57.58299534971282,28.80647542042763,28.77651992928519
4000,1000,2000,50.77865080911922,25.41718198445136,25.36146882466786
4000,1000,2200,45.46467489721768,22.761256284405462,22.703418612812214
4000,1000,2400,41.20059423175796,20.626651063521614,20.573943168236347
4000,1000,2600,37.69806486641845,18.872051892176845,18.8260129742416
4000,1000,2800,34.76507772299821,17.4023550397473,17.362722683250905
4000,1000,3000,32.26968049988635,16.15182559314955,16.1178549067368
4000,1000,4000,23.816712153120996,11.916232007125398,11.900480145995596
4000,1000,5000,18.90547251167571,9.45614796086663,9.449324550809079
4000,1000,6000,15.677767251554117,7.839767808009868,7.837999443544248
4000,1000,7000,13.389163364671044,6.693867774453574,6.695295590217469
4000,1000,8000,11.680022786116593,5.838204548997887,5.841818237118705
4000,1000,9000,10.354380115261533,5.174591644656469,5.179788470605064
4000,1000,10000,9.296012219516054,4.64480893772118,4.651203281794875
4000,1200,500,71.89582757617997,35.866533261272686,36.02929431490729
4000,1200,600,71.09119310588997,35.387067085720766,35.7041260201692
4000,1200,700,70.6955378909298,35.24802551869262,35.44751237223716
4000,1200,800,70.5212899499557,35.16467853316965,35.35661141678605
4000,1200,900,70.40445883252906,35.10783479056556,35.29662404196349
4000,1200,1000,70.32766059525895,35.07041330126588,35.25724729399307
4000,1200,1200,70.24554588772287,35.03285506066516,35.21269082705771
4000,1200,1400,70.08942308472812,34.961456536957726,35.12796654777039
4000,1200,1600,65.54489183419842,32.75732929408729,32.787562540111125
4000,1200,1800,56.95567248999118,28.493801934153883,28.461870555837304
4000,1200,2000,50.34076522677234,25.19491142575048,25.14585380102186
4000,1200,2200,45.138209163956255,22.593543565030664,22.544665598925587
4000,1200,2400,40.94467941252818,20.494221304774214,20.45045810775397
4000,1200,2600,37.4898777410656,18.763869630747436,18.726008110318155
4000,1200,2800,34.59097816453225,17.311693362891422,17.279284801640838
4000,1200,3000,32.12101103377651,16.07434909088059,16.04666194289592
4000,1200,4000,23.735389411198913,11.874146466459708,11.861242944739205
4000,1200,5000,18.853312385536015,9.429588257997231,9.423724127538783
4000,1200,6000,15.641636044113435,7.821793711159048,7.819842332954389
4000,1200,7000,13.362940482947108,6.6812265391221315,6.681713943824977
4000,1200,8000,11.66036018175113,5.8291122441095125,5.831247937641618
4000,1200,9000,10.339260906660309,5.167971579484813,5.171289327175496
4000,1200,10000,9.28414096892209,4.639968261818112,4.644172707103977
4000,1400,500,70.7917626592027,35.27731575998727,35.514446899215436
4000,1400,600,70.54653132519279,35.22000391280976,35.32652741238303
4000,1400,700,70.43208847773367,35.15639350920904,35.275694968524625
4000,1400,800,70.33332632192715,35.10202564450403,35.23130067742311
4000,1400,900,70.24150555986643,35.052750220182915,35.18875533968351
4000,1400,1000,70.17912742958802,35.01934272846582,35.159784701122206
4000,1400,1200,70.10592701679796,34.9819478269455,35.12397918985246
4000,1400,1400,69.93314428787724,34.89901930958419,35.03412497829306
4000,1400,1600,64.6745940960982,32.32863015830709,32.34596393779111
4000,1400,1800,56.3804376281782,28.205870060376,28.174567567802207
4000,1400,2000,49.93365239435107,24.988547420161787,24.94510497418928
4000,1400,2200,44.83176223882618,22.436985581886688,22.394776656939488
4000,1400,2400,40.702809515867585,20.370093326818303,20.33271618904928
4000,1400,2600,37.292111492589726,18.662127190809812,18.62998430177991
4000,1400,2800,34.42493826626109,17.226177532310224,17.198760733950863
4000,1400,3000,31.978773919344842,16.00107514406755,15.977698775277295
4000,1400,4000,23.65684062318891,11.8338953895579,11.822945233631007
4000,1400,5000,18.802732650136313,9.40394294762793,9.398789702508385
4000,1400,6000,15.606591559130301,7.804283913639474,7.802307645490826
4000,1400,7000,13.337589019779415,6.668803820884489,6.668785198894925
4000,1400,8000,11.641483252113428,5.820095792435296,5.821387459678133
4000,1400,9000,10.324906869059237,5.161341691364099,5.163565177695138
4000,1400,10000,9.27304846541034,4.635065523754991,4.637982941655348
4000,1600,500,70.5492062172729,35.24569408694606,35.30351213032684
4000,1600,600,70.4304380056516,35.17202592936815,35.25841207628344
4000,1600,700,70.32352864756359,35.11502698263968,35.20850166492391
4000,1600,800,70.22109014083777,35.062798660631,35.15829148020677
4000,1600,900,70.1254056882678,35.010268029255485,35.11513765901232
4000,1600,1000,70.06418992096077,34.976095500874955,35.08809442008582
4000,1600,1200,69.9871253218219,34.93464683644995,35.05247848537196
4000,1600,1400,69.78951025300431,34.837517875304435,34.95199237769987
4000,1600,1600,63.887297348540294,31.93892134646233,31.94837600207796
4000,1600,1800,55.85117167434542,27.940497755708765,27.910673918636657
4000,1600,2000,49.55451876991395,24.796674351910855,24.75784441800309
4000,1600,2200,44.543998309137486,22.29054830911593,22.25345000002155
4000,1600,2400,40.474336482491275,20.253473228106568,20.220863254384703
4000,1600,2600,37.10446505176354,18.56619850355134,18.5382665482122
4000,1600,2800,34.266839655067656,17.145305178550878,17.121534476516782
4000,1600,3000,31.84294800380194,15.93159556149272,15.911352442309223
4000,1600,4000,23.581108864842932,11.795318724414605,11.785790140428325
4000,1600,5000,18.753689022833033,9.37914719822923,9.374541824603801
4000,1600,6000,15.572496125856302,7.7872165565482545,7.785279569308048
4000,1600,7000,13.312889525022737,6.656598761946094,6.656290763076642
4000,1600,8000,11.62310347997283,5.811165002756131,5.811938477216699
4000,1600,9000,10.31097143725593,5.154717185414373,5.156254251841556
4000,1600,10000,9.262339105507658,4.630118493900478,4.632220611607179
4000,1800,500,70.46208909600874,35.204892795413365,35.25719630059538
4000,1800,600,70.34324309086855,35.13042674321343,35.21281634765512
4000,1800,700,70.23519491579054,35.07289787944684,35.1622970363437
4000,1800,800,70.13145403456308,35.020294107190296,35.11115992737279
4000,1800,900,70.03404343311698,34.97139617799921,35.06264725511776
4000,1800,1000,69.97051455139146,34.938560904054945,35.031953647336515
4000,1800,1200,69.88321419724173,34.89079889503658,34.99241530220514
4000,1800,1400,69.65536863412174,34.77747970463943,34.8778889294823
4000,1800,1600,63.171407257873526,31.583519978162478,31.587887279711044
4000,1800,1800,55.362535712969326,27.69533472473314,27.66720098823618
4000,1800,2000,49.200707064708205,24.617874077468958,24.582832987239243
4000,1800,2200,44.273460089099665,22.153269544338624,22.120190544761037
4000,1800,2400,40.25839604209709,20.143661182137087,20.114734859960006
4000,1800,2600,36.92639526714272,18.475552068518684,18.450843198624046
4000,1800,2800,34.11632595640925,17.0686608762351,17.04766508017415
4000,1800,3000,31.713291444708968,15.865579098344009,15.847712346364961
4000,1800,4000,23.50813665900405,11.758292375940183,11.74984428306387
4000,1800,5000,18.706134146216638,9.355152113888813,9.350982032327822
4000,1800,6000,15.53928035441453,7.770576143288012,7.768704211126516
4000,1800,7000,13.28874438779113,6.644612068754445,6.644132319036685
4000,1800,8000,11.60509559546209,5.80232871604813,5.80276687941396
4000,1800,9000,10.297304142116689,5.148110939003848,5.149193203112841
4000,1800,10000,9.251840023954442,4.625141893783924,4.626698130170517
4000,2000,500,70.37806375539193,35.162209779118754,35.21585397627319
4000,2000,600,70.25889585740275,35.08995570393937,35.16894015346338
4000,2000,700,70.14956948496652,35.03160711776337,35.11796236720314
4000,2000,800,70.04439295558377,34.978451764777724,35.065941190806036
4000,2000,900,69.94758315851594,34.93011583881162,35.017467319704316
4000,2000,1000,69.88730007609875,34.8999618108883,34.987338265210454
4000,2000,1200,69.79045154862966,34.85004104084061,34.940410507789046
4000,2000,1400,69.52875265044644,34.71909677851246,34.80965587193398
4000,2000,1600,62.5172772850706,31.258169433181372,31.259107851889233
4000,2000,1800,54.90993234945491,27.46820299786647,27.441729351588446
4000,2000,2000,48.869806077926846,24.45085509772276,24.418950980204084
4000,2000,2200,44.018740608120105,22.02429397489291,21.994446633227195
4000,2000,2400,40.05409424361686,20.040047640057306,20.014046603559553
4000,2000,2600,36.75729707821791,18.389731884000344,18.367565194217562
4000,2000,2800,33.97296797914402,16.995892030693582,16.977075948450445
4000,2000,3000,31.589488755464235,15.802746727264488,15.786742028199745
4000,2000,4000,23.437827482515914,11.7227133346266,11.715114147889315
4000,2000,5000,18.660018632323155,9.331917191016379,9.328101441306778
4000,2000,6000,15.506901766931822,7.754349879837842,7.752551887093981
4000,2000,7000,13.265105310821975,6.6328444281569725,6.632260882665002
4000,2000,8000,11.58740128847237,5.793594405207716,5.7938068832646525
4000,2000,9000,10.283835631937809,5.141533794088193,5.142301837849615
4000,2000,10000,9.241471054960163,4.6201481017474455,4.621322953212716
4000,2200,500,70.29601922853472,35.09573758344898,35.20028164508575
4000,2200,600,70.17749588738657,35.05085832989354,35.12663755749302
4000,2200,700,70.06681937927901,34.991424277866784,35.07539510141223
4000,2200,800,69.9601225274334,34.937574042817886,35.02254848461551
4000,2200,900,69.86394628008716,34.889737401216756,34.97420887887041
4000,2200,1000,69.80656034122428,34.86130740713662,34.94525293408766
4000,2200,1200,69.70563387457295,34.81102629042459,34.89460758414836
4000,2200,1400,69.40848994819346,34.66247477175479,34.746015176438675
4000,2200,1600,61.916902200022776,30.95917793397301,30.95772426604977
4000,2200,1800,54.48941422369763,27.257172828136717,27.232241395560916
4000,2200,2000,48.55966578633785,24.294473182252393,24.265192604085463
4000,2200,2200,43.778537601627974,21.902868815925714,21.875668785702267
4000,2200,2400,39.86057344935297,19.942099767089886,19.918473682263087
4000,2200,2600,36.59656984442528,18.30834141943862,18.28822842498666
4000,2200,2800,33.836325762197454,16.926693116652846,16.909632645544605
4000,2200,3000,31.47120676561785,15.74285717921285,15.728349586404999
4000,2200,4000,23.370070159112444,11.68849238704345,11.681577772068994
4000,2200,5000,18.615292241365065,9.309406909825086,9.30588533153998
4000,2200,6000,15.475329458428435,7.738526172962177,7.736803285466259
4000,2200,7000,13.241945765947008,6.621295986179454,6.620649779767556
4000,2200,8000,11.56999231066411,5.784968184484446,5.785024126179663
4000,2200,9000,10.270533410825825,5.134994865155649,5.135538545670178
4000,2200,10000,9.231194517276386,4.6151476287113535,4.616046888565032
4000,2400,500,70.21712333493346,35.03242764291939,35.18469569201408
4000,2400,600,70.09907408495125,35.013360281123965,35.08571380382729
4000,2400,700,69.98700610417866,34.952533053580304,35.034473050598365
4000,2400,800,69.87872169698518,34.897834599355036,34.980887097630145
4000,2400,900,69.7836122691402,34.85064890708704,34.932963362053165
4000,2400,1000,69.72839418526253,34.82351985331751,34.904874331945024
4000,2400,1200,69.6232680141462,34.77163786648421,34.851630147661986
4000,2400,1400,69.29394714087063,34.6077234861743,34.68622365469634
4000,2400,1600,61.36361570127256,30.683393386341837,30.680222314930727
4000,2400,1800,54.09758791777296,27.06056036795384,27.037027549819125
4000,2400,2000,48.26838090336635,24.147722402949,24.120658500417353
4000,2400,2200,43.551666096437735,21.788331458948345,21.763334637489397
4000,2400,2400,39.67703496485364,19.849348751747087,19.82768621310655
4000,2400,2600,36.44364258783415,18.23103191938463,18.212610668449518
4000,2400,2800,33.705973321211815,16.86079537845805,16.84517794275376
4000,2400,3000,31.358117561895103,15.685698070635189,15.672419491259914
4000,2400,4000,23.304749565656095,11.655550199631886,11.64919936602421
4000,2400,5000,18.57190477174152,9.287589053300342,9.284315718441176
4000,2400,6000,15.444537819620946,7.723093984152417,7.7214438354685315
4000,2400,7000,13.219249354808543,6.609966211511873,6.609283143296669
4000,2400,8000,11.552854700057951,5.776454935918132,5.776399764139819
4000,2400,9000,10.257382788082754,5.128501804475525,5.12888098360723
4000,2400,10000,9.220993512238634,4.610149455471499,4.610844056767134
4000,2600,500,70.14143923134918,34.972021026633755,35.16941820471543
4000,2600,600,70.02354440594561,34.97755543597298,35.045988969972626
4000,2600,700,69.91009338413308,34.91502017209222,34.99507321204087
4000,2600,800,69.80019049181494,34.859333778975866,34.94085671283908
4000,2600,900,69.70665372643504,34.81298837934825,34.893665347086795
4000,2600,1000,69.65282837933239,34.78672287311586,34.866105506216535
4000,2600,1200,69.54277591314502,34.732791177413915,34.8099847357311
4000,2600,1400,68.89469946211774,34.41506808846249,34.479631373655266
4000,2600,1600,60.851832576110915,30.42813386089326,30.423698715217654
4000,2600,1800,53.731525795353086,26.87690188005374,26.854623915299346
4000,2600,2000,47.9942652249474,24.009719030674244,23.984546194273154
4000,2600,2200,43.33705541114851,21.680096845919074,21.65695856522944
4000,2600,2400,39.502744680492555,19.761379465960136,19.74136521453242
4000,2600,2600,36.29798283427414,18.157493887911553,18.14048894636258
4000,2600,2800,33.58150837501778,16.797959813184175,16.78354856183361
4000,2600,3000,31.249908037508227,15.63108010684243,15.618827930665798
4000,2600,4000,23.241751643037155,11.623815033981272,11.617936609055882
4000,2600,5000,18.529806674974868,9.266433815351581,9.263372859623283
4000,2600,6000,15.414503796048152,7.708042551772519,7.706461244275634
4000,2600,7000,13.19700450373345,6.59885390650644,6.598150597227009
4000,2600,8000,11.535981474784004,5.768058461240223,5.76792301354378
4000,2600,9000,10.244377975602026,5.122061022567913,5.122316953034114
4000,2600,10000,9.21086172233515,4.6051612843657015,4.605700437969448
4000,2800,500,70.06884807710288,34.9144273025836,35.15442077451929
4000,2800,600,69.95078999066415,34.943518681018496,35.00727130964565
4000,2800,700,69.83600452733536,34.87893619307171,34.95706833426365
4000,2800,800,69.72447513306957,34.82211888648926,34.90235624658032
4000,2800,900,69.63284659718754,34.77671642955565,34.85613016763188
4000,2800,1000,69.57983127237614,34.75097855556077,34.828852716815376
4000,2800,1200,69.464119298774,34.69456494943229,34.7695543493417
4000,2800,1400,68.47775219294007,34.213163080991286,34.26458911194879
4000,2800,1600,60.37684077964061,30.191113709768516,30.185727069872097
4000,2800,1800,53.38869117318347,26.70492409754584,26.683767075637626
4000,2800,2000,47.735824979886935,23.879685099853912,23.856139880033023
4000,2800,2200,43.13374053242491,21.57764634492364,21.556094187501266
4000,2800,2400,39.33703179899489,19.6778222272098,19.659209571785095
4000,2800,2600,36.159098504541,18.087450732199855,18.071647772341144
4000,2800,2800,33.46255556475132,16.737972151785172,16.72458341296614
4000,2800,3000,31.14628357482074,15.578833065993384,15.56745050882735
4000,2800,4000,23.180965805869253,11.593221306454554,11.587744499414699
4000,2800,5000,18.488949467331857,9.245913296107554,9.2430361712243
4000,2800,6000,15.38520564749869,7.6933612800285935,7.691844367470094
4000,2800,7000,13.175201916958558,6.587957273324634,6.587244643633924
4000,2800,8000,11.519369048070907,5.759781629223844,5.759587418847062
4000,2800,9000,10.23151766526188,5.11567787098062,5.1158397942812615
4000,2800,10000,9.200798302362967,4.600189734718613,4.600608567644354
4000,3000,500,69.99920739554886,34.85953309838331,35.13967429716555
4000,3000,600,69.88068769600129,34.91135695746845,34.96933073853285
4000,3000,700,69.76462984958893,34.844293970572934,34.920335879016
4000,3000,800,69.65148973759646,34.78620299539696,34.865286742199494
4000,3000,900,69.56199326785413,34.74178768043738,34.820205587416744
4000,3000,1000,69.50933841828264,34.716311831662786,34.793026586619845
4000,3000,1200,69.38716967170417,34.65696602991839,34.73020364178578
4000,3000,1400,68.07970486341415,34.01992168245863,34.05978318095551
4000,3000,1600,59.934636860786554,29.97037743468063,29.964259426105922
4000,3000,1800,53.066875771947494,26.543516301345285,26.52335947060221
4000,3000,2000,47.49173407266746,23.756933579006958,23.734800493660504
4000,3000,2200,42.940851891027286,21.480518345580148,21.460333545447142
4000,3000,2400,39.17928482183778,19.598346202895627,19.58093861894216
4000,3000,2600,36.02653678737041,18.020653868187733,18.00588291918268
4000,3000,2800,33.34876674029576,16.680639108911713,16.668127631384046
4000,3000,3000,31.046969023345866,15.528802867103819,15.518166156242048
4000,3000,4000,23.122286081692828,11.563708616886068,11.558577464806762
4000,3000,5000,18.4492859985122,9.22600119739753,9.22328480111467
4000,3000,6000,15.356622383244124,7.679039705153008,7.677582678091117
4000,3000,7000,13.15383331600964,6.577273997135567,6.576559318874073
4000,3000,8000,11.503015398644024,5.751626509034078,5.751388889609947
4000,3000,9000,10.218802732715899,5.109356794712469,5.109445938003429
4000,3000,10000,9.19080519698671,4.595240499374885,4.5955646976118265
4000,4000,500,69.69032753939433,34.62053167203524,35.0697958673591
4000,4000,600,69.56562208648941,34.6720193080707,34.89360277841871
4000,4000,700,69.44425843604283,34.69313539673113,34.75112303931171
4000,4000,800,69.32666190041039,34.627152032059364,34.699509868351036
4000,4000,900,69.24628822468875,34.585652276207746,34.66063594848101
4000,4000,1000,69.19128279559907,34.55878364529168,34.63249915030738
4000,4000,1200,69.02608317010413,34.47884790800925,34.54723526209489
4000,4000,1400,65.77504624019596,32.878473261464606,32.89657297873135
4000,4000,1600,58.1106367988656,29.05936991381814,29.05126688504746
4000,4000,1800,51.71301649316972,25.86477395428411,25.848242538885607
4000,4000,2000,46.44931659068851,23.23327608890517,23.216040501783336
4000,4000,2200,42.1078339256789,21.061660555964874,21.046173369714023
4000,4000,2400,38.492164220681765,19.252722955256008,19.23944126542576
4000,4000,2600,35.44514070261907,17.72819179383191,17.71694890878716
4000,4000,2800,32.84683432293725,16.428174221400592,16.41866010153666
4000,4000,3000,30.606700598082853,15.30739434440596,15.299306253676894
4000,4000,4000,22.857129626216803,11.430534036742056,11.426595589474744
4000,4000,5000,18.267333965512698,9.134738230423075,9.132595735089621
4000,4000,6000,15.223726028083517,7.612471392182026,7.611254635901491
4000,4000,7000,13.053224396827778,6.526950779162681,6.5262736176650975
4000,4000,8000,11.425078931008832,5.712706566166802,5.712372364842031
4000,4000,9000,10.157476670150952,5.078789251300802,5.07868741885015
4000,4000,10000,9.142019426174715,4.57097794381601,4.571041482358705
4000,5000,500,69.43534718308514,34.42917256952754,35.0061746135576
4000,5000,600,69.30347985402719,34.477783472636666,34.82569638139053
4000,5000,700,69.17465304766836,34.49985212206785,34.67480092560051
4000,5000,800,69.05722193539702,34.49991231175055,34.55730962364648
4000,5000,900,68.98272078366959,34.456440791424704,34.52627999224489
4000,5000,1000,68.92188538513705,34.42505850924052,34.49682687589652
4000,5000,1200,68.69666779736873,34.31503725667953,34.381630540689194
4000,5000,1400,63.956629197408446,31.973931313890365,31.98269788351809
4000,5000,1600,56.74617792110267,28.3776113741433,28.36856654695937
4000,5000,1800,50.67316035280754,25.34377076490214,25.329389587905403
4000,5000,2000,45.632068667927065,22.823237418242293,22.808831249684772
4000,5000,2200,41.44448363827035,20.728632740191852,20.715850898078497
4000,5000,2400,37.93829791511251,18.974601213561638,18.963696701550862
4000,5000,2600,34.97184932059449,17.490528432033223,17.481320888561267
4000,5000,2800,32.43481725365,16.221299698081296,16.213517555568707
4000,5000,3000,30.242668241448516,15.124640397943791,15.118027843504725
4000,5000,4000,22.631609841659454,11.317422646871732,11.314187194787722
4000,5000,5000,18.109072105407456,9.055430325027631,9.053641780379827
4000,5000,6000,15.105799209687094,7.5534239204198785,7.552375289267216
4000,5000,7000,12.962265997903804,6.481443237750555,6.48082276015325
4000,5000,8000,11.353343003424834,5.676846633331388,5.676496370093446
4000,5000,9000,10.10002577537801,5.0500971189802915,5.04992865639772
4000,5000,10000,9.095501130805017,4.547770557787071,4.5477305730179465
4000,6000,500,69.22170777073242,34.27315928817507,34.94854848255734
4000,6000,600,69.08273146245674,34.318294132692486,34.76443732976424
4000,6000,700,68.946606001998,34.33735004690773,34.60925595509028
4000,6000,800,68.8304001714568,34.34736876719702,34.48303140425978
4000,6000,900,68.75854653514222,34.35032039834974,34.408226136792486
4000,6000,1000,68.69074360398817,34.3115123873402,34.37923121664795
4000,6000,1200,68.39513831292604,34.16480735496789,34.23033095795815
4000,6000,1400,62.57024730465046,31.284049426828275,31.286197877822183
4000,6000,1600,55.68370679615187,27.84671709734015,27.836989698811717
4000,6000,1800,49.847875125180394,24.930462400672422,24.917412724507976
4000,6000,2000,44.973499499230904,22.49306068259711,22.480438816633797
4000,6000,2200,40.90352483912949,20.457293018659655,20.446231820469833
4000,6000,2400,37.48231093098482,18.745847310742448,18.73646362024238
4000,6000,2600,34.57913173645964,17.293515670961014,17.285616065498626
4000,6000,2800,32.09064553504483,16.04865530178049,16.041990233264343
4000,6000,3000,29.93678085050513,14.971219308789872,14.96556154171526
4000,6000,4000,22.437644969717557,11.220208749341957,11.217436220375602
4000,6000,5000,17.97038120302807,8.985964612744628,8.98441659028344
4000,6000,6000,15.000709347962077,7.500817629471102,7.499891718490974
4000,6000,7000,12.879931253993824,6.440249575183055,6.4396816788107705
4000,6000,8000,11.287428780779857,5.643885938694602,5.643542842085254
4000,6000,9000,10.04646003659414,5.023326318486048,5.023133718108092
4000,6000,10000,9.051494248182967,4.525790509308123,4.525703738874842
4000,7000,500,69.04027049580651,34.14386959994171,34.8964008958648
4000,7000,600,68.89454071861232,34.18516822881299,34.709372489799314
4000,7000,700,68.75159681083865,34.20108252264534,34.550514288193305
4000,7000,800,68.63933612286449,34.21303699147071,34.42629913139379
4000,7000,900,68.5658594694259,34.230205071373256,34.335654398052654
4000,7000,1000,68.48970488041867,34.21553334425983,34.274171536158825
4000,7000,1200,68.12173386751488,34.0288885198072,34.09284534770768
4000,7000,1400,61.47577579342442,30.739389007366423,30.736386786057995
4000,7000,1600,54.831376994803826,27.420861839756107,27.410515155047715
4000,7000,1800,49.17617884145719,24.5941912255105,24.581987615946687
4000,7000,2000,44.4311335759275,22.221281771809615,22.209851804117882
4000,7000,2200,40.45380296369681,20.231848167481786,20.221954796215023
4000,7000,2400,37.10032303323462,18.5543326017021,18.545990431532523
4000,7000,2600,34.24803799610308,17.12751817397536,17.120519822127715
4000,7000,2800,31.798876600016833,15.90238415542244,15.896492444594395
4000,7000,3000,29.67619583780079,14.84059500861558,14.835600829185207
4000,7000,4000,22.269143750006734,11.13579452414297,11.133349225863762
4000,7000,5000,17.847969998209084,8.924671935525696,8.923298062683386
4000,7000,6000,14.906624960617508,7.4537288700239905,7.452896090593518
4000,7000,7000,12.805233557174416,6.402878194402075,6.402355362772342
4000,7000,8000,11.226866086440127,5.613597544481585,5.613268541958543
4000,7000,9000,9.996634396369672,4.998417065595693,4.9982173307739775
4000,7000,10000,9.010061169851058,4.505085170804449,4.504975999046611
4000,8000,500,68.88434247714845,34.03514232156707,34.849200155581386
4000,8000,600,68.7323228351973,34.07250859545847,34.659814239738814
4000,8000,700,68.58393325687031,34.08557348527317,34.49835977159713
4000,8000,800,68.47552215965662,34.099333106902606,34.37618905275402
4000,8000,900,68.39874957829352,34.115217023942584,34.28353255435094
4000,8000,1000,68.3129567623053,34.117626209277084,34.19533055302822
4000,8000,1200,67.41376801422331,33.68777086344381,33.7259971507795
4000,8000,1400,60.588579434818875,30.29795536658304,30.29062406823584
4000,8000,1600,54.13164572395417,27.071297577863564,27.060348146090604
4000,8000,1800,48.61842673474508,24.31504375919934,24.303382975545734
4000,8000,2000,43.976509381936104,21.99355529634008,21.98295408559603
4000,8000,2200,40.073944468710316,20.041504018152512,20.0324404505578
4000,8000,2400,36.77564322307144,18.391618525812085,18.384024697259356
4000,8000,2600,33.965119436332955,16.985732773835085,16.979386662497873
4000,8000,2800,31.54840730126903,15.77686818296627,15.771539118302764
4000,8000,3000,29.451572292993387,14.728040821518478,14.723531471474907
4000,8000,4000,22.121457217027054,11.061829750855592,11.05962746617146
4000,8000,5000,17.739207678494466,8.870224840757059,8.868982837737407
4000,8000,6000,14.821999937278383,7.411379885521026,7.4106200517573555
4000,8000,7000,12.73727360728974,6.368879204231576,6.368394403058164
4000,8000,8000,11.171163425837024,5.58573841612724,5.585425009709784
4000,8000,9000,9.950322857381545,4.975261158592775,4.975061698788771
4000,8000,10000,8.971151876624734,4.485635872802685,4.48551600382205
4000,9000,500,68.74894060624541,33.942545035910356,34.80639557033505
4000,9000,600,68.591115342531,33.9760405060258,34.61507483650521
4000,9000,700,68.43884465548562,33.98671336900827,34.45213128647735
4000,9000,800,68.33319638450007,34.001676470620126,34.33151991387995
4000,9000,900,68.25218347304869,34.01578771605713,34.23639575699155
4000,9000,1000,68.1565744337645,34.01379526539975,34.14277916836475
4000,9000,1200,66.58596676663767,33.29076353963054,33.29520322700713
4000,9000,1400,59.85434030132162,29.93273834608279,29.921601955238827
4000,9000,1600,53.54645801139995,26.779003363230736,26.767454648169213
4000,9000,1800,48.14765131933757,24.079483011392135,24.068168307945438
4000,9000,2000,43.58981011351442,21.799909034719892,21.789901078794525
4000,9000,2200,39.74878894681752,19.878621222309352,19.870167724508164
4000,9000,2400,36.49625454685614,18.251645555286927,18.244608991569216
4000,9000,2600,33.7205728632896,16.863214700444377,16.85735816284522
4000,9000,2800,31.331057438495634,15.667980893764332,15.6630765447313
4000,9000,3000,29.255962657651114,14.630052209467214,14.625910448183898
4000,9000,4000,21.990987211762658,10.99650116627804,10.994486045484615
4000,9000,5000,17.641980130874618,8.821559445458718,8.820420685415899
4000,9000,6000,14.745537884245651,7.373119556495528,7.372418327750123
4000,9000,7000,12.67525456674356,6.337853609588259,6.337400957155302
4000,9000,8000,11.119846803071699,5.560072518587028,5.5597742844846705
4000,9000,9000,9.907267144470207,4.953731499551539,4.953535644918668
4000,9000,10000,8.934655182267223,4.467389852927032,4.467265329340191
4000,10000,500,68.63028569415343,33.86277224186342,34.767513452290004
4000,10000,600,68.46712424929808,33.89257153346932,34.57455271582876
4000,10000,700,68.31185617083052,33.90109542006042,34.41076075077011
4000,10000,800,68.2082436479994,33.91684804485986,34.29139560313953
4000,10000,900,68.12251781679282,33.92885574279254,34.19366207400027
4000,10000,1000,68.01651371658497,33.922179634844134,34.09433408174083
4000,10000,1200,65.86699855200403,32.945781963660416,32.921216588343626
4000,10000,1400,59.23636998998449,29.625448269718408,29.610921720266077
4000,10000,1600,53.049566011785274,26.53085551119388,26.51871050059139
4000,10000,1800,47.744838520189354,23.877970275216235,23.86686824497312
4000,10000,2000,43.256798559397325,21.633186448782325,21.623612110615
4000,10000,2200,39.467279116293014,19.737636091805932,19.72964302448708
4000,10000,2400,36.25328430457548,18.129947115624486,18.123337188950995
4000,10000,2600,33.50708536329861,16.756281939940248,16.750803423358356
4000,10000,2800,31.140670180007373,15.57262232391066,15.568047856096712
4000,10000,3000,29.08409594127058,14.543975452902597,14.54012048836798
4000,10000,4000,21.874910769045705,10.938388819950877,10.93652194909483
4000,10000,5000,17.554576080112643,8.77781594572764,8.776760134385002
4000,10000,6000,14.676152941934033,7.338403052109071,7.337749889824962
4000,10000,7000,12.618480458456967,6.3094528718203495,6.309027586636616
4000,10000,8000,11.072477415766597,5.536380780081273,5.5360966356853245
4000,10000,9000,9.867203978094874,4.933697388993363,4.93350658910151
4000,10000,10000,8.90043020735635,4.450278057604075,4.450152149752276
5000,500,500,91.24816985474993,45.59625532508377,45.651914529666165
5000,500,600,90.866163307806,45.3775933236572,45.4885699841488
5000,500,700,90.5264021898405,45.02620414245324,45.50019804738725
5000,500,800,73.16164870233172,36.041241135206384,37.12040756712533
5000,500,900,71.66532282487061,35.31100422985861,36.354318595012
5000,500,1000,70.98490231587274,35.07707294794915,35.907829367923604
5000,500,1200,70.5633903636514,34.97074396168385,35.592646401967556
5000,500,1400,70.34129086389763,34.9059502295119,35.435340634385724
5000,500,1600,67.10605069387013,33.36212680454179,33.74392388932834
5000,500,1800,59.00153637451032,29.46736542136066,29.534170953149665
5000,500,2000,51.76500156711249,25.914714498374607,25.850287068737885
5000,500,2200,46.19683446067555,23.154162823547612,23.042671637127935
5000,500,2400,41.77537614924665,20.948306092662108,20.827070056584535
5000,500,2600,38.1691561937361,19.14286145193405,19.026294741802047
5000,500,2800,35.163968098552175,17.63545209401571,17.528516004536467
5000,500,3000,32.61593830408056,16.356029028184093,16.25990927589646
5000,500,4000,24.029957245342302,12.041091568198137,11.988865677144164
5000,500,5000,19.064337170612312,9.545530848891378,9.518806321720934
5000,500,6000,15.807211733013187,7.909154013026249,7.8980577199869355
5000,500,7000,13.500149701601265,6.750425783039775,6.7497239185614895
5000,500,8000,11.778327621663198,5.885828047075776,5.892499574587421
5000,500,9000,10.443416306319335,5.2156254262429105,5.227790880076425
5000,500,10000,9.377962849419186,4.680775950945477,4.697186898473709
5000,600,500,91.01878063361,45.399739897202316,45.61904073640769
5000,600,600,90.67025316403934,45.12992261468273,45.54033054935662
5000,600,700,75.45401145788644,37.50637701409475,37.947634443791685
5000,600,800,71.9339063305299,35.55700898045299,36.3768973500769
5000,600,900,71.10932581669246,35.185299294705,35.92402652198746
5000,600,1000,70.7262646093259,35.06678985548138,35.65947475384452
5000,600,1200,70.44512627455468,34.98408342389126,35.46104285066342
5000,600,1400,70.25490857626787,34.91842639037244,35.33648218589543
5000,600,1600,67.08281423212124,33.41388259600746,33.66893163611377
5000,600,1800,58.64165340259684,29.314697554329907,29.326955848266937
5000,600,2000,51.52767548901702,25.8013340002518,25.72634148876522
5000,600,2200,46.02998816514213,23.06549313568514,22.96449502945699
5000,600,2400,41.650833745927414,20.876596314340723,20.774237431586688
5000,600,2600,38.07161515853628,19.0833897087237,18.98822544981259
5000,600,2800,35.084672374953946,17.585140012525823,17.499532362428123
5000,600,3000,32.54958037464202,16.312780248792965,16.23680012584905
5000,600,4000,23.994421197117486,12.017378911711969,11.97704228540552
5000,600,5000,19.040228132875065,9.530519812745197,9.509708320129866
5000,600,6000,15.788742114099245,7.8989418887688,7.889800225330445
5000,600,7000,13.484865429462443,6.74318235566619,6.741683073796255
5000,600,8000,11.764969836098306,5.880554458861862,5.8844153772364445
5000,600,9000,10.431267109633263,5.211723855563494,5.219543254069768
5000,600,10000,9.366585394805988,4.677863491863325,4.688721902942663
5000,700,500,90.81753503480658,45.226890691630935,45.59064434317564
5000,700,600,90.4998007914057,44.90158191867489,45.59821887273081
5000,700,700,72.41487427613903,35.9111180150532,36.50375626108583
5000,700,800,71.3313416435828,35.368918598301484,35.96242304528132
5000,700,900,70.77686115865164,35.1336227971608,35.643238361490845
5000,700,1000,70.54446504216689,35.05296722792219,35.491497814244696
5000,700,1200,70.34486376643548,34.98463864072675,35.36022512570874
5000,700,1400,70.17329265179416,34.917612590381644,35.25568006141251
5000,700,1600,66.99584502265238,33.41521453775274,33.58063048489963
5000,700,1800,58.29679303971478,29.155701777565085,29.141091262149683
5000,700,2000,51.2959296364875,25.68581357184975,25.610116064637754
5000,700,2200,45.86333336410075,22.976876797179163,22.886456566921588
5000,700,2400,41.523894285338706,20.805888076476563,20.718006208862146
5000,700,2600,37.97055341749649,19.02526200865676,18.945291408839736
5000,700,2800,35.00146830012483,17.53623941212712,17.465228887997707
5000,700,3000,32.47929710701275,16.27089076227119,16.208406344741555
5000,700,4000,23.956329084421135,11.994489620063923,11.96183946435721
5000,700,5000,19.014976881975656,9.515975329058628,9.499001552917028
5000,700,6000,15.770207190568513,7.88899692420942,7.881210266359092
5000,700,7000,13.470334614872092,6.736090891180743,6.734243723691347
5000,700,8000,11.753006451522248,5.8753638338664285,5.877642617655821
5000,700,9000,10.421026004906338,5.207861811835144,5.2131641930711945
5000,700,10000,9.35753471081778,4.674962465428439,4.68257224538934
5000,800,500,90.62289354670698,45.01472855590149,45.608164990805484
5000,800,600,73.59777039612399,36.70451147089865,36.89325892522534
5000,800,700,71.54540885984694,35.525118434073256,36.02029042577368
5000,800,800,70.88551014002988,35.219275347621945,35.666234792407934
5000,800,900,70.5672230897184,35.098671562034404,35.46855152768399
5000,800,1000,70.40966221896221,35.036835414974746,35.37282680398748
5000,800,1200,70.25860669498019,34.977577390344024,35.28102930463616
5000,800,1400,70.09653657226598,34.908469128632504,35.18806744363348
5000,800,1600,66.8686931052537,33.3843955280842,33.48429757716951
5000,800,1800,57.96612310285745,28.9971308865394,28.96899221631805
5000,800,2000,51.07071705974313,25.57175488162649,25.498962178116642
5000,800,2200,45.699166866536494,22.890115872387646,22.80905099414884
5000,800,2400,41.39743572383996,20.73704610794378,20.66038961589618
5000,800,2600,37.86898453542925,18.96885974456082,18.900124790868432
5000,800,2800,34.91728467418486,17.488880255453616,17.428404418731247
5000,800,3000,32.40783177462092,16.230359056901033,16.177472717719887
5000,800,4000,23.91728933209645,11.972305899629305,11.944983432467145
5000,800,5000,18.989329008062,9.50181540995687,9.487513598105132
5000,800,6000,15.75174508840556,7.8792683881144265,7.872476700291133
5000,800,7000,13.45625262450579,6.729120895596666,6.727131728909123
5000,800,8000,11.741795553758147,5.8702381589156145,5.871557394842533
5000,800,9000,10.411786428359187,5.204029526236667,5.207756902122521
5000,800,10000,9.349692244393479,4.672068614679661,4.6776236297138185
5000,900,500,86.33756903222334,42.59298535118713,43.74458368103622
5000,900,600,71.96703765448099,35.817304901216794,36.149732753264196
5000,900,700,71.07404995503269,35.33926096699573,35.734788988036954
5000,900,800,70.62183083737142,35.154996633555605,35.46683420381581
5000,900,900,70.42316843104746,35.0715075855241,35.351660845523355
5000,900,1000,70.30548272579539,35.019842658313195,35.2856400674822
5000,900,1200,70.1831773277025,34.96607305441075,35.217104273291746
5000,900,1400,70.02413174896527,34.894039089452235,35.13009265951305
5000,900,1600,66.53676565958175,33.23687898047829,33.299886679103444
5000,900,1800,57.64891792472641,28.841892767206346,28.807025157520062
5000,900,2000,50.85240649477779,25.460543480397767,25.39186301438002
5000,900,2200,45.53853702211992,22.8058060512188,22.73273097090112
5000,900,2400,41.272782308447354,20.670285171907093,20.60249713654026
5000,900,2600,37.7682951205595,18.914217027569723,18.854078092989777
5000,900,2800,34.83346864101028,17.443012090477634,17.39045655053264
5000,900,3000,32.3364463667834,16.191097177702993,16.14534918908041
5000,900,4000,23.878045149908793,11.950740873267259,11.927304276641532
5000,900,5000,18.963631352851504,9.48798765098261,9.475643701868893
5000,900,6000,15.733422073291043,7.86972594045957,7.863696132831476
5000,900,7000,13.442480302236847,6.72225510003899,6.720225202197856
5000,900,8000,11.731041353535355,5.865167959417355,5.865873394117999
5000,900,9000,10.403129238228988,5.200222389523868,5.20290684870512
5000,900,10000,9.342540028756252,4.669180529557728,4.673359499198524
5000,1000,500,72.94842309788777,36.48113127404036,36.467291823847404
5000,1000,600,71.2758650011438,35.463798627834,35.8120663733098
5000,1000,700,70.71268105786903,35.22555449256172,35.48712656530731
5000,1000,800,70.4604863069727,35.11514307609761,35.34534323087508
5000,1000,900,70.31804463029893,35.04899638012998,35.269048250168936
5000,1000,1000,70.22163409014433,35.00248711958959,35.21914697055474
5000,1000,1200,70.11612607871729,34.951988236526525,35.164137842190776
5000,1000,1400,69.95528593175017,34.87612611237008,35.07915981938008
5000,1000,1600,66.06886791128514,33.01204474186737,33.056823169417775
5000,1000,1800,57.344499951280675,28.69123730913366,28.65326264214701
5000,1000,2000,50.64106272779915,25.352695277536796,25.288367450262356
5000,1000,2200,45.38191454217011,22.724107680131514,22.6578068620386
5000,1000,2400,41.15057071761156,20.605608957600317,20.54496176001124
5000,1000,2600,37.66916611147353,18.861271118198214,18.80789499327532
5000,1000,2800,34.75068872422523,17.398547224884346,17.35214149934088
5000,1000,3000,32.265771141786175,16.153011313816688,16.112759827969484
5000,1000,4000,23.838973441855185,11.929731701501579,11.909241740353606
5000,1000,5000,18.93806143921304,9.474457009053005,9.463604430160037
5000,1000,6000,15.715272916954248,7.860350211087458,7.85492270586679
5000,1000,7000,13.428947173608254,6.7154829992579215,6.713464174350332
5000,1000,8000,11.720592803929373,5.860147880810684,5.860444923118688
5000,1000,9000,10.394839952902048,5.196438214778422,5.198401738123626
5000,1000,10000,9.335812229276868,4.666297985898945,4.669514243377923
5000,1200,500,71.06194615408472,35.36821842914519,35.69372772493954
5000,1200,600,70.56360836898757,35.21474047817595,35.34886789081163
5000,1200,700,70.39588282159997,35.13029757429727,35.26558524730269
5000,1200,800,70.27900098209788,35.068349113485546,35.21065186861233
5000,1200,900,70.17285530862101,35.01195187766218,35.16090343095882
5000,1200,1000,70.09393884540425,34.969668177241786,35.12427066816245
5000,1200,1200,70.00035557795539,34.92009972774326,35.08025585021211
5000,1200,1400,69.82611294397876,34.8342458840939,34.99186705988486
5000,1200,1600,65.19807279743375,32.58767161216861,32.61040118526514
5000,1200,1800,56.77140762802902,28.405252664293325,28.366154963735692
5000,1200,2000,50.23879332043406,25.147507839220193,25.091285481213866
5000,1200,2200,45.08127629107324,22.56844842180252,22.512827869270712
5000,1200,2400,40.914507979095816,20.482218056703363,20.432289922392457
5000,1200,2600,37.47678171476965,18.76012229495022,18.71665941981943
5000,1200,2800,34.589447672100796,17.3134818437012,17.275965828399592
5000,1200,3000,32.12771443562511,16.080046225357947,16.047668210267165
5000,1200,4000,23.762069969327413,11.889204824504175,11.872865144823237
5000,1200,5000,18.887650129809973,9.448194542791233,9.43945558701874
5000,1200,6000,15.679564511636416,7.842049938380787,7.837514573255628
5000,1200,7000,13.402459787233598,6.702194737617417,6.7002650496161795
5000,1200,8000,11.700314110600143,5.850246506444601,5.850067604155542
5000,1200,9000,10.378939638438032,5.188935227545003,5.190004410893029
5000,1200,10000,9.323101850737734,4.66055098439644,4.6625508663412925
5000,1400,500,70.54556405589034,35.239528938772565,35.30603511711778
5000,1400,600,70.41501060630623,35.16184402836473,35.2531665779415
5000,1400,700,70.29765501716827,35.10002012168323,35.197634895485045
5000,1400,800,70.18533120261581,35.04268148087039,35.14264972174542
5000,1400,900,70.07599465365506,34.98290259240951,35.09309206124555
5000,1400,1000,69.99825153593456,34.93969055591178,35.05856098002278
5000,1400,1200,69.90180025865392,34.88667525031977,35.01512500833415
5000,1400,1400,69.70558602702866,34.78827246512767,34.917313561901
5000,1400,1600,64.40553946618317,32.1973852877531,32.20815417843007
5000,1400,1800,56.241799830861744,28.139663590498795,28.102136240362956
5000,1400,2000,49.8623044319292,24.95586737746628,24.906437054462923
5000,1400,2200,44.79729260087055,22.42249731443583,22.37479528643472
5000,1400,2400,40.69001543817129,20.36616711288719,20.3238483252841
5000,1400,2600,37.29289868504126,18.664740556489626,18.62815812855163
5000,1400,2800,34.434725251074454,17.233077929504354,17.2016473215701
5000,1400,3000,31.9948225395773,16.010930136090344,15.983892403486957
5000,1400,4000,23.687348368615556,11.850460734010742,11.836887634604812
5000,1400,5000,18.838469203463802,9.422894008900164,9.415575194563639
5000,1400,6000,15.644691990068019,7.824298898870385,7.820393091197634
5000,1400,7000,13.376632189063978,6.689222461755974,6.687409727308003
5000,1400,8000,11.680621069092771,5.840520064094378,5.840101004998393
5000,1400,9000,10.363602941351896,5.181518127101656,5.182084814250241
5000,1400,10000,9.310960912955036,4.654832091766233,4.656128821188804
5000,1600,500,70.46771503691772,35.20266085134412,35.2650541855736
5000,1600,600,70.33787135768169,35.12539526273251,35.21247609494918
5000,1600,700,70.2199619889714,35.063648410799985,35.15631357817142
5000,1600,800,70.10688980495583,35.00642265411083,35.100467150845
5000,1600,900,69.99860439042149,34.951888736214755,35.04671565420674
5000,1600,1000,69.92108267928366,34.91222340212337,35.0088592771603
5000,1600,1200,69.81508195302791,34.85352847772429,34.96155347530363
5000,1600,1400,69.59139094652355,34.74060238891522,34.85078855760832
5000,1600,1600,63.68160014909391,31.838906603850557,31.842693545243353
5000,1600,1800,55.751047531115105,27.893120852700836,27.85792667841427
5000,1600,2000,49.509574564408744,24.776727663331542,24.732846901077203
5000,1600,2200,44.529146211335,22.285402173483757,22.24374403785124
5000,1600,2400,40.476845547524775,20.256756901727346,20.22008864579743
5000,1600,2600,37.11754923492004,18.5745494672742,18.542999767645842
5000,1600,2800,34.286692556454135,17.156857160052372,17.12983539640177
5000,1600,3000,31.867333067893377,15.945263499249805,15.922069568643572
5000,1600,4000,23.61503793388124,11.813322094339108,11.801715839542133
5000,1600,5000,18.79063736649032,9.39846969276947,9.392167673720849
5000,1600,6000,15.610672972689294,7.807055184174334,7.803617788514962
5000,1600,7000,13.35139865534183,6.6765472085687145,6.674851446773117
5000,1600,8000,11.661379784676809,5.830962285088596,5.830417499588213
5000,1600,9000,10.348639739163323,5.174187919731269,5.174451819432053
5000,1600,10000,9.299152364824476,4.6491465463627675,4.650005818461709
5000,1800,500,70.39159098407755,35.16657954624115,35.2250114378364
5000,1800,600,70.26211509584672,35.08906322173828,35.17305187410845
5000,1800,700,70.14343936434673,35.02709585224869,35.11634351209804
5000,1800,800,70.02941687267167,34.96975227128716,35.05966460138451
5000,1800,900,69.92188863594933,34.91600562018507,35.005883015764255
5000,1800,1000,69.84835798164379,34.87897550978399,34.969382471859795
5000,1800,1200,69.73698385392686,34.82134602119773,34.91563783272913
5000,1800,1400,69.48205115390559,34.692379729235455,34.78967142467013
5000,1800,1600,63.0176872109731,31.50910038923769,31.50858682173541
5000,1800,1800,55.29502702199128,27.66389824304796,27.631128778943317
5000,1800,2000,49.17858011314398,24.60896132176567,24.56961879137831
5000,1800,2200,44.275784703861014,22.156353683818597,22.119431020042416
5000,1800,2400,40.274426833793825,20.153374766411318,20.121052067382507
5000,1800,2600,36.9504182541579,18.489069243036607,18.4613490111213
5000,1800,2800,34.14517962646195,17.084434886190113,17.06074474027184
5000,1800,3000,31.745161709695783,15.882732460225874,15.862429249469908
5000,1800,4000,23.545173069693195,11.777656754023791,11.7675163156694
5000,1800,5000,18.744178972461864,9.374859192063026,9.369319780398838
5000,1800,6000,15.57750316464005,7.790289089227362,7.787214075412688
5000,1800,7000,13.32672520017995,6.664156258311889,6.662568941868061
5000,1800,8000,11.642529224952161,5.821569791235947,5.820959433716214
5000,1800,9000,10.333965209629568,5.166946525840773,5.167018683788795
5000,1800,10000,9.287570655005439,4.6434993003551615,4.6440713546502765
5000,2000,500,70.3175467566686,35.13188528755112,35.185661469117484
5000,2000,600,70.18819880103665,35.053368332413015,35.13483046862363
5000,2000,700,70.06860827669608,34.9908971089801,35.07771116771599
5000,2000,800,69.95348204050202,34.93324538674453,35.02023665375749
5000,2000,900,69.84676907942367,34.880219829360584,34.966549250063075
5000,2000,1000,69.77669130974843,34.84530034442748,34.93139096532095
5000,2000,1200,69.66353318305387,34.78837225252804,34.87516093052583
5000,2000,1400,69.37669611353367,34.64422634727354,34.73246976626013
5000,2000,1600,62.40644027211908,31.20485546825902,31.20158480386006
5000,2000,1800,54.87011992046939,27.45030389867376,27.41981602179563
5000,2000,2000,48.86743111611325,24.451515364684262,24.41591575142899
5000,2000,2200,44.03612986163403,22.03462908970693,22.001500771927102
5000,2000,2400,40.082096211309455,20.05549134392493,20.026604867384528
5000,2000,2600,36.79107412591579,18.407894820391128,18.383179305524667
5000,2000,2800,34.00989353800354,17.01549150210784,16.994402035895703
5000,2000,3000,31.628103527202164,15.823079185276672,15.805024341925488
5000,2000,4000,23.47770941361368,11.743358705311357,11.734350708302323
5000,2000,5000,18.699078841065358,9.352012848173244,9.347065992892116
5000,2000,6000,15.54516828444895,7.773977208067753,7.771191076381197
5000,2000,7000,13.302590232261315,6.652039839143061,6.650550393118253
5000,2000,8000,11.624038138506702,5.812340313912437,5.8116978245942645
5000,2000,9000,10.319538151328198,5.159795927934426,5.1597422233937715
5000,2000,10000,9.276165107929728,4.637894757934419,4.6382703499953095
5000,2200,500,70.24508978972496,35.076112794505725,35.16897699521924
5000,2200,600,70.11632556873171,35.018609275621,35.0977162931107
5000,2200,700,69.99574597439717,34.955379756334494,35.04036621806268
5000,2200,800,69.87941442341027,34.89725973585293,34.98215468755733
5000,2200,900,69.77355743844707,34.84489466675205,34.92866277169504
5000,2200,1000,69.70659123933669,34.811842084107774,34.894749155228915
5000,2200,1200,69.59050265212007,34.75412440907935,34.83637824304072
5000,2200,1400,69.27488556957204,34.596544136487836,34.67834143308419
5000,2200,1600,61.84160594049389,30.92334966827186,30.918256272222024
5000,2200,1800,54.47316962778519,27.250795407746903,27.222374220038283
5000,2200,2000,48.57440942136075,24.3034447136746,24.270964707686147
5000,2200,2200,43.809152587629654,21.919591238197118,21.889561349432537
5000,2200,2400,39.89918595044108,19.962646693854275,19.93653925658681
5000,2200,2600,36.6390564298995,18.330677949861357,18.308378480038137
5000,2200,2800,33.880502075571066,16.949754245588785,16.93074782998228
5000,2200,3000,31.5159105001383,15.766084722895755,15.749825777242544
5000,2200,4000,23.412569260477206,11.710338623123267,11.70223063735394
5000,2200,5000,18.655304055367015,9.329888752356268,9.325415303010745
5000,2200,6000,15.513649174977488,7.758099741419024,7.755549433558462
5000,2200,7000,13.278977437946192,6.6401896856453195,6.638787752300872
5000,2200,8000,11.605888633041495,5.803271966611837,5.802616666429659
5000,2200,9000,10.305337257326823,5.152737869207567,5.152599388119257
5000,2200,10000,9.264910314585743,4.632336736761835,4.632573577823907
5000,2400,500,70.17454956592417,35.01761972353942,35.156929842384756
5000,2400,600,70.04660631408765,34.98504395972816,35.061562354359495
5000,2400,700,69.92498017615307,34.920741660128805,35.004238516024266
5000,2400,800,69.80737871836298,34.86200784140082,34.945370876962166
5000,2400,900,69.70261132159733,34.8103501701313,34.89226115146603
5000,2400,1000,69.63825878400426,34.778857439517736,34.85940134448653
5000,2400,1200,69.51839303464645,34.719805638605784,34.79858739604067
5000,2400,1400,69.1477551651754,34.53586364503398,34.61189152014143
5000,2400,1600,61.31787015144176,30.662098980993022,30.655771170448727
5000,2400,1800,54.10142469502232,27.06400162696868,27.037423068053638
5000,2400,2000,48.29797022504143,24.163911264023238,24.13405896101819
5000,2400,2200,43.59389820467936,21.81067847326832,21.783219731411037
5000,2400,2400,39.72505741297946,19.874437619631482,19.85061979334798
5000,2400,2600,36.493911612105876,18.25711460251124,18.23679700959464
5000,2400,2800,33.75666852086117,16.886985637137954,16.869682883723215
5000,2400,3000,31.40832423627315,15.711558741878955,15.696765494394189
5000,2400,4000,23.349661313638975,11.678518747927065,11.671142565711909
5000,2400,5000,18.612813649120127,9.308450157261358,9.30436349185877
5000,2400,6000,15.482924260797299,7.742639155554883,7.740285105242414
5000,2400,7000,13.25587288963571,6.628598356292835,6.627274533342874
5000,2400,8000,11.588069190745195,5.79436293067991,5.793706260065286
5000,2400,9000,10.291350905707505,5.145773753842812,5.1455771518646936
5000,2400,10000,9.25379332047614,4.626828497622867,4.626964822853274
5000,2600,500,70.1064392127451,34.96132863717622,35.145110575568864
5000,2600,600,69.97903368860196,34.952816210863375,35.026217477738584
5000,2600,700,69.8563503366092,34.887103636157725,34.96924670045148
5000,2600,800,69.7374457054043,34.827619154105946,34.90982655129836
5000,2600,900,69.63434629082008,34.77689646169168,34.85744982912839
5000,2600,1000,69.5717893368542,34.74650142272828,34.82528791412592
5000,2600,1200,69.44743030955229,34.68566658315683,34.761763726395465
5000,2600,1400,68.74270451226309,34.34024673765784,34.40245777460525
5000,2600,1600,60.830705787990766,30.41894308763214,30.41176270035863
5000,2600,1800,53.75248272537537,26.88871423507002,26.86376849030536
5000,2600,2000,48.03673025856122,24.032173566892684,24.00455669166853
5000,2600,2200,43.38949208205369,21.70739387065747,21.682098211396227
5000,2600,2400,39.55911340482457,19.790507684109528,19.768605720715044
5000,2600,2600,36.35520762826883,18.186936168825618,18.168271459443208
5000,2600,2800,33.638066651576004,16.826975884527233,16.81109076704877
5000,2600,3000,31.305090461978157,15.659333034910038,15.645757427068117
5000,2600,4000,23.288889929811134,11.647829901066348,11.641060028744784
5000,2600,5000,18.571563280741454,9.287664029606406,9.283899251135049
5000,2600,6000,15.452970837315478,7.727579465440746,7.725391371874733
5000,2600,7000,13.233263792353643,6.617258892981656,6.616004899371986
5000,2600,8000,11.570571450849311,5.785611319911608,5.784960130937704
5000,2600,9000,10.277572387129077,5.138904628946548,5.138667758182529
5000,2600,10000,9.242807593638545,4.6213727947851035,4.621434798853442
5000,2800,500,70.04072709069273,34.90721515824521,35.13351193244751
5000,2800,600,69.91354984572223,34.92203077403073,34.991519071691506
5000,2800,700,69.78985462779785,34.85456025891567,34.935294368882175
5000,2800,800,69.66963240034868,34.794176933813745,34.87545546653493
5000,2800,900,69.5685999159594,34.74452096535751,34.824078950601894
5000,2800,1000,69.5072168448321,34.71486878107936,34.79234806375273
5000,2800,1200,69.37763975783538,34.65181807102007,34.725821686815316
5000,2800,1400,68.35315683447655,34.15157957735406,34.20157725712249
5000,2800,1600,60.37623881108958,30.19200907122139,30.18422973986819
5000,2800,1800,53.42424016077758,26.72387062452821,26.70036953624937
5000,2800,2000,47.789451871543264,23.907574855781203,23.881877015762054
5000,2800,2200,43.19513731329494,21.60929578279674,21.5858415304982
5000,2800,2400,39.40080139971669,19.710539513119343,19.690261886597348
5000,2800,2600,36.2225394310349,18.1199031348573,18.1026362961776
5000,2800,2800,33.524387048771665,16.76953765653126,16.754849392240406
5000,2800,3000,31.205965467958006,15.609257173056646,15.596708294901362
5000,2800,4000,23.230159653409103,11.618209621475138,11.611950031933965
5000,2800,5000,18.531507626419486,9.267500184687615,9.264007441731872
5000,2800,6000,15.423765793660673,7.7129058283793075,7.710859965281365
5000,2800,7000,13.21113792111247,6.6061646456043315,6.60497327550814
5000,2800,8000,11.55338864037789,5.777015128313742,5.776373512064146
5000,2800,9000,10.26399753084865,5.132131200332138,5.131866330516512
5000,2800,10000,9.231949995297489,4.6159719300839495,4.61597806521354
5000,3000,500,69.97732795295056,34.85526504006363,35.12206291288693
5000,3000,600,69.85008944337734,34.892835734861684,34.957253708515665
5000,3000,700,69.72544737066613,34.823165479000735,34.90228189166539
5000,3000,800,69.60391138551384,34.7617215410807,34.842189844433136
5000,3000,900,69.50522327726118,34.713204074706965,34.79201920255422
5000,3000,1000,69.44452968300499,34.68400809723853,34.76052158576645
5000,3000,1200,69.30894776006248,34.618293648151244,34.690654111911236
5000,3000,1400,67.97877602114205,33.96977897622849,34.00899704491357
5000,3000,1600,59.95113691802365,29.97967189899503,29.971465019028628
5000,3000,1800,53.11484853023144,26.568535244544044,26.5463132856874
5000,3000,2000,47.55502672598318,23.789531794186374,23.765494931796812
5000,3000,2200,43.010109301235175,21.515989918358603,21.494119382876573
5000,3000,2400,39.24961276948216,19.634248807411716,19.615363962070447
5000,3000,2600,36.0955302992194,18.055800390995742,18.03972990822366
5000,3000,2800,33.41533937484762,16.714502323075543,16.700837051772076
5000,3000,3000,31.11071878155105,15.56119544631739,15.549523335233657
5000,3000,4000,23.173377484631715,11.589600929334779,11.583776555296936
5000,3000,5000,18.492601655143996,9.247930736516794,9.2446709186272
5000,3000,6000,15.395286038717845,7.698604301312928,7.696681737404917
5000,3000,7000,13.189483368011704,6.595309180561581,6.594174187450124
5000,3000,8000,11.536514777992007,5.768572217211602,5.767942560780406
5000,3000,9000,10.250623468476563,5.125453861655122,5.125169606821443
5000,3000,10000,9.22121918198308,4.610627804624538,4.610591377358544
5000,4000,500,69.69197686899727,34.62491463855974,35.067062230437536
5000,4000,600,69.56045796897199,34.67338240881791,34.88707556015408
5000,4000,700,69.43209169187661,34.684764431680776,34.74732726019583
5000,4000,800,69.30734690481461,34.6161180878642,34.691228816950414
5000,4000,900,69.21951027229241,34.57150780582502,34.64800246646739
5000,4000,1000,69.15783580917673,34.54173107036051,34.61610473881622
5000,4000,1200,68.98159942231099,34.45679374928521,34.52480567302579
5000,4000,1400,65.80781077098408,32.8953819941409,32.912428776843186
5000,4000,1600,58.17722844248757,29.093197339203293,29.08403110328428
5000,4000,1800,51.79960455438812,25.908628861036448,25.89097569335167
5000,4000,2000,46.544171162405405,23.281240360031877,23.262930802373532
5000,4000,2200,42.203776337052034,21.110118403270622,21.093657933781408
5000,4000,2400,38.58544174670063,19.299794426237455,19.285647320463177
5000,4000,2600,35.5340364022958,17.77302382283343,17.761012579462363
5000,4000,2800,32.93073539259779,16.47046784629514,16.460267546302653
5000,4000,3000,30.685562797189807,15.347134432205015,15.33842836498479
5000,4000,4000,22.915703408881786,11.46002811941384,11.455675289467946
5000,4000,5000,18.313826393083293,9.158145524876893,9.1556808682064
5000,4000,6000,15.262985522925442,7.6322377896406435,7.6307477332847995
5000,4000,7000,13.087876775700447,6.5443992454046604,6.543477530295788
5000,4000,8000,11.456587446186024,5.728574016538514,5.728013429647509
5000,4000,9000,10.186693052080917,5.093504589364465,5.0931884627164505
5000,4000,10000,9.169462236722467,4.58480231350372,4.584659923218746
5000,5000,500,69.45129827012684,34.43569566044736,35.01560260967949
5000,5000,600,69.31415438112388,34.48341893956055,34.830735441563334
5000,5000,700,69.1798194037479,34.50428180421887,34.67553759952902
5000,5000,800,69.05681500004755,34.498486074177,34.55832892587055
5000,5000,900,68.97657624457632,34.452372303191616,34.524203941384705
5000,5000,1000,68.91013946819865,34.418563189996384,34.49157627820226
5000,5000,1200,68.67574709805741,34.304567142592745,34.37117995546466
5000,5000,1400,64.00757258846234,31.999636731448614,32.00793585701373
5000,5000,1600,56.828527603661456,28.419042101536512,28.40948550212495
5000,5000,1800,50.774145654224185,25.394566916457727,25.37957873776645
5000,5000,2000,45.74040758976178,22.87771905328922,22.86268853647256
5000,5000,2200,41.55304359677689,20.78320807863589,20.769835518141
5000,5000,2400,38.04326719355046,19.027355741509343,19.015911452041124
5000,5000,2600,35.07146786866576,17.540581726409552,17.530886142256215
5000,5000,2800,32.528467908242995,16.268345715199004,16.260122193043983
5000,5000,3000,30.330333624308008,15.168673638974461,15.161659985333547
5000,5000,4000,22.69506445390248,11.34928696964341,11.34577748425907
5000,5000,5000,18.15783916554825,9.079920533748515,9.077918631799736
5000,5000,6000,15.145632037402393,7.5734305127267,7.572201524675692
5000,5000,7000,12.99637303776698,6.498577066653002,6.4977959711139786
5000,5000,8000,11.383568284749005,5.692033269651813,5.691535015097192
5000,5000,9000,10.127475306901376,5.063891637168404,5.063583669732972
5000,5000,10000,9.120866382084943,4.560519974250336,4.560346407834607
5000,6000,500,69.24604481656766,34.278345001443164,34.96769981512449
5000,6000,600,69.10310923978628,34.32433801269417,34.7787712270921
5000,6000,700,68.96272676479352,34.34380199098195,34.618924773811564
5000,6000,800,68.84274157550341,34.35391171698827,34.48882985851514
5000,6000,900,68.76641050815896,34.35396772802955,34.412442780129396
5000,6000,1000,68.69394866188703,34.31256673662486,34.38138192526217
5000,6000,1200,68.38981058153095,34.16202868744239,34.22778189408856
5000,6000,1400,62.616724401628304,31.307400968781803,31.3093234328465
5000,6000,1600,55.76518931105465,27.88756046955379,27.877628841500858
5000,6000,1800,49.95058088077303,24.981967973807066,24.968612906965962
5000,6000,2000,45.085283593973955,22.549131388913374,22.536152205060585
5000,6000,2200,41.01653330039331,20.513978514342032,20.50255478605128
5000,6000,2400,37.592203475997245,18.80096632120316,18.791237154794086
5000,6000,2600,34.68379660867444,17.346008636492186,17.337787972182262
5000,6000,2800,32.189245663540994,16.098103344048692,16.091142319492302
5000,6000,3000,30.02916800124539,15.017549230749411,15.01161877049598
5000,6000,4000,22.50413048075128,11.253547738257657,11.250582742493622
5000,6000,5000,18.02067951428589,9.011189343241599,9.009490171044293
5000,6000,6000,15.040980352969159,7.521017079790038,7.51996327317912
5000,6000,7000,12.91370629745345,6.457193947896581,6.45651234955687
5000,6000,8000,11.316785251440667,5.658616422084382,5.658168829356284
5000,6000,9000,10.07267031400915,5.03648057884526,5.03618973516389
5000,6000,10000,9.075368712194573,4.537774661646576,4.537594050547995
5000,7000,500,69.06913204175085,34.14586383297428,34.923268208776555
5000,7000,600,68.92055595095157,34.189388460401105,34.73116749055046
5000,7000,700,68.77446579718908,34.20708466673439,34.567381130454685
5000,7000,800,68.6604272170078,34.22079406043405,34.43963315657375
5000,7000,900,68.58320074158003,34.23823410501178,34.344966636568245
5000,7000,1000,68.50290340448971,34.22258913707245,34.280314267417275
5000,7000,1200,68.12605777113295,34.03099934455466,34.095058426578284
5000,7000,1400,61.50739316924393,30.755301482383256,30.752091686860673
5000,7000,1600,54.903650018734815,27.457016002299234,27.44663401643558
5000,7000,1800,49.27377275270825,24.64304897388932,24.630723778818922
5000,7000,2000,44.540646218429494,22.276132841394848,22.26451337703465
5000,7000,2200,40.56640801050472,20.288259270151705,20.278148740353025
5000,7000,2400,37.21098387860665,18.609773465919623,18.601210412687024
5000,7000,2600,34.35417011384424,17.180691072681224,17.173479041163013
5000,7000,2800,31.89933078614058,15.95271243300472,15.94661835313586
5000,7000,3000,29.770620429118264,14.887902353285723,14.882718075832543
5000,7000,4000,22.337337483163004,11.169961639048104,11.167375844114904
5000,7000,5000,17.899206215565478,8.950346026274751,8.948860189290725
5000,7000,6000,14.94716409002088,7.474046021296401,7.47311806872448
5000,7000,7000,12.838761523383111,6.41968451143556,6.419077011947551
5000,7000,8000,11.255593956248058,5.628000351455788,5.6275936047922706
5000,7000,9000,10.021939169535983,5.01110594545872,5.010833224077263
5000,7000,10000,9.032832783358197,4.516505780521892,4.516327002836305
5000,8000,500,68.91516794450824,34.033018879082945,34.882149065425295
5000,8000,600,68.76123994529982,34.07366316638699,34.68757677891283
5000,8000,700,68.6112342105801,34.089863015346864,34.52137119523322
5000,8000,800,68.5024629296933,34.106675246765214,34.39578768292808
5000,8000,900,68.42252873405276,34.123691919050124,34.29883681500264
5000,8000,1000,68.33263647432595,34.12630044767599,34.20633602664997
5000,8000,1200,67.3507378693069,33.65868856145959,33.692049307847306
5000,8000,1400,60.600721282253694,30.3041765686764,30.296544713577287
5000,8000,1600,54.19055945532103,27.100731814056974,27.08982764126405
5000,8000,1800,48.70722650510108,24.359448104333268,24.347778400767815
5000,8000,2000,44.080478823911875,22.04558031501224,22.03489850889964
5000,8000,2200,40.18324109318989,20.096212605543418,20.087028487646478
5000,8000,2400,36.884497070725,18.44611398465849,18.438383086066512
5000,8000,2600,34.07043869844057,17.038462888065965,17.031975810374604
5000,8000,2800,31.648698431971404,15.82708313287807,15.821615299093333
5000,8000,3000,29.5462508742729,14.775447047600645,14.770803826672255
5000,8000,4000,22.1904103254109,11.0963589092324,11.094051416178502
5000,8000,5000,17.790917736422532,8.896122649120661,8.89479508730187
5000,8000,6000,14.862639535187302,7.431736328443835,7.4309032067434675
5000,8000,7000,12.770573518610266,6.385561846261104,6.385011672349162
5000,8000,8000,11.199400617935904,5.599887040680191,5.599513577255714
5000,8000,9000,9.974935434127365,4.987595625198261,4.9873398089291054
5000,8000,10000,8.993080668479115,4.496627119191552,4.496453549287563
5000,9000,500,68.78001217585599,33.935861209603004,34.84415096625298
5000,9000,600,68.62107313657161,33.97347059720865,34.64760253936295
5000,9000,700,68.46860654557965,33.98839938261842,34.48020716296124
5000,9000,800,68.36388426945567,34.0075459880432,34.35633828141246
5000,9000,900,68.28007025316961,34.02347648927073,34.256593763898884
5000,9000,1000,68.18029822348072,34.02213657491396,34.15816164856677
5000,9000,1200,66.49823705175426,33.25100261747941,33.247234434274844
5000,9000,1400,59.8452566686525,29.928437714534827,29.916818954117677
5000,9000,1600,53.590092477311856,26.80078431544484,26.789308161867012
5000,9000,1800,48.22574609684277,24.11850125996797,24.107244836874802
5000,9000,2000,43.68639840448063,21.848207637718026,21.838190766762608
5000,9000,2200,39.853051971550215,19.930780034177175,19.922271937373036
5000,9000,2400,36.601708844949336,18.304412108435102,18.297296736514234
5000,9000,2600,33.82362512734222,16.914785784329258,16.908839343012964
5000,9000,2800,31.42986713380035,15.717432659216643,15.712434474583707
5000,9000,3000,29.349705586820516,14.676970674881039,14.67273491193948
5000,9000,4000,22.060017888501463,11.031056558940707,11.028961329560758
5000,9000,5000,17.693805684410485,8.847505653593904,8.846300030816582
5000,9000,6000,14.786128103733102,7.393443605702516,7.392684498030584
5000,9000,7000,12.708313495412526,6.354409002336531,6.353904493075993
5000,9000,8000,11.147671092915237,5.574008523927644,5.5736625689875945
5000,9000,9000,9.931325261743131,4.965782957404827,4.965542304338305
5000,9000,10000,8.955917960905023,4.478042581475636,4.4778753794293875
5000,10000,500,68.66044755083463,33.851410393668246,34.809037157166394
5000,10000,600,68.49684704801984,33.88596493989466,34.610882108125196
5000,10000,700,68.34276300288808,33.899718376793764,34.44304462609431
5000,10000,800,68.24114578446179,33.920580866516204,34.32056491794559
5000,10000,900,68.15279315503615,33.93492173972688,34.21787141530927
5000,10000,1000,68.04202662637402,33.92907517050224,34.11295145587178
5000,10000,1200,65.75370690114394,32.8950245622289,32.85868233891504
5000,10000,1400,59.20578534142721,29.610521627609977,29.595263713817232
5000,10000,1600,53.07723223754576,26.54465723254347,26.53257500500229
5000,10000,1800,47.81133964973552,23.911172533495154,23.900167116240365
5000,10000,2000,43.345030142161804,21.67728304357454,21.66774709858726
5000,10000,2200,39.56551559153049,19.786758741853024,19.778756849677467
5000,10000,2400,36.35437170890157,18.18050950633432,18.173862202567246
5000,10000,2600,33.60695276518017,16.8062421859278,16.80071057925236
5000,10000,2800,31.237141741490316,15.620888688854066,15.616253052636248
5000,10000,3000,29.176112108904807,14.590015967459477,14.58609614144533
5000,10000,4000,21.943529429794964,10.972728958338946,10.970800471456016
5000,10000,5000,17.606242950100548,8.803675938568633,8.802567011531917
5000,10000,6000,14.716566554718147,7.358633155565834,7.357933399152315
5000,10000,7000,12.651271739649754,6.325869511762402,6.325402227887352
5000,10000,8000,11.099931217914722,5.5501270589271465,5.549804158987574
5000,10000,9000,9.890797398933582,4.945512311466794,4.9452850874667895
5000,10000,10000,8.921148855248086,4.460654737652322,4.460494117595765
6000,500,500,91.19894702355136,45.52903488165147,45.66991214189988
6000,500,600,90.81506639455608,45.398554598187815,45.41651179636827
6000,500,700,79.23357699965062,39.487707328405854,39.745869671244776
6000,500,800,71.71686314675024,35.2863987987144,36.43046434803583
6000,500,900,70.84708923902907,35.01322297619283,35.833866262836246
6000,500,1000,70.4683565688367,34.904772866883775,35.56358370195292
6000,500,1200,70.18590968240068,34.81995713227911,35.36595255012157
6000,500,1400,69.98862065942531,34.745697484711656,35.24292317471365
6000,500,1600,66.53642037860679,33.07707155860165,33.45934882000515
6000,500,1800,58.66473809882305,29.296157448947802,29.368580649875245
6000,500,2000,51.551713764244816,25.809893944417198,25.74181981982762
6000,500,2200,46.048908254770936,23.08505785856227,22.963850396208663
6000,500,2400,41.666937030134434,20.90035899067403,20.766578039460406
6000,500,2600,38.08696714658585,19.108567411781788,18.978399734804064
6000,500,2800,35.10046836284815,17.610607182689485,17.489861180158666
6000,500,3000,32.5664354791061,16.338096476505076,16.228339002601015
6000,500,4000,24.018317660960857,12.041190350814325,11.977127310146532
6000,500,5000,19.069593117985942,9.553447784170372,9.516145333815569
6000,500,6000,15.821595991741322,7.921261753254872,7.900334238486451
6000,500,7000,13.519757260940423,6.764915686042387,6.754841574898037
6000,500,8000,11.800897395091113,5.901654414118223,5.899242980972891
6000,500,9000,10.467554461380004,5.232143643571385,5.235410817808617
6000,500,10000,9.402781455846148,4.697571018723535,4.705210437122612
6000,600,500,90.97242494332484,45.35247660722082,45.61994833610401
6000,600,600,90.599018598215,45.12719065852589,45.471827939689106
6000,600,700,72.35976320176923,35.73319686519002,36.6265663365792
6000,600,800,71.11057505058442,35.16067476361737,35.94990028696704
6000,600,900,70.5524552753568,34.99949058343312,35.552964691923684
6000,600,1000,70.32318568778078,34.92288263424037,35.400303053540405
6000,600,1200,70.11705202504956,34.847722159197225,35.269329865852335
6000,600,1400,69.93649552429791,34.77098277935372,35.165512744944195
6000,600,1600,66.55559373241053,33.15075484904679,33.404838883363745
6000,600,1800,58.33493871777278,29.161599587906252,29.173339129866527
6000,600,2000,51.334030731117295,25.707727209056596,25.626303522060695
6000,600,2200,45.89719575304631,23.00393190868893,22.89326384435738
6000,600,2400,41.55493909155044,20.834077160288874,20.720861931261563
6000,600,2600,38.00018533976763,19.053197828794982,18.946987510972658
6000,600,2800,35.03057961815106,17.563501623693515,17.467077994457544
6000,600,3000,32.508410486779376,16.297411481081856,16.210999005697524
6000,600,4000,23.987929059489012,12.018426428425743,11.969502631063268
6000,600,5000,19.049140595839944,9.538733775029955,9.510406820809989
6000,600,6000,15.805997033382436,7.911022475101439,7.894974558280996
6000,600,7000,13.506907404734736,6.757472255397106,6.74943514933763
6000,600,8000,11.789732886292757,5.896088329472454,5.893644556820305
6000,600,9000,10.457467384223877,5.227900612645108,5.229566771578769
6000,600,10000,9.393396271338426,4.694294054607572,4.6991022167308545
6000,700,500,90.7608720878533,45.180771579856184,45.58010050799711
6000,700,600,74.24554260678508,36.90774122131367,37.33780138547141
6000,700,700,71.38512657606435,35.356832883571215,36.028293692493136
6000,700,800,70.69413225628233,35.107271556725955,35.586860699556375
6000,700,900,70.37499453537808,34.991703012327775,35.3832915230503
6000,700,1000,70.21771775035937,34.929886278646784,35.28783147171259
6000,700,1200,70.0559663620299,34.860850414341925,35.19511594768798
6000,700,1400,69.88349401119552,34.781537484335296,35.101956526860235
6000,700,1600,66.5084981677077,33.17271105757223,33.33578711013546
6000,700,1800,58.01911680411115,29.01864065284798,29.000476151263168
6000,700,2000,51.12139330652512,25.60216092636859,25.519232380156527
6000,700,2200,45.744907682021285,22.922126904093084,22.822780777928205
6000,700,2400,41.43955054498159,20.76837012388763,20.671180421093965
6000,700,2600,37.90875439928728,18.998920968144116,18.90983343114317
6000,700,2800,34.95558775492414,17.517660193183776,17.437927561740363
6000,700,3000,32.445239042419026,16.25800223097185,16.18723681144718
6000,700,4000,23.95380634952428,11.996507805725209,11.957298543799073
6000,700,5000,19.026431308355516,9.524525263672642,9.501906044682878
6000,700,6000,15.789256938694132,7.90109105767897,7.88816588101516
6000,700,7000,13.493756673292026,6.750219370540146,6.7435373027518795
6000,700,8000,11.778916534233202,5.890640222460685,5.888276311772518
6000,700,9000,10.448244134229991,5.223729238634039,5.224514895595952
6000,700,10000,9.385294991766221,4.691058135135273,4.694236856630949
6000,800,500,90.62144781729545,44.95349747286218,45.66795034443325
6000,800,600,71.93785978061003,35.72647943786124,36.21138034274878
6000,800,700,70.9118313212348,35.212301599938755,35.69952972129604
6000,800,800,70.45560397408674,35.06622977681849,35.389374197268246
6000,800,900,70.2586603964781,34.9846858852936,35.273974511184505
6000,800,1000,70.1374286501714,34.92989852550155,35.20753012466986
6000,800,1200,70.00150123608047,34.86484694041091,35.13665429566956
6000,800,1400,69.83102498031981,34.78248438546764,35.04854059485218
6000,800,1600,66.41769187886736,33.16035753360532,33.25733434526203
6000,800,1800,57.7158996532905,28.874499496678755,28.84140015661174
6000,800,2000,50.91433300403935,25.497174453135187,25.41715855090416
6000,800,2200,45.59424451407458,22.841678864755806,22.752565649318775
6000,800,2400,41.32379831207894,20.70423657958848,20.619561732490467
6000,800,2600,37.81599145618476,18.94619169773381,18.869799758450956
6000,800,2800,34.878817149147494,17.473250111525616,17.40556703762188
6000,800,3000,32.38011445569198,16.21988281575475,16.16023163993723
6000,800,4000,23.918081734625684,11.975302753896012,11.942778980729672
6000,800,5000,19.002735175944935,9.510725897973254,9.49200927797168
6000,800,6000,15.77203271121011,7.8914048199729345,7.880627891237177
6000,800,7000,13.480514941349536,6.7431168387361,6.737398102613437
6000,800,8000,11.768320330804652,5.885284465990788,5.883035864813864
6000,800,9000,10.43949248359813,5.219613239453747,5.219879244144384
6000,800,10000,9.377872703296408,4.687853226291755,4.690019477004653
6000,900,500,73.35813265717134,36.63079528856745,36.727337368603884
6000,900,600,71.1713237379353,35.373406304298356,35.79791743363693
6000,900,700,70.5716514673864,35.15117777952041,35.420473687866
6000,900,800,70.32114467191866,35.04505348275584,35.27609118916282
6000,900,900,70.17719614243683,34.97740411332263,35.1997920291142
6000,900,1000,70.07360235423377,34.92553165555039,35.14807069868338
6000,900,1200,69.9523344589546,34.863036602134265,35.08929785682033
6000,900,1400,69.7795386672571,34.77704274749918,35.00249591975793
6000,900,1600,66.14169262530399,33.04165389343172,33.10003873187227
6000,900,1800,57.42435416799342,28.73237152910067,28.691982638892746
6000,900,2000,50.71309896344886,25.394335324710127,25.31876363873873
6000,900,2200,45.446277789641115,22.763282360174095,22.68299542946702
6000,900,2400,41.20912627433382,20.641940247639837,20.567186026693978
6000,900,2600,37.72345912199466,18.895065268855184,18.82839385313947
6000,900,2800,34.80182301365878,17.43022680492877,17.371596208730015
6000,900,3000,32.314524954883076,16.18296273524278,16.131562219640298
6000,900,4000,23.881745558553447,11.954712806001808,11.92703275255164
6000,900,5000,18.9786436463281,9.497273337469963,9.481370308858137
6000,900,6000,15.754631799875442,7.881925463156434,7.87270633671901
6000,900,7000,13.467281926598773,6.7361410254983625,6.731140901100411
6000,900,8000,11.757886582300896,5.880006456780107,5.8778801255207895
6000,900,9000,10.431031593380206,5.215543746975918,5.215487846404288
6000,900,10000,9.37084934642166,4.684674152455694,4.686175193965965
6000,1000,500,71.73113395654165,35.733785646783495,35.99734830975816
6000,1000,600,70.76188102749384,35.21002120199522,35.55185982549862
6000,1000,700,70.39215281225461,35.10661590364395,35.28553690861066
6000,1000,800,70.23888229783263,35.03259325689345,35.20628904093919
6000,1000,900,70.11655019683026,34.9695483367647,35.147001860065565
6000,1000,1000,70.02202553439199,34.91938468443927,35.10264084995272
6000,1000,1200,69.90737791135605,34.85750203822734,35.04987587312872
6000,1000,1400,69.72895998755902,34.767185073383295,34.96177491417572
6000,1000,1600,65.71541970752801,32.83786801257048,32.87755169495753
6000,1000,1800,57.143782196716764,28.59369957060121,28.550082626115554
6000,1000,2000,50.51775175498899,25.294260800037097,25.223490954951888
6000,1000,2200,45.30152878343831,22.687146990261866,22.614381793176438
6000,1000,2400,41.096258262612444,20.581506012525082,20.51475225008737
6000,1000,2600,37.6319464658653,18.845485771283943,18.78646069458135
6000,1000,2800,34.725393351798196,17.388501889721468,17.33689146207672
6000,1000,3000,32.24922625331951,16.14714355370548,16.102082699614037
6000,1000,4000,23.845304253240748,11.934667063145213,11.910637190095539
6000,1000,5000,18.954460732344998,9.484125815478047,9.470334916866953
6000,1000,6000,15.737213134593427,7.872628229342568,7.864584905250857
6000,1000,7000,13.454109918239851,6.729277050534073,6.724832867705778
6000,1000,8000,11.747586474654764,5.874797263507738,5.872789211147025
6000,1000,9000,10.422768964792116,5.211515509069828,5.211253455722287
6000,1000,10000,9.364081296683294,4.681518089583239,4.682563207100053
6000,1200,500,70.56498748185778,35.2440073855395,35.320980096318294
6000,1200,600,70.4021006232914,35.1530445307191,35.249056092572296
6000,1200,700,70.27545768923443,35.08635992168344,35.18909776755099
6000,1200,800,70.15234046654624,35.02098325961812,35.13135720692811
6000,1200,900,70.03290696186642,34.955041679957624,35.0778652819088
6000,1200,1000,69.94128332707784,34.90407799163242,35.03720533544542
6000,1200,1200,69.82684559655165,34.8399726551386,34.986872941413054
6000,1200,1400,69.63034900444667,34.739161865743384,34.89118713870328
6000,1200,1600,64.91680129630625,32.449608128021225,32.467193168285014
6000,1200,1800,56.61323961672421,28.328825409890353,28.284414206833855
6000,1200,2000,50.14441613210592,25.10307133988406,25.041344792221864
6000,1200,2200,45.022481486164175,22.541672771364244,22.48080871479993
6000,1200,2400,40.87721728703296,20.465977346354006,20.41123994067896
6000,1200,2600,37.453439154421616,18.750633784058426,18.702805370363194
6000,1200,2800,34.575712620461594,17.30859868410199,17.2671139363596
6000,1200,3000,32.12094152492988,16.078474787746785,16.042466737183098
6000,1200,4000,23.77309432465359,11.896012427219969,11.877081897433625
6000,1200,5000,18.90642003250932,9.458636323154598,9.447783709354722
6000,1200,6000,15.702638310817418,7.8545170602671135,7.848121250550306
6000,1200,7000,13.428054204581725,6.715847718247287,6.712206486334439
6000,1200,8000,11.727331279521376,5.864563907274174,5.862767372247201
6000,1200,9000,10.40665551991558,5.203570882848056,5.203084637067523
6000,1200,10000,9.351025383923881,4.67526910637253,4.6757562775513515
6000,1400,500,70.47434033774226,35.203196373285415,35.27114396445685
6000,1400,600,70.33443711175659,35.12190937405167,35.21252773770492
6000,1400,700,70.20780919890898,35.055853680105294,35.15195551880368
6000,1400,800,70.08650236905618,34.99418676997102,35.092315599085154
6000,1400,900,69.96880161584818,34.93444511648937,35.0343564993588
6000,1400,1000,69.87793542922479,34.886998986312335,34.99093644291245
6000,1400,1200,69.75529279321064,34.81810778470983,34.93718500850081
6000,1400,1400,69.53460084112731,34.70472155177894,34.829879289348376
6000,1400,1600,64.18390563564952,32.08893018909303,32.0949754465565
6000,1400,1800,56.120059363458545,28.0811647955447,28.038894567913843
6000,1400,2000,49.79318370617829,24.9236441189531,24.86953958722519
6000,1400,2200,44.75753948040742,22.404781730184535,22.352757750222878
6000,1400,2400,40.66782481655381,20.357018149445214,20.3108066671086
6000,1400,2600,37.28190948330356,18.660991247070942,18.62091823623262
6000,1400,2800,34.43130188594399,17.23293868195872,17.198363203985267
6000,1400,3000,31.99677444877821,16.01333416253944,15.983440286238771
6000,1400,4000,23.702534695160747,11.859050128110713,11.843484567050032
6000,1400,5000,18.85927937550411,9.434100643139775,9.425178732364335
6000,1400,6000,15.668662172018049,7.8369828428886885,7.831679329129361
6000,1400,7000,13.402466390417759,6.702778167667714,6.699688222750044
6000,1400,8000,11.707491361645577,5.854555836921338,5.852935524724239
6000,1400,9000,10.390944312245429,5.195764255406338,5.19518005683909
6000,1400,10000,9.338379762476961,4.66909962704538,4.669280135431582
6000,1600,500,70.40528715658337,35.1701288112831,35.235158345300285
6000,1600,600,70.26650431035036,35.089697278439516,35.17680703191084
6000,1600,700,70.13964189970541,35.023964736427054,35.11567716327836
6000,1600,800,70.01787317086747,34.9626051856087,35.05526798525877
6000,1600,900,69.90105790682391,34.903896128735624,34.99716177808828
6000,1600,1000,69.81525328625713,34.86026448827136,34.95498879798578
6000,1600,1200,69.69005637910327,34.79447008820976,34.8955862908935
6000,1600,1400,69.44109242021602,34.66684835565855,34.77424406455747
6000,1600,1600,63.509429034010005,31.754915855532467,31.754513178477538
6000,1600,1800,55.66050757923774,27.84993011057067,27.81057746866707
6000,1600,2000,49.46251132430645,24.75518816809953,24.70732315620692
6000,1600,2200,44.50622017118326,22.27574762601387,22.23047254516939
6000,1600,2400,40.468102073440306,20.253994975445046,20.21410709799526
6000,1600,2600,37.11762024610861,18.576016647770196,18.54160359833841
6000,1600,2800,34.29253716900666,17.16106127344135,17.13147589556531
6000,1600,3000,31.87714889107464,15.951329619992137,15.925819271082506
6000,1600,4000,23.633992819151697,11.823593571519947,11.81039924763175
6000,1600,5000,18.81327726098454,9.410421305258843,9.402855955725693
6000,1600,6000,15.635414246659874,7.819972124112599,7.815442122547276
6000,1600,7000,13.37738930280649,6.690038812747249,6.6873504900592415
6000,1600,8000,11.688040212350097,5.844757246330786,5.843282966019312
6000,1600,9000,10.375552516476283,5.1880881258395055,5.1874643906367774
6000,1600,10000,9.326015089696481,4.663007297402204,4.6630077922942785
6000,1800,500,70.33730663901994,35.137571287565784,35.19973535145416
6000,1800,600,70.1992290495342,35.05726832660424,35.14196072292997
6000,1800,700,70.07190672935089,34.99155920661544,35.08034752273543
6000,1800,800,69.94945650454818,34.930267936975305,35.019188567572876
6000,1800,900,69.83357714785299,34.87247820412947,34.96109894372352
6000,1800,1000,69.75175522580544,34.83135572086215,34.92039950494329
6000,1800,1200,69.62683570676134,34.76768397544059,34.859151731320736
6000,1800,1400,69.34941177059324,34.627089340849324,34.722322429743905
6000,1800,1600,62.88672270200383,31.445450876715352,31.44127182528849
6000,1800,1800,55.23125390127725,27.633824905862394,27.597428995414848
6000,1800,2000,49.15080074274966,24.59678039699044,24.554020345759223
6000,1800,2200,44.26775151299283,22.153870537184456,22.113880975808375
6000,1800,2400,40.27768613842542,20.156358909676754,20.121327228748672
6000,1800,2600,36.96042282870303,18.495269381823928,18.465153446879107
6000,1800,2800,34.159387522589796,17.09260655093523,17.066780971654566
6000,1800,3000,31.762100214637453,15.89216291189773,15.869937302739725
6000,1800,4000,23.567576374333637,11.789508583691843,11.778067790641792
6000,1800,5000,18.768495031927884,9.387529623105783,9.380965408822101
6000,1800,6000,15.602940530348867,7.803447862213675,7.799492668135192
6000,1800,7000,13.352836499721079,6.677609636541191,6.675226863179887
6000,1800,8000,11.668963419500976,5.835157902643336,5.833805516857639
6000,1800,9000,10.36044187880199,5.180538125626342,5.179903753175648
6000,1800,10000,9.313872752394728,4.656991360194237,4.656881392200489
6000,2000,500,70.27076140538887,35.10606960482546,35.16469180056341
6000,2000,600,70.13311067549161,35.02513642864811,35.10797424684349
6000,2000,700,70.00518060712649,34.959185829641775,35.0459947774847
6000,2000,800,69.88189466237601,34.89777462751837,34.98412003485763
6000,2000,900,69.76700745474402,34.84083156223481,34.9261758925092
6000,2000,1000,69.68878916103642,34.8019245588297,34.886864602206735
6000,2000,1200,69.56233461973899,34.73838716590829,34.8239474538307
6000,2000,1400,69.25930582507493,34.586286456884366,34.673019368190566
6000,2000,1600,62.30994592633795,31.15820355611818,31.15174237021978
6000,2000,1800,54.82934916481325,27.43149897514998,27.397850189663274
6000,2000,2000,48.85652821463438,24.447539323430284,24.40898889120409
6000,2000,2200,44.041292385000766,22.038525034830187,22.002767350170583
6000,2000,2400,40.09608465218709,20.06364104424594,20.03244360794115
6000,2000,2600,36.81001701417238,18.418384257276298,18.391632756896076
6000,2000,2800,34.03166571146516,17.027282179865853,17.00438353159931
6000,2000,3000,31.65151112501525,15.835595153976902,15.81591597103835
6000,2000,4000,23.50328616807414,11.756690771084314,11.746595396989827
6000,2000,5000,18.724948064119843,9.365372611179783,9.35957545294006
6000,2000,6000,15.571251323925127,7.787381695525989,7.783869628399138
6000,2000,7000,13.328808522782964,6.6654755126048695,6.6633330101780945
6000,2000,8000,11.650251025081168,5.825750289809159,5.82450073527201
6000,2000,9000,10.345592417916,5.173111299726204,5.172481118189798
6000,2000,10000,9.30192358992161,4.651051663263812,4.650871926657799
6000,2200,500,70.2054488864999,35.059976987185635,35.14547189931426
6000,2200,600,70.0684457450965,34.99367732903167,35.074768416064835
6000,2200,700,69.93979760066611,34.9271941959141,35.012603404752014
6000,2200,800,69.81556290239416,34.86549515069831,34.95006775169585
6000,2200,900,69.7017189499026,34.80934387861787,34.892375071284725
6000,2200,1000,69.62678241256852,34.772416047038895,34.85436636552962
6000,2200,1200,69.49775988557866,34.70831818479045,34.7894417007882
6000,2200,1400,69.16865119321481,34.54400501783586,34.62464617537896
6000,2200,1600,61.7740376043743,30.890951774691732,30.88308582968257
6000,2200,1800,54.45219388491767,27.241687091614462,27.210506793303203
6000,2200,2000,48.57828780909038,24.306665703424308,24.271622105666065
6000,2200,2200,43.82601595781885,21.929160525584567,21.89685543223429
6000,2200,2400,39.92277388760062,19.97543750095906,19.947336386641563
6000,2200,2600,36.666051339664335,18.345051507554093,18.320999832110243
6000,2200,2800,33.90912537711822,16.964842778924634,16.944282598193585
6000,2200,3000,31.545203248854968,15.781427289965675,15.763775958889296
6000,2200,4000,23.44107587866404,11.725054274242245,11.716021604421796
6000,2200,5000,18.682621631940712,9.343906739901591,9.338714892039118
6000,2200,6000,15.54034022836031,7.77175033624482,7.768589892115489
6000,2200,7000,13.305299553162236,6.653624066854322,6.651675486307914
6000,2200,8000,11.631894820977967,5.8165283328532045,5.815366488124765
6000,2200,9000,10.330992396734151,5.165805360303348,5.165187036430802
6000,2200,10000,9.290151985434663,4.645188250199495,4.644963735235169
6000,2400,500,70.1412710523546,35.00526465570421,35.13600639665039
6000,2400,600,70.0053551757843,34.96311289465261,35.04224228113168
6000,2400,700,69.87593302423295,34.895799298778606,34.98013372545436
6000,2400,800,69.7506828984902,34.833669449722564,34.91701344876763
6000,2400,900,69.63800359221099,34.778299611812926,34.85970398039807
6000,2400,1000,69.5659859732901,34.74311030575871,34.822875667531385
6000,2400,1200,69.43355276367714,34.67790272397542,34.75565003970172
6000,2400,1400,69.00303137752284,34.464804642427886,34.53822673509496
6000,2400,1600,61.27463233070399,30.64168448277364,30.632947847930346
6000,2400,1800,54.09749971912007,27.06324588645024,27.034253832669833
6000,2400,2000,48.31480080297812,24.17344626634454,24.141354536633578
6000,2400,2200,43.621141319625245,21.825292070635413,21.795849248989825
6000,2400,2400,39.75723878817963,19.891396288090203,19.865842500089425
6000,2400,2600,36.528165154992635,18.27500318556333,18.253161969429303
6000,2400,2800,33.79150230888996,16.905077191654193,16.886425117235763
6000,2400,3000,31.442976296894223,15.729488598417161,15.713487698477062
6000,2400,4000,23.38087806320677,11.694525715744534,11.686352347462234
6000,2400,5000,18.641486681570335,9.323094675642539,9.318392005927793
6000,2400,6000,15.510192598032539,7.756533728154944,7.753658869877595
6000,2400,7000,13.282300473548833,6.642044607619766,6.640255865929067
6000,2400,8000,11.613887302668676,5.80748677518317,5.806400527485508
6000,2400,9000,10.316634051609743,5.15861833535702,5.158015716252723
6000,2400,10000,9.278549001539517,4.639401179822136,4.639147821717381
6000,2600,500,70.07897519241935,34.95223835935583,35.126736833063504
6000,2600,600,69.94388649680492,34.93362377398355,35.01026272282138
6000,2600,700,69.81367445345077,34.86514525329232,34.948529200158454
6000,2600,800,69.68737015840321,34.80244574705491,34.884924411348294
6000,2600,900,69.57641596020378,34.748073735798016,34.828342224405766
6000,2600,1000,69.50653548102039,34.71417916573685,34.79235631528354
6000,2600,1200,69.36998178837497,34.647413028698224,34.72256875967674
6000,2600,1400,68.62151345750907,34.28051029680066,34.34100316070842
6000,2600,1600,60.807962271865534,30.408618008170894,30.399344263694637
6000,2600,1800,53.7632503554326,26.89515598033053,26.868094375102075
6000,2600,2000,48.06491123297542,24.04724685857608,24.017664374399335
6000,2600,2200,43.42594402409664,21.72649061716562,21.69945340693102
6000,2600,2400,39.59898936137677,19.811207303688395,19.78778205768838
6000,2600,2600,36.39600695350386,18.208003966107114,18.188002987396747
6000,2600,2800,33.67853292376274,16.847800336680447,16.83073258708229
6000,2600,3000,31.34462590399662,15.679629594442687,15.664996309553928
6000,2600,4000,23.32261640151882,11.665040703246977,11.657575698271845
6000,2600,5000,18.60150737065861,9.30290344815507,9.298603922503542
6000,2600,6000,15.480789642315607,7.741714033360184,7.739075608955423
6000,2600,7000,13.259800409514044,6.63072755146716,6.629072858046883
6000,2600,8000,11.596221245705088,5.798620855041782,5.797600390663306
6000,2600,9000,10.302511619300736,5.1515483951529,5.150963224147836
6000,2600,10000,9.267109157156256,4.633690445894386,4.633418711261871
6000,2800,500,70.01858384632197,34.90092521897296,35.117658627349016
6000,2800,600,69.88402930954668,34.90535550445709,34.97867380508958
6000,2800,700,69.75305962143179,34.83534304101648,34.91771658041531
6000,2800,800,69.6256835315135,34.771926270048496,34.853757261465006
6000,2800,900,69.51691327371147,34.718716508342794,34.79819676536867
6000,2800,1000,69.44850418900953,34.68573545815105,34.76276873085848
6000,2800,1200,69.30711211633991,34.61697934143544,34.69013277490448
6000,2800,1400,68.25331014955847,34.10217270208253,34.15113744747595
6000,2800,1600,60.37076518722919,30.190182026916208,30.180583160312974
6000,2800,1800,53.447665288665505,26.736512514013068,26.711152774652433
6000,2800,2000,47.82757629122594,23.927503237719616,23.900073053506322
6000,2800,2200,43.23975755230349,21.632374470131786,21.607383082171705
6000,2800,2400,39.44756674800947,19.734594875740182,19.71297187226929
6000,2800,2600,36.26924224088894,18.143844754287244,18.125397486601695
6000,2800,2800,33.56996267883298,16.79284776936726,16.777114909465723
6000,2800,3000,31.249952007214088,15.631717410752056,15.618234596462031
6000,2800,4000,23.266211786452697,11.636541677600494,11.629670108852203
6000,2800,5000,18.5626449035536,9.283303351619534,9.279341551934067
6000,2800,6000,15.4521105530002,7.727275039185337,7.724835513814861
6000,2800,7000,13.237787562331889,6.619664096498116,6.618123465833772
6000,2800,8000,11.57888953467269,5.789926129075688,5.788963405597001
6000,2800,9000,10.288620368647964,5.144593764444141,5.144026604203821
6000,2800,10000,9.255828812983987,4.628055943688184,4.627772869295803
6000,3000,500,69.96005557990871,34.85136016707122,35.10869541283749
6000,3000,600,69.8257479090173,34.87847258211931,34.947275326897994
6000,3000,700,69.69408583562594,34.80647533583084,34.88761049979511
6000,3000,800,69.56563592532278,34.74217270455268,34.8234632207701
6000,3000,900,69.45936297583006,34.69020998502406,34.769152990805985
6000,3000,1000,69.39192280998171,34.657851592178034,34.73407121780368
6000,3000,1200,69.24490679500883,34.58665341062787,34.65825338438097
6000,3000,1400,67.8975804823292,33.929406390391016,33.9681740919382
6000,3000,1600,59.96020651579878,29.984997330373616,29.97520918542516
6000,3000,1800,53.14916797272843,26.58651267650088,26.562655296227547
6000,3000,2000,47.601855274866,23.813712098097962,23.78814317676803
6000,3000,2200,43.061970968728396,21.542602290109706,21.51936867861869
6000,3000,2400,39.30254459327783,19.66131212559611,19.641232467681718
6000,3000,2600,36.147556531612956,18.08233808489777,18.06521844671519
6000,3000,2800,33.46554974854404,16.740071888652096,16.72547785989195
6000,3000,3000,31.15876274286853,15.585632638907429,15.5731301039611
6000,3000,4000,23.211585457704427,11.608976511012338,11.60260894669209
6000,3000,5000,18.524859572084015,9.264267247006439,9.260592325077576
6000,3000,6000,15.42413366568754,7.713201791389188,7.71093187429835
6000,3000,7000,13.216249685553768,6.608846027425767,6.607403658128001
6000,3000,8000,11.561885100066574,5.781398372830795,5.780486727235779
6000,3000,9000,10.274956104475608,5.137752678513626,5.1372034259619825
6000,3000,10000,9.244705321841305,4.622497459372144,4.6222078624691605
6000,4000,500,69.69345411753096,34.628274426691355,35.0651796908396
6000,4000,600,69.55633277768675,34.674143332412676,34.88218944527407
6000,4000,700,69.42221986581767,34.67820539868211,34.74401446713556
6000,4000,800,69.29155937242471,34.60725948910094,34.68429988332378
6000,4000,900,69.1974902901763,34.55998928357611,34.6375010066002
6000,4000,1000,69.13018687990595,34.52770382944164,34.60248305046429
6000,4000,1200,68.94448897059654,34.43840645503456,34.50608251556197
6000,4000,1400,65.83349471394787,32.90854958997024,32.92494512397763
6000,4000,1600,58.23019801569717,29.120064531953762,29.110133483743397
6000,4000,1800,51.86891186566256,25.943718072073203,25.92519379358935
6000,4000,2000,46.620381480690234,23.31977408481579,23.30060739587445
6000,4000,2200,42.28103117386976,21.149138037767838,21.131893136101922
6000,4000,2400,38.66063253630892,19.33773962743932,19.322892908869598
6000,4000,2600,35.60571381813313,17.809173107512482,17.796540710620647
6000,4000,2800,32.99836216762545,16.504558159384175,16.49380400824128
6000,4000,3000,30.749077753744068,15.37914068424826,15.369937069495803
6000,4000,4000,22.962545564622832,11.483612792764728,11.478932771858103
6000,4000,5000,18.35074229775545,9.176727690499124,9.174014607256323
6000,4000,6000,15.294027706074136,7.647861859445829,7.646165846628307
6000,4000,7000,13.115253155303177,6.558177725107162,6.557075430196017
6000,4000,8000,11.48152717130515,5.741126035878554,5.740401135426596
6000,4000,9000,10.209905801771049,5.10518763539826,5.104718166372788
6000,4000,10000,9.191373257116975,4.595830649500351,4.595542607616624
6000,5000,500,69.46457369011347,34.441159735228126,35.02341395488534
6000,5000,600,69.32304913980133,34.48799917507148,34.83504996472985
6000,5000,700,69.18413904780368,34.50769531766478,34.67644373013889
6000,5000,800,69.05651166663961,34.49750157693241,34.5590100897072
6000,5000,900,68.97144719648523,34.44909346926003,34.52235372722521
6000,5000,1000,68.90025841935199,34.41317747956789,34.487080939784086
6000,5000,1200,68.65797607739547,34.29568616126494,34.362289916130536
6000,5000,1400,64.04980816533113,32.020853912207194,32.02895425312393
6000,5000,1600,56.896638677182686,28.45325850521247,28.443380171970215
6000,5000,1800,50.857804934665594,25.43662124011902,25.42118369454657
6000,5000,2000,45.83035487989133,22.922936284114577,22.907418595776758
6000,5000,2200,41.6433392121322,20.828590926908905,20.814748285223295
6000,5000,2400,38.130687644935676,19.071282449693854,19.059405195241823
6000,5000,2600,35.15449418243774,17.5822911911563,17.57220299128143
6000,5000,2800,32.606543749194834,16.307561253599612,16.298982495595226
6000,5000,3000,30.403414906108832,15.205375528971912,15.19803937713692
6000,5000,4000,22.747773386761494,11.375749976451939,11.372023410309552
6000,5000,5000,18.198126774264423,9.100147058726657,9.09797971553777
6000,5000,6000,15.178383122339998,7.589874459992004,7.588508662347994
6000,5000,7000,13.024332852651254,6.512616678762145,6.511716173889109
6000,5000,8000,11.408319913692244,5.704463146429776,5.703856767262469
6000,5000,9000,10.149967805841477,5.07518810916596,5.074779696675518
6000,5000,10000,9.141690543738424,4.570979565860921,4.570710977877503
6000,6000,500,69.26648253774458,34.28302319364974,34.983459344094825
6000,6000,600,69.12022997249463,34.32955286731917,34.790677105175455
6000,6000,700,68.97628485228229,34.349188131209885,34.62709672107241
6000,6000,800,68.85314070275604,34.3592115318636,34.49392917089244
6000,6000,900,68.77303703973793,34.35724193829692,34.41579510144099
6000,6000,1000,68.6966142619226,34.31353894065674,34.38307532126586
6000,6000,1200,68.38512559472106,34.15960248463713,34.225523110083934
6000,6000,1400,62.65607203963298,31.32708497152421,31.328987068108773
6000,6000,1600,55.83394177455281,27.92197431214599,27.911967462406825
6000,6000,1800,50.037363149067154,25.02545982428749,25.011903324779666
6000,6000,2000,45.17995447535257,22.59659995773566,22.583354517616907
6000,6000,2200,41.11244507975326,20.562075085901846,20.55036999385141
6000,6000,2400,37.68562769971195,18.847814795466498,18.83781290424545
6000,6000,2600,34.7728849742786,17.39068054123874,17.382204433039853
6000,6000,2800,32.27323982825222,16.14021858080807,16.133021247444155
6000,6000,3000,30.107906479404217,15.057027468701117,15.050879010703099
6000,6000,4000,22.56074128021137,11.281929382304359,11.278811897907012
6000,6000,5000,18.06335796339621,9.032587339130018,9.030770624266195
6000,6000,6000,15.075017779318618,7.5380845065363635,7.536933272782253
6000,6000,7000,12.942161341215654,6.471463938266977,6.470697402948677
6000,6000,8000,11.341465701703536,5.67099500796621,5.670470693737324
6000,6000,9000,10.09468577749461,5.047523847139738,5.047161930354873
6000,6000,10000,9.09542571264837,4.547836687767126,4.547589024881241
6000,7000,500,69.09360093438777,34.148154000117515,34.94544693427026
6000,7000,600,68.94261950879479,34.193325493891635,34.749294014903164
6000,7000,700,68.79397511170858,34.21237926989393,34.58159584181464
6000,7000,800,68.67838750413337,34.22738241374531,34.451005090388065
6000,7000,900,68.59796320089592,34.24489197103007,34.35307122986585
6000,7000,1000,68.51411066788927,34.228841040026545,34.28526962786272
6000,7000,1200,68.12962136561457,34.03277189421409,34.09684947140049
6000,7000,1400,61.53455733979492,30.76889384442013,30.765663495374792
6000,7000,1600,54.96546335843085,27.487894156522795,27.477569201908057
6000,7000,1800,49.35738267776295,24.684879459604996,24.67250321815795
6000,7000,2000,44.6347130581709,22.323229917681903,22.311483140489
6000,7000,2200,40.66336916446485,20.336820233286122,20.326548931178724
6000,7000,2400,37.30646354356027,18.657598069463287,18.648865474096983
6000,7000,2600,34.44588548190401,17.226632157319965,17.219253324584045
6000,7000,2800,31.986240283768872,15.996246861105487,15.989993422663382
6000,7000,3000,29.85238082568619,14.928857745525118,14.923523080161068
6000,7000,4000,22.396437004473757,11.199566920425575,11.196870084048182
6000,7000,5000,17.94352504986471,8.972549015148262,8.970976034716449
6000,7000,6000,14.982130747865988,7.491565691317724,7.490565056548265
6000,7000,7000,12.86759952887408,6.434135243355474,6.433464285518607
6000,7000,8000,11.280247000862385,5.6403555178162454,5.6398914830461395
6000,7000,9000,10.043621539244683,5.021973628180159,5.021647911064525
6000,7000,10000,9.05233038685881,4.526279538561496,4.526050848297315
6000,8000,500,68.94152546785067,34.0320643698907,34.90946109795998
6000,8000,600,68.78597266212147,34.07521209090291,34.710760571218565
6000,8000,700,68.63473104508742,34.09390838535735,34.540822659730075
6000,8000,800,68.52560999684252,34.11312758776459,34.41248240907793
6000,8000,900,68.44293713354001,34.130946389565345,34.31199074397468
6000,8000,1000,68.34950962546259,34.1335715245399,34.21593810092267
6000,8000,1200,67.3013001949725,33.636060489486105,33.66523970548638
6000,8000,1400,60.61134073383876,30.309550028613415,30.301790705225347
6000,8000,1600,54.24146863220879,27.126127768827125,27.115340863381668
6000,8000,1800,48.784110502419395,24.397869933076922,24.386240569342473
6000,8000,2000,44.170760922194404,22.090740027370426,22.080020894823974
6000,8000,2200,40.27840966420868,20.14383717672998,20.134572487478703
6000,8000,2400,36.97949672521998,18.493663803185402,18.485832922034582
6000,8000,2600,34.1625204001289,17.084557036283453,17.077963363845445
6000,8000,2800,31.736507222362402,15.871040966118647,15.865466256243751
6000,8000,3000,29.629234202776754,14.816990799260257,14.812243403516497
6000,8000,4000,22.250972946656383,11.126681591980738,11.124291354675645
6000,8000,5000,17.83630207901524,8.91884808781754,8.917453991197702
6000,8000,6000,14.898240109341506,7.449564631501102,7.448675477840405
6000,8000,7000,12.799679500314525,6.4001393882541775,6.399540112060349
6000,8000,8000,11.224030110582818,5.612223973018584,5.611806137564234
6000,8000,9000,9.996367551328804,4.998332202039238,4.998035349289568
6000,8000,10000,9.012154075786684,4.506183131235164,4.505970944551519
6000,9000,500,68.80677752408852,33.93124128223406,34.875536241854455
6000,9000,600,68.64688401791909,33.97200644486948,34.674877573049606
6000,9000,700,68.4944213555681,33.99037967103159,34.504041684536496
6000,9000,800,68.39045085834074,34.01290144508048,34.37754941326026
6000,9000,900,68.30415886779144,34.03021799845016,34.27394086934128
6000,9000,1000,68.20069819508733,34.0292651922211,34.17143300286622
6000,9000,1200,66.42657532815002,33.218829622784746,33.20774570536528
6000,9000,1400,59.83750526194417,29.924718226305615,29.912787035638555
6000,9000,1600,53.62811835102836,26.81973192991476,26.8083864211136
6000,9000,1800,48.29393933306774,24.152550989007175,24.141388344060562
6000,9000,2000,43.77101041741195,21.89050285559575,21.880507561816202
6000,9000,2200,39.94465963752,19.976596818857647,19.96806281866235
6000,9000,2400,36.694594291719746,18.350880637954386,18.343713653765352
6000,9000,2600,33.91457664151963,16.96029366858709,16.954282972932536
6000,9000,2800,31.51721217982961,15.761140040795537,15.756072139034076
6000,9000,3000,29.43267430354208,14.718490692405659,14.714183611136415
6000,9000,4000,22.121294285466625,11.061726023319101,11.059568262147522
6000,9000,5000,17.739814647094764,8.870536070512832,8.869278576581934
6000,9000,6000,14.82212173929027,7.411462548055601,7.41065919123467
6000,9000,7000,12.737580107583872,6.3690618067475695,6.368518300836303
6000,9000,8000,11.17226040528369,5.586320841288908,5.585939563994785
6000,9000,9000,9.95255265151088,4.976412997391819,4.976139654119061
6000,9000,10000,8.974655267896557,4.487426614658328,4.487228653238228
6000,10000,500,68.68657361475421,33.8429255620363,34.84364805271792
6000,10000,600,68.5226157291904,33.881166568251984,34.64144916093843
6000,10000,700,68.37024538121896,33.89942929503733,34.47081608618164
6000,10000,800,68.26981045259893,33.9242160524374,34.345594400161524
6000,10000,900,68.17907298910079,33.940368797147684,34.238704191953104
6000,10000,1000,68.06397991003571,33.93503717831282,34.128942731722894
6000,10000,1200,65.65900276388496,32.853037953063264,32.8059648108217
6000,10000,1400,59.179182241916585,29.59749902378576,29.58168321813083
6000,10000,1600,53.101521938967046,26.556745446637052,26.544776492329987
6000,10000,1800,47.869822768915746,23.940352890373223,23.929469878542523
6000,10000,2000,43.42288853774965,21.716182285388978,21.706706252360668
6000,10000,2200,39.65247837015648,19.830234204498154,19.82224416565833
6000,10000,2400,36.444096515681345,18.22538054638621,18.218715969295133
6000,10000,2600,33.69578522874471,16.850675284474402,16.845109944270312
6000,10000,2800,31.3231006105348,15.663889463379899,15.659211147154904
6000,10000,3000,29.258212637005077,14.63108986551067,14.627122771494404
6000,10000,4000,22.00496979445742,11.003472936539675,11.001496857917747
6000,10000,5000,17.65253810396276,8.82684403835555,8.825694065607212
6000,10000,6000,14.752758577015683,7.376746958174041,7.376011618841645
6000,10000,7000,12.680603562580616,6.34055122053429,6.340052342046328
6000,10000,8000,11.12445435266161,5.562402985899476,5.562051366762133
6000,10000,9000,9.911842952031611,4.956048398372708,4.955794553658904
6000,10000,10000,8.939607398623647,4.469896540185801,4.469710858437845
7000,500,500,91.1588861989353,45.46619010106044,45.69269609787487
7000,500,600,90.74518220475039,45.34693996129375,45.39824224345665
7000,500,700,72.794495481131,35.763553795159794,37.03094168597121
7000,500,800,71.00483654243787,34.96850862035342,36.03632792208445
7000,500,900,70.39476998612054,34.87373410661388,35.521035879506655
7000,500,1000,70.14735568569616,34.797529267699524,35.34982641799662
7000,500,1200,69.92199529092495,34.7135929622096,35.20840232871535
7000,500,1400,69.7256183097649,34.62464774572746,35.10097056403744
7000,500,1600,66.08485459738256,32.84944551002611,33.23540908735645
7000,500,1800,58.39091933902616,29.15561955155092,29.235299787475245
7000,500,2000,51.37227462316461,25.72065950321712,25.651615119947486
7000,500,2200,45.92019811490953,23.023953259320535,22.896244855588996
7000,500,2400,41.56927806336651,20.856123124064098,20.713154939302413
7000,500,2600,38.01019831175961,19.07531708255557,18.934881229204034
7000,500,2800,35.038736260256606,17.585023203889374,17.45371305636723
7000,500,3000,32.51608218753397,16.31816712839567,16.197915059138296
7000,500,4000,23.999588719848795,12.036372057729578,11.963216662119217
7000,500,5000,19.065812154761655,9.555569181352904,9.51024297340875
7000,500,6000,15.8264547205886,7.927374936712806,7.899079783875795
7000,500,7000,13.529989141114575,6.7735071760617585,6.756481965052816
7000,500,8000,11.814547419268733,5.911817118670394,5.902730300598337
7000,500,9000,10.48336061153275,5.243290780033869,5.240069831498879
7000,500,10000,9.419895998467187,4.709308798981457,4.7105871994857305
7000,600,500,90.92852755530024,45.29619085100862,45.63233670429162
7000,600,600,82.0205918003828,41.01612176950359,41.00447003087922
7000,600,700,71.39110521075304,35.23455674865574,36.1565484620973
7000,600,800,70.5939043608704,35.01512449666425,35.578779864206155
7000,600,900,70.23158609733258,34.89396569810303,35.33762039922956
7000,600,1000,70.06442828803823,34.83048414294403,35.23394414509419
7000,600,1200,69.88470743951058,34.75034906517817,35.1343583743324
7000,600,1400,69.69747628851802,34.65911481528878,35.03836147322925
7000,600,1600,66.13577566882863,32.93995230806667,33.19582336076195
7000,600,1800,58.08332728347092,29.03506798135239,29.048259302118527
7000,600,2000,51.169415030636344,25.62743337828645,25.541981652349893
7000,600,2200,45.78020093002771,22.948975213463484,22.831225716564227
7000,600,2400,41.46720984371039,20.794351126753742,20.672858716956654
7000,600,2600,37.93208391388107,19.0234237391414,18.908660174739673
7000,600,2800,34.976531667133365,17.54069239531144,17.43583927182193
7000,600,3000,32.4649408007913,16.27975122252391,16.18518957826739
7000,600,4000,23.973596668639676,12.014587030987883,11.959009637651794
7000,600,5000,19.048514716618868,9.541290631089502,9.507224085529366
7000,600,6000,15.81331697372841,7.917284975006573,7.896031998721838
7000,600,7000,13.519188878537308,6.766049388795852,6.753139489741457
7000,600,8000,11.805180681461893,5.9061398170154025,5.89904086444649
7000,600,9000,10.474917196263517,5.238879184683326,5.23603801158019
7000,600,10000,9.412062122863883,4.705829599095685,4.7062325237681994
7000,700,500,90.70123155710898,45.12044684520666,45.58078471190233
7000,700,600,72.23246022650825,35.76999313974158,36.46246708676668
7000,700,700,70.8417221659,35.10526288068889,35.736459285211104
7000,700,800,70.34408463206279,34.99105323682863,35.353031395234154
7000,700,900,70.13226087436546,34.90743296028495,35.22482791408051
7000,700,1000,70.00259019036335,34.84860146385039,35.15398872651295
7000,700,1200,69.84923825867787,34.77168908834844,35.07754917032944
7000,700,1400,69.66466216604631,34.677864742601535,34.986797423444784
7000,700,1600,66.11891585266787,32.97786675240209,33.14104910026577
7000,700,1800,57.789453481604085,28.904620636890957,28.88483284471313
7000,700,2000,50.971641474950204,25.529854959732727,25.44178651521748
7000,700,2200,45.639364373436514,22.87275736804233,22.76660700539419
7000,700,2400,41.361213110411995,20.73283064548717,20.628382464924833
7000,700,2600,37.84861212289834,18.97243615761434,18.876175965284002
7000,700,2800,34.90842102393924,17.497518610594668,17.410902413344573
7000,700,3000,32.40780141719798,16.24255228890927,16.165249128288703
7000,700,4000,23.943002583198176,11.993664863536715,11.949337719661461
7000,700,5000,19.028136135705694,9.527545745041776,9.50059039066392
7000,700,6000,15.798246511799372,7.907531653470585,7.890714858328785
7000,700,7000,13.50731753466405,6.758809189588693,6.748508345075357
7000,700,8000,11.795405380497312,5.900605305175555,5.894800075321759
7000,700,9000,10.466588053657356,5.234561628280174,5.232026425377181
7000,700,10000,9.404765095253914,4.702411720302343,4.7023533749515725
7000,800,500,75.33525073397035,37.57127219412932,37.76397853984103
7000,800,600,71.20083333751612,35.32879603998162,35.872037297534504
7000,800,700,70.50312438660586,35.0988727242578,35.40425166234806
7000,800,800,70.2194377276858,34.9858029965589,35.2336347311269
7000,800,900,70.06730201403101,34.91518154850339,35.15212046552763
7000,800,1000,69.95514310527341,34.85800791934795,35.09713518592545
7000,800,1200,69.81585935014449,34.78301726857885,35.03284208156563
7000,800,1400,69.62944092782553,34.68611470672224,34.94332622110329
7000,800,1600,66.05546690840065,32.97966095911488,33.075805949285765
7000,800,1800,57.50736282555744,28.771820074193574,28.73554275136387
7000,800,2000,50.778959727304894,25.432193948235177,25.346765779069717
7000,800,2200,45.49964727409305,22.79751962538798,22.702127648705066
7000,800,2400,41.25430416588657,20.67266180501926,20.58164236086731
7000,800,2600,37.76324043879046,18.922861321880546,18.84037911690991
7000,800,2800,34.83796250765991,17.45569267473723,17.38226983292268
7000,800,3000,32.34814814061403,16.206591348031495,16.141556792582534
7000,800,4000,23.910313681886286,11.973459801592579,11.936853880293707
7000,800,5000,19.00632578975321,9.514225048863937,9.49210074088927
7000,800,6000,15.782275303634384,7.898041640329087,7.884233663305297
7000,800,7000,13.494955276017905,6.75173794250924,6.743217333508664
7000,800,8000,11.785460147138325,5.8951811071242926,5.890279040014033
7000,800,9000,10.458345792124831,5.230316326090979,5.228029466033851
7000,800,10000,9.397764808089608,4.699040604275191,4.6987242038144155
7000,900,500,72.03282025509039,35.852087368557555,36.18073288653282
7000,900,600,70.73092678182657,35.1637579279414,35.56716885388517
7000,900,700,70.31456016263496,35.06259787538285,35.25196228725212
7000,900,800,70.15211591324334,34.986308262170674,35.165807651072654
7000,900,900,70.022051446569,34.918806217859306,35.10324522870969
7000,900,1000,69.91747720861292,34.86222694656479,35.05525026204813
7000,900,1200,69.78433987619572,34.78772870814025,34.99661116805545
7000,900,1400,69.59289455231746,34.68719841148279,34.90569614083467
7000,900,1600,65.82225438260298,32.883235337438784,32.9390190451642
7000,900,1800,57.23583656014776,28.640067837963173,28.595768722184584
7000,900,2000,50.59142480019913,25.33615651824492,25.25526828195421
7000,900,2200,45.36206448856536,22.724031654794896,22.63803283377046
7000,900,2400,41.147967555247796,20.61414559791552,20.533821957332272
7000,900,2600,37.67763004141628,18.874769993664007,18.802860047752272
7000,900,2800,34.76684348851933,17.415173144330495,17.351670344188836
7000,900,3000,32.28762105138586,16.171774178379888,16.115846873005978
7000,900,4000,23.876698338020216,11.953862713771318,11.922835624248897
7000,900,5000,18.983852786289233,9.501257484100728,9.482595302188505
7000,900,6000,15.765885678661606,7.888769868297337,7.877115810364266
7000,900,7000,13.48237427567074,6.744806635775133,6.737567639895607
7000,900,8000,11.775457996629356,5.8898483158534995,5.8856096807758576
7000,900,9000,10.45017925693961,5.226130891803898,5.224048365135712
7000,900,10000,9.390950635933866,4.695708152248488,4.695242483685377
7000,1000,500,71.08132096714805,35.363544430133324,35.71777653701472
7000,1000,600,70.41785965948664,35.14160126792112,35.27625839156552
7000,1000,700,70.2472186826676,35.05949150274422,35.187727179923364
7000,1000,800,70.11588239175892,34.9894818699049,35.12640052185401
7000,1000,900,69.98955901261098,34.920532815146366,35.06902619746463
7000,1000,1000,69.88644510003584,34.863216361864254,35.02322873817158
7000,1000,1200,69.75438835873058,34.78800774442902,34.96638061430157
7000,1000,1400,69.55543392099484,34.68320763977494,34.872226281219895
7000,1000,1600,65.42768520746041,32.69564946868457,32.73203573877584
7000,1000,1800,56.97407204648417,28.51094229288771,28.463129753596462
7000,1000,2000,50.40903528408892,25.242434475316035,25.16660080877288
7000,1000,2200,45.22713804966201,22.652539325416665,22.574598724245345
7000,1000,2400,41.042967881269206,20.5573210531345,20.485646828134705
7000,1000,2600,37.592634547464776,18.828109439057734,18.764525108407046
7000,1000,2800,34.6959299275765,17.375869155536694,17.320060772039803
7000,1000,3000,32.22706141161249,16.137997016529017,16.089064395083472
7000,1000,4000,23.842756930489482,11.934795560018719,11.907961370470767
7000,1000,5000,18.961113496022282,9.488595600087915,9.472517895934367
7000,1000,6000,15.74932700246081,7.879687151784583,7.869639850676226
7000,1000,7000,13.46971582216209,6.737996862794357,6.731718959367734
7000,1000,8000,11.765458149080347,5.8845951390187,5.880863010061648
7000,1000,9000,10.44208348615329,5.221997739364057,5.220085746789232
7000,1000,10000,9.38426611228181,4.692409520009953,4.691856592271859
7000,1200,500,70.48037126569822,35.20435270405606,35.27601856164216
7000,1200,600,70.33072397101385,35.11806749802582,35.21265647298802
7000,1200,700,70.19612695201215,35.04762888938575,35.148498062626395
7000,1200,800,70.06724422066964,34.98151781871148,35.085726401958155
7000,1200,900,69.94117325928713,34.91675835945703,35.024414899830106
7000,1200,1000,69.83593699654081,34.85915129973671,34.9767856968041
7000,1200,1200,69.69810822150272,34.78037635618324,34.91773186531948
7000,1200,1400,69.47894420591604,34.66532979970919,34.81361440620683
7000,1200,1600,64.68489694917952,32.33552026104297,32.34937668813655
7000,1200,1800,56.47752536212442,28.26304172800398,28.214483634120434
7000,1200,2000,50.05940208128206,25.06277738334913,24.996624697932926
7000,1200,2200,44.966136514215165,22.515630106791015,22.450506407424147
7000,1200,2400,40.83840160530491,20.448528995162683,20.389872610142227
7000,1200,2600,37.42611598015712,18.738750949217735,18.687365030939386
7000,1200,2800,34.55638903065175,17.300551516287133,17.255837514364618
7000,1200,3000,32.10747731365331,16.07321599153699,16.03426132211632
7000,1200,4000,23.775078464402476,11.898038293616652,11.877040170785824
7000,1200,5000,18.91562236563806,9.464065553002628,9.451556812635433
7000,1200,6000,15.716199819716808,7.862014786487786,7.854185033229022
7000,1200,7000,13.444449874413138,6.724696053798969,6.71975382061417
7000,1200,8000,11.745585294504366,5.874298747210131,5.871286547294236
7000,1200,9000,10.426095859479142,5.213870081546308,5.212225777932834
7000,1200,10000,9.371174420741957,4.685902480261134,4.685271940480822
7000,1400,500,70.4182577842813,35.174801613014246,35.243456171267056
7000,1400,600,70.27064245479116,35.09040338222129,35.180239072569854
7000,1400,700,70.13637846315726,35.02083099250901,35.11554747064825
7000,1400,800,70.0075916660001,34.95552823893847,35.05206342706162
7000,1400,900,69.88259019310462,34.892157183805836,34.99043300929879
7000,1400,1000,69.7851750834789,34.8420230052227,34.943152078256205
7000,1400,1200,69.64544109141846,34.76661459708399,34.87882649433446
7000,1400,1400,69.40131705425391,34.63939636781643,34.76192068643747
7000,1400,1600,63.99894008733355,31.998244254998067,32.000695832335474
7000,1400,1800,56.01386632236823,28.029964039581163,27.98390228278707
7000,1400,2000,49.72911710247617,24.89351550462109,24.835601597855078
7000,1400,2200,44.71729057683709,22.386429513437047,22.330861063400047
7000,1400,2400,40.64198804923198,20.34569821653417,20.296289832697813
7000,1400,2600,37.26537048320746,18.65415395388431,18.611216529323148
7000,1400,2800,34.421116852066554,17.229134024753662,17.19198282731289
7000,1400,3000,31.991159881550566,16.011693446500544,15.979466435050021
7000,1400,4000,23.708593091140735,11.862879140370842,11.845713950769895
7000,1400,5000,18.870736085654006,9.440460623759767,9.43027546189424
7000,1400,6000,15.683456350647772,7.844921386479493,7.8385349641682796
7000,1400,7000,13.41947960847384,6.711772469251326,6.707707139222515
7000,1400,8000,11.725978848892012,5.864252828906363,5.86172601998565
7000,1400,9000,10.410374166871536,5.205909200766319,5.204464966105217
7000,1400,10000,9.358363030421335,4.67950500615279,4.678858024268546
7000,1600,500,70.35592823436653,35.14466075488242,35.211267479484114
7000,1600,600,70.2097700314556,35.061454117973675,35.148315913481916
7000,1600,700,70.07550817486523,34.992373475716526,35.0831346991487
7000,1600,800,69.94649224407009,34.927537376140755,35.01895486792933
7000,1600,900,69.82253196729346,34.86531274268824,34.95721922460522
7000,1600,1000,69.72964403790229,34.81814560813217,34.91149842977012
7000,1600,1200,69.592884018271,34.747306930664266,34.84557708760673
7000,1600,1400,69.32308912939294,34.608806637736926,34.714282491656014
7000,1600,1600,63.36396016767198,31.6838172145956,31.680142953076388
7000,1600,1800,55.57990405010472,27.811314214247883,27.76858983585684
7000,1600,2000,49.416933146143144,24.73403690125652,24.68289624488662
7000,1600,2200,44.48033469279176,22.264298008586458,22.216036684205303
7000,1600,2400,40.453930610332925,20.248238966270137,20.20569164406279
7000,1600,2600,37.1108224543113,18.573798877045473,18.53702357726582
7000,1600,2800,34.29063672295723,17.161166271645147,17.129470451312077
7000,1600,3000,31.87866937732203,15.953040757581597,15.925628619740431
7000,1600,4000,23.643773695696563,11.829124705578478,11.814648990118084
7000,1600,5000,18.826784987068077,9.417675370225863,9.409109616842214
7000,1600,6000,15.651311261055799,7.8283458270920345,7.822965433963763
7000,1600,7000,13.394929546099746,6.699189501648215,6.695740044451531
7000,1600,8000,11.70669222914994,5.8544352584808745,5.852256970669066
7000,1600,9000,10.3949146627523,5.198101946141698,5.196812716610601
7000,1600,10000,9.345781370911352,4.673209692934866,4.672571677976487
7000,1800,500,70.29420726078146,35.11481688991788,35.17939037086357
7000,1800,600,70.1490379251226,35.03204512775201,35.11699279737058
7000,1800,700,70.01455511345671,34.96316736841073,35.05138774504598
7000,1800,800,69.88508091227581,34.898550750156915,34.9865301621189
7000,1800,900,69.76220690095245,34.83735310845546,34.92485379249699
7000,1800,1000,69.67340694481163,34.79277440342614,34.880632541385495
7000,1800,1200,69.53674975356994,34.72320563348914,34.8135441200808
7000,1800,1400,69.24452358088197,34.575343090398256,34.669180490483726
7000,1800,1600,62.77457027862727,31.39082806486051,31.383742213766755
7000,1800,1800,55.17283813600709,27.606100608864875,27.56673752714221
7000,1800,2000,49.12154210355418,24.583564628174226,24.53797747537995
7000,1800,2200,44.25469248487542,22.148613389668512,22.10607909520691
7000,1800,2400,40.274015454424344,20.15564737349406,20.11836808093028
7000,1800,2600,36.96244493561562,18.497272823769418,18.4651721118462
7000,1800,2800,34.1650211382358,17.09630596213274,17.06871517610306
7000,1800,3000,31.77013163818128,15.896971018771985,15.87316061940929
7000,1800,4000,23.580786050039595,11.79664029285845,11.784145757181147
7000,1800,5000,18.783896114017804,9.395637663066527,9.388258450951275
7000,1800,6000,15.619850546702516,7.812246786491275,7.807603760211244
7000,1800,7000,13.370850463441782,6.686922740825286,6.683927722616496
7000,1800,8000,11.687746895137773,5.844831583753614,5.842915311384159
7000,1800,9000,10.379714376931643,5.190440017505038,5.189274359426605
7000,1800,10000,9.333405935926635,4.6670121697881415,4.666393766138493
7000,2000,500,70.23346685086653,35.08578946591643,35.147677384950114
7000,2000,600,70.08897207486093,35.00268375625797,35.08628831860296
7000,2000,700,69.95413251697474,34.93377188092614,35.02036063604861
7000,2000,800,69.82403478316516,34.8691777255218,34.95485705764335
7000,2000,900,69.7023027898532,34.80893166103121,34.89337112882199
7000,2000,1000,69.61723005696588,34.766653518359064,34.85057653860681
7000,2000,1200,69.47935183793803,34.6974212837581,34.78193055417992
7000,2000,1400,69.163615903902,34.53892533170921,34.62469057219278
7000,2000,1600,62.22597187359692,31.11749339054729,31.108478483049634
7000,2000,1800,54.790188117381774,27.41321943162687,27.376968685754903
7000,2000,2000,48.84168091373361,24.44134164710479,24.400339266628826
7000,2000,2200,44.039694844011244,22.03882125380151,22.00087359020974
7000,2000,2400,40.101876333564654,20.0674989365117,20.034377397052957
7000,2000,2600,36.820036438120965,18.424240215178123,18.395796222942845
7000,2000,2800,34.0441635951448,17.03428140783583,17.009882187308968
7000,2000,3000,31.665497363441368,15.843260094970745,15.822237268470627
7000,2000,4000,23.519668266636792,11.7653240281831,11.754344238453696
7000,2000,5000,18.742110866559855,9.374293401447522,9.367817465112333
7000,2000,6000,15.589105448275415,7.79659343323795,7.792512015037466
7000,2000,7000,13.347261403061138,6.674954114678851,6.672307288382288
7000,2000,8000,11.6691502321179,5.835431253152109,5.833718978965791
7000,2000,9000,10.364770178128994,5.182917512226056,5.181852665902937
7000,2000,10000,9.32122427524199,4.660909501660644,4.660314773581345
7000,2200,500,70.17370055822744,35.04659497136919,35.12710558685824
7000,2200,600,70.02992876907045,34.97378968578105,35.05613908328941
7000,2200,700,69.89458948341287,34.90452479403114,34.99006468938174
7000,2200,800,69.76376440705931,34.839801216614184,34.92396319044513
7000,2200,900,69.64322923267854,34.780452815034046,34.86277641764448
7000,2200,1000,69.5615753781625,34.740243139647895,34.821332238514614
7000,2200,1200,69.42144518531543,34.67064664103765,34.750798544277785
7000,2200,1400,69.08051400112582,34.500417750165404,34.58009625096041
7000,2200,1600,61.71395271464576,30.862025077295225,30.851927637350528
7000,2200,1800,54.42975628837475,27.231608507247593,27.19814778112715
7000,2200,2000,48.5761723635811,24.306676560875008,24.269495802706093
7000,2200,2200,43.83466533676686,21.93443549234258,21.900229844424285
7000,2200,2400,39.93709821151184,19.983431954843688,19.95366625666815
7000,2200,2600,36.683329007623186,18.354420654256963,18.328908353366227
7000,2200,2800,33.9278845887291,16.974868550443716,16.95301603828538
7000,2200,3000,31.56464328703031,15.791724841310565,15.77291844571975
7000,2200,4000,23.460400925927978,11.735094051734944,11.725306874193034
7000,2200,5000,18.701431141603507,9.353599197620294,9.347831943983214
7000,2200,6000,15.559081569369004,7.781361053073098,7.777720516295904
7000,2200,7000,13.32416633262458,6.663269173762693,6.660897158861886
7000,2200,8000,11.650902764643769,5.826225889712141,5.824676874931629
7000,2200,9000,10.350078608706887,5.175529818457447,5.17454879024944
7000,2200,10000,9.30922891866998,4.654899485483273,4.6543294331867076
7000,2400,500,70.11452743913173,34.994917571280524,35.11960986785121
7000,2400,600,69.97205111689229,34.945586023589726,35.026465093302555
7000,2400,700,69.83615849379552,34.875683001073796,34.96047549272173
7000,2400,800,69.70452430211783,34.81067430769206,34.893849994425764
7000,2400,900,69.5852522597928,34.75218472790428,34.83306753188852
7000,2400,1000,69.50672393578003,34.71383590581827,34.79288802996176
7000,2400,1200,69.36350296586811,34.643324094447316,34.7201788714208
7000,2400,1400,68.88459466755496,34.40659088111209,34.47800378644288
7000,2400,1600,61.234832783833944,30.62275686118295,30.612075922650998
7000,2400,1800,54.08959541148299,27.06029372535381,27.029301686129184
7000,2400,2000,48.323936445265886,24.17894976641353,24.144986678852362
7000,2400,2200,43.63895455672651,21.83502925832053,21.803925298405975
7000,2400,2400,39.77926080150336,19.903133627622204,19.876127173881162
7000,2400,2600,36.5520342721027,18.287574228136098,18.264460043966604
7000,2400,2800,33.81597719022304,16.917877084313012,16.898100105910025
7000,2400,3000,31.46741578321546,15.742210457593844,15.725205325621618
7000,2400,4000,23.40293764991848,11.705881660486353,11.697055989432124
7000,2400,5000,18.66183958197544,9.333518561231122,9.328321020744317
7000,2400,6000,15.529771728674065,7.766528801475947,7.763242927198116
7000,2400,7000,13.301561554286144,6.65185571314038,6.649705841145765
7000,2400,8000,11.633001424344723,5.8172084255195955,5.815792998825128
7000,2400,9000,10.33563590868652,5.168273068292081,5.167362840394439
7000,2400,10000,9.297414795403755,4.64898030807847,4.648434487325283
7000,2600,500,70.0568354448259,34.94453187801621,35.112303566809686
7000,2600,600,69.91541964375187,34.91827625938884,34.99714338436305
7000,2600,700,69.7789500513467,34.84739639349489,34.93155365785181
7000,2600,800,69.64646071949365,34.78195867962754,34.8645020398661
7000,2600,900,69.52895230882504,34.72451588956567,34.804436419259375
7000,2600,1000,69.45284749627116,34.68762381901731,34.76522367725385
7000,2600,1200,69.30582136605294,34.615739740999175,34.69008162505377
7000,2600,1400,68.5219690783217,34.23140482417501,34.29056425414669
7000,2600,1600,60.78540363643599,30.398184176678992,30.387219459757
7000,2600,1800,53.76797827673842,26.898397925931313,26.86958035080711
7000,2600,2000,48.08398952804238,24.057608652914237,24.026380875128147
7000,2600,2200,43.45195322300936,21.74022552779873,21.71172769521063
7000,2600,2400,39.627957359887944,19.826329794079477,19.801627565808467
7000,2600,2600,36.425864123398696,18.22349180943512,18.20237231396358
7000,2600,2800,33.70822787187218,16.86314173893929,16.84508613293289
7000,2600,3000,31.373651032522346,15.694582813735463,15.67906821878688
7000,2600,4000,23.347219559078606,11.677627382567739,11.66959217651087
7000,2600,5000,18.62330924551662,9.314019758988872,9.309289486527748
7000,2600,6000,15.501162144549923,7.752078460769726,7.749083683780196
7000,2600,7000,13.279439303130781,6.640703020253762,6.6387362828770184
7000,2600,8000,11.615441169588518,5.808372636322319,5.8070685332662
7000,2600,9000,10.32143807892221,5.161143848359193,5.160294230563017
7000,2600,10000,9.285778044174595,4.643150369296171,4.642627674878426
7000,2800,500,70.0006868442617,34.89549602046869,35.105190823793
7000,2800,600,69.86003913434506,34.89200140518206,34.968037729163
7000,2800,700,69.72302344737574,34.819780453770775,34.90324299360496
7000,2800,800,69.58966081720308,34.753769664350656,34.835891152852426
7000,2800,900,69.4744143643675,34.69755353445807,34.77686082990943
7000,2800,1000,69.40003827128942,34.66172468663129,34.73831358465814
7000,2800,1200,69.24849572940158,34.588039680480186,34.660456048921404
7000,2800,1400,68.17075525783028,34.06128559822489,34.10946965960539
7000,2800,1600,60.36286198972964,30.186964643359623,30.17589734637001
7000,2800,1800,53.46336981306327,26.74513650490073,26.71823330816253
7000,2800,2000,47.85543836540515,23.942160087414095,23.913278277991054
7000,2800,2200,43.27309597274415,21.649689105057472,21.623406867686676
7000,2800,2400,39.48280253329431,19.752777487087556,19.730025046206755
7000,2800,2600,36.30454015375086,18.161988495650444,18.14255165810041
7000,2800,2800,33.60442635722465,16.810516590981003,16.793909766243655
7000,2800,3000,31.283184758611167,15.648723556502379,15.63446120210879
7000,2800,4000,23.293182525576263,11.650278588814016,11.642903936762243
7000,2800,5000,18.5858085288843,9.295074537186506,9.290733991697795
7000,2800,6000,15.473235617314314,7.737993708879197,7.735241908435117
7000,2800,7000,13.257789619749902,6.62980143881011,6.627988180939794
7000,2800,8000,11.598215847613297,5.7997128762527215,5.798502971360576
7000,2800,9000,10.307480943944066,5.154139038537794,5.153341905406273
7000,2800,10000,9.274315430309667,4.637408186851176,4.63690724345849
7000,3000,500,69.94606464829612,34.84789255847328,35.09817208982283
7000,3000,600,69.80590785788075,34.8669669304615,34.93894092741925
7000,3000,700,69.66840344312133,34.792933823690575,34.87546961943075
7000,3000,800,69.53416340930166,34.726181670412025,34.80798173888964
7000,3000,900,69.42153167200179,34.6712981744307,34.75023349757109
7000,3000,1000,69.34835194775995,34.636222909247984,34.71212903851198
7000,3000,1200,69.19151467049805,34.560288629829934,34.631226040668125
7000,3000,1400,67.83032174716006,33.89595027360752,33.934371473552545
7000,3000,1600,59.96475112021061,29.98790614552176,29.97684497468886
7000,3000,1800,53.1744023544976,26.599808805943454,26.57459354855415
7000,3000,2000,47.63747232774221,23.832162902038533,23.805309425703676
7000,3000,2200,43.101860928082594,21.563120129428054,21.538740798654537
7000,3000,2400,39.34343512969931,19.68225945816854,19.66117567153077
7000,3000,2600,36.18779778042296,18.10289900482,18.084898775602966
7000,3000,2800,33.50437027073998,16.759871191494067,16.744499079245916
7000,3000,3000,31.195857000434767,15.604526837649116,15.591330162785653
7000,3000,4000,23.24076096811278,11.623787961297912,11.616973006814867
7000,3000,5000,18.549303799887223,9.276657316963394,9.272646482923825
7000,3000,6000,15.445973254644468,7.724259665542402,7.721713589102066
7000,3000,7000,13.236601379846915,6.619142102524663,6.6174592773222525
7000,3000,8000,11.5813186809793,5.791223919268683,5.790094761710616
7000,3000,9000,10.293760205332438,5.147255718454161,5.146504486878277
7000,3000,10000,9.263024047029365,4.6317523436122565,4.631271703417109
7000,4000,500,69.69475583816998,34.630943250749205,35.06381258742079
7000,4000,600,69.5529553016822,34.67458057601147,34.878374725670724
7000,4000,700,69.41403939971237,34.67289570877817,34.74114369093419
7000,4000,800,69.27840248397975,34.59996642083983,34.67843606313992
7000,4000,900,69.1790515038541,34.550403757828995,34.6286477460251
7000,4000,1000,69.10694658398641,34.51595396323856,34.59099262074786
7000,4000,1200,68.91307528740529,34.422849897852444,34.49022538955283
7000,4000,1400,65.85404858213565,32.919046361242124,32.935002220893516
7000,4000,1600,58.27323249189405,29.14187869187007,29.131353800023977
7000,4000,1800,51.92554246736637,25.97239103431285,25.953151433053517
7000,4000,2000,46.68285324056501,23.351368117775397,23.331485122789616
7000,4000,2200,42.34447196246885,21.181188062929365,21.16328389953949
7000,4000,2400,38.7224257476944,19.36893065075697,19.353495096937436
7000,4000,2600,35.66462084178998,17.838887954898684,17.825732886891302
7000,4000,2800,33.05391022820889,16.53256495927946,16.52134526892943
7000,4000,3000,30.801198333634826,15.405409752711876,15.395788580922948
7000,4000,4000,23.000678785825624,11.50281503845645,11.497863747369175
7000,4000,5000,18.38054008272247,9.191727920739002,9.188812161983465
7000,4000,6000,15.318938280109508,7.6603997391380245,7.658538540971484
7000,4000,7000,13.137168629573804,6.569206716078012,6.5679619134957905
7000,4000,8000,11.501502707493453,5.75117770823259,5.7503249992608625
7000,4000,9000,10.228548152709145,5.1145677064436805,5.113980446265463
7000,4000,10000,9.20904202321352,4.604720382158535,4.604321641054985
7000,5000,500,69.47577067401765,34.44582412480272,35.02994654921494
7000,5000,600,69.33056334711002,34.49181968997123,34.838743657138785
7000,5000,700,69.18779822588493,34.510436673918825,34.67736155196611
7000,5000,800,69.05627456311251,34.49678932422074,34.55948523889175
7000,5000,900,68.96709836572171,34.44638237763572,34.52071598808599
7000,5000,1000,68.89183347495263,34.408630839699796,34.48320263525284
7000,5000,1200,68.64271353085384,34.288064813322976,34.35464871753085
7000,5000,1400,64.08534178325391,32.038654970097966,32.04668681315594
7000,5000,1600,56.95387172320798,28.48198564793627,28.47188607527171
7000,5000,1800,50.92821070682706,25.472002526143164,25.456208180683895
7000,5000,2000,45.90619411664713,22.961056606020364,22.945137510626765
7000,5000,2200,41.71958828499105,20.866911552513766,20.852676732477274
7000,5000,2400,38.204585206987986,19.108412675764942,19.096172531223043
7000,5000,2600,35.224717173449065,17.617567483586235,17.60714968986283
7000,5000,2800,32.672590735939636,16.340733880270516,16.331856855669113
7000,5000,3000,30.4652267609227,15.236416763953711,15.228809996968991
7000,5000,4000,22.79218031901719,11.39804370569911,11.394136613318082
7000,5000,5000,18.231867404028176,9.117085188308502,9.114782215719673
7000,5000,6000,15.205661295337746,7.603568729197949,7.602092566139797
7000,5000,7000,13.047529422913005,6.524262371866349,6.5232670510466555
7000,5000,8000,11.42881357652743,5.714752287697174,5.714061288830255
7000,5000,9000,10.168585984941966,5.0845360047153285,5.084049980226638
7000,5000,10000,9.158947198814115,4.579644202185486,4.579302996628629
7000,6000,500,69.28386062885336,34.28725286866096,34.9966077601924
7000,6000,600,69.13480198679403,34.334116369663526,34.80068561713051
7000,6000,700,68.98783962867736,34.35378519050814,34.63405443816923
7000,6000,800,68.86202139910513,34.363634316294245,34.49838708281087
7000,6000,900,68.77869535467077,34.360166587604134,34.41852876706664
7000,6000,1000,68.6988702929771,34.314417854423915,34.3844524385532
7000,6000,1200,68.38100410993978,34.15747674871783,34.22352736122196
7000,6000,1400,62.689770745844804,31.34389752908155,31.345873216763255
7000,6000,1600,55.89270661001903,27.951363646953588,27.94134296306545
7000,6000,1800,50.11164082449693,25.06267119326824,25.048969631228683
7000,6000,2000,45.261147255520385,22.637302463140976,22.62384479237941
7000,6000,2200,41.19485296946051,20.603394416116124,20.591458553344392
7000,6000,2400,37.76601380318194,18.888120932218598,18.877892870963347
7000,6000,2600,34.84961944469926,17.429154218804012,17.420465225895246
7000,6000,2800,32.34563511437352,16.17651491575814,16.169120198615385
7000,6000,3000,30.175796834140442,15.09106377039706,15.084733063743382
7000,6000,4000,22.6094957940022,11.306370073304869,11.303125720697329
7000,6000,5000,18.099978808674344,9.050946067422966,9.049032741251377
7000,6000,6000,15.104100857066747,7.552665491332362,7.551435365734384
7000,6000,7000,12.966384246392236,6.483609259646518,6.482774986745718
7000,6000,8000,11.362418723166686,5.681501677196258,5.6809170459704275
7000,6000,9000,10.113347696855564,5.056882389262097,5.056465307593469
7000,6000,10000,9.112420208007505,4.556359667726927,4.556060540280578
7000,7000,500,69.11457900943424,34.15059254611963,34.963986463314605
7000,7000,600,68.96155217685558,34.19699699897976,34.76455517787582
7000,7000,700,68.8108006859857,34.21710411795981,34.59369656802589
7000,7000,800,68.69386328686751,34.233088267182005,34.460775019685514
7000,7000,900,68.61068503326635,34.250551732851925,34.36013330041442
7000,7000,1000,68.52374995558948,34.2343974327014,34.28935252288807
7000,7000,1200,68.13263170980454,34.03428879276524,34.09834291703932
7000,7000,1400,61.558105799769265,30.78063525747711,30.777470542292157
7000,7000,1600,55.01891386470311,27.51457140713366,27.50434245756945
7000,7000,1800,49.42980010627078,24.7210965178153,24.708703588455485
7000,7000,2000,44.716376567246115,22.364108130538774,22.352268436707337
7000,7000,2200,40.74772659422881,20.379062552609163,20.368664041619645
7000,7000,2400,37.389678733685166,18.699274524441993,18.690404209243173
7000,7000,2600,34.52592897111484,17.26672244479246,17.25920652632238
7000,7000,2800,32.06216614759382,16.03427567545986,16.02789047213397
7000,7000,3000,29.923859294404966,14.964659362330234,14.959199932074728
7000,7000,4000,22.44813663716556,11.225462848774589,11.222673788390974
7000,7000,5000,17.98221713833997,8.991930902234973,8.990286236104998
7000,7000,6000,15.012567120084881,7.50681337086197,7.50575374922291
7000,7000,7000,12.892624416119906,6.446673067341944,6.445951348777962
7000,7000,8000,11.301584049286786,5.651046637462704,5.650537411824081
7000,7000,9000,10.062351157158458,5.0313590756987985,5.03099208145966
7000,7000,10000,9.069153164051164,4.534710147855617,4.534443016195547
7000,8000,500,68.96429161065821,34.03195205240063,34.93233955825758
7000,8000,600,68.80735174425753,34.07701102903022,34.730340715227314
7000,8000,700,68.6551496772477,34.09772265377883,34.557427023468875
7000,8000,800,68.54570857205404,34.118876036224805,34.426832535829234
7000,8000,900,68.46064736245727,34.137273304524975,34.323374057932284
7000,8000,1000,68.36414679832662,34.13981078886158,34.22433600946504
7000,8000,1200,67.26108900373775,33.61778165709557,33.64330734664219
7000,8000,1400,60.62066869679156,30.314234455877276,30.30643424091428
7000,8000,1600,54.285882738269684,27.148262732625163,27.137620005644525
7000,8000,1800,48.85131509604041,24.431441756097986,24.419873339942423
7000,8000,2000,44.24988330484917,22.13030902408369,22.119574280765487
7000,8000,2200,40.362016860813036,20.18566986464148,20.176346996171556
7000,8000,2400,37.06312410160712,18.535516444913743,18.52760765669338
7000,8000,2600,34.24370932802044,17.125194210008686,17.11851511801175
7000,8000,2800,31.81402513056049,15.909843339077112,15.90418179148338
7000,8000,3000,29.702561490592505,14.85369709927456,14.84886439131794
7000,8000,4000,22.304585436936218,11.153522065097976,11.151063371838243
7000,8000,5000,17.87644527276453,8.938947033672353,8.937498239092179
7000,8000,6000,14.929667533519632,7.4653011039506625,7.464366429568968
7000,8000,7000,12.825313128700605,6.412975879389665,6.412337249310939
7000,8000,8000,11.245671806116764,5.6230623647291464,5.622609441387618
7000,8000,9000,10.0151633985758,5.0077461495864775,5.007417248989321
7000,8000,10000,9.028857319278798,4.514549664467718,4.514307654811079
7000,9000,500,68.830034492256,33.92818045442788,34.90185403782812
7000,9000,600,68.66933953116967,33.97137113259018,34.6979683985795
7000,9000,700,68.51700899330721,33.99254705535325,34.52446193795396
7000,9000,800,68.41367021028452,34.01783298039651,34.39583722988801
7000,9000,900,68.32517935531628,34.03622115956555,34.28895819575074
7000,9000,1000,68.2184366221106,34.03548231234328,34.182954309767325
7000,9000,1200,66.3663176889522,33.191991715876554,33.174325973075646
7000,9000,1400,59.83078404384045,29.92146677499098,29.909317268849463
7000,9000,1600,53.661534658130115,26.836364371653723,26.82517028647639
7000,9000,1800,48.3539915785358,24.182524160734165,24.171467417801637
7000,9000,2000,43.845735937378855,21.92784816294455,21.91788777443431
7000,9000,2200,40.02577831455906,20.01716170435298,20.00861661020608
7000,9000,2400,36.777027223454425,18.392115224362257,18.384911999092168
7000,9000,2600,33.99543768276123,17.000748688827024,16.9946889939342
7000,9000,2800,31.59497683085588,15.800049836615841,15.794926994240038
7000,9000,3000,29.506624624410648,14.755494441518143,14.751130182892508
7000,9000,4000,22.176053475373195,11.089131324609733,11.08692215076346
7000,9000,5000,17.7809309621267,8.891115507001711,8.889815455124985
7000,9000,6000,14.85424975894738,7.4275445317951405,7.426705227152241
7000,9000,7000,12.763658532346897,6.382116663225207,6.38154186912169
7000,9000,8000,11.194130218721382,5.5972697374626375,5.5968604812587435
7000,9000,9000,9.971399470546832,4.985849197501618,4.985550273045214
7000,9000,10000,8.991266962006778,4.495744364780245,4.4955225972265325
7000,10000,500,68.70938958597615,33.8367058431537,34.87268374282246
7000,10000,600,68.54516082604611,33.87779056475161,34.66737026129449
7000,10000,700,68.3948081470823,33.89994079956967,34.494867347512624
7000,10000,800,68.29500264383091,33.92776043518838,34.36724220864253
7000,10000,900,68.2021023882216,33.94533068508731,34.256771703134284
7000,10000,1000,68.0830723477631,33.94029599973664,34.142776348026466
7000,10000,1200,65.57802772360655,32.81746314064193,32.76056458296461
7000,10000,1400,59.15580482394692,29.586036133885383,29.569768690061537
7000,10000,1600,53.123002432830816,26.567419889976254,26.55558254285456
7000,10000,1800,47.92164617292648,23.966200084458894,23.955446088467585
7000,10000,2000,43.4920941614912,21.750751304872345,21.74134285661886
7000,10000,2200,39.729996943159875,19.86898279869371,19.861014144466157
7000,10000,2400,36.52426813164635,18.26546967909941,18.25879845254694
7000,10000,2600,33.77531293227287,16.89045049262267,16.8848624396502
7000,10000,2800,31.400174617261133,15.70244231215226,15.697732305108868
7000,10000,3000,29.331917640009067,14.667960636763711,14.66395700324536
7000,10000,4000,22.060303479883952,11.031159167362976,11.029144312520977
7000,10000,5000,17.694257507900268,8.847720521944058,8.84653698595621
7000,10000,6000,14.785354266238771,7.393059242709047,7.392295023529725
7000,10000,7000,12.70698907191842,6.353756653922359,6.353232417996062
7000,10000,8000,11.146481974879354,5.57342818319801,5.573053791681343
7000,10000,9000,9.930718744600824,4.965496725668434,4.96522201893239
7000,10000,10000,8.956140399397556,4.4781727550441754,4.477967644353382
8000,500,500,91.12120565909021,45.410019105718966,45.71118655337125
8000,500,600,90.67349833580951,45.26121344555399,45.41228489025552
8000,500,700,71.63485313093298,35.171990357998254,36.46286277293472
8000,500,800,70.54088733802651,34.84776882510671,35.6931185129198
8000,500,900,70.11761845855747,34.790731603896845,35.326886854660636
8000,500,1000,69.93041522679763,34.7255290763923,35.20488615040533
8000,500,1200,69.72751933413356,34.6347435446453,35.09277578948826
8000,500,1400,69.52164910077947,34.52985591465851,34.99179318612096
8000,500,1600,65.71800666939716,32.66348585827133,33.05452081112583
8000,500,1800,58.16462271957447,29.0386026914053,29.12602002816917
8000,500,2000,51.220184656740294,25.644372880603623,25.57581177613667
8000,500,2200,45.80839822393863,22.970312369939887,22.838085853998745
8000,500,2400,41.48238314228413,20.81618870742041,20.66619443486372
8000,500,2600,37.94020604773577,19.044363909156154,18.895842138579614
8000,500,2800,34.98100537249934,17.560369217998602,17.420636154500738
8000,500,3000,32.46769719454176,16.29818251172899,16.16951468281278
8000,500,4000,23.97766876963759,12.029061327187314,11.948607442450271
8000,500,5000,19.05690216483994,9.554305858960557,9.502596305879383
8000,500,6000,15.825407604191973,7.929753835410734,7.895653768781238
8000,500,7000,13.534088538780363,6.778271723639253,6.75581681514111
8000,500,8000,11.82212673981785,5.918194552508288,5.903932187309563
8000,500,9000,10.493315306446512,5.2507668787564,5.242548427690113
8000,500,10000,9.431460668643751,4.717526011043627,4.713934657600124
8000,600,500,90.8762487877545,45.23890496328668,45.63734382446784
8000,600,600,73.33646617428246,36.18042614110292,37.15604003317955
8000,600,700,70.86337673876413,35.00117844946728,35.86219828929685
8000,600,800,70.27468179352435,34.91729583253175,35.3573859609926
8000,600,900,70.02724820568174,34.82868014385651,35.198568061825235
8000,600,1000,69.88522541844439,34.766169895604754,35.11905552283963
8000,600,1200,69.71206340681907,34.677652681442865,35.034410725376205
8000,600,1400,69.51121047683573,34.5712224439119,34.939988032923836
8000,600,1600,65.79396304192956,32.76759064155567,33.02637240037389
8000,600,1800,57.87394074962723,28.929155454204974,28.944785295422253
8000,600,2000,51.028768991980336,25.558393802863545,25.47037518911679
8000,600,2200,45.677650673983905,22.90039960497869,22.77725106900521
8000,600,2400,41.388304278631196,20.7581783555828,20.630125923048396
8000,600,2600,37.86916850732991,18.99540557544744,18.873762931882474
8000,600,2800,34.925148886445044,17.51841229503135,17.40673659141369
8000,600,3000,32.42229751615916,16.261736240168553,16.160561275990602
8000,600,4000,23.95545589819264,12.00820572955981,11.947250168632829
8000,600,5000,19.04235353687964,9.540505467734654,9.501848069144986
8000,600,6000,15.814418224634732,7.919895559956876,7.894522664677857
8000,600,7000,13.525064923665884,6.770898160439597,6.754166763226287
8000,600,8000,11.814297847160786,5.912509430726907,5.90178841643388
8000,600,9000,10.486253122059292,5.24628885999968,5.239964262059612
8000,600,10000,9.424904979523719,4.713943081465372,4.710961898058348
8000,700,500,90.6420413667545,44.83139775649102,45.81064361026347
8000,700,600,71.413181541971,35.33792779013633,36.07525375183468
8000,700,700,70.49342272601815,35.00538659044944,35.48803613556872
8000,700,800,70.14069161709513,34.92754578747423,35.213145829620906
8000,700,900,69.97423311053025,34.853936477341094,35.12029663318916
8000,700,1000,69.85247134244715,34.79185629626839,35.060615046178754
8000,700,1200,69.69449306569005,34.704677184306846,34.989815881383215
8000,700,1400,69.49338070931553,34.596159618766094,34.89722109054944
8000,700,1600,65.8000064854203,32.81767868587235,32.982327799547946
8000,700,1800,57.5970952135032,28.808696220335527,28.788398993167675
8000,700,2000,50.842781122241966,25.467323364196236,25.375457758045734
8000,700,2200,45.54607359776085,22.828803975948713,22.717269621812136
8000,700,2400,41.290024451593084,20.700168489814,20.589855961779087
8000,700,2600,37.792322678895864,18.947213252808577,18.845109426087287
8000,700,2800,34.862830196006556,17.477536912879188,17.385293283127368
8000,700,3000,32.37028415807044,16.22646879265,16.143815365420437
8000,700,4000,23.927973311326898,11.988230184870254,11.939743126456642
8000,700,5000,19.024084324621636,9.527262002773625,9.496822321848013
8000,700,6000,15.80088344100532,7.910396445858581,7.890486995146738
8000,700,7000,13.514376874672145,6.763762893530269,6.750613981141875
8000,700,8000,11.805480529403015,5.906985871095639,5.898494658307375
8000,700,9000,10.478734608714383,5.241921830706839,5.236812778007543
8000,700,10000,9.418321461533258,4.710436748703586,4.707884712829674
8000,800,500,72.8856365127871,36.214293110443606,36.67134340234349
8000,800,600,70.77578418443375,35.13009453500552,35.645689649428235
8000,800,700,70.26513249835047,35.02214346021984,35.242989038130645
8000,800,800,70.0799660193153,34.941371742399994,35.13859427691529
8000,800,900,69.94128203147724,34.870176342930215,35.07110568854702
8000,800,1000,69.8276183286578,34.808075325464074,35.01954300319374
8000,800,1200,69.67599329181166,34.72115251522114,34.95484077659053
8000,800,1400,69.47102107741227,34.60993940859222,34.86108166882006
8000,800,1600,65.75806533296813,32.83079010373301,32.92727522923512
8000,800,1800,57.33164533815249,28.684998818156583,28.646646519995905
8000,800,2000,50.66168094814863,25.375659814748623,25.286021133400006
8000,800,2200,45.415334267843235,22.757898150465067,22.65743611737817
8000,800,2400,41.190475818019614,20.643342613174482,20.54713320484513
8000,800,2600,37.713178882751365,18.90033424822994,18.81284463452143
8000,800,2800,34.79774806660781,17.437949211755885,17.359798854851924
8000,800,3000,32.315337451082456,16.192403141987796,16.12293430909466
8000,800,4000,23.898011036088853,11.96897529658422,11.929035739504632
8000,800,5000,19.00403385531413,9.51445378052741,9.48958007478672
8000,800,6000,15.786121659435771,7.901173520552267,7.884948138883503
8000,800,7000,13.502886568584445,6.756809639306757,6.746076929277689
8000,800,8000,11.796191605682655,5.9015852799745785,5.894606325708076
8000,800,9000,10.47100759625294,5.237639054155322,5.233368542097619
8000,800,10000,9.411743206407436,4.706988363249803,4.704754843157632
8000,900,500,71.34134913904714,35.463864830405335,35.877484308641804
8000,900,600,70.42053270237854,35.12606671844702,35.29446598393152
8000,900,700,70.19407012049761,35.02769229108405,35.16637782941356
8000,900,800,70.05538402064549,34.95534533286171,35.10003868778377
8000,900,900,69.92071863330655,34.881665175767495,35.039053457539055
8000,900,1000,69.8074010690734,34.81800185216224,34.98939921691117
8000,900,1200,69.65703949062679,34.73050106416453,34.92653842646225
8000,900,1400,69.44565745198723,34.61597298072072,34.82968447126652
8000,900,1600,65.55905960040613,32.7523319997938,32.806727600612334
8000,900,1800,57.07607162645796,28.561620765052094,28.51445086140587
8000,900,2000,50.48529880179614,25.285217270702322,25.200081531093815
8000,900,2200,45.28634995014699,22.68851068039665,22.597839269750338
8000,900,2400,41.091137256292015,20.5880280168356,20.50310923945641
8000,900,2600,37.63344967832189,18.85484781540263,18.778601862919263
8000,900,2800,34.73167524517106,17.399606973075763,17.332068272095302
8000,900,3000,32.259203063850684,16.159439111255573,16.099763952595115
8000,900,4000,23.86687230198492,11.950321905502362,11.916550396482556
8000,900,5000,18.983107175947985,9.50200177026248,9.481105405685504
8000,900,6000,15.770748988085053,7.892175649719681,7.878573338365373
8000,900,7000,13.490997724820355,6.750004697554597,6.740993027265758
8000,900,8000,11.78667380991953,5.8962849948690454,5.890388815050484
8000,900,9000,10.463189255330912,5.233425075341489,5.229764179989423
8000,900,10000,9.40518700486241,4.703587310759389,4.701599694103022
8000,1000,500,70.62292975677848,35.15029052001657,35.47263923676189
8000,1000,600,70.32433566142295,35.11200284754603,35.21233281387692
8000,1000,700,70.18209560968485,35.036864706927005,35.14523090275785
8000,1000,800,70.04577462759671,34.965917554915855,35.07985707268087
8000,1000,900,69.90658880888708,34.889736552123296,35.016852256763784
8000,1000,1000,69.79019195772176,34.82374593484243,34.96644602287933
8000,1000,1200,69.6378443980947,34.734943118529195,34.90290127956551
8000,1000,1400,69.41805401576573,34.61644228075732,34.80161173500842
8000,1000,1600,65.18932294648926,32.57755676607556,32.611766180413696
8000,1000,1800,56.82943305748046,28.44024095950956,28.389192097970902
8000,1000,2000,50.313545194183895,25.19674578376199,25.11679941042191
8000,1000,2200,45.159615999323876,22.620914376985045,22.538701622338827
8000,1000,2400,40.99278816081399,20.534274209020555,20.45851395179343
8000,1000,2600,37.55402754678649,18.810702717515262,18.74332482927123
8000,1000,2800,34.6655303596239,17.362416059339807,17.303114300284097
8000,1000,3000,32.20278305512921,16.1274673723706,16.075315682758607
8000,1000,4000,23.835228867677177,11.93218532792827,11.903043539748909
8000,1000,5000,18.961771515630296,9.48985347168984,9.471918043940457
8000,1000,6000,15.75508414578447,7.883369797193732,7.8717143485907375
8000,1000,7000,13.478919684875992,6.7433266479879865,6.735593036888004
8000,1000,8000,11.777053413853267,5.8910708083885,5.885982605464765
8000,1000,9000,10.45534094295973,5.229270315871537,5.226070627088193
8000,1000,10000,9.398662234015118,4.700227098618662,4.698435135396456
8000,1200,500,70.42942319760138,35.17909823141615,35.25032496618523
8000,1200,600,70.27304078555413,35.0898830513846,35.18315773416954
8000,1200,700,70.13178439527827,35.016275148715614,35.11550924656266
8000,1200,800,69.99639651985495,34.946952225764875,35.04944429409008
8000,1200,900,69.86400852696828,34.87902133358796,34.98498719338033
8000,1200,1000,69.75535561046227,34.822251688855076,34.93310392160719
8000,1200,1200,69.59913392142442,34.7344922778039,34.86464164362053
8000,1200,1400,69.35828062088456,34.60630423215521,34.75197638872934
8000,1200,1600,64.4908218354061,32.23988432683655,32.250937508569535
8000,1200,1800,56.36052516824027,28.2062147207028,28.154310447537476
8000,1200,2000,49.9835525290655,25.026685503426243,24.956867025639248
8000,1200,2200,44.91379452619158,22.49123870600605,22.42255582018553
8000,1200,2400,40.80055375785095,20.43124730003484,20.369306457816112
8000,1200,2600,37.39784047531717,18.72610484740561,18.671735627911552
8000,1200,2800,34.53482226948659,17.291121325194915,17.243700944291675
8000,1200,3000,32.09085783865588,16.06613939575194,16.02471844290394
8000,1200,4000,23.771759024409935,11.897234380763209,11.87452464364673
8000,1200,5000,18.918803750677892,9.46633275000863,9.452471000669261
8000,1200,6000,15.72351515161102,7.866250801432335,7.857264350178684
8000,1200,7000,13.454616026900652,6.73029795677893,6.724318070121722
8000,1200,8000,11.757759208274752,5.8808658055735545,5.8768934027011985
8000,1200,9000,10.439678937119803,5.221115222974187,5.218563714145615
8000,1200,10000,9.38572724947492,4.693613676338346,4.692113573136575
8000,1400,500,70.37294724094599,35.151994460709076,35.22095278023693
8000,1400,600,70.21890523573255,35.064944801336615,35.15396043439594
8000,1400,700,70.07820566237382,34.99236209249075,35.08584356988305
8000,1400,800,69.94310612985221,34.9239777169431,35.019128412909104
8000,1400,900,69.81190876787052,34.85751735032334,34.954391417547185
8000,1400,1000,69.70839554056602,34.804307927044526,34.9040876135215
8000,1400,1200,69.55901641325661,34.72538716905651,34.83362924420011
8000,1400,1400,69.29445097734512,34.58689489385766,34.707556083487454
8000,1400,1600,63.842633555012675,31.92150876629055,31.92112478872212
8000,1400,1800,55.92115489825455,27.985171154041605,27.93598374421294
8000,1400,2000,49.670806316130005,24.865955698336396,24.804850617793612
8000,1400,2200,44.678616988409786,22.36858529570328,22.310031692706502
8000,1400,2400,40.61529635774728,20.333700649261694,20.28159570848559
8000,1400,2600,37.24646816947433,18.645910707995643,18.600557461478683
8000,1400,2800,34.40757762415927,17.223449513174845,17.184128110984425
8000,1400,3000,31.981507962853748,16.007848917105896,15.973659045747853
8000,1400,4000,23.709094684573643,11.863795317906131,11.845299366667511
8000,1400,5000,18.876182863743136,9.443702513373507,9.432480350369628
8000,1400,6000,15.692138982375543,7.849701437196401,7.842437545179141
8000,1400,7000,13.430454922547343,6.7176507001611805,6.712804222386161
8000,1400,8000,11.738600411696774,5.870922939083114,5.867677472613661
8000,1400,9000,10.424165026588236,5.21314262030751,5.211022406280725
8000,1400,10000,9.372962475708976,4.687127578465949,4.685834897243026
8000,1600,500,70.31590864843398,35.12415756928693,35.191751079147046
8000,1600,600,70.16358462938173,35.038550935850154,35.12503369353158
8000,1600,700,70.02310614078291,34.96662153967858,35.056484601104344
8000,1600,800,69.88796442447773,34.898827407117075,34.98913701736065
8000,1600,900,69.75794232533559,34.8336099799493,34.924332345386304
8000,1600,1000,69.65902403657503,34.783427232739854,34.87559680383517
8000,1600,1200,69.51182586581876,34.70729208986261,34.80453377595616
8000,1600,1400,69.22794557859406,34.56192326076103,34.66602231783303
8000,1600,1600,63.239814212757516,31.62306742428903,31.616746788468493
8000,1600,1800,55.50845830505712,27.77699863526044,27.731459669796674
8000,1600,2000,49.3742401405556,24.71407282368558,24.660167316870016
8000,1600,2200,44.45395836113718,22.25237448299854,22.201583878138646
8000,1600,2400,40.43734377907236,20.24107257151946,20.1962712075529
8000,1600,2600,37.10044986044134,18.569613128641485,18.530836731799848
8000,1600,2800,34.28442741362814,17.158954459369923,17.125472954258218
8000,1600,3000,31.875395406199228,15.952207063621014,15.923188342578216
8000,1600,4000,23.64779107479995,11.831668618903658,11.816122455896297
8000,1600,5000,18.834311691542606,9.421851042708271,9.412460648834333
8000,1600,6000,15.661237454590369,7.8336548215443,7.827582633046069
8000,1600,7000,13.40662498029515,6.7053431160432115,6.701281864251937
8000,1600,8000,11.719692723923878,5.861215496470648,5.858477227453229
8000,1600,9000,10.408856674809487,5.205335270623133,5.203521404186354
8000,1600,10000,9.360377941058363,4.680757765962797,4.679620175095568
8000,1800,500,70.259133676897,35.09644641858681,35.162687258310186
8000,1800,600,70.1080360385539,35.011529479657035,35.09650655889686
8000,1800,700,69.96753581736792,34.93995170988397,35.027584107483946
8000,1800,800,69.83212680141752,34.87250615962366,34.959620641793855
8000,1800,900,69.70331649826424,34.808403763276274,34.894912734987976
8000,1800,1000,69.608574006541,34.76087545894332,34.8476985475977
8000,1800,1200,69.46175210645275,34.68619203587855,34.775560070574194
8000,1800,1400,69.15762032348506,34.532292830313835,34.62532749317122
8000,1800,1600,62.67783365764528,31.34365268502217,31.3341809726231
8000,1800,1800,55.11999562758145,27.58092786765479,27.539067759926663
8000,1800,2000,49.09274593678107,24.57036607113773,24.522379865643344
8000,1800,2200,44.239380283891585,22.142039563828956,22.09734072006263
8000,1800,2400,40.266589825876224,20.15289064530728,20.113699180568943
8000,1800,2600,36.95984829616053,18.496818142492113,18.463030153668416
8000,1800,2800,34.1655217389293,17.097305614946723,17.06821612398257
8000,1800,3000,31.772714889684885,15.898934319944294,15.873780569740587
8000,1800,4000,23.588060274524103,11.80071910935776,11.787341165166346
8000,1800,5000,18.793354325805616,9.400703895092102,9.392650430713514
8000,1800,6000,15.630929018890425,7.818066785693106,7.812862233197321
8000,1800,7000,13.383206971758979,6.693347864671896,6.689859107087081
8000,1800,8000,11.70108624128949,5.851726195355256,5.849360045934234
8000,1800,9000,10.393778797334999,5.197682215387646,5.196096581947353
8000,1800,10000,9.347977627283587,4.6744974055874335,4.673480221696154
8000,2000,500,70.20303534486787,35.06942192639154,35.13361341847632
8000,2000,600,70.05281130049129,34.98439648255194,35.06841481793934
8000,2000,700,69.91213818270533,34.912922851638584,34.99921533106675
8000,2000,800,69.77628892249713,34.8456251656868,34.93066375681033
8000,2000,900,69.64874802608651,34.78256290301528,34.86618512307122
8000,2000,1000,69.55783452812926,34.73740508639666,34.82042944173261
8000,2000,1200,69.41006419362805,34.66323110978042,34.74683308384762
8000,2000,1400,69.08316705554795,34.499110369717506,34.58405668583044
8000,2000,1600,62.152632529457804,31.081881363191975,31.070751166265826
8000,2000,1800,54.75362204918276,27.39603732091056,27.357584728272204
8000,2000,2000,48.82524963922141,24.434170523883132,24.39107911533828
8000,2000,2200,44.03433997382781,22.037078324761147,21.99726164906667
8000,2000,2400,40.10276220003028,20.068762822969617,20.033999377060667
8000,2000,2600,36.824536555822995,18.427211759017084,18.397324796805915
8000,2000,2800,34.050815882000904,17.03824637851579,17.012569503485107
8000,2000,3000,31.673469806071182,15.847817414551287,15.825652391519892
8000,2000,4000,23.529970792884683,11.77084716129426,11.759123631590423
8000,2000,5000,18.753373981634624,9.38020664014551,9.373167341489117
8000,2000,6000,15.601262617199364,7.802905153543861,7.798357463655504
8000,2000,7000,13.360235494309613,6.681645121408168,6.678590372901446
8000,2000,8000,11.682802750586607,5.842442602549534,5.840360148037073
8000,2000,9000,10.378942050606124,5.190175676734392,5.188766373871732
8000,2000,10000,9.33576256434351,4.668341758315974,4.667420806027534
8000,2200,500,70.14769277819191,35.03536378470178,35.11232899349014
8000,2200,600,69.9982699280571,34.9575503132264,35.04071961483071
8000,2200,700,69.85730046578063,34.88589828122344,34.971402184557185
8000,2200,800,69.72089254708374,34.81858296472834,34.902309582355386
8000,2200,900,69.59467299322017,34.75650247562081,34.838170517599366
8000,2200,1000,69.50729178551386,34.713487093600634,34.793804691913216
8000,2200,1200,69.35754240562093,34.63911624547851,34.718426160142414
8000,2200,1400,69.00622043284687,34.46367858679761,34.542541846049254
8000,2200,1600,61.660615019425805,30.83628555592823,30.824329463497566
8000,2200,1800,54.40743611124433,27.22141704884855,27.186019062395776
8000,2200,2000,48.57074420959025,24.304875666343356,24.265868543246892
8000,2200,2200,43.83827410154707,21.937053029632086,21.90122107191499
8000,2200,2400,39.94552848070477,19.98835907435257,19.957169406352204
8000,2200,2600,36.6943108526998,18.360535719895427,18.33377513280437
8000,2200,2800,33.94018229832962,16.981568899291336,16.958613399038285
8000,2200,3000,31.57758020382846,15.798685435186913,15.778894768641544
8000,2200,4000,23.47352557687891,11.74197447997428,11.73155109690463
8000,2200,5000,18.714387012388567,9.360316599935357,9.354070412453208
8000,2200,6000,15.572254556655635,7.788144694553723,7.784109862101913
8000,2200,7000,13.337723276200709,6.670219359365033,6.667503916835676
8000,2200,8000,11.664850501074287,5.8333550194144,5.831495481659887
8000,2200,9000,10.364350156415219,5.1828096393751455,5.181540517040071
8000,2200,10000,9.323732192344027,4.6622872197573315,4.661444972586695
8000,2400,500,70.09256211118598,34.98616472217329,35.10639738901268
8000,2400,600,69.9445972276692,34.93125234600718,35.013344881662015
8000,2400,700,69.80325001343519,34.85911046935234,34.94413954408284
8000,2400,800,69.6662062723968,34.79163276633979,34.874573506057025
8000,2400,900,69.54136288091081,34.73049253990248,34.810870341008346
8000,2400,1000,69.45724887909978,34.68942406820964,34.76782481089014
8000,2400,1200,69.3046808710145,34.61430060242594,34.69038026858856
8000,2400,1400,68.78554644273918,34.35787158283404,34.42767485990513
8000,2400,1600,61.19861541545874,30.605460673507267,30.593154741951473
8000,2400,1800,54.07974712413045,27.056221394399223,27.023525729731226
8000,2400,2000,48.32830037105387,24.18193319693476,24.14636717411911
8000,2400,2200,43.650633824626105,21.841581127062803,21.809052697563306
8000,2400,2400,39.794541472448145,19.9113965762875,19.883144896160644
8000,2400,2600,36.56893908501504,18.296571687992188,18.27236739702285
8000,2400,2800,33.83345910720221,16.927099064797307,16.906360042404902
8000,2400,3000,31.484929560131672,15.751396103923055,15.733533456208615
8000,2400,4000,23.418696056728987,11.714036528429336,11.704659528299652
8000,2400,5000,18.676386597315588,9.340998547284398,9.33538805003119
8000,2400,6000,15.543904742635803,7.773764527419791,7.770140215216012
8000,2400,7000,13.315671918910093,6.659057708853437,6.656614210056656
8000,2400,8000,11.647230769253628,5.82445541219331,5.822775357060317
8000,2400,9000,10.350003195600857,5.175579139604495,5.174424055996362
8000,2400,10000,9.311885031686634,4.656330843630555,4.655554188056079
8000,2600,500,70.03860455313789,34.93795509022024,35.10064946291764
8000,2600,600,69.8918815969699,34.90569763239503,34.98618396457486
8000,2600,700,69.75013361502252,34.83273676126695,34.91739685375557
8000,2600,800,69.61240501148016,34.76495358039612,34.84745143108405
8000,2600,900,69.48934158328457,34.70488904892855,34.78445253435603
8000,2600,1000,69.40789544074127,34.665414861651605,34.74248057908968
8000,2600,1200,69.2517983515135,34.589083094499436,34.66271525701406
8000,2600,1400,68.43845059886738,34.1901839579598,34.24826664090758
8000,2600,1600,60.763846134858575,30.388113225401252,30.375732909457327
8000,2600,1800,53.769048646521924,26.899682350979827,26.869366295542093
8000,2600,2000,48.09706704003365,24.064853302068048,24.032213737965602
8000,2600,2200,43.470899058151794,21.750325781729014,21.720573276422783
8000,2600,2400,39.649459377255695,19.83762904432096,19.811830332934736
8000,2600,2600,36.44818302324426,18.23513099458174,18.213052028662524
8000,2600,2800,33.73047253524473,16.874687220835984,16.855785314408745
8000,2600,3000,31.395386597369853,15.705827542234431,15.689559055135417
8000,2600,4000,23.36543828964005,11.68697822024982,11.678460069390232
8000,2600,5000,18.63935405459474,9.322222301063418,9.317131753531324
8000,2600,6000,15.516204472489493,7.759746684369515,7.75645778811998
8000,2600,7000,13.294077079932125,6.648149057815244,6.6459280221168795
8000,2600,8000,11.629941046100102,5.8157368303155845,5.814204215784518
8000,2600,9000,10.335899227863532,5.168479882436401,5.167419345427131
8000,2600,10000,9.300219042142025,4.650470087620447,4.649748954521578
8000,2800,500,69.98591447171921,34.89081105223044,35.095103419488765
8000,2800,600,69.84015293460652,34.881052666556926,34.9591002680496
8000,2800,700,69.69803186278162,34.80690617504261,34.891125687739006
8000,2800,800,69.55958964177083,34.73866271344931,34.820926928321526
8000,2800,900,69.43884863331196,34.6798782670562,34.75897036625576
8000,2800,1000,69.35934785268631,34.6415914843246,34.71775636836171
8000,2800,1200,69.19900863782703,34.56361834825678,34.635390289570246
8000,2800,1400,68.10122391913721,34.026836311189136,34.07438760794807
8000,2800,1600,60.35385613845195,30.18307650639103,30.170779632060928
8000,2800,1800,53.47399540865252,26.7511085877042,26.72288682094832
8000,2800,2000,47.87626733349238,23.953198189193817,23.923069144298566
8000,2800,2200,43.29858358314797,21.66298808775978,21.635595495388195
8000,2800,2400,39.50995474270946,19.766839165322857,19.7431155773866
8000,2800,2600,36.33180878071705,18.17604784493711,18.155760935779934
8000,2800,2800,33.63104776007485,16.824202208460843,16.806845551614003
8000,2800,3000,31.308815993465384,15.661873101834399,15.646942891630985
8000,2800,4000,23.31370110412558,11.660751321904273,11.652949782221308
8000,2800,5000,18.603264612183253,9.303961298801108,9.299303313382145
8000,2800,6000,15.489140439323702,7.74607526736862,7.743065171955083
8000,2800,7000,13.27293115204796,6.637483528203513,6.635447623844447
8000,2800,8000,11.612976697033773,5.807193071045311,5.805783625988463
8000,2800,9000,10.322035147147329,5.161508022921706,5.160527124225624
8000,2800,10000,9.288731829263128,4.644702670301333,4.644029158961795
8000,3000,500,69.93449411639683,34.84484539288077,35.08964872351606
8000,3000,600,69.78942162279472,34.85753046120648,34.93189116158824
8000,3000,700,69.64697891534797,34.78171434894399,34.86526456640399
8000,3000,800,69.50782083308506,34.71284799172823,34.79497284135683
8000,3000,900,69.3897841496523,34.65546257676694,34.73432157288535
8000,3000,1000,69.31167549485443,34.61804310575867,34.693632389095754
8000,3000,1200,69.14631949252346,34.53798108922193,34.60833840330153
8000,3000,1400,67.77346416544468,33.867663332332796,33.9058008331119
8000,3000,1600,59.966482313097,29.989304193629135,29.977178119467872
8000,3000,1800,53.193383047629865,26.609879456344697,26.583503591285172
8000,3000,2000,47.66519280162029,23.846575490488597,23.8186173111317
8000,3000,2200,43.1332358438396,21.579300872596743,21.55393497124285
8000,3000,2400,39.375718136613244,19.698833153112847,19.67688498350039
8000,3000,2600,36.219591699032,18.119174642848478,18.100417056183524
8000,3000,2800,33.535014238285015,16.77552737671373,16.759486861571283
8000,3000,3000,31.225083781682223,15.619437963477216,15.605645818205007
8000,3000,4000,23.263430403875233,11.63531280611384,11.628117597761392
8000,3000,5000,18.568090505093462,9.286191703861057,9.281898801232403
8000,3000,6000,15.462696901647067,7.7327359256851365,7.729960975961932
8000,3000,7000,13.252224726764531,6.627052154918689,6.625172571845842
8000,3000,8000,11.59633187675236,5.7988184761175905,5.79751340063477
8000,3000,9000,10.30840716067723,5.154660035385572,5.15374712529166
8000,3000,10000,9.27742077016486,4.639026486996787,4.638394283168073
8000,4000,500,69.69589639013103,34.633135790854666,35.06276059927635
8000,4000,600,69.55013599422821,34.67483198476127,34.87530400946694
8000,4000,700,69.40714673365068,34.66850217554201,34.738644558108675
8000,4000,800,69.26726533822641,34.593849043096654,34.67341629512976
8000,4000,900,69.16338492323263,34.54229881112323,34.621086112109396
8000,4000,1000,69.08713737167952,34.50596434192918,34.581173029750346
8000,4000,1200,68.88614866621546,34.40952240785473,34.47662625836073
8000,4000,1400,65.87079971009878,32.92758046811044,32.943219241988345
8000,4000,1600,58.30882571168928,29.159917691478608,29.148908020210683
8000,4000,1800,51.97262252920918,25.99623510683166,25.976387422377528
8000,4000,2000,46.734932555176464,23.377715714083894,23.357216841092573
8000,4000,2200,42.39743520996131,21.207954013316403,21.18948119664491
8000,4000,2400,38.77404059504228,19.394992177660683,19.379048417381597
8000,4000,2600,35.71381732048115,17.86371166653699,17.85010565394416
8000,4000,2800,33.10027032148444,16.555945681769895,16.54432463971454
8000,4000,3000,30.84465139948883,15.427316101709609,15.41733529777922
8000,4000,4000,23.03219853885221,11.518690865315497,11.513507673536715
8000,4000,5000,18.404934750994663,9.204010952504197,9.20092379849047
8000,4000,6000,15.339183967992566,7.67059156456802,7.668592403424546
8000,4000,7000,13.154911075659049,6.578136705479501,6.576774370179548
8000,4000,8000,11.517663041044356,5.759309958317425,5.758353082726932
8000,4000,9000,10.243655608570165,5.122168924069266,5.1214866845009
8000,4000,10000,9.223408217653686,4.611947690695798,4.611460526957888
8000,5000,500,69.48533186079558,34.44984874803231,35.03548311276328
8000,5000,600,69.3369890759734,34.49507163970803,34.841917436265376
8000,5000,700,69.19093493548527,34.51270143212523,34.67823350336004
8000,5000,800,69.05608121771157,34.49624713269318,34.559834085018394
8000,5000,900,68.96336260955417,34.4440953654929,34.51926724406126
8000,5000,1000,68.88456632044841,34.40473713887826,34.47982918157016
8000,5000,1200,68.62947356551237,34.28145740830244,34.34801615720995
8000,5000,1400,64.11562698396943,32.05379856794588,32.06182841602356
8000,5000,1600,57.0026206357629,28.50644154559334,28.496179090169566
8000,5000,1800,50.98826247241441,25.502176638608656,25.486085833805756
8000,5000,2000,45.97098354760516,22.99362242821826,22.977361119386895
8000,5000,2200,41.784811087936745,20.899691439410084,20.88511964852666
8000,5000,2400,38.267849884167774,19.14020132471576,19.127648559452016
8000,5000,2600,35.28486181315863,17.64778188147075,17.637079931687882
8000,5000,2800,32.72916267824664,16.369148427013517,16.36001425123312
8000,5000,3000,30.51815891089411,15.262999450676253,15.255159460217854
8000,5000,4000,22.83005225868837,11.417057057996418,11.41299520069195
8000,5000,5000,18.26046274531718,9.13144045339989,9.129022291917293
8000,5000,6000,15.228638881707434,7.615103848633245,7.613535033074188
8000,5000,7000,13.06697711413507,6.534025534662716,6.532951579472356
8000,5000,8000,11.445946097285326,5.723353226299257,5.722592870986068
8000,5000,9000,10.184133980653304,5.092341465939697,5.091792514713607
8000,5000,10000,9.173364313525578,4.586881914208681,4.586482399316898
8000,6000,500,69.29880619195198,34.29109857393718,35.00770761801481
8000,6000,600,69.14734821502502,34.33814896301659,34.80919925200843
8000,6000,700,68.99780133873897,34.357770003171204,34.640031335567755
8000,6000,800,68.8696924608456,34.36740238393639,34.50229007690922
8000,6000,900,68.78358157553114,34.36276864846313,34.420812927068006
8000,6000,1000,68.70080702514018,34.31520829696106,34.38559872817913
8000,6000,1200,68.37736421597603,34.15560485438604,34.22175936158999
8000,6000,1400,62.718936900933215,31.358422067054722,31.360514833878494
8000,6000,1600,55.94350185951903,27.976752878864406,27.966748980654632
8000,6000,1800,50.175926350519966,25.094869673897534,25.081056676622428
8000,6000,2000,45.33154081443619,22.672587632857503,22.658953181578692
8000,6000,2200,41.2664132550925,20.639272579106258,20.62714067598624
8000,6000,2400,37.83590489900645,18.92316322541641,18.912741673590045
8000,6000,2600,34.91639441527301,17.462633040811664,17.453761374461347
8000,6000,2800,32.40866945133921,16.208116889087282,16.20055256225192
8000,6000,3000,30.234925842102,15.12070662517437,15.114219216927632
8000,6000,4000,22.65190243872641,11.327627813651873,11.324274625074539
8000,6000,5000,18.131711640814228,9.066853605378254,9.064858035435973
8000,6000,6000,15.129189830180383,7.565243204454774,7.5639466257256105
8000,6000,7000,12.987194669325916,6.494042670291481,6.493151999034436
8000,6000,8000,11.380362302075362,5.69049828888231,5.689864013193052
8000,6000,9000,10.129296041880455,5.064879019799233,5.064417022081224
8000,6000,10000,9.126929534726614,4.563635078488025,4.563294456238588
8000,7000,500,69.13275087771783,34.153085474452986,34.97966540326484
8000,7000,600,68.97796882125387,34.20041371891078,34.77755510234308
8000,7000,700,68.82545325494574,34.221351328964325,34.60410192598141
8000,7000,800,68.70733594615842,34.238095300385,34.46924064577343
8000,7000,900,68.62176315817955,34.25544665402242,34.36631650415713
8000,7000,1000,68.53213083461922,34.23936087042108,34.29276996419814
8000,7000,1200,68.1352196075882,34.03560498486842,34.099614622719784
8000,7000,1400,61.57869785578101,30.790878184923038,30.787819670857964
8000,7000,1600,55.06558232646967,27.537849952823294,27.52773237364638
8000,7000,1800,49.49312562063774,24.752758799263898,24.74036682137385
8000,7000,2000,44.787933380609935,22.399922556589914,22.38801082402002
8000,7000,2200,40.82178362041142,20.416143667454783,20.405639952956633
8000,7000,2400,37.46284624946044,18.735916304832784,18.72692994462766
8000,7000,2600,34.59639206335556,17.302012207980386,17.294379855375173
8000,7000,2800,32.12906360577589,16.06778059453793,16.06128301123796
8000,7000,3000,29.986877270236132,14.996221683976962,14.990655586259168
8000,7000,4000,22.49373641818533,11.248302248854728,11.245434169330599
8000,7000,5000,18.016274148228046,9.00898994530769,9.007284202920353
8000,7000,6000,15.039275267901958,7.520192338386897,7.519082929515063
8000,7000,7000,12.914512627153814,6.457638362112279,6.456874265041535
8000,7000,8000,11.320192361789928,5.66036944873684,5.6598229130530875
8000,7000,9000,10.078648205546406,5.039524458854816,5.039123746691591
8000,7000,10000,9.08376845898767,4.542033343260716,4.541735115726955
8000,8000,500,68.98413998218331,34.032432519301935,34.951707462881366
8000,8000,600,68.82600976123031,34.078960292811445,34.747049468418865
8000,8000,700,68.67304909045579,34.10131010642916,34.57173898402663
8000,8000,800,68.56332175939386,34.12404352224135,34.4392782371525
8000,8000,900,68.47616253671718,34.142862624967236,34.333299911749954
8000,8000,1000,68.37696917081901,34.145251953300225,34.23171721751878
8000,8000,1200,67.22761007483967,33.60265538977853,33.62495468506114
8000,8000,1400,60.62891083712108,30.318352876112787,30.310557961008303
8000,8000,1600,54.32496223804395,27.167726543818944,27.157235694225005
8000,8000,1800,48.91055488951929,24.461027240282245,24.44952764923705
8000,8000,2000,44.31979075022723,22.165264766111523,22.154525984115708
8000,8000,2200,40.436045633189075,20.222706483489265,20.213339149699816
8000,8000,2400,37.137303517365524,18.572637895292225,18.564665622073296
8000,8000,2600,34.31582869496893,17.16128944920102,17.154539245767904
8000,8000,2800,31.88295996400495,15.944347276578585,15.938612687426367
8000,8000,3000,29.767824653519092,14.886364775026133,14.881459878492965
8000,8000,4000,22.352377033889606,11.177447099783244,11.17492993410636
8000,8000,5000,17.912198832332518,8.956847104301337,8.955351728031177
8000,8000,6000,14.957602382898754,7.479287757527392,7.478314625371362
8000,8000,7000,12.848042463907078,6.424357003714331,6.423685460192747
8000,8000,8000,11.264814802746361,5.632648380029113,5.632166422717248
8000,8000,9000,10.03175352078113,5.016054332773251,5.015699188007877
8000,8000,10000,9.043575500081525,4.521920848309629,4.521654651771896
8000,9000,500,68.85041502344217,33.92629345079079,34.92412157265139
8000,9000,600,68.68905013166801,33.97135250998884,34.71769762167918
8000,9000,700,68.5370741381212,33.99489441212667,34.54217972599454
8000,9000,800,68.43413504624026,34.02239677261412,34.411738273626135
8000,9000,900,68.34368372486065,34.041622199783006,34.30206152507765
8000,9000,1000,68.23400540787293,34.040980291454154,34.19302511641878
8000,9000,1200,66.31462841179291,33.16912772468415,33.14550068710875
8000,9000,1400,59.82488764404201,29.9185990863913,29.90628855765071
8000,9000,1600,53.69112434105108,26.85108120236942,26.840043138681654
8000,9000,1800,48.40727399072904,24.209111410243025,24.198162580486017
8000,9000,2000,43.912208389196266,21.961064182606414,21.951144206589852
8000,9000,2200,40.09810887814864,20.053328463981817,20.04478041416683
8000,9000,2400,36.850675757472665,18.42895287987106,18.42172287760161
8000,9000,2600,34.06779778436262,17.03694827475711,17.030849509605503
8000,9000,2800,31.66465468600956,15.834911277378199,15.829743408631362
8000,9000,3000,29.572951051333046,14.7886814160211,14.784269635311945
8000,9000,4000,22.22528287297328,11.113767866335321,11.11151500663796
8000,9000,5000,17.817893329311307,8.90961478199971,8.908278547311594
8000,9000,6000,14.883097124723404,7.441983400157381,7.441113724566024
8000,9000,7000,12.787032766274443,6.393816876890211,6.393215889384233
8000,9000,8000,11.213694154440578,5.607063299024156,5.606630855416422
8000,9000,9000,9.98822766199207,4.994273787163527,4.993953874828542
8000,9000,10000,9.006075326701419,4.50315822042406,4.502917106277359
8000,10000,500,68.72947064495135,33.83223682314621,34.89723382180513
8000,10000,600,68.56504602526856,33.87553330908085,34.6895127161877
8000,10000,700,68.41683151564963,33.90100850532718,34.51582301032246
8000,10000,800,68.31731473620418,33.93120561082842,34.38610912537575
8000,10000,900,68.22244941820803,33.949890179540475,34.27255923866755
8000,10000,1000,68.09982617184559,33.944996795468185,34.15482937637741
8000,10000,1200,65.507693930268,32.786810556944765,32.72088337332324
8000,10000,1400,59.13508874566583,29.57586781360025,29.559220932065582
8000,10000,1600,53.14212771918307,26.576914549333985,26.565213169849084
8000,10000,1800,47.967881397257024,23.98925386225965,23.978627534997372
8000,10000,2000,43.55400988160175,21.781674607708254,21.772335273893496
8000,10000,2200,39.799527410115786,19.903735183714275,19.89579222640151
8000,10000,2400,36.59633273107588,18.301502311108983,18.2948304199669
8000,10000,2600,33.84692345072909,16.926263700248622,16.920659750480468
8000,10000,2800,31.469672788374766,15.737203677307644,15.732469111067125
8000,10000,3000,29.39845212633502,14.701242571695632,14.697209554639386
8000,10000,4000,22.11039891627116,11.056223230640205,11.054175685630954
8000,10000,5000,17.73204745871508,8.866629723792855,8.865417734922223
8000,10000,6000,14.814861780077706,7.407825189358215,7.407036590719492
8000,10000,7000,12.730845667489024,6.365695569048487,6.365150098440538
8000,10000,8000,11.166368451221468,5.583380866674801,5.582987584546665
8000,10000,9000,9.947733155874753,4.974012500950453,4.973720654924301
8000,10000,10000,8.971021235338005,4.4856210801959495,4.485400155142055
9000,500,500,91.08184108329685,45.35784588991176,45.72399519338511
9000,500,600,87.72274959866293,42.817348787020514,44.90540081164242
9000,500,700,71.02922689203118,34.90232409811016,36.12690279392102
9000,500,800,70.24856860994988,34.81347582035936,35.43509278959053
9000,500,900,69.93407033232063,34.73802718456667,35.196043147753954
9000,500,1000,69.77379614942885,34.6727705823891,35.101025567039756
9000,500,1200,69.578684401155,34.57416621243169,35.0045181887233
9000,500,1400,69.3587032156902,34.45356162199282,34.90514159369738
9000,500,1600,65.41408882296142,32.508738545382066,32.90535027757936
9000,500,1800,57.97484604588078,28.939872793999672,29.03497325188111
9000,500,2000,51.090103943820004,25.578680653714795,25.511423290105213
9000,500,2200,45.710981745339495,22.92321219520981,22.787769550129685
9000,500,2400,41.405296445287945,20.780413082306268,20.62488336298167
9000,500,2600,37.87700486717561,19.01603933791447,18.860965529261136
9000,500,2800,34.92793558898994,17.53728788019384,17.3906477087961
9000,500,3000,32.42239113875802,16.279000494889225,16.1433906438688
9000,500,4000,23.954645627411136,12.020570884098442,11.934074743312696
9000,500,5000,19.04514683290362,9.551053839712617,9.494092993191003
9000,500,6000,15.820684791428214,7.929762393921267,7.890922397506944
9000,500,7000,13.534136155357158,6.7804965783178535,6.753639577039306
9000,500,8000,11.825531676971375,5.921981812141223,5.903549864830152
9000,500,9000,10.499121132941598,5.2556716707453885,5.243449462196209
9000,500,10000,9.438990227289622,4.723231885709505,4.715758341580116
9000,600,500,90.8290810564422,45.18347308782958,45.64560796861261
9000,600,600,72.02391162840865,35.48753440908213,36.536377219326525
9000,600,700,70.532796644203,34.87496395223813,35.65783269196488
9000,600,800,70.08139435362376,34.86237444922154,35.21901990440222
9000,600,900,69.88919248359245,34.78618360320138,35.103008880391066
9000,600,1000,69.75636449088739,34.7201591506959,35.03620534019149
9000,600,1200,69.57910537015754,34.62148416446427,34.95762120569326
9000,600,1400,69.36184545014676,34.50028751817679,34.86155793196997
9000,600,1600,65.51006343862728,32.623856930435764,32.88620650819152
9000,600,1800,57.69736894563861,28.839411398217877,28.857957547420735
9000,600,2000,50.90772783685179,25.49868763146163,25.40904020539016
9000,600,2200,45.58766619221278,22.85752789763885,22.73013829457393
9000,600,2400,41.31774142336899,20.72557065076644,20.592170772602554
9000,600,2600,37.81182224505115,18.96957465239842,18.842247592652726
9000,600,2800,34.87738522438951,17.49736661459618,17.380018609793332
9000,600,3000,32.38183043028417,16.244259272261505,16.137571158022663
9000,600,4000,23.935702711379626,12.000567864805355,11.935134846574272
9000,600,5000,19.033009464189426,9.537730190958547,9.495279273230882
9000,600,6000,15.811590207237552,7.920169900927566,7.891420306309986
9000,600,7000,13.526677480026995,6.773258662020285,6.75341881800671
9000,600,8000,11.81904870971219,5.916348172527364,5.902700537184826
9000,600,9000,10.493255760827095,5.2511892519718995,5.242066508855195
9000,600,10000,9.433528245917008,4.719606990433063,4.713921255483945
9000,700,500,76.970330842839,38.214029761454725,38.75630108138429
9000,700,600,70.93830336817567,35.11327742052637,35.82502594764929
9000,700,700,70.25667151849117,34.98344388226385,35.273227636227325
9000,700,800,70.01565508366537,34.891659133906956,35.12399594975842
9000,700,900,69.86630799082617,34.81807096017823,35.04823703064793
9000,700,1000,69.74420170608296,34.75141117061368,34.99279053546928
9000,700,1200,69.57466429338538,34.65264492416749,34.9220193692179
9000,700,1400,69.35555971030765,34.530051909702344,34.8255078006053
9000,700,1600,65.53404765140965,32.68359214898095,32.850455502428694
9000,700,1800,57.43403211476074,28.727084858048244,28.706947256712496
9000,700,2000,50.73124703549975,25.412998206026526,25.318248829473223
9000,700,2200,45.46368151123608,22.78979573432961,22.673885776906477
9000,700,2400,41.225875448975394,20.670523952034436,20.555351496940954
9000,700,2600,37.740543734101784,18.923764391691265,18.816779342410523
9000,700,2800,34.81997752446694,17.458469059326717,17.361508465140226
9000,700,3000,32.33419776585687,16.21067106195146,16.123526703905416
9000,700,4000,23.910960009516163,11.981463079694466,11.929496929821697
9000,700,5000,19.01663853049972,9.524984194026436,9.491654336473283
9000,700,6000,15.799458555715617,7.910955633348701,7.888502922366916
9000,700,7000,13.51707962164933,6.766276037875088,6.750803583774241
9000,700,8000,11.81111517228394,5.910891195090978,5.900223977192962
9000,700,9000,10.486481164715842,5.24683134403883,5.239649820677011
9000,700,10000,9.427592316818222,4.716070847396738,4.711521469421484
9000,800,500,71.92048381002691,35.68791158390852,36.23257222611838
9000,800,600,70.50009365237467,35.027744099864734,35.47234955250995
9000,800,700,70.14577142774955,34.990786385801464,35.15498504194808
9000,800,800,69.99750639133497,34.917627647647734,35.07987874368723
9000,800,900,69.85656271858039,34.841138923215595,35.01542379536479
9000,800,1000,69.73501677880148,34.77234926919088,34.962667509610604
9000,800,1200,69.56715368017194,34.67290300083143,34.8942506793405
9000,800,1400,69.3431476338852,34.54816160677659,34.794986027108614
9000,800,1600,65.50941029046847,32.70594136566613,32.803468924802324
9000,800,1800,57.181956809210774,28.610832316387704,28.571124492823074
9000,800,2000,50.559622695983705,25.326313292346896,25.23330940363681
9000,800,2200,45.34039705002164,22.722527577906842,22.6178694721148
9000,800,2400,41.13251100726682,20.616533302945292,20.515977704321532
9000,800,2600,37.666684330547476,18.87919395035649,18.78749038019098
9000,800,2800,34.75949663888488,17.420816765970503,17.338679872914376
9000,800,3000,32.28331043933968,16.178260338119415,16.105050101220264
9000,800,4000,23.883429028569683,11.96308367225171,11.920345356317974
9000,800,5000,18.998203603178144,9.51268276715894,9.485520836019203
9000,800,6000,15.785836003555385,7.902027672729282,7.883808330826101
9000,800,7000,13.506428512180689,6.759485411294744,6.746943100885945
9000,800,8000,11.802467909080947,5.905566742093114,5.896901166987835
9000,800,9000,10.479262133052003,5.242566687574432,5.23669544547757
9000,800,10000,9.421430037718054,4.71260107658886,4.7088289611291945
9000,900,500,70.88533702111815,35.23122028979509,35.65411673132305
9000,900,600,70.29106985779856,35.09266574384696,35.19840411395161
9000,900,700,70.14366634279264,35.01535326322892,35.12831307956373
9000,900,800,70.00075030182882,34.940300736876,35.06044956495281
9000,900,900,69.8528788108523,34.85815481800374,34.99472399284857
9000,900,1000,69.72700971071971,34.78613591211538,34.94087379860433
9000,900,1200,69.55753630726042,34.68568681939999,34.87184948786044
9000,900,1400,69.32646039762719,34.55807999651151,34.768380401115664
9000,900,1600,65.33869853735546,32.64246496789542,32.69623356946002
9000,900,1800,56.939333742301216,28.494332622180796,28.445001120120416
9000,900,2000,50.39245144801968,25.240533388820328,25.15191805919935
9000,900,2200,45.21861101212653,22.6565966189006,22.56201439322593
9000,900,2400,41.039095877348565,20.56394558901539,20.475150288333175
9000,900,2600,37.591980020558296,18.835947826152626,18.75603219440567
9000,900,2800,34.69777152569925,17.384364888957577,17.31340663674168
9000,900,3000,32.230990322936734,16.146920568203875,16.084069754732862
9000,900,4000,23.85451897204123,11.945301125866006,11.909217846175226
9000,900,5000,18.97871774467909,9.500739579489142,9.477978165189947
9000,900,6000,15.77144504094242,7.89332937790761,7.878115663034809
9000,900,7000,13.49523227034327,6.752848836232648,6.742383434110621
9000,900,8000,11.793452321600546,5.900348789489888,5.893103532110659
9000,900,9000,10.471817084454086,5.238377109549275,5.233439974904811
9000,900,10000,9.415158335702131,4.7091848139848524,4.705973521717279
9000,1000,500,70.43852132325004,35.18196530097556,35.256556022274474
9000,1000,600,70.27159985103876,35.086444037969045,35.18515581306971
9000,1000,700,70.12351399203891,35.008472919116436,35.11504107292247
9000,1000,800,69.9815910117448,34.93478064963695,35.04681036210785
9000,1000,900,69.84222944864894,34.8620599090114,34.98016953963753
9000,1000,1000,69.71955460286718,34.79513219927482,34.92442240359235
9000,1000,1200,69.54639150633983,34.69324841571902,34.85314309062081
9000,1000,1400,69.30652747817098,34.562055420383295,34.74447205778767
9000,1000,1600,64.98886693716267,32.47804950483868,32.510817432324004
9000,1000,1800,56.70507301530897,28.37934234688245,28.32573066842652
9000,1000,2000,50.229543806214586,25.15645457906424,25.07308922715035
9000,1000,2200,45.09877818052329,22.59229734142776,22.506480839095527
9000,1000,2400,40.94640758380506,20.51281679866201,20.433590785143053
9000,1000,2600,37.51734494823463,18.793973722113495,18.723371226121138
9000,1000,2800,34.63575660344015,17.34901477601866,17.28674182742149
9000,1000,3000,32.178183675070315,16.11653626358383,16.061647411486486
9000,1000,4000,23.824957752012526,11.928024532782274,11.89693321923025
9000,1000,5000,18.958704544613713,9.489097503584654,9.46960704102906
9000,1000,6000,15.756659604562472,7.884824258927496,7.871835345634975
9000,1000,7000,13.483754312384042,6.746342227332431,6.73741208505161
9000,1000,8000,11.78424781391824,5.895221007191183,5.889026806727059
9000,1000,9000,10.464259767381257,5.234251303903178,5.2300084634780815
9000,1000,10000,9.408838407481175,4.705814129742845,4.703024277738331
9000,1200,500,70.38752156339477,35.158404176307926,35.22911738708685
9000,1200,600,70.22542463979734,35.06665777092207,35.15876686887527
9000,1200,700,70.07852180917868,34.99035371602743,35.088168093151246
9000,1200,800,69.93757300309855,34.91827588968317,35.01929711341536
9000,1200,900,69.79974108907719,34.84759759234512,34.95214349673207
9000,1200,1000,69.68581639707504,34.78814426560466,34.897672131470394
9000,1200,1200,69.5208939554804,34.69819259420796,34.82270136127244
9000,1200,1400,69.25981448876306,34.55801447069362,34.70180001806944
9000,1200,1600,64.32624433787988,32.15867728343185,32.16756705444803
9000,1200,1800,56.25899450461149,28.156831830791937,28.102162673819556
9000,1200,2000,49.916019995739624,24.994469213435433,24.921550782304188
9000,1200,2200,44.86583665808907,22.468776515897595,22.397060142191478
9000,1200,2400,40.764740090325745,20.414744222207535,20.349995868118206
9000,1200,2600,37.3700883799617,18.713505019749125,18.656583360212572
9000,1200,2800,34.5127458561115,17.28124081029287,17.23150504581863
9000,1200,3000,32.07298511405035,16.05825736376814,16.01472775028221
9000,1200,4000,23.765330118711333,11.894746550452327,11.870583568259004
9000,1200,5000,18.918141568592095,9.466570650414289,9.451570918177808
9000,1200,6000,15.726654160097338,7.868302033243742,7.858352126853596
9000,1200,7000,13.460482159775449,6.7336592474156856,6.726822912359763
9000,1200,8000,11.765633225462883,5.885195852242832,5.88043737322005
9000,1200,9000,10.449038082591965,5.226163502486459,5.222874580105508
9000,1200,10000,9.396178184912964,4.699190378909084,4.69698780600388
9000,1400,500,70.33554307280863,35.133225834086375,35.20231723872225
9000,1400,600,70.17607581116857,35.043916918196246,35.13215889297233
9000,1400,700,70.02990517701866,34.96875967729702,35.06114549972163
9000,1400,800,69.8894135550528,34.8977352239246,34.99167833112819
9000,1400,900,69.75289922456001,34.82861883431658,34.92428039024343
9000,1400,1000,69.6441368764627,34.772758505758304,34.8713783707044
9000,1400,1200,69.48541512668189,34.68905019136427,34.79636493531762
9000,1400,1400,69.2068257242974,34.54376316784328,34.66306255645412
9000,1400,1600,63.70902173292544,31.85585091199698,31.853170820928472
9000,1400,1800,55.83989114413155,27.945855688341894,27.894035455789655
9000,1400,2000,49.6181113463913,24.840970902037462,24.777140444353833
9000,1400,2200,44.64234998571733,22.351732509638683,22.29061747607865
9000,1400,2400,40.58911413654292,20.321768279522978,20.267345857019944
9000,1400,2600,37.2268765748114,18.637153311220146,18.589723263591257
9000,1400,2800,34.39254580498889,17.216866067674257,17.175679737314635
9000,1400,3000,31.969796970273194,16.002836122315518,15.966960847957676
9000,1400,4000,23.706180345813763,11.862905418443104,11.843274927370661
9000,1400,5000,18.877701857260764,9.444899890398892,9.432801966861872
9000,1400,6000,15.69667350601273,7.852335566579152,7.844337939433576
9000,1400,7000,13.437217015405777,6.721355290995466,6.715861724410311
9000,1400,8000,11.74703841494302,5.875437089346965,5.871601325596054
9000,1400,9000,10.433861382013507,5.218266359326431,5.215595022687077
9000,1400,10000,9.383593013957277,4.692704372080125,4.6908886418771525
9000,1600,500,70.28280342799573,35.10729109981663,35.1755123281791
9000,1600,600,70.12524024054672,35.019586177889835,35.10565406265689
9000,1600,700,69.97946906601864,34.94521114543261,35.034257920586036
9000,1600,800,69.83909726161605,34.87488510480368,34.96421215681237
9000,1600,900,69.70387278391114,34.807093050107056,34.896779733804095
9000,1600,1000,69.59976387120727,34.75431102740873,34.84545284379854
9000,1600,1200,69.44345857196855,34.67355163710051,34.76990693486804
9000,1600,1400,69.14850090540692,34.522559433714605,34.62594147169231
9000,1600,1600,63.132835003488196,31.57067479638337,31.562160207104828
9000,1600,1800,55.44509067089457,27.7465134995649,27.69857717132967
9000,1600,2000,49.33485780963378,24.695570086012978,24.6392877236208
9000,1600,2200,44.42828293911658,22.240627183735853,22.18765575538072
9000,1600,2400,40.419942928952594,20.233344703249326,20.186598225703268
9000,1600,2600,37.08833136665385,18.564417223676024,18.52391414297782
9000,1600,2800,34.275867368280956,17.155444402672675,17.12042296560828
9000,1600,3000,31.869358416771274,15.949880699222543,15.919477717548732
9000,1600,4000,23.64812926342258,11.832295609828318,11.815833653594261
9000,1600,5000,18.837846823439143,9.423968052193601,9.413878771245544
9000,1600,6000,15.667053852013181,7.836853256418748,7.830200595594432
9000,1600,7000,13.414199286224829,6.709384492876516,6.704814793348313
9000,1600,8000,11.728629224068467,5.865914417589925,5.862714806478542
9000,1600,9000,10.418836190749245,5.210539480027389,5.208296710721855
9000,1600,10000,9.371141268459365,4.686342272029814,4.684798996429552
9000,1800,500,70.23004701820095,35.08132280853406,35.1487242096669
9000,1800,600,70.07390073392587,34.99450299272405,35.07939774120181
9000,1800,700,69.92828148429945,34.92060993083449,35.00767155346496
9000,1800,800,69.78779144188256,34.85072888352953,34.937062558353034
9000,1800,900,69.65388863851452,34.784128833218965,34.86975980529556
9000,1800,1000,69.55402776967499,34.73405557871951,34.81997219095548
9000,1800,1200,69.39833871625143,34.65490617358187,34.74343254266956
9000,1800,1400,69.08370104716771,34.49567603240651,34.5880250147612
9000,1800,1600,62.59375064912243,31.302613804129297,31.291136844993122
9000,1800,1800,55.072402062125725,27.55820227299913,27.5141997891266
9000,1800,2000,49.06529048805892,24.55767440888798,24.50761607917094
9000,1800,2200,44.223295461809705,22.134933791358538,22.08836167045117
9000,1800,2400,40.257198839855924,20.149022879513247,20.108175960342674
9000,1800,2600,36.95458240160318,18.49491534060972,18.45966706099346
9000,1800,2800,34.16291953990741,17.09665262171044,17.06626691819698
9000,1800,3000,31.77191719356995,15.899115862691781,15.87280133087817
9000,1800,4000,23.591426224176683,11.802781106368975,11.788645117807704
9000,1800,5000,18.798770944592864,9.40369880962324,9.395072134969626
9000,1800,6000,15.637940410763829,7.821808789754005,7.8161316210098235
9000,1800,7000,13.391534437695054,6.697717366542238,6.693817071152815
9000,1800,8000,11.710479207348248,5.856608500151487,5.85387070719676
9000,1800,9000,10.404010127153306,5.202969979457299,5.201040147696006
9000,1800,10000,9.358849170987266,4.680095462247829,4.6787537087394355
9000,2000,500,70.1777220999992,35.0559145272334,35.121807572765796
9000,2000,600,70.0226212328622,34.969181344045104,35.053439888817095
9000,2000,700,69.8769899655584,34.89551671563057,34.98147324992782
9000,2000,800,69.73621250665254,34.82588604878367,34.91032645786887
9000,2000,900,69.60368348702912,34.760397495922284,34.84328599110684
9000,2000,1000,69.50773540139494,34.71275221134811,34.79498319004683
9000,2000,1200,69.35133569278808,34.634262147063545,34.71707354572453
9000,2000,1400,69.01458806174313,34.46517188521431,34.549416176528815
9000,2000,1600,62.08824651383776,31.050584941720267,31.037661572117493
9000,2000,1800,54.71992552686764,27.38013840395811,27.339787122909527
9000,2000,2000,48.80847451042528,24.426688361899217,24.38178614852606
9000,2000,2200,44.02693878385151,22.034188870929487,21.992749912922026
9000,2000,2400,40.100680362842255,20.068434523858933,20.032245838983325
9000,2000,2600,36.82555963886716,18.42834929035264,18.397210348514523
9000,2000,2800,34.05370527647766,17.04024494177458,17.01346033470307
9000,2000,3000,31.677517808227396,15.850336100675165,15.827181707552233
9000,2000,4000,23.536164496004357,11.774263944270206,11.76190055173415
9000,2000,5000,18.760555674030957,9.384037615729268,9.376518058301691
9000,2000,6000,15.609397092981157,7.807169156231342,7.802227936749814
9000,2000,7000,13.369270233053456,6.686332947759791,6.682937285293666
9000,2000,8000,11.69262227622656,5.847505650439127,5.8451166257874325
9000,2000,9000,10.389405360002835,5.195548809409928,5.193856550592906
9000,2000,10000,9.346728905674556,4.673957966197335,4.672770939477222
9000,2200,500,70.12599296067874,35.02582386465081,35.10016909602793
9000,2200,600,69.97177653359017,34.94402289774504,35.02775363584512
9000,2200,700,69.82600383297776,34.87030549598644,34.95569833699132
9000,2200,800,69.68481435259687,34.80075670493147,34.8840576476654
9000,2200,900,69.5537126010095,34.736321827145645,34.81739077386384
9000,2200,1000,69.46139031041443,34.69087977820222,34.77051053221221
9000,2200,1200,69.30324867395466,34.612337606859455,34.69091106709521
9000,2200,1400,68.94274949530157,34.432293112857124,34.51045638244445
9000,2200,1600,61.61318856228331,30.813364608874394,30.799823953408914
9000,2200,1800,54.38598243865768,27.21152852612776,27.174453912529916
9000,2200,2000,48.56353158320793,24.302063126008875,24.261468457199054
9000,2200,2200,43.838735796705585,21.937991382158096,21.900744414547493
9000,2200,2400,39.950118560252434,19.991273508060928,19.95884505219151
9000,2200,2600,36.70110901476509,18.364477478772415,18.336631535992673
9000,2200,2800,33.94813765499013,16.98602572233195,16.96211193265818
9000,2200,3000,31.586114471104825,15.80337974770624,15.782734723398582
9000,2200,4000,23.482365454031278,11.746668719884175,11.735696734147103
9000,2200,5000,18.72322970436942,9.36494259076935,9.358287113600067
9000,2200,6000,15.58144954440201,7.792908995761386,7.788540548640626
9000,2200,7000,13.347427106444922,6.6752151306642755,6.6722119757806455
9000,2200,8000,11.67507345614918,5.8385953747587935,5.8364780813903865
9000,2200,9000,10.375031849600369,5.188269066734529,5.18676278286584
9000,2200,10000,9.334785843050513,4.667925265850167,4.666860577200347
9000,2400,500,70.07419641844038,34.97868418269526,35.09551223574513
9000,2400,600,69.92156621887368,34.91929389552941,35.00227232334428
9000,2400,700,69.77556157863759,34.84520879767247,34.93035278096512
9000,2400,800,69.63388210122895,34.77560065195976,34.85828144926919
9000,2400,900,69.50426516273066,34.71217995274111,34.79208520998955
9000,2400,1000,69.41531166428098,34.668748238219735,34.74656342606123
9000,2400,1200,69.25458739538865,34.58959414882556,34.6649932465631
9000,2400,1400,68.70132134623687,34.316421640521654,34.38489970571523
9000,2400,1600,61.165800162604825,30.58974806300315,30.57605209960167
9000,2400,1800,54.069078832943696,27.05162642590261,27.017452407041084
9000,2400,2000,48.329648567783146,24.18330550133748,24.146343066445674
9000,2400,2200,43.658215533818954,21.845992902359445,21.812222631459505
9000,2400,2400,39.80522318109327,19.917280082264018,19.887943098829247
9000,2400,2600,36.581042553270976,18.303098188763716,18.277944364507256
9000,2400,2800,33.8460903778102,16.933833367321544,16.912257010488656
9000,2400,3000,31.497620197662215,15.758114262391068,15.739505935271145
9000,2400,4000,23.43001535144651,11.719934364319855,11.710080987126654
9000,2400,5000,18.68679538574558,9.34637978465177,9.340415601093808
9000,2400,6000,15.554104069436208,7.779007692749517,7.775096376686694
9000,2400,7000,13.326011554894967,6.664350796902374,6.661660757992592
9000,2400,8000,11.657838066063665,5.82986912410273,5.8279689419609335
9000,2400,9000,10.360893227810374,5.181125139263483,5.179768088546891
9000,2400,10000,9.32302177444524,4.66199370809129,4.66102806635395
9000,2600,500,70.02332840631821,34.93229659319171,35.091031813126506
9000,2600,600,69.87209219769949,34.89519602539372,34.97689617230576
9000,2600,700,69.72583538011716,34.820424237419964,34.90541114269718
9000,2600,800,69.58360746751455,34.750605136292734,34.833002331221806
9000,2600,900,69.45578251229611,34.688284215957,34.767498296339106
9000,2600,1000,69.36970407169997,34.64656350783197,34.723140563868
9000,2600,1200,69.20568575667832,34.56633902176603,34.639346734912294
9000,2600,1400,68.36723179749103,34.155021914363694,34.212209883127336
9000,2600,1600,60.74362336079379,30.378608607327685,30.3650147534661
9000,2600,1800,53.76788000034014,26.899749452237053,26.868130548103096
9000,2600,2000,48.106077889293225,24.069974753111133,24.03610313618209
9000,2600,2200,43.48492785798361,21.757887986596774,21.727039871386836
9000,2600,2400,39.66570356920289,19.846229725487532,19.819473843715357
9000,2600,2600,36.46516151637707,18.244038759887534,18.221122756489535
9000,2600,2800,33.747421347518596,16.883530495376146,16.86389085214245
9000,2600,3000,31.411929827621492,15.714427458131443,15.697502369490048
9000,2600,4000,23.379082783924773,11.6940094875912,11.685073296333574
9000,2600,5000,18.651241347267877,9.32832053755679,9.32292080971109
9000,2600,6000,15.527356708411437,7.765447771003617,7.761908937407821
9000,2600,7000,13.30502258398112,6.653728788484053,6.651293795497068
9000,2600,8000,11.6409161519915,5.821319612500829,5.8195965394906715
9000,2600,9000,10.346989651639818,5.174112242714718,5.172877408925101
9000,2600,10000,9.311436495587078,4.656160185031156,4.655276310555922
9000,2800,500,69.97351211764487,34.886745056950176,35.0867670606947
9000,2800,600,69.82339681737542,34.871904246582154,34.95149257079326
9000,2800,700,69.67690879742518,34.79607309842324,34.88083569900195
9000,2800,800,69.5341038657159,34.72589206777029,34.80821179794561
9000,2800,900,69.40864379389468,34.66489034954154,34.74375344435313
9000,2800,1000,69.32470304099057,34.62446990168618,34.70023313930437
9000,2800,1200,69.15667190984735,34.54273381008682,34.61393809976053
9000,2800,1400,68.04174480614665,33.99736207493157,34.04438273121508
9000,2800,1600,60.344480585078074,30.17891625772498,30.1655643273531
9000,2800,1800,53.481189963589664,26.755279847411344,26.72591011617832
9000,2800,2000,47.8921344960918,23.96167675167645,23.930457744415346
9000,2800,2200,43.31844919207292,21.67340634851803,21.64504284355489
9000,2800,2400,39.53127827117265,19.777925376705234,19.753352894467422
9000,2800,2600,36.35326755485426,18.18714852486975,18.16611902998451
9000,2800,2800,33.65198420530854,16.834997691808045,16.816986513500495
9000,2800,3000,31.328931441806404,15.672222058877729,15.65670938292868
9000,2800,4000,23.3295275345728,11.66884959172437,11.660677942848432
9000,2800,5000,18.61654894335379,9.310739919732454,9.30580902362134
9000,2800,6000,15.501197899289396,7.752213952648595,7.7489839466408
9000,2800,7000,13.284455032435071,6.64333930942563,6.641115723009441
9000,2800,8000,11.624304783704037,5.8129404226802945,5.8113643610237435
9000,2800,9000,10.333319289238847,5.167226154315896,5.166093134922951
9000,2800,10000,9.300028639100224,4.650421951333796,4.649606687766427
9000,3000,500,69.92476382087617,34.842165439699734,35.08259838117644
9000,3000,600,69.77550435168156,34.849649466639825,34.92585488504174
9000,3000,700,69.62883401684223,34.77226616067466,34.85656785616757
9000,3000,800,69.48544535484857,34.701555893156616,34.78388946169194
9000,3000,900,69.36276064422078,34.642007445203745,34.72075319901704
9000,3000,1000,69.28037838280093,34.602550073024176,34.677828309776764
9000,3000,1200,69.10756923721769,34.51886203589237,34.58870720132531
9000,3000,1400,67.72465214171774,33.843377945294705,33.88127419642303
9000,3000,1600,59.96644142251988,29.989740590735636,29.976700831784242
9000,3000,1800,53.20793411673059,26.617660643727746,26.590273473002846
9000,3000,2000,47.687191298977595,23.858057960047493,23.829133338930102
9000,3000,2200,43.15838409583544,21.59230682073145,21.566077275103993
9000,3000,2400,39.40167929214311,19.712191944018937,19.68948734812417
9000,3000,2600,36.24516810802647,18.132294022469893,18.112874085556584
9000,3000,2800,33.55963413616136,16.788129386034758,16.7715047501266
9000,3000,3000,31.248512217665784,15.631412159279964,15.617100058385818
9000,3000,4000,23.28130527522827,11.644415316546255,11.636889958682014
9000,3000,5000,18.582695723895437,9.293615761782371,9.289079962113068
9000,3000,6000,15.475615005419748,7.739292577564645,7.736322427855101
9000,3000,7000,13.264301384889405,6.633173559119605,6.6311278257698
9000,3000,8000,11.607999313395545,5.804725765962947,5.803273547432599
9000,3000,9000,10.319879139354084,5.160463051840374,5.15941608751371
9000,3000,10000,9.288796138480961,4.64477651480326,4.6440196236777025
9000,4000,500,69.69690032935712,34.634962664086515,35.06193766527061
9000,4000,600,69.54774379368787,34.674976275438226,34.87276751824965
9000,4000,700,69.40125692701062,34.66479682400404,34.73646010300658
9000,4000,800,69.25771364842817,34.588639100355316,34.66907454807285
9000,4000,900,69.14991477308355,34.535365471694966,34.61454930138858
9000,4000,1000,69.07005178524476,34.49736572103244,34.57268606421231
9000,4000,1200,68.86281667610439,34.39798049716018,34.46483617894422
9000,4000,1400,65.88467018240519,32.93463603567661,32.950034146728576
9000,4000,1600,58.3387154583484,29.1750672758089,29.163648182539504
9000,4000,1800,52.01234158548455,26.016359069772353,25.995982515712196
9000,4000,2000,46.778973370876685,23.400005951763713,23.37896741911297
9000,4000,2200,42.44227589177959,21.230623936362687,21.2116519554169
9000,4000,2400,38.817754610694706,19.417072262891917,19.400682347802785
9000,4000,2600,35.75547158211361,17.88473666472246,17.870734917391147
9000,4000,2800,33.13949329862493,16.575733183685497,16.56376011493943
9000,4000,3000,30.88137315446562,15.445834601122757,15.435538553342862
9000,4000,4000,23.058597137700833,11.531991354594286,11.526605783106547
9000,4000,5000,18.42515302831064,9.214194345816988,9.210958682493652
9000,4000,6000,15.355820564132545,7.678969098226484,7.676851465906059
9000,4000,7000,13.169414511168776,6.585438400438455,6.583976110730322
9000,4000,8000,11.530848076296152,5.7659463473565795,5.764901728939572
9000,4000,9000,10.255991104265972,5.1283763155135755,5.127614788752397
9000,4000,10000,9.235169458411738,4.61786491662035,4.6173045417913885
9000,5000,500,69.4935858160912,34.453361495987025,35.04022432010418
9000,5000,600,69.34254482632856,34.49787393769324,34.84467088863532
9000,5000,700,69.19365227881815,34.51461172911519,34.67904054970296
9000,5000,800,69.0559187938722,34.49581700424358,34.56010178962861
9000,5000,900,68.96011809748532,34.44213596500582,34.51798213247949
9000,5000,1000,68.87823570328803,34.40136580518921,34.47686989809882
9000,5000,1200,68.6178835411989,34.275675155994584,34.34220838520432
9000,5000,1400,64.14173418172284,32.06683570930018,32.07489847242265
9000,5000,1600,57.04463082487087,28.5275098627358,28.51712096213507
9000,5000,1800,51.040076439354905,25.528210611790744,25.51186582756416
9000,5000,2000,46.02696171252864,23.021760737130208,23.00520097539843
9000,5000,2200,41.84122445694217,20.928045780698767,20.913178676243405
9000,5000,2400,38.32260752379466,19.167717319123255,19.154890204671407
9000,5000,2600,35.336935775026696,17.67394358187165,17.66299219315505
9000,5000,2800,32.778143296847894,16.3937515938951,16.384391702952794
9000,5000,3000,30.56397545709657,15.28601005596832,15.277965401128249
9000,5000,4000,22.86269595805881,11.43344661883313,11.42924933922568
9000,5000,5000,18.28495128093609,9.143734815874256,9.141216465061833
9000,5000,6000,15.248187327720842,7.62491803518408,7.6232692925367616
9000,5000,7000,13.083433458392266,6.5422873111195,6.541146147272767
9000,5000,8000,11.46039088134465,5.730604979725775,5.729785901618874
9000,5000,9000,10.19721912064167,5.098910435647337,5.098308684994333
9000,5000,10000,9.185494935286707,4.592971483914185,4.592523451372522
9000,6000,500,69.31179014822692,34.29459506542654,35.017195082800384
9000,6000,600,69.15826021478928,34.34174123819497,34.81651897659432
9000,6000,700,69.00647663092094,34.36126382318244,34.6452128077385
9000,6000,800,68.87638574146555,34.37066140070298,34.50572434076259
9000,6000,900,68.7878438199152,34.36509510279425,34.422748717120946
9000,6000,1000,68.7024889959224,34.315917625880324,34.38657137004207
9000,6000,1200,68.37413213773232,34.15394374772025,34.22018839001206
9000,6000,1400,62.74441860234757,31.371094854657976,31.373323747689597
9000,6000,1600,55.987840341586086,27.998906049699915,27.988934291886174
9000,6000,1800,50.23210424952603,25.12300354455749,25.109100704968547
9000,6000,2000,45.39315056030541,22.703468373233186,22.68968218707222
9000,6000,2200,41.32913047215206,20.67071645305296,20.658414019099098
9000,6000,2400,37.89722497398988,18.953907789106918,18.94331718488296
9000,6000,2600,34.97502488234807,17.49202821493871,17.482996667409363
9000,6000,2800,32.46404167962669,16.235877288266735,16.22816439135995
9000,6000,3000,30.286879265305274,15.146751998114366,15.140127267190907
9000,6000,4000,22.68910996003455,11.346279228927417,11.342830731107133
9000,6000,5000,18.15944800203516,9.080757629889378,9.07869037214578
9000,6000,6000,15.151017924065266,7.576186000964938,7.574831923100329
9000,6000,7000,13.005220246818782,6.503079646410217,6.5021406004085645
9000,6000,8000,11.395848247687113,5.698262358715737,5.697585888971375
9000,6000,9000,10.143024745553705,5.071762289280344,5.071262456273361
9000,6000,10000,9.139401300784172,4.569888292037344,4.569513008746828
9000,7000,500,69.14863803687683,34.155566861872316,34.993071175004516
9000,7000,600,68.9923361442523,34.20359138582916,34.78874475842315
9000,7000,700,68.8383241408668,34.2251910123814,34.61313312848539
9000,7000,800,68.71916944397177,34.24253461151351,34.47663483245826
9000,7000,900,68.6314974141688,34.25973503330988,34.37176238085892
9000,7000,1000,68.53948539788185,34.243817395399425,34.295668002482415
9000,7000,1200,68.13747438461193,34.036760552652055,34.10071383195988
9000,7000,1400,61.59684897379759,30.799891514771808,30.796957459025776
9000,7000,1600,55.10667834297666,27.55834021752078,27.548338125455878
9000,7000,1800,49.54896737967788,24.780674595369163,24.768292784308723
9000,7000,2000,44.85114776130028,22.431558966604253,22.41958879469603
9000,7000,2200,40.88731584286975,20.44895463915015,20.438361203719595
9000,7000,2400,37.527680030184904,18.768383329161157,18.759296701023747
9000,7000,2600,34.65889555096559,17.33331452259185,17.32558102837374
9000,7000,2800,32.188450540465944,16.09752300848492,16.090927531981027
9000,7000,3000,30.0428506522463,15.02425491434101,15.018595737905294
9000,7000,4000,22.534249931684545,11.268593575323646,11.2656563563609
9000,7000,5000,18.04646986465827,9.02411444426016,9.022355420398112
9000,7000,6000,15.062881616088253,7.532017091533169,7.530864524555086
9000,7000,7000,12.933793366400119,6.4672969512782466,6.466496415121872
9000,7000,8000,11.336532498707037,5.668555417513059,5.667977081193978
9000,7000,9000,10.092921879164692,5.046675539820243,5.046246339344448
9000,7000,10000,9.096545162794996,4.548434722496554,4.548110440298442
9000,8000,500,69.00158821530526,34.03333037455406,34.96825784075121
9000,8000,600,68.84243207173944,34.08098504576655,34.76144702597288
9000,8000,700,68.68886366422707,34.104679149716056,34.58418451451102
9000,8000,800,68.57888243405705,34.128720476709546,34.450161957347504
9000,8000,900,68.48986729645868,34.14784823103885,34.34201906541984
9000,8000,1000,68.38829657368638,34.15005471630048,34.2382418573859
9000,8000,1200,67.19914071029375,33.58985982687443,33.60928088341932
9000,8000,1400,60.63623839359726,30.322001292783444,30.314237100813816
9000,8000,1600,54.35960999248898,27.184975076964594,27.174634915524383
9000,8000,1800,48.96316411019916,24.48729654527533,24.475867564923824
9000,8000,2000,44.38200240149284,22.196369438728322,22.18563296276452
9000,8000,2200,40.50205105133928,20.255726938962628,20.246324112376648
9000,8000,2400,37.20354909415279,18.605787387137475,18.59776170701532
9000,8000,2600,34.38031687546012,17.19356393607599,17.186752939384128
9000,8000,2800,31.94466182844158,15.975229669821935,15.96943215861964
9000,8000,3000,29.826284175073635,14.91562577061897,14.910658404454665
9000,8000,4000,22.395245267166683,11.198906732739474,11.19633853442721
9000,8000,5000,17.94424023163469,8.972888116054923,8.971352115579768
9000,8000,6000,14.982586465350575,7.491796482101627,7.4907899832489475
9000,8000,7000,12.868320203772676,6.434510046716091,6.433810157056584
9000,8000,8000,11.28184950335697,5.641178129093659,5.6406713742633094
9000,8000,9000,10.046482326408361,5.023429848093162,5.023052478315199
9000,8000,10000,9.056617468823514,4.528451990257452,4.528165478566063
9000,9000,500,68.86841561219791,33.92528948681317,34.94312612538473
9000,9000,600,68.70648944544084,33.97178618634095,34.73470325909988
9000,9000,700,68.55507538943351,33.997368700876294,34.557706688557225
9000,9000,800,68.45230661703384,34.02663429934662,34.42567231768722
9000,9000,900,68.3600982830816,34.04651834967028,34.31357993341131
9000,9000,1000,68.24778025397096,34.04589252945053,34.20188772452042
9000,9000,1200,66.26963130742888,33.149343041535715,33.12028826589317
9000,9000,1400,59.81966668240453,29.916050434103063,29.903616248301464
9000,9000,1600,53.717505366016134,26.864195069238626,26.853310296777504
9000,9000,1800,48.4548679226145,24.23285570086272,24.22201222175178
9000,9000,2000,43.971721456114885,21.990799674548,21.980921781566884
9000,9000,2200,40.16300430896999,20.085775345934533,20.07722896303546
9000,9000,2400,36.916871708303916,18.46206114529916,18.454810563004756
9000,9000,2600,34.1329297615082,17.06953035248707,17.06339940902113
9000,9000,2800,31.727444508067624,15.86632515683497,15.861119351232658
9000,9000,3000,29.6327748277788,14.818613554444052,14.814161273334745
9000,9000,4000,22.269780016099016,11.136035416829353,11.133744599269665
9000,9000,5000,17.851299188898434,8.926333467375434,8.924965721523
9000,9000,6000,14.909137200919073,7.4550166142375085,7.454120586681566
9000,9000,7000,12.808094731372089,6.404359148898878,6.403735582473212
9000,9000,8000,11.231287507914015,5.615869891835625,5.61541761607839
9000,9000,9000,10.00333107889712,5.001834397899591,5.001496680997528
9000,9000,10000,9.019342520495373,4.509799957737851,4.509542562757522
9000,10000,500,68.74727317270629,33.82912307302673,34.91815009967956
9000,10000,600,68.5827089470679,33.87413846971,34.708570477357895
9000,10000,700,68.43665666272888,33.902461458473894,34.53419520425498
9000,10000,800,68.33721229512335,33.934541563571344,34.402670731552014
9000,10000,900,68.24055633850503,33.954104524923856,34.286451813581174
9000,10000,1000,68.11464240747935,33.94923942181312,34.165402985666226
9000,10000,1200,65.44587762097386,32.76006314526659,32.68581447570727
9000,10000,1400,59.11659861862498,29.566786148908953,29.549812469716034
9000,10000,1600,53.15926169778359,26.58541459610052,26.573847101683064
9000,10000,1800,48.00938388337571,24.009943728366597,23.99944015500912
9000,10000,2000,43.60972785832793,21.80949970735458,21.800228150973354
9000,10000,2200,39.862242128099346,19.935078860813118,19.927163267286225
9000,10000,2400,36.661459328363215,18.33406419700414,18.327395131359076
9000,10000,2600,33.91174202501762,16.958678702818695,16.953063322198926
9000,10000,2800,31.53265934653594,15.768706774123785,15.763952572412158
9000,10000,3000,29.4588139901233,14.731435654643821,14.727378335479477
9000,10000,4000,22.15596719908153,11.07902147578852,11.07694572329301
9000,10000,5000,17.76643804282411,8.883837374166566,8.882600668657542
9000,10000,6000,14.841698164835703,7.421253950938896,7.4204442138968085
9000,10000,7000,12.752516081444744,6.376539930830078,6.375976150614666
9000,10000,8000,11.18440497115392,5.592407212301985,5.591997758851936
9000,10000,9000,9.963139862717982,4.981723133343814,4.9814167293741685
9000,10000,10000,8.984475113800515,4.492354683460692,4.492120430339823
10000,500,500,91.0374328245002,45.30709055454948,45.73034226995072
10000,500,600,74.59266625209365,36.61036776529627,37.98229848679738
10000,500,700,70.65330228940891,34.75911054105906,35.89419174834985
10000,500,800,70.0504749899742,34.783081549959604,35.26739344001461
10000,500,900,69.805854891082,34.702887507803084,35.10296738327894
10000,500,1000,69.65891109367271,34.63479925335818,35.02411184031453
10000,500,1200,69.46140120873473,34.526315741118694,34.93508546761603
10000,500,1400,69.22543553202713,34.39077978597279,34.83465574605434
10000,500,1600,65.15853682448294,32.37822697256513,32.7803098519178
10000,500,1800,57.81361634851584,28.855562258640397,28.958054089875446
10000,500,2000,50.97784848852326,25.521672034965224,25.45617645355803
10000,500,2200,45.625669038417485,22.881717928720697,22.743951109696784
10000,500,2400,41.33683258436928,20.748412549741904,20.588420034627372
10000,500,2600,37.82010625271665,18.990303598676732,18.829802654039913
10000,500,2800,34.879513018507346,17.515969717080374,17.36354330142697
10000,500,3000,32.38048980946476,16.260974035370978,16.119515774093784
10000,500,4000,23.93164810839331,12.01162996267397,11.920018145719343
10000,500,5000,19.031911629166324,9.546650067259964,9.48526156190636
10000,500,6000,15.813692830851029,7.928253310745549,7.885439520105481
10000,500,7000,13.53149440163004,6.781010459238297,6.750483942391742
10000,500,8000,11.826041962657454,5.923965534393858,5.902076428263597
10000,500,9000,10.50195913724453,5.258742508911537,5.243216628332993
10000,500,10000,9.443561804539533,4.7271124984855,4.716449306054034
10000,600,500,90.79598389804679,45.104710742113255,45.69127315593352
10000,600,600,71.36438654124255,35.16561358175272,36.19877295948983
10000,600,700,70.29300877627135,34.843801931167945,35.4492068451034
10000,600,800,69.95861282275271,34.83133070214914,35.12728212060358
10000,600,900,69.79145039164638,34.75649250897131,35.03495788267506
10000,600,1000,69.66103146700634,34.68677114286133,34.97426032414501
10000,600,1200,69.47383366535254,34.57692626130222,34.896907404050324
10000,600,1400,69.23932703814472,34.44179658102108,34.797530457123656
10000,600,1600,65.27028612231481,32.50202222939462,32.7682638929202
10000,600,1800,57.54668482253627,28.762511529231308,28.784173293304974
10000,600,2000,50.80274103017687,25.446696295792286,25.356044734384582
10000,600,2200,45.508410981695825,22.819604626055256,22.688806355640573
10000,600,2400,41.254675680228075,20.69626363252961,20.558412047698464
10000,600,2600,37.75982572919665,18.945972388317077,18.81385334087958
10000,600,2800,34.833446051627355,17.477801710055875,17.35564434157148
10000,600,3000,32.344047672058714,16.22771192358701,16.116335748471702
10000,600,4000,23.915553631567526,11.992398014652618,11.923155616914906
10000,600,5000,19.021902069962994,9.533781691429484,9.48812037853351
10000,600,6000,15.806281630857365,7.918935528007067,7.887346102850296
10000,600,7000,13.525428376142372,6.773933250358605,6.751495125783768
10000,600,8000,11.820753800282535,5.918416959988715,5.90233684029382
10000,600,9000,10.49715023638095,5.254293501719066,5.242856734661884
10000,600,10000,9.439057811286615,4.723485091498077,4.715572719788539
10000,700,500,73.64675399663045,36.42719388810878,37.21956010852166
10000,700,600,70.63310946467632,34.99022729783992,35.64288216683641
10000,700,700,70.11439331442489,34.94665491971705,35.167738394707825
10000,700,800,69.93750161044805,34.870969222280976,35.06653238816707
10000,700,900,69.79188144937466,34.79462848005181,34.99725296932284
10000,700,1000,69.66372461123842,34.72202718025273,34.94169743098569
10000,700,1200,69.47938216812096,34.61120664213232,34.86817552598865
10000,700,1400,69.24220505653784,34.475435062448355,34.766769994089486
10000,700,1600,65.30896986513767,32.56977360322384,32.73919626191384
10000,700,1800,57.29426956515783,28.656918833993046,28.63735073116479
10000,700,2000,50.63404940020618,25.36551754820727,25.268531851998915
10000,700,2200,45.390737497845585,22.75513908478238,22.63559841306321
10000,700,2400,41.16820198817547,20.643740122740358,20.524461865435107
10000,700,2600,37.69327094431515,18.90220493254568,18.791066011769473
10000,700,2800,34.78023712484436,17.44061279281636,17.339624332028
10000,700,3000,32.300184991452305,16.195585043565256,16.10459994788705
10000,700,4000,23.893228149731918,11.974082688491933,11.919145461239987
10000,700,5000,19.007236848529256,9.521510257694333,9.485726590834924
10000,700,6000,15.795428082854954,7.910012870289245,7.88541521256571
10000,700,7000,13.5168324316466,6.767126000240143,6.749706431406456
10000,700,8000,11.813635738618036,5.913057860019629,5.9005778785984075
10000,700,9000,10.491061588979965,5.249980276343489,5.241081312636477
10000,700,10000,9.433716073275022,4.719956472765322,4.713759600509699
10000,800,500,71.35102967809455,35.39210762002769,35.95892205806686
10000,800,600,70.28510603812887,35.063025100353784,35.2220809377751
10000,800,700,70.10196342603982,34.987409758186516,35.1145536678533
10000,800,800,69.95330397881558,34.909569322159236,35.04373465665634
10000,800,900,69.79873855227454,34.8228325191885,34.97590603308605
10000,800,1000,69.66585013419763,34.746144566628075,34.91970556756954
10000,800,1200,69.48027958697007,34.63434543388419,34.84593415308588
10000,800,1400,69.23770951150303,34.497025433674345,34.74068407782868
10000,800,1600,65.29841943246963,32.59972218185673,32.698697250612895
10000,800,1800,57.053132929066734,28.54685486110709,28.50627806795965
10000,800,2000,50.47028892068127,25.28301934623018,25.18726957445109
10000,800,2200,45.273715849472694,22.69095586289906,22.582759986573635
10000,800,2400,41.080084829431556,20.59217262584895,20.48791220358261
10000,800,2600,37.62393231204302,18.8596224757898,18.764309836253222
10000,800,2800,34.72372029020366,17.404639352733252,17.31908093747041
10000,800,3000,32.25281707417109,16.164620612668877,16.08819646150222
10000,800,4000,23.86786180711888,11.956498953729849,11.911362853389033
10000,800,5000,18.990273757087433,9.50969198845765,9.480581768629783
10000,800,6000,15.782864932200214,7.901385155017494,7.881479777182719
10000,800,7000,13.506975561585769,6.760518925070847,6.746456636514921
10000,800,8000,11.80560422983594,5.907838925422045,5.897765304413895
10000,800,9000,10.484334558402756,5.245767426346179,5.238567132056576
10000,800,10000,9.427958279260704,4.716500852246072,4.711457427014631
10000,900,500,70.52786997357215,35.09578142436825,35.4320885492039
10000,900,600,70.24635923323639,35.07224333205679,35.1741159011796
10000,900,700,70.09235774528835,34.990649503066955,35.101708242221406
10000,900,800,69.94464482727003,34.9132842299142,35.03136059735583
10000,900,900,69.79930562402252,34.83665109865005,34.962654525372464
10000,900,1000,69.66670669441518,34.76260273259867,34.904103961816496
10000,900,1200,69.47783748869463,34.64976164849967,34.82807584019496
10000,900,1400,69.2279417675112,34.51007072132916,34.71787104618203
10000,900,1600,65.15164563821929,32.54900654075332,32.602639097465975
10000,900,1800,56.82119567764052,28.436092694582083,28.385102983058434
10000,900,2000,50.31082574132316,25.201173172329707,25.10965256899345
10000,900,2200,45.15802190770289,22.627967339952107,22.530054567750778
10000,900,2400,40.991727859846804,20.541924167127675,20.44980369271913
10000,900,2600,37.55355144964483,18.81831233524998,18.73523911439485
10000,900,2800,34.665761295794105,17.369832959802633,17.295928335991473
10000,900,3000,32.20382159686835,16.13470490772994,16.069116689138415
10000,900,4000,23.84094939347227,11.939509372175333,11.901440021296933
10000,900,5000,18.972114135816437,9.498233787036837,9.473880348779602
10000,900,6000,15.769401779505847,7.892990641906811,7.876411137599037
10000,900,7000,13.496451262024959,6.754070190624066,6.742381071400893
10000,900,8000,11.797088437758251,5.902731084218654,5.894357353539598
10000,900,9000,10.477269968320511,5.2416343139506445,5.235635654369866
10000,900,10000,9.42198264535594,4.713103336494231,4.708879308861707
10000,1000,500,70.39827071864646,35.16262648568534,35.23564423296113
10000,1000,600,70.2274891384919,35.06511199841679,35.162377140075115
10000,1000,700,70.0743723375178,34.984685132490604,35.0896872050272
10000,1000,800,69.92751818088355,34.90852149128337,35.018996689600165
10000,1000,900,69.78333012281668,34.83334441976113,34.949985703055546
10000,1000,1000,69.65897372155617,34.767154678603596,34.891819042952555
10000,1000,1200,69.47289361119185,34.659715740634276,34.813177870557574
10000,1000,1400,69.21414149128846,34.51687310791725,34.69726838337121
10000,1000,1600,64.81808129701794,32.39312747201817,32.42495382499976
10000,1000,1800,56.59721981365942,28.326451105708554,28.270768707950868
10000,1000,2000,50.15536683950487,25.12081257103898,25.034554268465893
10000,1000,2200,45.04406078690447,22.5664835651276,22.47757722177687
10000,1000,2400,40.90389702040499,20.49305493239672,20.410842088008273
10000,1000,2600,37.483054024175956,18.778220792299294,18.704833231876663
10000,1000,2800,34.6073395248579,17.336090405607425,17.271249119250474
10000,1000,3000,32.15417801574466,16.10571659038038,16.04846142536428
10000,1000,4000,23.813264213391545,11.923017261858703,11.890246951532841
10000,1000,5000,18.953327646745418,9.487074287304647,9.46625335944077
10000,1000,6000,15.75545777986805,7.884789689009789,7.87066809085826
10000,1000,7000,13.485567190152517,6.747753292157756,6.73781389799476
10000,1000,8000,11.78831114459242,5.897716094974868,5.890595049617553
10000,1000,9000,10.470024233688685,5.237568088182284,5.2324561455064
10000,1000,10000,9.415892461150454,4.709754718389655,4.7061377427607995
10000,1200,500,70.35244742606571,35.14113072432497,35.21131670174074
10000,1200,600,70.18547615185236,35.04721549168669,35.13826066016566
10000,1200,700,70.03369768916575,34.96856143568746,35.0651362534783
10000,1200,800,69.88794692781322,34.894099948798996,34.99384697901422
10000,1200,900,69.74539284165954,34.82103486882962,34.9243579728299
10000,1200,1000,69.62688259931006,34.7592430424018,34.867639556908266
10000,1200,1200,69.45469690139579,34.66619651353262,34.78850038786316
10000,1200,1400,69.17790741869719,34.51776011352738,34.660147305169815
10000,1200,1600,64.18504707203533,32.088930130149265,32.096116941886066
10000,1200,1800,56.17026576135961,28.113630415753057,28.056635345606555
10000,1200,2000,49.85580925861803,24.965695317516552,24.890113941101475
10000,1200,2200,44.82214716808692,22.448243919219145,22.373903248867773
10000,1200,2400,40.73134863448895,20.399266273558425,20.332082360930528
10000,1200,2600,37.343557957955284,18.701348155195255,18.64220980276003
10000,1200,2800,34.49106056225701,17.271403859809272,17.21965670244774
10000,1200,3000,32.054898244753,16.050129661281623,16.004768583471375
10000,1200,4000,23.75711854603571,11.891269189958969,11.865849356076739
10000,1200,5000,18.915013564656142,9.465495465213113,9.449518099443031
10000,1200,6000,15.726967630029748,7.868869561890994,7.8580980681387524
10000,1200,7000,13.463337853055613,6.735449608763882,6.727888244291731
10000,1200,8000,11.770420559960312,5.887919997131567,5.882500562828746
10000,1200,9000,10.455304901342954,5.229605039080014,5.22569986226294
10000,1200,10000,9.403577392974778,4.703181921951432,4.700395471023348
10000,1400,500,70.30417744192569,35.11756184266263,35.186615599263064
10000,1400,600,70.14004127227321,35.02626258019412,35.113778692079094
10000,1400,700,69.98915994001725,34.94887444167623,35.04028549834101
10000,1400,800,69.84400846092352,34.8755621195929,34.968446341330626
10000,1400,900,69.70288434954571,34.80413957313188,34.898744776413835
10000,1400,1000,69.58956298895528,34.745975366801794,34.84358762215349
10000,1400,1200,69.4226261541198,34.65805432742557,34.76457182669424
10000,1400,1400,69.1335351351333,34.50758819579001,34.6259469393433
10000,1400,1600,63.59362333089612,31.79909976827699,31.79452356261913
10000,1400,1800,55.768289914638146,27.911181961015,27.857107953623146
10000,1400,2000,49.57058063483844,24.81838631203338,24.75219432280507
10000,1400,2200,44.608739850874926,22.33604185975754,22.272697991117386
10000,1400,2400,40.56408826463565,20.310265234152496,20.253823030483154
10000,1400,2600,37.20748120899097,18.628361111731266,18.5791200972597
10000,1400,2800,34.37705811510454,17.209935317200593,17.16712279790395
10000,1400,3000,31.957163438446027,15.997253924105264,15.959909514340765
10000,1400,4000,23.70117310341412,11.860894117706396,11.840278985707723
10000,1400,5000,18.87662918950744,9.444741055385336,9.431888134122106
10000,1400,6000,15.698354741117402,7.853490102182049,7.844864638935355
10000,1400,7000,13.440995663416949,6.723519398284568,6.717476265132383
10000,1400,8000,11.752447406821164,5.8783904989554925,5.874056907865671
10000,1400,9000,10.440539638446262,5.221836408723798,5.218703229722464
10000,1400,10000,9.39125405662809,4.696752813015655,4.694501243612435
10000,1600,500,70.25495584823139,35.093161835237744,35.16179401299365
10000,1600,600,70.0929043587987,35.00363456254556,35.089269796253156
10000,1600,700,69.94257317440557,34.92713622416499,35.01543695024057
10000,1600,800,69.79767875508577,34.85461276435706,34.94306599072871
10000,1600,900,69.6579420543603,34.78458312516725,34.873358929193046
10000,1600,1000,69.54932219062533,34.7295400335629,34.81978215706244
10000,1600,1200,69.38501450404007,34.64471548303317,34.74029902100691
10000,1600,1400,69.08018828620575,34.48867754014433,34.59151074606143
10000,1600,1600,63.03981558190327,31.525091344568114,31.514724237335148
10000,1600,1800,55.388724854078546,27.719367001610586,27.669357852467964
10000,1600,2000,49.29877832078317,24.67856606785428,24.62021225292889
10000,1600,2200,44.40385937705259,22.229368236270492,22.1744911407821
10000,1600,2400,40.40258758911102,20.225517651591325,20.177069937519697
10000,1600,2600,37.07550554586103,18.5587595501429,18.51674599571813
10000,1600,2800,34.26610326838864,17.151235779172318,17.114867489216326
10000,1600,3000,31.86177230013616,15.946692734291373,15.915079565844783
10000,1600,4000,23.646101905924084,11.83168050760597,11.814421398318112
10000,1600,5000,18.83868415925198,9.424688895898282,9.413995263353701
10000,1600,6000,15.670000302163622,7.83857557854487,7.83142472361875
10000,1600,7000,13.418823863113518,6.71191331782342,6.706910545290097
10000,1600,8000,11.734598903891087,5.86909432282565,5.865504581065436
10000,1600,9000,10.425875332511346,5.21423921196548,5.211636120545867
10000,1600,10000,9.379020471061585,4.690451282642582,4.688569188419003
10000,1800,500,70.20552765428036,35.068642812429836,35.136884841850524
10000,1800,600,70.04502909865023,34.980131760568085,35.06489733808215
10000,1800,700,69.89500716696239,34.90423925271554,34.99076791424683
10000,1800,800,69.7501285788826,34.83225006708659,34.91787851179601
10000,1800,900,69.61180755275693,34.76347782891771,34.848329723839214
10000,1800,1000,69.50749648913772,34.711189461260645,34.79630702787707
10000,1800,1200,69.34401510757225,34.628112768451615,34.71590233912063
10000,1800,1400,69.02005742166315,34.46415017040237,34.555907251260784
10000,1800,1600,62.520113982995554,31.26665292124094,31.25346106175462
10000,1800,1800,55.02955249813266,27.537709733956575,27.49184276417608
10000,1800,2000,49.03953083926427,24.545701322439704,24.493829516824572
10000,1800,2200,44.2072362119257,22.127725299120588,22.079510912805105
10000,1800,2400,40.24687689575192,20.144587901334084,20.102288994417837
10000,1800,2600,36.94781108177663,18.492170066956945,18.45564101481968
10000,1800,2800,34.15845026585757,17.094986252848006,17.063464013009565
10000,1800,3000,31.76901388781955,15.89817286622095,15.8708410215986
10000,1800,4000,23.59218465016821,11.803491085046268,11.788693565121946
10000,1800,5000,18.80139816893665,9.4052609246526,9.396137244284049
10000,1800,6000,15.642071905055232,7.82407789736579,7.817994007689443
10000,1800,7000,13.39694858822473,6.700600165719417,6.696348422505314
10000,1800,8000,11.716968199703029,5.860010523969383,5.856957675733645
10000,1800,9000,10.411378497334569,5.20679907739595,5.20457941993862
10000,1800,10000,9.36692129093455,4.684267345078654,4.682653945855896
10000,2000,500,70.15633584011717,35.04457673115818,35.11175910895899
10000,2000,600,69.99704702211099,34.95633960505793,35.04070741705306
10000,2000,700,69.84713449582596,34.880760067441514,34.96637442838445
10000,2000,800,69.70209163058169,34.80910106377194,34.89299056680975
10000,2000,900,69.56523502727138,34.74150244731611,34.823732579955276
10000,2000,1000,69.46490602435871,34.69168964183471,34.773216382524005
10000,2000,1200,69.30092092570659,34.60940208402078,34.6915188416858
10000,2000,1400,68.95543272069182,34.43589841396879,34.519534306723024
10000,2000,1600,62.03139541443227,31.0229323430694,31.008463071362872
10000,2000,1800,54.68905492156424,27.36553311332016,27.32352180824408
10000,2000,2000,48.792007042754115,24.41924954825029,24.372757494503823
10000,2000,2200,44.018492427709305,22.030678671662155,21.987813756047146
10000,2000,2400,40.096808653060044,20.06712516302915,20.0296834900309
10000,2000,2600,36.824371652038145,18.428305536168835,18.396066115869303
10000,2000,2800,34.05413922584261,17.040948587445612,17.013190638397003
10000,2000,3000,31.67896509065012,15.851494199540909,15.827470891109211
10000,2000,4000,23.53953487524631,11.776228957941038,11.763305917305269
10000,2000,5000,18.76486796873822,9.38640246563071,9.37846550310751
10000,2000,6000,15.614646172185047,7.809963437709035,7.804682734476011
10000,2000,7000,13.375428827228804,6.689558159287489,6.685870667941315
10000,2000,8000,11.699599529520057,5.851124516826871,5.848475012693186
10000,2000,9000,10.39708106223432,5.19950604187255,5.197575020361771
10000,2000,10000,9.354978104328497,4.678194128029712,4.676783976298784
10000,2200,500,70.10759658154863,35.01765286721452,35.08994371433411
10000,2200,600,69.94928712255103,34.93259134006127,35.016695782489755
10000,2200,700,69.7993585327297,34.85705667117751,34.94230186155219
10000,2200,800,69.6540317583861,34.78556808973305,34.86846366865305
10000,2200,900,69.51869731194498,34.7190889341608,34.79960837778417
10000,2200,1000,69.42206702025355,34.671525197547176,34.75054182270639
10000,2200,1200,69.25654505834648,34.589309926872666,34.66723513147381
10000,2200,1400,68.8878981165726,34.405171369204744,34.48272674736786
10000,2200,1600,61.570878780221534,30.792896400330154,30.777982379891384
10000,2200,1800,54.36572408296949,27.202134769337192,27.163589313632293
10000,2200,2000,48.55542772011477,24.298709888055125,24.25671783205965
10000,2200,2200,43.83721752717936,21.937855481149718,21.899362046029644
10000,2200,2400,39.95216328564529,19.99284148087371,19.95932180477158
10000,2200,2600,36.70507212228817,18.36693693565156,18.338135186636613
10000,2200,2800,33.95311526205932,16.98893631196165,16.96417895009767
10000,2200,3000,31.591607263185175,15.806501999034966,15.785105264150205
10000,2200,4000,23.488189140265906,11.749820951641953,11.738368188623953
10000,2200,5000,18.729132723132466,9.368072341920962,9.361060381211503
10000,2200,6000,15.587756831715556,7.796206854631499,7.791549977084056
10000,2200,7000,13.354291748522357,6.6787708632565375,6.67552088526582
10000,2200,8000,11.68251384981187,5.842425302329642,5.840088547482227
10000,2200,9000,10.382998426627125,5.192352612269119,5.190645814358008
10000,2200,10000,9.343201416489679,4.672226490406997,4.670974926082681
10000,2400,500,70.05861036472585,34.97222840883632,35.086381955889536
10000,2400,600,69.9019747196363,34.909174866107804,34.992799853528496
10000,2400,700,69.75194556288281,34.83338487602946,34.91856068685334
10000,2400,800,69.60624561478367,34.76191527725017,34.84433033753349
10000,2400,900,69.47248284913533,34.69650752255001,34.77597532658532
10000,2400,1000,69.37931083829633,34.65101186014489,34.72829897815144
10000,2400,1200,69.21141160554245,34.56830683132294,34.6431047742195
10000,2400,1400,68.62873588104684,34.280685674955485,34.34805020609135
10000,2400,1600,61.136090030302604,30.575497543661683,30.56059248664092
10000,2400,1800,54.05821953154876,27.046846882487724,27.011372649061038
10000,2400,2000,48.329070516744345,24.183632321851643,24.1454381948927
10000,2400,2200,43.66300166957647,21.84893393121642,21.814067738360045
10000,2400,2400,39.812695415319766,19.921495016842247,19.89120039847752
10000,2400,2600,36.589759453914176,18.30787541455375,18.281884039360428
10000,2400,2800,33.85528041024782,16.938797519296433,16.916482890951393
10000,2400,3000,31.50687708011899,15.763071271526057,15.74380580859293
10000,2400,4000,23.43814598986721,11.724208790559716,11.713937199307493
10000,2400,5000,18.69420265460756,9.350237742018715,9.343964912588845
10000,2400,6000,15.561415839627543,7.782787892365839,7.778627947261705
10000,2400,7000,13.333548256287932,6.6682251099411225,6.665323146346811
10000,2400,8000,11.665720150461018,5.833904059059249,5.8318160914017705
10000,2400,9000,10.369137446020758,5.1853327835785015,5.183804662442255
10000,2400,10000,9.331595968389328,4.666360325267172,4.6652356431221556
10000,2600,500,70.01034096922638,34.92738661255213,35.08295435667426
10000,2600,600,69.85522511970522,34.88630195040122,34.968923169304
10000,2600,700,69.70506360623868,34.8099277730953,34.89513583314338
10000,2600,800,69.55893601170162,34.73833439681463,34.820601614886996
10000,2600,900,69.42698522145385,34.67405206983624,34.7529331516176
10000,2600,1000,69.33685929835623,34.63036701284276,34.70649228551347
10000,2600,1200,69.1658624031374,34.54670334157429,34.61915906156309
10000,2600,1400,68.30570446372005,34.12463778487323,34.181066678846825
10000,2600,1600,60.72483052197087,30.369741161936968,30.3550893600339
10000,2600,1800,53.76534236884644,26.899054672588846,26.866287696257587
10000,2600,2000,48.112269878478116,24.073615029284397,24.038654849193716
10000,2600,2200,43.495450237303196,21.763633359251664,21.731816878051532
10000,2600,2400,39.678155095472626,19.85287839220019,19.825276703272433
10000,2600,2600,36.47826645922141,18.2509609134747,18.227305545746706
10000,2600,2800,33.76051799104795,16.89040449951135,16.870113491536593
10000,2600,3000,31.42469044915535,15.721097492020151,15.7035929571352
10000,2600,4000,23.38938447885396,11.699344122550661,11.6900403563033
10000,2600,5000,18.66007273124964,9.332871367489561,9.327201363760084
10000,2600,6000,15.535623507523034,7.7696896276915055,7.76593387983153
10000,2600,7000,13.313200469650834,6.657909858853811,6.655290610797022
10000,2600,8000,11.649220906967047,5.825553373654178,5.823667533312868
10000,2600,9000,10.355500291840588,5.17844150539077,5.177058786449817
10000,2600,10000,9.320163316393273,4.660592182146613,4.65957113424666
10000,2800,500,69.96295022913459,34.88319314673247,35.079757082402125
10000,2800,600,69.80908712854392,34.864148992303136,34.944938136240786
10000,2800,700,69.65881678148033,34.786825436815235,34.8719913446651
10000,2800,800,69.5122275939769,34.714953108854274,34.79727448512262
10000,2800,900,69.38267305736616,34.652020805938896,34.73065225142725
10000,2800,1000,69.2948402519796,34.609721735948206,34.68511851603139
10000,2800,1200,69.12004090214668,34.52467051971959,34.5953703824271
10000,2800,1400,67.99021884344758,33.97182662441458,34.01839221903298
10000,2800,1600,60.33514158363566,30.17470726262243,30.16043432101323
10000,2800,1800,53.48601595911073,26.75819937208942,26.727816587021316
10000,2800,2000,47.90441423650718,23.96829880220764,23.936115434299538
10000,2800,2200,43.33418985887826,21.681706324230905,21.652483534647352
10000,2800,2400,39.54829779216461,19.78681067585284,19.76148711631177
10000,2800,2600,36.37042339265987,18.196054815403055,18.174368577256818
10000,2800,2800,33.66870464220989,16.843647210382386,16.8250574318275
10000,2800,3000,31.344954447975102,15.680490890441172,15.664463557533928
10000,2800,4000,23.34187357618076,11.67518555563512,11.66668802054564
10000,2800,5000,18.626729664175258,9.315949752940691,9.310779911234569
10000,2800,6000,15.510373703447199,7.756897441873103,7.753476261574096
10000,2800,7000,13.293245576634039,6.64781553264243,6.6454300439916105
10000,2800,8000,11.633014898480415,5.817366794794647,5.815648103685769
10000,2800,9000,10.342086452617645,5.171674373858631,5.170412078759014
10000,2800,10000,9.308903175204717,4.654919050203968,4.65398412500075
10000,3000,500,69.91646549407379,34.83980079215628,35.07666470191751
10000,3000,600,69.76359338770564,34.842953880491336,34.92063950721431
10000,3000,700,69.61326394154743,34.76419094933527,34.84907299221216
10000,3000,800,69.46620184791738,34.6918675235567,34.77433432436067
10000,3000,900,69.33947890161504,34.63043256350384,34.7090463381112
10000,3000,1000,69.25334921534414,34.58917973453328,34.664169480810855
10000,3000,1200,69.07397856630841,34.5022949824277,34.57168358388072
10000,3000,1400,67.68223346447502,33.82227399676356,33.85995946771145
10000,3000,1600,59.96527968968106,29.989558721723327,29.975720967957738
10000,3000,1800,53.21927031872593,26.623775439192286,26.59549487953365
10000,3000,2000,47.70494215097246,23.867361409124353,23.837580741848104
10000,3000,2200,43.1788703838938,21.602932569513897,21.575937814379902
10000,3000,2400,39.4228890063828,19.723131800221033,19.699757206161767
10000,3000,2600,36.26606369988678,18.14303502583436,18.123028674052417
10000,3000,2800,33.57971646426563,16.798429010992162,16.781287453273467
10000,3000,3000,31.267573516744502,15.64117277126639,15.626400745478113
10000,3000,4000,23.29557718580042,11.651696805241718,11.6438803805587
10000,3000,5000,18.59415568176681,9.29945222649787,9.294703455268941
10000,3000,6000,15.485656673903371,7.744398388592598,7.741258285310771
10000,3000,7000,13.273677934226997,6.637933610642332,6.6357443235846665
10000,3000,8000,11.61709874904185,5.809338561489378,5.807760187552471
10000,3000,9000,10.328893832565335,5.165027445005611,5.163866387559723
10000,3000,10000,9.297814158437241,4.649338227445967,4.648475930991272
10000,4000,500,69.69778596439632,34.636519677698544,35.06126628669777
10000,4000,600,69.54568796705614,34.6750524142203,34.87063555283584
10000,4000,700,69.39616492679718,34.6616273007014,34.73453762609579
10000,4000,800,69.24943001513024,34.58414567991068,34.66528433521957
10000,4000,900,69.13819875869562,34.52934739939773,34.60885135929789
10000,4000,1000,69.05517100105266,34.48989591918006,34.56527508187259
10000,4000,1200,68.84239934470422,34.38787966099509,34.45451968370913
10000,4000,1400,65.89631526458676,32.94055365538358,32.95576160920317
10000,4000,1600,58.36414557096171,29.187959390622748,29.17618618033897
10000,4000,1800,52.04627518818683,26.03355955968376,26.012715628503074
10000,4000,2000,46.816676433737676,23.419097126767326,23.39757930697035
10000,4000,2200,42.480700413108494,21.250058061797894,21.230642351310596
10000,4000,2400,38.85522131335808,19.43600388885783,19.419217424500246
10000,4000,2600,35.79115987730509,17.902756614589016,17.888403262716075
10000,4000,2800,33.173071232652525,16.592678476952045,16.580392755700487
10000,4000,3000,30.912772995438853,15.461674463489908,15.451098531948944
10000,4000,4000,23.08096241491846,11.543263614718553,11.537698800199909
10000,4000,5000,18.442091694773435,9.222729142216581,9.219362552556856
10000,4000,6000,15.369623716289796,7.685922562163057,7.683701154126741
10000,4000,7000,13.181369456138805,6.591459328611604,6.589910127527202
10000,4000,8000,11.541683063761885,5.771401696625651,5.770281367136234
10000,4000,9000,10.266126602279883,5.133478017195548,5.132648585084334
10000,4000,10000,9.244852349709953,4.622737493532056,4.622114856177897
10000,5000,500,69.50078033581396,34.45646174477473,35.04431859103924
10000,5000,600,69.34739420098967,34.50031933169738,34.84707486929229
10000,5000,700,69.19602837365063,34.51624908425594,34.6797792893947
10000,5000,800,69.05578052442846,34.49547073667228,34.56030978775617
10000,5000,900,68.95727642514625,34.44044641063254,34.5168300145137
10000,5000,1000,68.87267028158526,34.39841297584212,34.47425730574314
10000,5000,1200,68.60765686480639,34.27057558338132,34.33708128142507
10000,5000,1400,64.16446514348965,32.07817563867723,32.086289504812434
10000,5000,1600,57.081202590757634,28.545846898378173,28.535355692379458
10000,5000,1800,51.085231582291016,25.550899330295163,25.534332251995846
10000,5000,2000,46.075803390449934,23.046313814379726,23.029489576070212
10000,5000,2200,41.8904910038042,20.952810290558695,20.93768071324551
10000,5000,2400,38.370455513836774,19.191763307729044,19.178692206107733
10000,5000,2600,35.38244969757768,17.696811458313306,17.685638239264367
10000,5000,2800,32.820951272497446,16.41525593407894,16.405695338418507
10000,5000,3000,30.60400579411489,15.30611620463132,15.297889589483567
10000,5000,4000,22.89109702062825,11.447707269375746,11.443389751252505
10000,5000,5000,18.306116920611316,9.154361950815726,9.151754969795586
10000,5000,6000,15.264965971621917,7.633342507025507,7.63162346459641
10000,5000,7000,13.097473721749248,6.549336793949803,6.548136927799446
10000,5000,8000,11.472661664286445,5.736765825697966,5.735895838588478
10000,5000,9000,10.208307086655623,5.104477135732126,5.103829950923497
10000,5000,10000,9.195765354863237,4.598127420474234,4.597637934389003
10000,6000,500,69.3231716489967,34.29778450763305,35.02538714136366
10000,6000,600,69.16783585925319,34.34496029775791,34.82287556149529
10000,6000,700,69.01409853938368,34.36435723804113,34.64974130134255
10000,6000,800,68.88227615245944,34.37351453035807,34.508761622101375
10000,6000,900,68.79159433529638,34.36718348950491,34.42441084579146
10000,6000,1000,68.70396442516918,34.31655622729053,34.38740819787864
10000,6000,1200,68.37124767427112,34.152464105136666,34.218783569134445
10000,6000,1400,62.76686778702298,31.382248239821248,31.384619547201726
10000,6000,1600,56.02687662481922,28.018404449271088,28.00847217554813
10000,6000,1800,50.28161455700199,25.14779625911936,25.133818297882627
10000,6000,2000,45.447520981420816,22.730720097660157,22.716800883760655
10000,6000,2200,41.384545047110976,20.698499168088528,20.68604587902245
10000,6000,2400,37.951455902291016,18.98109822288312,18.970357679407904
10000,6000,2600,35.02691117739159,17.518042330372616,17.508868847018977
10000,6000,2800,32.51306416107885,16.26045450520599,16.25260965587286
10000,6000,3000,30.332883207218476,15.169814968636514,15.163068238581964
10000,6000,4000,22.722007940283337,11.362770567381848,11.359237372901486
10000,6000,5000,18.183878495603686,9.093004647780665,9.090873847823017
10000,6000,6000,15.170153673601328,7.585779231264346,7.584374442336981
10000,6000,7000,13.020948652156806,6.510965042995154,6.509983609161651
10000,6000,8000,11.409306594907315,5.705009886105118,5.704296708802198
10000,6000,9000,10.154920124439023,5.077726316497441,5.077193807941584
10000,6000,10000,9.150186974668811,4.575295990109048,4.574890984559763
10000,7000,500,69.16264223152648,34.15799333014852,35.00464890137797
10000,7000,600,69.00501342373157,34.206546456055484,34.79846696767609
10000,7000,700,68.84971730755798,34.228679427188816,34.62103788036916
10000,7000,800,68.72964549760212,34.24650201189159,34.48314348571054
10000,7000,900,68.64011847220341,34.26353027837236,34.376588193831054
10000,7000,1000,68.54599153324334,34.24783896297885,34.29815257026449
10000,7000,1200,68.13945974489268,34.03778355095101,34.10167619394166
10000,7000,1400,61.61296448551834,30.807883709779624,30.80508077573871
10000,7000,1600,55.14314157515265,27.576514795804673,27.566626779347974
10000,7000,1800,49.59857641875988,24.805471672065387,24.79310474669449
10000,7000,2000,44.90739670927385,22.45970797277087,22.447688736502972
10000,7000,2200,40.94571357649965,20.47819262101017,20.46752095548948
10000,7000,2400,37.58552570084778,18.797350271024634,18.788175429823145
10000,7000,2600,34.714714590347235,17.361268687770195,17.35344590257704
10000,7000,2800,32.24152304292461,16.124102550801233,16.117420492123372
10000,7000,3000,30.092896494604584,15.049319048575766,15.043577446028822
10000,7000,4000,22.57047881687978,11.286738720490797,11.283740096388982
10000,7000,5000,18.073416498616247,9.037611394199095,9.035805104417152
10000,7000,6000,15.083881997570549,7.542536345813923,7.541345651756626
10000,7000,7000,12.95088598685734,6.475859261946825,6.4750267249105145
10000,7000,8000,11.350970107945717,5.675788090790618,5.675182017155098
10000,7000,9000,10.105497860032946,5.052975866230924,5.052521993802021
10000,7000,10000,9.107777740853118,4.55406221477511,4.553715526078008
10000,8000,500,69.01704271460454,34.03451286343006,34.9825298511745
10000,8000,600,68.85699712098685,34.08303609589102,34.773961025095836
10000,8000,700,68.70293489226844,34.10784028321669,34.595094609051756
10000,8000,800,68.59272880669263,34.13297638706534,34.45975241962731
10000,8000,900,68.50206108638088,34.15232953366428,34.3497315527166
10000,8000,1000,68.39837699116204,34.15433421021048,34.24404278095156
10000,8000,1200,67.17458242790617,33.57887355795478,33.5957088699514
10000,8000,1400,60.642791411461346,30.325255432855847,30.317535978605502
10000,8000,1600,54.39053743400263,27.200366121945056,27.19017131205758
10000,8000,1800,49.0101956472965,24.510777616582928,24.49941803071357
10000,8000,2000,44.437721550768806,22.224226118471627,22.213495432297176
10000,8000,2200,40.56126936316664,20.28535074966784,20.275918613498803
10000,8000,2400,37.263068205097206,18.63556994105949,18.627498264037715
10000,8000,2600,34.43832361969696,17.22259380234619,17.21572981735077
10000,8000,2800,32.00021194678861,16.00303230528793,15.997179641500685
10000,8000,3000,29.878950962346874,14.941986636415127,14.936964325931745
10000,8000,4000,22.43391238356279,11.218262905571548,11.215649477991244
10000,8000,5000,17.973115015799856,8.987343523315984,8.985771492483869
10000,8000,6000,15.005056190844563,7.50304609562892,7.502010095215643
10000,8000,7000,12.886511204018369,6.443618011977282,6.442893192041087
10000,8000,8000,11.2970909262904,5.648809675432724,5.648281250857675
10000,8000,9000,10.059628198490126,5.030012428551215,5.029615769938911
10000,8000,10000,9.068233404679955,4.534268713398867,4.533964691281088
10000,9000,500,68.88442478085547,33.9249394751119,34.95948530574357
10000,9000,600,68.72202642327315,33.97254712128051,34.74947930199264
10000,9000,700,68.5712946546985,33.99989315786289,34.57140149683561
10000,9000,800,68.46854899803144,34.03057842170401,34.43797057632742
10000,9000,900,68.37475795044612,34.05098315424012,34.323774796206
10000,9000,1000,68.26005408701474,34.05031688131895,34.20973720569578
10000,9000,1200,66.2300077140053,33.132013125323084,33.09799458868221
10000,9000,1400,59.81500798986724,29.913770078845193,29.90123791102205
10000,9000,1600,53.74117087288214,26.8759542405946,26.865216632287538
10000,9000,1800,48.497636878700646,24.254189811409088,24.24344706729156
10000,9000,2000,44.02531249575829,22.017574294229128,22.007738201529165
10000,9000,2200,40.221553907251874,20.115047986630888,20.106505920620986
10000,9000,2400,36.97669097729723,18.49197894360112,18.484712033696113
10000,9000,2600,34.19186464044596,17.099011371041122,17.092853269404838
10000,9000,2800,31.78431940127475,15.894778915621291,15.889540485653459
10000,9000,3000,29.687007641308963,14.84574753907849,14.841260102230477
10000,9000,4000,22.310196074008918,11.156260201550106,11.15393587245881
10000,9000,5000,17.881636862287742,8.941516261334552,8.940120600953193
10000,9000,6000,14.9327570067501,7.4668381678524645,7.465918838897634
10000,9000,7000,12.827164972607665,6.413904206784477,6.413260765823189
10000,9000,8000,11.247184709346636,5.623827169176377,5.623357540170258
10000,9000,9000,10.016950512462303,5.008651853273786,5.008298659188518
10000,9000,10000,9.031283699007238,4.515777576095635,4.515506122911603
10000,10000,500,68.76316165869763,33.827061301018034,34.93610035767959
10000,10000,600,68.59850202477111,33.873408517553585,34.72509350721753
10000,10000,700,68.4545774629856,33.90417545783802,34.550402005147575
10000,10000,800,68.3550658698851,33.9377601904314,34.4173056794537
10000,10000,900,68.25677301903566,33.95801640667099,34.29875661236468
10000,10000,1000,68.12783516086304,33.95309686598873,34.17473829487432
10000,10000,1200,65.39103367148587,32.73648629983548,32.654547371650395
10000,10000,1400,59.09999112075646,29.558625625984448,29.541365494772013
10000,10000,1600,53.17469824635285,26.593068474740093,26.581629771612754
10000,10000,1800,48.046843684083775,24.028615438615955,24.018228245467824
10000,10000,2000,43.66013307397829,21.834669764920104,21.825463309058183
10000,10000,2200,39.919095237789016,19.963491601869844,19.955603635919175
10000,10000,2400,36.720602862840025,18.363633522509875,18.356969340330156
10000,10000,2600,33.97069055709599,16.9881571579324,16.982533399163593
10000,10000,2800,31.590008238094033,15.797389258408215,15.792618979685823
10000,10000,3000,29.513824213975152,14.758951029079173,14.754873184895976
10000,10000,4000,22.197596160213244,11.0998483309902,11.097747829223046
10000,10000,5000,17.797868097672332,8.899563324880164,8.89830477279217
10000,10000,6000,14.866208821635519,7.4335186193179075,7.432690202317612
10000,10000,7000,12.772284240060136,6.386432070592451,6.385852169467686
10000,10000,8000,11.20083287238505,5.600628243649311,5.600204628735739
10000,10000,9000,9.977149277972833,4.988734175781787,4.988415102191046
10000,10000,10000,8.996689044036358,4.498467410805526,4.498221633230831
